mol_id,SMILES,y_true,y_pred_label,correct,onbit_count
0,Nc1c(/N=N/c2ccc([N+](=O)[O-])cc2)c(S(=O)(=O)[O][Na])cc2c1C(=O)/C(=N\Nc1ccccc1)C(S(=O)(=O)[O][Na])=C2,0,0,True,105
1,Nc1c(/N=N/c2ccc(S(=O)(=O)[O][Na])cc2)cc(S(=O)(=O)[O][Na])c2c1C(=O)/C(=N\Nc1ccc([N+](=O)[O-])cc1)C=C2,0,0,True,105
2,Nc1c(/N=N/c2ccc(S(=O)(=O)[O][Na])cc2)cc(S(=O)(=O)[O][Na])c2c1C(=O)/C(=N\Nc1cccc3ccccc13)C=C2,0,0,True,110
3,O=[N+]([O-])c1ccc2c(/N=N/c3c(O)ccc4ccccc34)c(O)cc(S(=O)(=O)[O][Na])c2c1,0,0,True,87
4,Nc1ccc(S(=O)(=O)[O][Na])c2c1C(=O)/C(=N\Nc1ccc(/N=N/c3ccc(S(=O)(=O)[O][Na])cc3)c3ccccc13)C(S(=O)(=O)[O][Na])=C2,0,0,True,112
5,O=S(=O)([O][Na])c1ccc(Nc2cc3cc4c(Nc5ccccc5)cccc4[n+](-c4ccccc4)c3cc2Nc2ccc(S(=O)(=O)[O][Na])cc2)cc1,0,0,True,94
6,Nc1ccc(/N=N/c2ccc(N/N=C3\C(=O)C=Cc4cc(S(=O)(=O)[O][Na])ccc43)c3ccccc23)cc1,0,0,True,108
7,Cc1ccc(Nc2ccc(/N=N/c3ccc(/N=N/c4cccc5c(S(=O)(=O)[O][Na])cccc45)c4ccccc34)c3cccc(S(=O)(=O)[O][Na])c23)cc1,0,0,True,101
8,Nc1ccc(/N=N/c2ccc(NS(=O)(=O)c3ccc(N/N=C4\C(=O)c5c(cc(S(=O)(=O)[O][K])c(/N=N/c6ccc([N+](=O)[O-])cc6)c5N)C=C4S(=O)(=O)[O][K])cc3)cc2)c(N)c1,0,0,True,138
9,O=C1C(S(=O)(=O)[O][Na])=Cc2cc(S(=O)(=O)[O][Na])ccc2/C1=N/Nc1ccc(/N=N/c2ccc3cc(S(=O)(=O)[O][Na])cc(S(=O)(=O)[O][Na])c3c2)c2ccccc12,0,0,True,128
10,COc1cc([N+](=O)[O-])ccc1/N=N/c1c(Nc2ccccc2)ccc2cc(S(=O)(=O)[O][Na])cc(O)c12,0,0,True,103
11,CN(/N=C1\C(=O)c2c(cc(S(=O)(=O)[O][Na])cc2N/N=C2\C(=O)C=Cc3ccccc32)C=C1S(=O)(=O)[O][Na])c1ccc(S(=O)(=O)[O][Na])c2ccccc12,0,0,True,129
12,Cc1ccc(S(=O)(=O)Nc2ccc3c(/N=N/c4c(O)ccc5ccccc45)c(O)cc(S(=O)(=O)[O][Na])c3c2)cc1,0,0,True,104
13,Nc1ccc(/N=N/c2ccc(/N=N/c3cccc(S(=O)(=O)[O][Na])c3)c3ccccc23)c2cccc(S(=O)(=O)[O][Na])c12,0,0,True,90
14,O=C1C(S(=O)(=O)[O][Na])=Cc2cc(S(=O)(=O)[O][Na])ccc2/C1=N/Nc1ccc(/N=N/c2cc(S(=O)(=O)[O][Na])cc3cc(S(=O)(=O)[O][Na])ccc23)c2ccc(S(=O)(=O)[O][Na])cc12,0,0,True,124
15,COc1cc(/N=N/c2ccc(-c3ccc(/N=N\c4cc(OC)c(N/N=C5\C(=O)c6cc(Nc7ccc(C(=O)[O][Na])cc7)ccc6C=C5S(=O)(=O)[O][Na])cc4C)cc3)cc2S(=O)(=O)[O][Na])ccc1N/N=C1\C(=O)c2cc(N)c(S(=O)(=O)[O][Na])cc2C=C1S(=O)(=O)[O][Na],0,0,True,194
16,Nc1c(/N=N/c2ccc([N+](=O)[O-])cc2)c(S(=O)(=O)[O][Na])cc2c1C(=O)/C(=N\Nc1ccc(S(=O)(=O)[O][Na])cc1)C(S(=O)(=O)[O][Na])=C2,0,0,True,108
17,O=[N+]([O-])c1cc(S(=O)(=O)[O][Na])cc(/N=N/c2c(O)ccc3ccccc23)c1O,0,0,True,78
18,N=C1C=CC(=O)c2c(Nc3ccc(S(=O)(=O)[O][Na])cc3)ccc(O)c21,0,0,True,69
19,Nc1ccc(Nc2ccc(N)c3c2C(=O)c2cccc(S(=O)(=O)[O][Na])c2C3=O)c2c1C(=O)c1c(cccc1S(=O)(=O)[O][Na])C2=O,0,0,True,66
20,O=C1/C(=N\Nc2ccc(/N=N/c3ccc(S(=O)(=O)[O][Na])cc3)c3ccccc23)C=C(S(=O)(=O)[O][Na])c2cccc(O)c21,0,0,True,105
21,O=S(=O)([O][Na])c1cc(O)c2c(/N=N/c3cc(Cl)ccc3O)c(O)ccc2c1,0,0,True,74
22,O=[N+]([O-])c1ccc2c(/N=N/c3ccc4cccc(S(=O)(=O)[O][Na])c4c3O)c(O)cc(S(=O)(=O)[O][Na])c2c1,0,0,True,97
23,CC(=O)Nc1cccc2ccc(O)c(/N=N/c3cc(S(C)(=O)=O)ccc3O)c12,0,0,True,75
24,CNS(=O)(=O)c1ccc(O)c(/N=N/c2c(O)ccc3cccc(NC(C)=O)c23)c1,0,0,True,79
25,O=[N+]([O-])c1ccc(/N=N/c2c(O)ccc3ccccc23)c(O)c1,0,0,True,64
26,Nc1ccc2ccc(N)c(/N=N/c3ccc(-c4ccc(/N=N/c5c(S(=O)(=O)[O][Na])cc6c(c5N)C(=O)/C(=N\Nc5ccc([N+](=O)[O-])cc5S(=O)(=O)[O][Na])C(S(=O)(=O)[O][Na])=C6)cc4)cc3)c2c1,0,0,True,143
27,CCN(CC)c1ccc(/N=N/c2ccc(-c3ccc(/N=N/c4c(S(=O)(=O)[O][Na])cc5c(c4N)C(=O)/C(=N\Nc4ccc(S(=O)(=O)[O][Na])cc4)C(S(=O)(=O)[O][Na])=C5)cc3)cc2)c(NC(C)=O)c1,0,0,True,147
28,Nc1ccc(/N=N/c2ccc(/N=N/c3cc(S(=O)(=O)[O][Na])cc4ccc(S(=O)(=O)[O][Na])cc34)c3ccccc23)c2ccccc12,0,0,True,87
29,Cc1cc(-c2ccc(N/N=C3\C(=O)c4ccccc4N=C3O)c(C)c2)ccc1/N=N/c1c(S(=O)(=O)[O][Na])cc2c(c1N)C(=O)/C(=N\Nc1ccc(S(=O)(=O)[O][Na])cc1)C(S(=O)(=O)[O][Na])=C2,0,0,True,154
30,O=[N+]([O-])c1ccc2c(/N=N/c3ccc(O)c(/N=N/c4cc(Cl)ccc4O)c3O)c(O)cc(S(=O)(=O)[O][Na])c2c1,0,0,True,101
31,Cc1c(/N=N/c2c(S(=O)(=O)[O][Na])cc3ccc(NCS(=O)(=O)[O][Na])cc3c2O)cc([N+](=O)[O-])cc1S(=O)(=O)[O][Na],0,0,True,102
32,Nc1ccc(/N=N\c2cc(/N=N/c3ccc(-c4ccc(/N=N/c5c(S(=O)(=O)[O][Na])cc6cc(S(=O)(=O)[O][Na])c(/N=N\c7ccc(N)cc7)c(O)c6c5N)cc4)cc3)c(N)cc2N)cc1,0,0,True,103
33,Cc1ccccc1Nc1cc(O)ccc1/N=N/c1ccc(-c2ccc(/N=N/c3c(S(=O)(=O)[O][Na])cc4c(c3N)C(=O)/C(=N\Nc3ccc(S(=O)(=O)[O][Na])cc3)C(S(=O)(=O)[O][Na])=C4)cc2)cc1,0,0,True,146
34,Cc1ccc(Nc2cc(Nc3cc4c(c(N(C)c5ccc(C)cc5S(=O)(=O)[O][Na])c3)C(=O)c3ccccc3C4=O)cc3c2C(=O)c2ccccc2C3=O)c(S(=O)(=O)[O][Na])c1,0,0,True,116
35,O=[N+]([O-])c1ccc2c(/N=N/c3cc(/N=N/c4cc(Cl)ccc4O)c(O)cc3O)c(O)cc(S(=O)(=O)[O][Na])c2c1,0,0,True,96
36,CC(=O)Nc1cccc2ccc(O)c(/N=N/c3ccc([N+](=O)[O-])cc3O)c12,0,0,True,76
37,O=[N+]([O-])c1ccc(O)c(/N=N/c2c(O)ccc3ccccc23)c1,0,0,True,65
38,Cc1ccccc1NC(=O)c1cc2ccccc2c(/N=N/c2c(O)cc(S(=O)(=O)[O][Na])c3cc([N+](=O)[O-])ccc23)c1O,0,0,True,115
39,NS(=O)(=O)c1ccc(N/N=C(\N=N\c2cc(Cl)ccc2O)c2ccccc2)cc1,0,0,True,75
40,NS(=O)(=O)c1ccc(N/N=C(/N=N/c2cc(Cl)ccc2O)c2ccccc2)cc1,0,0,True,75
41,Nc1ccc(/N=N/c2ccc(N/N=C3\C(=O)C(S(=O)(=O)[O][Na])=Cc4cc(S(=O)(=O)[O][Na])ccc43)c3ccccc23)cc1,0,0,True,109
42,CCN(CC)c1ccc(/N=N\c2ccc(-c3ccc(/N=N/c4c(S(=O)(=O)[O][Na])cc5c(c4N)C(=O)/C(=N\Nc4ccccc4)C(S(=O)(=O)[O][Na])=C5)cc3)cc2)c(O)c1,0,0,True,134
43,Nc1ccc(/N=N/c2ccc(S(=O)(=O)Nc3ccc(/N=N/c4c(S(=O)(=O)[O][Na])cc5c(c4N)C(=O)/C(=N\Nc4ccccc4)C(S(=O)(=O)[O][Na])=C5)cc3)cc2)c(N)c1,0,0,True,133
44,O=S(=O)([O][Na])c1cccc2c(/N=N/c3ccc(/N=N/c4ccc(Nc5ccccc5)c5c(S(=O)(=O)[O][Na])cccc45)c4ccccc34)cccc12,0,0,True,95
45,Nc1ccc(/N=N/c2ccc(N/N=C3\C(=O)c4c(cc(S(=O)(=O)[O][Na])c(/N=N/c5ccc([N+](=O)[O-])cc5)c4N)C=C3S(=O)(=O)[O][Na])cc2)c(N)c1,0,0,True,121
46,Nc1ccc(/N=N/c2ccc(S(=O)(=O)Nc3ccc(N/N=C4\C(=O)c5c(cc(S(=O)(=O)[O][Na])c(/N=N/c6ccc([N+](=O)[O-])cc6)c5N)C=C4S(=O)(=O)[O][Na])cc3)cc2)c(N)c1,0,0,True,138
47,O=S(=O)([O][Na])c1cc(O)c(/N=N/c2c(O)ccc3ccccc23)c2ccccc12,0,0,True,70
48,O=C1C=Cc2cc(S(=O)(=O)[O][Na])ccc2/C1=N/Nc1ccc(/N=N/c2ccc(Nc3ccccc3)c(S(=O)(=O)[O][Na])c2)c2ccccc12,0,0,True,126
49,Cc1ccccc1Nc1ccc(/N=N/c2ccc(N/N=C3\C(=O)C=Cc4cc(S(=O)(=O)[O][Na])ccc43)c3ccccc23)cc1S(=O)(=O)[O][Na],0,0,True,128
50,NC1=CCC(/N=N/c2ccc(/N=N/c3ccc(S(=O)(=O)[O][Na])c4ccccc34)c3ccc(S(=O)(=O)[O][Na])cc23)c2ccccc21,0,0,True,109
51,Cc1ccc([N+](=O)[O-])cc1/N=N/c1c(S(=O)(=O)[O][Na])cc2c(c1N)C(=O)/C(=N\Nc1ccccc1)C(S(=O)(=O)[O][Na])=C2,0,0,True,111
52,CC(=O)Nc1cccc2ccc(O)c(/N=N/c3cc(S(N)(=O)=O)ccc3O)c12,0,0,True,75
53,CCCCN(CCS(=O)(=O)[O][Na])c1ccc(C(=C2C=CC(=[N+](CCCC)CCS(=O)(=O)[O-])C=C2)c2ccc(Nc3ccc(OCC)cc3)cc2)cc1,0,0,True,120
54,COc1cccc(Nc2cc3c(cc2S(=O)(=O)[O][Na])nc2c4cccc(S(=O)(=O)[O-])c4c(Nc4ccccc4)cc2[n+]3-c2ccccc2)c1,0,0,True,118
55,O=S(=O)([O-])c1cc(S(=O)(=O)[O][Na])ccc1C(=C1C=CC(=[N+](Cc2ccccc2)Cc2ccccc2)C=C1)c1ccc(N(Cc2ccccc2)Cc2ccccc2)cc1,0,0,True,104
56,CCN(CC)c1ccc(/C(=C2/C=C/C(=[N+](/CC)Cc3cccc(S(=O)(=O)[O-])c3)C=C2C)c2ccc(N(CC)Cc3cccc(S(=O)(=O)[O][Na])c3)cc2C)cc1,0,0,True,127
57,CCN(CC)c1ccc(C(=C2C=CC(=[N+](CC)CC)C=C2)c2cc(S(=O)(=O)[O][Na])c(N)c3cc(S(=O)(=O)[O-])ccc23)cc1,0,0,True,102
58,CCN(Cc1cccc(S(=O)(=O)[O][Na])c1)c1ccc(/C(=C2\C=C/C(=[N+](/CC)Cc3cccc(S(=O)(=O)[O-])c3)C=C2C)c2ccc(Nc3ccccc3)cc2)c(C)c1,0,0,True,137
59,CC1=C/C(=C(/c2ccc(NCc3cccc(S(=O)(=O)[O][Na])c3)c(C)c2)c2ccc(S(=O)(=O)[O-])cc2Cl)C=C/C1=[NH+]\Cc1cccc(S(=O)(=O)[O][Na])c1,0,0,True,120
60,Cc1cc(C(O)(c2ccc(Nc3ccccc3)cc2)c2ccc(Nc3ccc(S(=O)(=O)[O][Na])cc3)cc2)ccc1N,0,0,True,77
61,CCOC(=O)c1ccccc1Cc1ccc(Nc2cc(S(=O)(=O)[O][Na])c(N)c3c2C(=O)c2ccccc2C3=O)c(C)c1,0,0,True,106
62,O=S(=O)([O][Na])c1cccc(/N=N/c2ccc(/N=N/c3ccc(Nc4ccccc4)c4c(S(=O)(=O)[O][Na])cccc34)c3ccccc23)c1,0,0,True,102
63,O=S(=O)([O][Na])c1cc(/N=N/c2ccc(/N=N/c3ccc(Nc4ccccc4)c4c(S(=O)(=O)[O][Na])cccc34)c3ccccc23)ccc1Cl,0,0,True,105
64,O=S(=O)([O][Na])c1ccc2c(/N=N/c3ccccc3)ccc(/N=N/c3ccc(Nc4ccccc4)c4c(S(=O)(=O)[O][Na])cccc34)c2c1,0,0,True,109
65,CCN(c1ccccc1)S(=O)(=O)c1cc([N+](=O)[O-])ccc1/N=N/c1c(N)ccc2cc(S(=O)(=O)[O][Na])cc(O)c12,0,0,True,109
66,Cc1ccc(Nc2ccc(/N=N/c3ccc(/N=N/c4ccccc4)c4ccc(S(=O)(=O)[O][Na])cc34)c3cccc(S(=O)(=O)[O][Na])c23)cc1,0,0,True,116
67,O=S(=O)([O][Na])c1ccc(Nc2ccc(C(O)(c3ccc(Nc4ccccc4)cc3)c3ccc(Nc4ccccc4)cc3)cc2)cc1,0,0,True,60
68,O=S(=O)([O-])c1ccc(Nc2ccc(C(=C3C=CC(=[NH+]c4ccccc4)C=C3)c3ccc(Nc4ccccc4)cc3)cc2)cc1,0,0,True,78
69,Cc1ccc(Nc2ccc(/N=N/c3ccc(/N=N/c4cccc(S(=O)(=O)[O][Na])c4)c4ccccc34)c3cccc(S(=O)(=O)[O][Na])c23)cc1,0,0,True,107
70,CCNc1cc(S(=O)(=O)[O][Na])c(Nc2cc3c(nc4ccc(N(CC)CC)cc4[n+]3-c3c(C)ccc(S(=O)(=O)[O-])c3C)c3ccccc23)cc1C,0,0,True,130
71,CCOc1ccc([NH+]=C2C=CC(=C(c3ccc(Nc4ccc(OCC)c(S(=O)(=O)[O][Na])c4)cc3)c3c(-c4ccccc4)n(C)c4ccccc34)C=C2)cc1S(=O)(=O)[O-],0,0,True,141
72,CC(=O)Nc1cccc2c1C(=O)c1c(NC3CCCCC3)cc(S(=O)(=O)[O][Na])c(N)c1C2=O,0,0,True,91
73,CC(C)(c1ccc(Nc2cc(S(=O)(=O)[O][Na])c(N)c3c2C(=O)c2ccccc2C3=O)cc1)c1ccc(Nc2cc(S(=O)(=O)[O][Na])c(N)c3c2C(=O)c2ccccc2C3=O)cc1,0,0,True,80
74,Nc1c(/N=N/c2cc(Cl)ccc2Cl)c(S(=O)(=O)[O][Na])cc2c1C(=O)/C(=N\Nc1cc(Cl)ccc1Oc1ccccc1)C(S(=O)(=O)[O][Na])=C2,0,0,True,120
75,Cc1cc(C)c(Nc2cc(S(=O)(=O)[O][Na])c(N)c3c2C(=O)c2ccccc2C3=O)c(C)c1,0,0,True,76
76,Cc1cc(C)c(S(=O)(=O)[O][Na])c(C)c1Nc1cc(S(=O)(=O)[O][Na])c(N)c2c1C(=O)c1ccccc1C2=O,0,0,True,84
77,CCN(Cc1cccc(S(=O)(=O)[O][Na])c1)c1ccc(C(=C2C=CC(=[N+](C)C)C=C2)c2ccc(N(C)C)cc2)c(S(=O)(=O)O)c1,0,0,True,107
78,O=S(=O)([O][Na])c1cc(/N=N/c2ccc(Nc3ccccc3)c3c(S(=O)(=O)[O][Na])cccc23)c2c(O)cccc2c1,0,0,True,103
79,CCCCCCCCCCCCc1ccc(Nc2cc(S(=O)(=O)[O][Na])c(N)c3c2C(=O)c2ccccc2C3=O)cc1S(=O)(=O)[O][Na],0,0,True,99
80,CCCCc1cc(Br)c(Nc2ccc(Nc3c(Br)cc(CCCC)c(S(=O)(=O)O)c3C)c3c2C(=O)c2ccccc2C3=O)c(C)c1S(=O)(=O)O,0,0,True,76
81,Nc1c(S(=O)(=O)[O][Na])cc(Nc2ccc(Cc3ccc(Nc4cc(S(=O)(=O)[O][Na])c(N)c5c4C(=O)c4ccccc4C5=O)cc3)cc2)c2c1C(=O)c1ccccc1C2=O,0,0,True,78
82,Cc1ccc(Nc2cc(S(=O)(=O)[O][Na])c(N)c3c2C(=O)c2ccccc2C3=O)c(S(=O)(=O)[O][Na])c1,0,0,True,79
83,CCNc1ccc(/C(=C2\C=C/C(=[NH+]/CC)C(C)=C2)c2ccc(S(=O)(=O)[O][Na])cc2S(=O)(=O)[O-])cc1C,0,0,True,93
84,CCN(CC)c1ccc(C(=C2C=CC(=[N+](CC)Cc3cccc(S(=O)(=O)[O-])c3)C=C2)c2ccc(N(CC)Cc3cccc(S(=O)(=O)[O][Na])c3)cc2)c(C)c1,0,0,True,121
85,Nc1c(S(=O)(=O)[O][Na])cc(Nc2ccc(-c3ccc(Nc4cc(S(=O)(=O)[O][Na])c(N)c5c4C(=O)c4ccccc4C5=O)cc3)cc2)c2c1C(=O)c1ccccc1C2=O,0,0,True,74
86,COc1ccc(Cl)cc1/N=N/c1c(S(=O)(=O)[O][Na])cc2cccc(S(=O)(=O)[O][Na])c2c1O,0,0,True,82
87,O=S(=O)([O][Na])c1cc(O)c(/N=N/c2ccc3ccccc3c2O)c2ccccc12,0,0,True,75
88,O=S(=O)(O)c1cccc2ccc(/N=N/c3c(O)cc(S(=O)(=O)[O][Na])c4ccccc34)c(O)c12,0,0,True,83
89,NS(=O)(=O)c1cccc2ccc(/N=N/c3c(O)cc(S(=O)(=O)[O][Na])c4ccccc34)c(O)c12,0,0,True,82
90,O=[N+]([O-])c1cc(O)c(/N=N/c2cc(S(=O)(=O)[O][Na])c3cccc(S(=O)(=O)[O][Na])c3c2O)cc1Cl,0,0,True,83
91,CN(c1ccc(C(=C2C=CC(=[N+](C)C)C=C2)c2ccc(N(C)c3cccc(S(=O)(=O)[O][Na])c3)cc2)cc1)c1cccc(S(=O)(=O)[O-])c1,0,0,True,84
92,CC(=O)Nc1cc(S(=O)(=O)[O][Na])cc2c1C(=O)/C(=N\Nc1ccc(Nc3ccccc3)cc1)C(S(=O)(=O)[O][Na])=C2,0,0,True,98
93,O=C1c2ccccc2C(=O)c2c(NC3CCCCC3Cc3cccc(S(=O)(=O)[O][Na])c3)ccc(NC3CCCCC3Cc3cccc(S(=O)(=O)[O][Na])c3)c21,0,0,True,82
94,CCN(Cc1cccc(S(=O)(=O)[O][Na])c1)c1ccc2nc3ccc(Nc4ccc(N)c(S(=O)(=O)[O][Na])c4)cc3[n+](-c3ccc(S(=O)(=O)[O-])cc3)c2c1,0,0,True,130
95,Nc1c(S(=O)(=O)[O][Na])cc(Nc2ccc(NC(=O)CCl)cc2)c2c1C(=O)c1ccccc1C2=O,0,0,True,85
96,CCOc1ccc(Nc2ccc3c(-c4c(Cl)ccc(Cl)c4C(=O)[O][Na])c4cc/c(=[NH+]\c5ccc(OCC)cc5S(=O)(=O)[O-])cc-4oc3c2)cc1,0,0,True,139
97,CC(=O)Nc1ccc(S(=O)(=O)[O][Na])c2ccc(/N=N/c3c(O)c(Cl)cc(Cl)c3Cl)c(O)c12,0,0,True,89
98,[Cl-].c1ccc(Nc2ccc3nc4cc(Nc5ccccc5)c(Nc5ccccc5)cc4[n+](-c4ccccc4)c3c2)cc1,0,0,True,80
99,[Cl-].c1ccc(Nc2cc3nc4cc(Nc5ccccc5)c(Nc5ccccc5)cc4[n+](-c4ccccc4)c3cc2Nc2ccccc2)cc1,0,0,True,58
100,Cc1ccc(S(=O)(=O)Nc2cc(S(=O)(=O)[O][Na])cc3c2C(=O)/C(=N\Nc2ccc(N)cc2)C(S(=O)(=O)[O][Na])=C3)cc1,0,0,True,97
101,Cn1c(-c2ccccc2)c(C(=C2C=CC(=[NH+]c3ccc(O)c(S(=O)(=O)[O-])c3)C=C2)c2ccc(Nc3ccc(O)c(S(=O)(=O)[O][Na])c3)cc2)c2ccccc21,0,0,True,129
102,C=CS(=O)(=O)c1cccc(Nc2cc(S(=O)(=O)[O][Na])c(N)c3c2C(=O)c2ccccc2C3=O)c1,0,0,True,84
103,Cc1cc(C(=C2C=CC(=[NH+]c3ccc(S(=O)(=O)[O][Na])cc3)C=C2)c2ccc(Nc3ccc(S(=O)(=O)[O-])cc3)cc2)c(S(=O)(=O)[O][Na])cc1N,0,0,True,105
104,Cc1cc(C)c(Nc2cc(S(=O)(=O)[O][Na])c(N)c3c2C(=O)c2ccccc2C3=O)c(C)c1NC(=O)/C(Br)=C/Br,0,0,True,98
105,CC(=O)Nc1ccc(Nc2cc(S(=O)(=O)[O][Na])c(N)c3c2C(=O)c2ccc(S(=O)(=O)[O][Na])cc2C3=O)cc1,0,0,True,91
106,CCCCc1ccc(Nc2cc(S(=O)(=O)[O][Na])c(N)c3c2C(=O)c2ccccc2C3=O)cc1,0,0,True,85
107,CCN(CC)c1ccc(/C(=C2/C=C/C(=[N+](\CC)CCS(=O)(=O)[O-])C=C2C)c2ccc(N(CC)CCS(=O)(=O)[O][Na])cc2C)cc1,0,0,True,106
108,Nc1c(S(=O)(=O)[O][Na])cc(Nc2ccccc2)c2c1C(=O)c1ccccc1C2=O,0,0,True,69
109,CCCCc1ccc(Nc2cc(S(=O)(=O)[O][Na])c(N)c3c2C(=O)c2ccccc2C3=O)c(S(=O)(=O)[O][Na])c1,0,0,True,92
110,O=S(=O)([O][Na])c1ccc2c(/N=N/c3ccc(/N=N/c4ccc(Nc5ccccc5)c(S(=O)(=O)[O][Na])c4)c4ccccc34)c(O)ccc2c1,0,0,True,113
111,Cc1cc(C)c(Nc2cc(S(=O)(=O)[O][Na])c(N)c3c2C(=O)c2ccccc2C3=O)c(C)c1CNC(=O)CCl,0,0,True,100
112,Cc1ccc(S(=O)(=O)N(C)Cc2ccc(Nc3cc(S(=O)(=O)[O][Na])c(N)c4c3C(=O)c3ccccc3C4=O)cc2)cc1,0,0,True,100
113,CCN(Cc1cccc(S(=O)(=O)[O][Na])c1)c1ccc(C(=C2C=CC(=[N+](CC)Cc3cccc(S(=O)(=O)[O-])c3)C=C2)c2ccc(Nc3ccccc3)cc2)cc1,0,0,True,123
114,CNc1ccc(Nc2ccc(C)cc2S(=O)(=O)[O][Na])c2c1C(=O)c1ccccc1C2=O,0,0,True,72
115,O=C(CCNc1ccc(NC2CCCCC2)c2c1C(=O)c1ccccc1C2=O)Nc1ccc(S(=O)(=O)[O][Na])cc1,0,0,True,97
116,Cc1cc(Nc2cc(S(=O)(=O)[O][Na])c(N)c3c2C(=O)c2ccccc2C3=O)cc(S(=O)(=O)NCCO)c1C,0,0,True,97
117,Nc1c(/N=N/c2cccc(N=O)c2)c(S(=O)(=O)[O][Na])cc2c1C(=O)/C(=N\Nc1ccccc1)C(S(=O)(=O)[O][Na])=C2,0,0,True,103
118,CCN(CC)c1ccc(C(=C2C=CC(=[N+](CC)CC)C=C2)c2ccc(S(=O)(=O)[O][Na])cc2S(=O)(=O)[O-])cc1,0,0,True,86
119,O=[N+]([O-])c1ccc(/N=N/c2cc(S(=O)(=O)[O][Na])c3ccccc3c2O)c(O)c1,0,0,True,72
120,CC(=O)Nc1cccc(Nc2cc(S(=O)(=O)[O][Na])c(N)c3c2C(=O)c2ccccc2C3=O)c1,0,0,True,84
121,NS(=O)(=O)c1cc(O)c(/N=N/c2c(O)ccc3ccccc23)cc1Cl,0,0,True,68
122,CC(=O)Nc1cccc2ccc(O)c(/N=N/c3cc(Cl)c(S(N)(=O)=O)cc3O)c12,0,0,True,80
123,Oc1ccc(Cl)cc1/N=N/c1c(O)ccc2ccccc12,0,0,True,58
124,CN(C)c1ccc(C(=C2C=CC(=[N+](C)C)C=C2)c2ccc(N(C)Cc3cccc(S(=O)(=O)[O-])c3)cc2)cc1S(=O)(=O)[O][Na],0,0,True,101
125,Nc1c(S(=O)(=O)[O][Na])cc(Nc2c(S(=O)(=O)[O][Na])ccc(NS(=O)(=O)c3ccccc3)c2S(=O)(=O)[O][Na])c2c1C(=O)c1ccccc1C2=O,0,0,True,98
126,O=[N+]([O-])c1cc(O)c(/N=N/c2ccc3c(S(=O)(=O)[O][Na])cccc3c2O)cc1Cl,0,0,True,81
127,O=C1c2ccccc2C(=O)c2c(NC3CCc4cc(S(=O)(=O)[O][Na])ccc4C3)ccc(NC3CCc4cc(S(=O)(=O)[O][Na])ccc4C3)c21,0,0,True,80
128,Cc1ccc(NS(=O)(=O)c2cc(Nc3cc(S(=O)(=O)[O][Na])c(N)c4c3C(=O)c3ccccc3C4=O)ccc2C)cc1,0,0,True,95
129,Cc1ccccc1/N=N/c1ccc(/N=N/c2ccc(Nc3ccccc3)c3c(S(=O)(=O)[O][Na])cccc23)c2cc(S(=O)(=O)[O][Na])ccc12,0,0,True,113
130,Cc1cccc(/N=N/c2ccc(/N=N/c3ccc(Nc4ccccc4)c4c(S(=O)(=O)[O][Na])cccc34)c3cc(S(=O)(=O)[O][Na])ccc23)c1,0,0,True,117
131,O=S(=O)([O][Na])c1cc(Cl)c(O)c(/N=N/c2c(S(=O)(=O)[O][Na])cc3cc(Nc4ccc5c(O)c(/N=N/c6cc(S(=O)(=O)[O][Na])cc(Cl)c6O)c(S(=O)(=O)[O][Na])cc5c4)ccc3c2O)c1,0,0,True,86
132,CC1=C/C(=C(/c2ccc(NCc3cccc(S(=O)(=O)[O][Na])c3)c(C)c2)c2ccccc2Cl)C=C/C1=[NH+]\Cc1cccc(S(=O)(=O)[O-])c1,0,0,True,121
133,CN(C)c1ccc(N/N=C2\C(=O)c3c(O)cc(S(=O)(=O)[O][Na])cc3C=C2S(=O)(=O)[O][Na])cc1,0,0,True,83
134,CC(=O)Nc1ccc(Nc2cc(S(=O)(=O)[O][Na])c(N)c3c2C(=O)c2ccccc2C3=O)cc1,0,0,True,80
135,CC(=O)N(C)c1ccc(Nc2cc(S(=O)(=O)[O][Na])c(N)c3c2C(=O)c2ccccc2C3=O)cc1,0,0,True,85
136,Nc1c(S(=O)(=O)[O][Na])cc(S(=O)(=O)[O][Na])c2ccc(/N=N/c3cc([N+](=O)[O-])ccc3O)c(O)c12,0,0,True,85
137,Nc1ccc(O)c2c1C(=O)c1c(O)c(S(=O)(=O)[O][Na])cc(N)c1C2=O,0,0,True,62
138,COc1cc(N/N=C2\C(=O)C=Cc3cc(S(=O)(=O)[O][Na])ccc32)c(Cl)cc1N/N=C1\C=Cc2c(cccc2S(=O)(=O)[O][Na])C1=O,0,0,True,121
139,Nc1cc(S(=O)(=O)[O][Na])c(O)c2c1C(=O)c1c(O)c(S(=O)(=O)[O][Na])cc(N)c1C2=O,0,0,True,43
140,Cc1ccc(Nc2cc(C)c(N)c3c2C(=O)c2ccccc2C3=O)c(S(=O)(=O)[O][Na])c1,0,0,True,77
141,O=S(=O)([O][Na])c1ccc(Nc2ccc(C(=C3C=CC(=[NH+]c4ccccc4)C=C3)c3ccc(Nc4ccc(S(=O)(=O)[O][Na])cc4)cc3)cc2)cc1,0,0,True,78
142,Cc1ccc(Nc2cc(C)c(N)c3c2C(=O)c2ccc(S(=O)(=O)[O][Na])cc2C3=O)c(S(=O)(=O)[O][Na])c1,0,0,True,89
143,CCN(Cc1ccccc1)c1ccc(C(=C2C=CC(=[N+](CC)Cc3ccccc3)C=C2)c2cc(O)c(S(=O)(=O)O)cc2S(=O)(=O)[O-])cc1,0,0,True,105
144,CCOC(=O)c1cccc(Nc2cc(S(=O)(=O)[O][Na])c(N)c3c2C(=O)c2ccccc2C3=O)c1,0,0,True,91
145,N#Cc1cccc(Nc2cc(S(=O)(=O)[O][Na])c(N)c3c2C(=O)c2ccccc2C3=O)c1,0,0,True,78
146,CNc1ccc(O)c2c1C(=O)c1c(O)c(S(=O)(=O)[O][Na])cc(NC)c1C2=O,0,0,True,65
147,Nc1cc(S(=O)(=O)[O][Na])c(N)c2c1C(=O)c1cc(S(=O)(=O)[O][Na])ccc1C2=O,0,0,True,67
148,O=S(=O)([O-])c1cc2nc3c4cccc(S(=O)(=O)[O][Na])c4c(Nc4ccccc4)cc3[n+](-c3ccccc3)c2cc1Nc1ccccc1,0,0,True,104
149,Nc1ccc(/N=N/c2c(S(=O)(=O)[O][Na])cc3cc(S(=O)(=O)[O][Na])cc(O)c3c2N)c([N+](=O)[O-])c1,0,0,True,86
150,Cc1cc(Nc2ccc(N)cc2S(=O)(=O)[O-])cc2c1nc1c3cccc(S(=O)(=O)[O][Na])c3c(Nc3ccccc3)cc1[n+]2-c1ccccc1,0,0,True,125
151,Nc1c(S(=O)(=O)[O][Na])cc(NC2CCCCC2)c2c1C(=O)c1ccccc1C2=O,0,0,True,74
152,CCNc1cc(S(=O)(=O)[O][Na])c(O)c2c1C(=O)c1c(O)c(S(=O)(=O)[O][Na])cc(NCC)c1C2=O,0,0,True,51
153,CCNc1cc(S(=O)(=O)[O][Na])c(O)c2c1C(=O)c1c(NCC)cc(S(=O)(=O)[O][Na])c(O)c1C2=O,0,0,True,53
154,Nc1cc(S(=O)(=O)[O][Na])c(O)c2c1C(=O)c1c(N)cc(S(=O)(=O)[O][Na])c(O)c1C2=O,0,0,True,45
155,CCN(Cc1ccccc1)c1ccc(C(=C2C=CC(=[N+](CC)Cc3ccccc3)C=C2)c2ccc(S(=O)(=O)[O][Na])cc2S(=O)(=O)[O-])cc1,0,0,True,109
156,Nc1c(/N=N/c2cc(S(=O)(=O)[O][Na])cc3cc(S(=O)(=O)[O][Na])cc(O)c23)ccc2c(O)cccc12,0,0,True,86
157,O=C1/C(=C2\Nc3ccc(S(=O)(=O)[O][Na])cc3C2=O)Nc2ccc(S(=O)(=O)[O][Na])cc21,0,0,True,48
158,CN(C)c1ccc(C(=C2C=CC(=[N+](C)C)C=C2)c2ccc(N(Cc3ccccc3)Cc3cccc(S(=O)(=O)[O-])c3)cc2)c(S(=O)(=O)[O][Na])c1,0,0,True,113
159,Cc1ccc(Nc2cc(Br)c(N)c3c2C(=O)c2ccccc2C3=O)c(S(=O)(=O)[O][Na])c1,0,0,True,80
160,Cc1cc(C)c(S(=O)(=O)[O][Na])c(C)c1Nc1ccc(Nc2c(C)cc(C)c(S(=O)(=O)[O][Na])c2C)c2c1C(=O)c1ccccc1C2=O,0,0,True,67
161,Nc1c(Br)cc(Nc2ccc(S(=O)(=O)[O][Na])cc2)c2c1C(=O)c1c(Nc3ccc(S(=O)(=O)[O][Na])cc3)cc(Br)c(N)c1C2=O,0,0,True,62
162,Cc1ccc(Nc2cc(Br)c(N)c3c2C(=O)c2c(N)c(Br)cc(Nc4ccc(C)cc4S(=O)(=O)[O][Na])c2C3=O)c(S(=O)(=O)[O][Na])c1,0,0,True,68
163,Cc1ccc(Nc2cc(Cl)c(N)c3c2C(=O)c2c(Nc4ccc(C)cc4S(=O)(=O)[O][Na])cc(Cl)c(N)c2C3=O)c(S(=O)(=O)[O][Na])c1,0,0,True,70
164,Cc1ccc(Nc2cc(Cl)c(N)c3c2C(=O)c2c(N)c(Cl)cc(Nc4ccc(C)cc4S(=O)(=O)[O][Na])c2C3=O)c(S(=O)(=O)[O][Na])c1,0,0,True,68
165,CCOc1ccc(Nc2ccc(C(=C3C=CC(=[N+](CC)Cc4cccc(S(=O)(=O)[O-])c4)C=C3)c3ccc(N(CC)Cc4cccc(S(=O)(=O)[O][Na])c4)cc3)cc2)cc1,0,0,True,133
166,O=S(=O)([O][Na])c1c(/N=N/c2c(Nc3ccccc3)ccc3ccccc23)ccc2c1S(=O)(=O)c1c-2ccc(/N=N/c2c(Nc3ccccc3)ccc3ccccc23)c1S(=O)(=O)[O][Na],0,0,True,92
167,CCOc1ccc(Nc2ccc(C(=C3C=CC(=[N+](C)C)C=C3)c3ccc(N(C)C)cc3)c3ccc(S(=O)(=O)[O-])cc23)c(S(=O)(=O)[O][Na])c1,0,0,True,120
168,Nc1c(/N=N/c2ccccc2Cl)c(S(=O)(=O)[O][Na])cc2cc(S(=O)(=O)[O][Na])c(/N=N/c3ccccc3Cl)c(O)c12,0,0,True,79
169,Cc1ccc(Nc2ccc(C(=C3C=CC(=[N+](C)C)C=C3)c3ccc(N(C)C)cc3)c3ccc(S(=O)(=O)[O-])cc23)c(S(=O)(=O)[O][Na])c1,0,0,True,111
170,Cc1ccc(Nc2ccc(/N=N/c3cc(S(=O)(=O)[O][Na])cc4cc(S(=O)(=O)[O][Na])cc(O)c34)c3cccc(S(=O)(=O)[O][Na])c23)cc1,0,0,True,108
171,CCN(Cc1cccc(S(=O)(=O)[O][Na])c1)c1ccc(C(=C2C=CC(=[N+](CC)Cc3cccc(S(=O)(=O)[O][Na])c3)C=C2)c2ccccc2S(=O)(=O)[O-])cc1,0,0,True,116
172,CCOc1ccc(Nc2ccc(/C(=C3/C=C/C(=[N+](/CC)Cc4cccc(S(=O)(=O)[O-])c4)C=C3C)c3ccc(N(CC)Cc4cccc(S(=O)(=O)[O][Na])c4)cc3C)cc2)cc1,0,0,True,146
173,CCN(Cc1cccc(S(=O)(=O)[O][Na])c1)c1ccc(/C(=C2\C=C/C(=[N+](/CC)Cc3cccc(S(=O)(=O)[O-])c3)C=C2C)c2ccc(Nc3ccccc3Nc3ccccc3)cc2)c(C)c1,0,0,True,147
174,O=S(=O)([O][Na])c1cc(O)c2c(/N=N/c3ccc(Nc4ccccc4)c4c(S(=O)(=O)[O][Na])cccc34)cc(S(=O)(=O)[O][Na])cc2c1,0,0,True,103
175,O=S(=O)([O-])c1ccc(Nc2ccc(C(=C3C=CC(=[NH+]c4ccc(S(=O)(=O)[O][Na])cc4)C=C3)c3ccc(Nc4ccc(S(=O)(=O)[O][Na])cc4)cc3)cc2)cc1,0,0,True,85
176,Cc1ccc(Nc2cc(Br)c(N)c3c2C(=O)c2ccc(S(=O)(=O)[O][Na])cc2C3=O)c(S(=O)(=O)[O][Na])c1,0,0,True,92
177,CN(C)c1ccc(C(=C2C=CC(=[N+](C)C)C=C2)c2ccc(Nc3ccc4ccc(S(=O)(=O)[O][Na])cc4c3)c3cc(S(=O)(=O)[O-])ccc23)cc1,0,0,True,122
178,CCN(Cc1ccc(S(=O)(=O)[O-])cc1)c1ccc2nc3c4ccccc4c(Nc4ccc(N(CC)CC)c(S(=O)(=O)[O][Na])c4)cc3[n+](-c3ccccc3)c2c1,0,0,True,134
179,O=C(O)c1cc([N+](=O)[O-])c(Nc2ccc(Nc3ccccc3)c(S(=O)(=O)[O][Na])c2)c([N+](=O)[O-])c1,0,0,True,79
180,Cc1c(Cl)cc(S(=O)(=O)[O][Na])cc1N/N=C1\C=CC(=O)c2ccccc21,0,0,True,77
181,CC1=C(Nc2ccc(Nc3ccc([N+](=O)[O-])cc3S(=O)(=O)[O][Na])c(C)c2)C(=O)C=C(Nc2ccc(Nc3ccc([N+](=O)[O-])cc3S(=O)(=O)[O][Na])c(C)c2)C1=O,0,0,True,93
182,Cc1cc(/N=N/c2ccc(O)c(/N=N/c3cccc4cc(S(=O)(=O)[O][Na])ccc34)c2O)ccc1/N=N/c1cc(S(=O)(=O)[O][Na])cc(Cl)c1C,0,0,True,118
183,O=[N+]([O-])c1ccc(/N=N/c2c(O)c(/N=N/c3ccc(Nc4ccccc4)c(S(=O)(=O)[O][Na])c3)cc(/N=N/c3cc(S(=O)(=O)[O][Na])cc4cc(S(=O)(=O)[O][Na])c(/N=N/c5ccc([N+](=O)[O-])cc5)c(O)c34)c2O)cc1,0,0,True,141
184,Nc1cc(N)c(/N=N/c2ccc(S(=O)(=O)[O][Na])c(/N=N/c3c(O)ccc(/N=N/c4ccc([N+](=O)[O-])cc4)c3O)c2)cc1/N=N/c1cccc(S(=O)(=O)[O][Na])c1,0,0,True,119
185,Nc1cc(N)c(/N=N/c2ccc(S(=O)(=O)[O][Na])c(/N=N/c3cc(/N=N/c4cccc(S(=O)(=O)[O][Na])c4)c(N)cc3N)c2)cc1/N=N/c1cccc(S(=O)(=O)[O][Na])c1,0,0,True,81
186,O=C1/C(=N\Nc2ccc([N+](=O)[O-])cc2)C(S(=O)(=O)[O][Na])=Cc2cc(S(=O)(=O)[O][Na])cc(/N=N/c3ccc(O)c(/N=N/c4cc([N+](=O)[O-])ccc4O)c3O)c21,0,0,True,124
187,O=C1/C(=N\Nc2ccc([N+](=O)[O-])cc2)C(S(=O)(=O)[O][Na])=Cc2ccc(/N=N/c3ccc(O)c(/N=N/c4cc(S(=O)(=O)[O][Na])cc([N+](=O)[O-])c4O)c3O)cc21,0,0,True,130
188,O=[N+]([O-])c1ccc(/N=N/c2ccc(O)c(/N=N/c3ccc(S(=O)(=O)[O][Na])c(/N=N/c4c(O)ccc(/N=N/c5ccc([N+](=O)[O-])cc5)c4O)c3)c2O)cc1,0,0,True,87
189,O=[N+]([O-])c1cc(S(=O)(=O)c2ccc(Nc3ccc(Nc4ccccc4)c(S(=O)(=O)[O][Na])c3)c([N+](=O)[O-])c2)ccc1Nc1ccc(Nc2ccccc2)c(S(=O)(=O)[O][Na])c1,0,0,True,80
190,Nc1cc(N)c(/N=N/c2ccc(S(=O)(=O)[O][Na])c(/N=N/c3c(O)ccc(/N=N/c4ccc([N+](=O)[O-])cc4)c3O)c2)cc1/N=N\c1cccc(S(=O)(=O)[O][Na])c1,0,0,True,119
191,O=S(=O)([O][Na])c1ccc(/N=N/c2ccc(O)c(/N=N/c3ccc(S(=O)(=O)[O][Na])c4ccccc34)c2O)c2ccccc12,0,0,True,71
192,Cc1cc(S(=O)(=O)[O][Na])ccc1/N=N/c1c(O)ccc(/N=N/c2cc([N+](=O)[O-])cc([N+](=O)[O-])c2O)c1O,0,0,True,89
193,O=C([O][Na])c1cc(/N=N/c2ccc(O)cc2O)cc(S(=O)(=O)[O][Na])c1O,0,0,True,67
194,Nc1cc(N)c(/N=N/c2cc([N+](=O)[O-])cc(S(=O)(=O)[O][Na])c2O)cc1Cl,0,0,True,70
195,O=C([O][Na])c1cc(/N=N/c2ccc(/N=N/c3cc(S(=O)(=O)[O][Na])cc(C(=O)[O][Na])c3O)c3cc(S(=O)(=O)[O][Na])ccc23)ccc1O,0,0,True,101
196,O=S(=O)([O][Na])c1ccc(/N=N/c2c(O)ccc(/N=N/c3ccc(S(=O)(=O)[O][Na])c4ccccc34)c2O)cc1,0,0,True,86
197,O=C1/C(=N\Nc2cc(Cl)ccc2Oc2ccc(S(=O)(=O)[O][Na])cc2)C(S(=O)(=O)[O][Na])=Cc2ccc(Nc3ccccc3)cc21,0,0,True,110
198,Nc1cc(N)c(/N=N/c2cccc3c(S(=O)(=O)[O][Na])cccc23)cc1/N=N/c1cc([N+](=O)[O-])ccc1O,0,0,True,90
199,COc1ccc([NH+]([O-])O)cc1N/N=C1/C=Cc2ccc(Nc3ccccc3)cc2C1=O,0,0,True,92
200,CCN(C(C)=O)c1ccc(C)c(N/N=C2\C(=O)c3cc(Nc4ccc(OC)cc4)ccc3C=C2S(=O)(=O)[O][Na])c1,0,0,True,111
201,CC1=NN(c2ccc(Cl)cc2)C(=O)/C1=N\Nc1cc(S(N)(=O)=O)ccc1O,0,0,True,77
202,O=C([O][Na])c1cc(S(=O)(=O)[O][Na])cc2c1Oc1cc([N+](=O)[O-])cc([N+](=O)[O-])c1N2,0,0,True,80
203,CN(CCS(=O)(=O)[O][Na])c1ccc(Nc2c([N+](=O)[O-])cc([N+](=O)[O-])cc2[N+](=O)[O-])cc1,0,0,True,71
204,O=S(=O)([O][Na])c1ccc(/N=N/c2c(O)ccc(/N=N/c3ccc(Nc4ccccc4)c(S(=O)(=O)[O][Na])c3)c2O)cc1,0,0,True,97
205,O=[N+]([O-])c1ccc(/N=N/c2cc(/N=N/c3ccc(S(=O)(=O)[O][Na])c4ccccc34)c(O)c(/N=N/c3cc(S(=O)(=O)[O][Na])cc4cc(S(=O)(=O)[O][Na])cc(O)c34)c2O)cc1,0,0,True,124
206,O=[N+]([O-])c1ccc(/N=N/c2c(O)c(/N=N/c3cc([N+](=O)[O-])cc([N+](=O)[O-])c3O)cc(/N=N/c3cc(S(=O)(=O)[O][Na])cc4cc(S(=O)(=O)[O][Na])cc(O)c34)c2O)cc1,0,0,True,111
207,O=[N+]([O-])c1ccc(O)c(/N=N/c2ccc(O)c(/N=N/c3ccccc3)c2O)c1,0,0,True,71
208,CC(=O)Nc1ccc(O)c(/N=N/c2cc([N+](=O)[O-])cc([N+](=O)[O-])c2O)c1,0,0,True,68
209,O=[N+]([O-])c1ccc(/N=N/c2c(O)c(/N=N/c3ccc(/N=N\c4ccc([N+](=O)[O-])cc4S(=O)(=O)O)cc3)cc(/N=N/c3cc(S(=O)(=O)O)cc4cc(S(=O)(=O)O)cc(O)c34)c2O)cc1,0,0,True,113
210,NS(=O)(=O)c1ccc(Nc2ccc(Nc3ccc(Nc4ccc(S(N)(=O)=O)cc4[N+](=O)[O-])cc3S(=O)(=O)[O][Na])cc2)c([N+](=O)[O-])c1,0,0,True,78
211,O=C1c2ccccc2C(=O)c2c(S(=O)(=O)[O][Na])ccc(Nc3ccc(S(=O)(=O)[O][Na])c4c3C(=O)c3ccccc3C4=O)c21,0,0,True,56
212,Nc1cc(N)c(S(=O)(=O)[O][Na])cc1/N=N/c1cc([N+](=O)[O-])cc([N+](=O)[O-])c1O,0,0,True,70
213,Cc1c(NC(=O)c2ccccc2)c2c(c3[nH]c4ccc5ccc(S(=O)(=O)[O][Na])cc5c4c13)C(=O)c1ccccc1C2=O,0,0,True,113
214,CC(=O)Nc1cc(C)cc(/N=N/c2cc([N+](=O)[O-])ccc2O)c1O,0,0,True,65
215,Cc1cc(S(=O)(=O)[O][Na])ccc1N/N=C1\C=CC(=O)c2ccccc21,0,0,True,72
216,Nc1ccc2c(c1)C(=O)/C(=N\Nc1ccc(-c3ccc(/N=N/c4c(N)c(S(=O)(=O)[O][Na])cc(S(=O)(=O)[O][Na])c4N)cc3Cl)c(Cl)c1)C(S(=O)(=O)[O][Na])=C2,0,0,True,113
217,O=[N+]([O-])c1ccc(Nc2ccc(/N=N/c3ccc(O)c(/N=N/c4ccc(Nc5ccc([N+](=O)[O-])cc5S(=O)(=O)[O][Na])cc4)c3O)cc2)c(S(=O)(=O)[O][Na])c1,0,0,True,93
218,Cc1c(Cl)cc(S(=O)(=O)[O][Na])cc1/N=N/c1c(O)ccc(/N=N/c2cc(Cl)c(C)c(S(=O)(=O)[O][Na])c2)c1O,0,0,True,90
219,Nc1cc(N)c(S(=O)(=O)[O][Na])cc1/N=N/c1cc([N+](=O)[O-])ccc1O,0,0,True,68
220,Nc1ccc(N/N=C2/C=Cc3c(cccc3S(=O)(=O)[O][Na])C2=O)cc1,0,0,True,71
221,O=S(=O)([O][Na])c1ccc(/N=N/c2cc(/N=N/c3ccc(S(=O)(=O)[O][Na])cc3)c(O)cc2O)cc1,0,0,True,51
222,O=[N+]([O-])c1ccc(/N=N/c2ccc(/N=N/c3cc(S(=O)(=O)[O][Na])ccc3O)c(O)c2O)cc1,0,0,True,75
223,Nc1ccc2cc(S(=O)(=O)[O][Na])c(/N=N/c3ccc(/N=N/c4ccc(S(=O)(=O)[O][Na])cc4)cc3)c(O)c2c1,0,0,True,80
224,CC(C)(C)c1ccc(O)c(/N=N/c2cc([N+](=O)[O-])cc(S(=O)(=O)[O][K])c2O)c1,0,0,True,72
225,O=C1/C(=N\Nc2ccc(S(=O)(=O)[O][Na])cc2)C=C(/N=N/c2ccc(S(=O)(=O)[O][Na])cc2)c2ccccc21,0,0,True,82
226,Nc1cc(/[N+]([O-])=N/c2ccc(/C=C/c3ccc([N+](=O)[O-])cc3S(=O)(=O)[O][Na])c(S(=O)(=O)[O][Na])c2)ccc1/N=N/c1cccc2c(S(=O)(=O)[O][Na])cccc12,0,0,True,116
227,O=[N+]([O-])c1ccc(/N=N/c2cc(/N=N/c3ccc(Nc4ccccc4)c(S(=O)(=O)[O][Na])c3)c(O)c(/N=N/c3cc(S(=O)(=O)[O][Na])cc4cc(S(=O)(=O)[O][Na])cc(O)c34)c2O)cc1,0,0,True,131
228,O=[N+]([O-])c1ccc(O)c(/N=N/c2c(Cl)nn(-c3ccc(S(=O)(=O)[O][Na])cc3)c2O)c1,0,0,True,84
229,O=[N+]([O-])c1ccc(O)c(/N=N/c2ccc(O)c(/N=N/c3ccc(S(=O)(=O)[O][Na])cc3)c2O)c1,0,0,True,81
230,O=[N+]([O-])c1ccc(/N=N/c2c(O)c(/N=N/c3ccc(/N=N/c4cccc5ccc(S(=O)(=O)[O][Na])cc45)cc3)cc(/N=N/c3cc(S(=O)(=O)[O][Na])cc4cc(S(=O)(=O)[O][Na])c(/N=N/c5ccc([N+](=O)[O-])cc5)c(O)c34)c2O)cc1,0,0,True,139
231,Cc1nn(-c2ccccc2)c(O)c1/N=N/c1cc(S(N)(=O)=O)ccc1O,0,0,True,73
232,O=[N+]([O-])c1ccc(/N=N/c2cc(/N=N/c3ccc(S(=O)(=O)[O][Na])c4ccccc34)c(O)c(/N=N/c3ccc4c(S(=O)(=O)[O][Na])cccc4c3)c2O)cc1,0,0,True,117
233,O=[N+]([O-])c1ccc(/N=N/c2c(O)c(/N=N/c3cc([N+](=O)[O-])ccc3O)cc(/N=N/c3cc(S(=O)(=O)[O][Na])cc4cc(S(=O)(=O)[O][Na])cc(O)c34)c2O)cc1,0,0,True,110
234,O=[N+]([O-])c1ccc(/N=N/c2cc(/N=N/c3cc(S(=O)(=O)[O][Na])cc4cc(S(=O)(=O)[O][Na])cc(O)c34)c(O)c(/N=N/c3ccc4c(S(=O)(=O)[O][Na])cccc4c3)c2O)cc1,0,0,True,128
235,O=[N+]([O-])c1ccc(/N=N/c2cc(/N=N/c3cc(S(=O)(=O)[O][Na])cc4cc(S(=O)(=O)[O][Na])cc(O)c34)c(O)c(/N=N/c3ccc(S(=O)(=O)[O][Na])cc3)c2O)cc1,0,0,True,106
236,Nc1cc(N)c(/N=N/c2ccc(S(=O)(=O)[O][Na])c3ccccc23)cc1/N=N/c1ccc(S(=O)(=O)[O][Na])c2ccccc12,0,0,True,62
237,CC1=NN(c2ccccc2)C(=O)/C1=N\Nc1cc([N+](=O)[O-])ccc1O,0,0,True,76
238,O=C1C=C/C(=N\Nc2ccc(S(=O)(=O)[O][Na])c3ccccc23)c2ccccc21,0,0,True,76
239,O=S(=O)([O][Na])c1ccc2cc(/N=N/c3cccc4ccccc34)ccc2c1,0,0,True,75
240,Nc1cc(/N=N/c2c(O)ccc(/N=N/c3cc(S(=O)(=O)[O][Na])ccc3O)c2O)ccc1[N+](=O)[O-],0,0,True,87
241,Cc1ccc2nc(-c3ccc(/N=N/c4c(O)ccc(/N=N/c5cc(S(=O)(=O)[O][Na])ccc5O)c4O)cc3)sc2c1S(=O)(=O)[O][Na],0,0,True,116
242,Nc1cc(/N=N/c2cc(/N=N/c3cc(S(=O)(=O)[O][Na])cc4cc(S(=O)(=O)[O][Na])cc(O)c34)c(O)c(/N=N/c3ccc([N+](=O)[O-])c(N)c3)c2O)ccc1[N+](=O)[O-],0,0,True,104
243,O=S(=O)([O][Na])c1ccc(O)c(/N=N/c2c(S(=O)(=O)[O][Na])cc3ccc(Nc4ccccc4)cc3c2O)c1,0,0,True,97
244,O=C1/C(=N\Nc2ccc(S(=O)(=O)[O][Na])cc2)C(S(=O)(=O)[O][Na])=Cc2ccc(Nc3ccccc3)cc21,0,0,True,87
245,O=C1/C(=N\Nc2ccc(S(=O)(=O)[O][Na])cc2)C(S(=O)(=O)[O][Na])=Cc2cc(Nc3ccccc3)ccc21,0,0,True,89
246,COc1ccccc1N/N=C1\C(=O)c2cc(NCCS(=O)(=O)[O][Na])ccc2C=C1S(=O)(=O)[O][Na],0,0,True,96
247,Cc1cc([N+](=O)[O-])ccc1N/N=C1\C(=O)c2cc(N)c(S(=O)(=O)[O][Na])cc2C=C1S(=O)(=O)[O][Na],0,0,True,91
248,Nc1ccc2c(c1)C(=O)/C(=N\Nc1ccc(CS(=O)(=O)[O][Na])cc1)C(S(=O)(=O)[O][Na])=C2,0,0,True,82
249,CNc1ccc2c(c1)C(=O)/C(=N\Nc1ccc(CS(=O)(=O)[O][Na])cc1)C(S(=O)(=O)[O][Na])=C2,0,0,True,85
250,O=[N+]([O-])c1cc(/N=N/c2c(O)ccc(/N=N/c3ccc(S(=O)(=O)[O][Na])cc3)c2O)c(O)c([N+](=O)[O-])c1,0,0,True,85
251,Cc1nn(-c2ccc(S(=O)(=O)[O][Na])cc2)c(O)c1/N=N/c1cc([N+](=O)[O-])ccc1O,0,0,True,85
252,CCN(Cc1cccc(S(=O)(=O)[O][Na])c1)c1ccc(C(=C2C=CC(=[N+](CC)Cc3cccc(S(=O)(=O)[O-])c3)C=C2)c2ccccc2Cl)cc1,0,0,True,120
253,Nc1ccc2c(S(=O)(=O)[O][Na])cccc2c1/N=N/c1ccc([N+](=O)[O-])cc1O,0,0,True,80
254,CNS(=O)(=O)c1ccc(O)c(/N=N/C(C(=O)Nc2ccccc2Cl)=C(/C)O)c1,0,0,True,78
255,CCN(CC)c1ccc(C(=C2C=CC(=[N+](CC)CC)C=C2)c2cc(NCc3cccc(S(=O)(=O)[O][Na])c3)ccc2S(=O)(=O)[O-])cc1,0,0,True,114
256,CCN(Cc1cccc(S(=O)(=O)[O][Na])c1)c1ccc(C(=C2C=CC(=[N+](CC)Cc3cccc(S(=O)(=O)[O-])c3)C=C2)c2cc(Cl)ccc2Cl)cc1,0,0,True,121
257,CN(C)c1ccc(C(=C2C=CC(=[N+](C)C)C=C2)c2cc(S(=O)(=O)[O][Na])cc3cc(S(=O)(=O)[O-])ccc23)cc1,0,0,True,89
258,Nc1c(/N=N/c2cc(Cl)ccc2Cl)c(S(=O)(=O)[O][Na])cc2c1C(=O)/C(=N\Nc1cccc3ccccc13)C(S(=O)(=O)[O][Na])=C2,0,0,True,116
259,CCN(CC)c1ccc(C(O)(c2ccc(N(CC)CC)cc2)c2c(S(=O)(=O)[O][Na])cc(S(=O)(=O)[O][Na])c(O)c2/N=N/c2c(C)nn(-c3ccccc3)c2O)cc1,0,0,True,105
260,Nc1ccc(/N=N/c2c(S(=O)(=O)[O][Na])cc3c(c2N)C(=O)/C(=N\Nc2ccccc2)C(S(=O)(=O)[O][Na])=C3)cc1,0,0,True,97
261,Cc1ccc(Nc2ccc(Nc3ccc(C)cc3S(=O)(=O)[O][Na])c3c2C(=O)c2ccccc2C3=O)c(S(=O)(=O)[O][Na])c1,0,0,True,62
262,CCCCc1ccc(Nc2ccc(Nc3ccc(CCCC)cc3S(=O)(=O)[O][Na])c3c2C(=O)c2ccccc2C3=O)c(S(=O)(=O)[O][Na])c1,0,0,True,74
263,CCCCc1ccc(Nc2ccc(Nc3ccc(CCCC)cc3S(=O)(=O)[O][Na])c3c2C(=O)c2c(O)ccc(O)c2C3=O)c(S(=O)(=O)[O][Na])c1,0,0,True,75
264,Nc1c(/N=N/c2ccc([N+](=O)[O-])cc2)c(S(=O)(=O)[O][Na])cc2c1C(=O)/C(=N\Nc1ccc(/N=N/c3ccccc3)cc1)C(S(=O)(=O)[O][Na])=C2,0,0,True,115
265,Nc1ccc(S(=O)(=O)[O][Na])c2ccc(/N=N/c3cc([N+](=O)[O-])cc([N+](=O)[O-])c3O)cc12,0,0,True,82
266,O=C1c2ccccc2C(=O)c2c(Nc3ccc(-c4ccc(S(=O)(=O)[O][Na])cc4)cc3)ccc(Nc3ccc(-c4ccc(S(=O)(=O)[O][Na])cc4)cc3)c21,0,0,True,67
267,CC(=O)Nc1ccc(Nc2ccc(NC3CCCCC3)c3c2C(=O)c2cc(S(=O)(=O)[O][Na])ccc2C3=O)cc1,0,0,True,101
268,Cc1ccc(Nc2ccc(Nc3ccc(C)cc3S(=O)(=O)[O][Na])c3c2C(=O)c2cccc(O)c2C3=O)c(S(=O)(=O)[O][Na])c1,0,0,True,79
269,Cc1ccc(Nc2ccc(Nc3ccc(C)cc3S(=O)(=O)[O][Na])c3c2C(=O)c2c(O)ccc(O)c2C3=O)c(S(=O)(=O)[O][Na])c1,0,0,True,63
270,Cc1ccc(Sc2cc(O)c3c(c2O)C(=O)c2c(Nc4ccc(C)cc4S(=O)(=O)[O][Na])ccc(Nc4ccc(C)cc4S(=O)(=O)[O][Na])c2C3=O)cc1,0,0,True,90
271,C/C(O)=C(/N=N/c1cc(S(N)(=O)=O)ccc1O)C(=O)Nc1ccccc1,0,0,True,68
272,O=C1c2ccccc2C(=O)c2c(Nc3ccc(C4CCCCC4)cc3S(=O)(=O)[O][Na])ccc(Nc3ccc(C4CCCCC4)cc3S(=O)(=O)[O][Na])c21,0,0,True,76
273,CCN(Cc1cccc(S(=O)(=O)[O][Na])c1)c1ccc(C(=C2C=CC(=[N+](CC)Cc3cccc(S(=O)(=O)[O][Na])c3)C=C2)c2ccc(S(=O)(=O)[O-])cc2)cc1,0,0,True,109
274,CN(C)c1ccc(C(=C2C=CC(=[N+](C)C)C=C2)c2c(O)c(S(=O)(=O)[O][Na])cc3cc(S(=O)(=O)[O-])ccc23)cc1,0,0,True,95
275,Nc1ccc(Oc2ccc(Nc3ccc(Nc4ccc(Oc5ccc(N)c(S(=O)(=O)[O][Na])c5)cc4)c4c3C(=O)c3ccccc3C4=O)cc2)cc1S(=O)(=O)[O][Na],0,0,True,81
276,CC(=O)C(/N=N/c1cc(S(N)(=O)=O)ccc1O)C(=O)Nc1ccccc1,0,0,True,69
277,CN(Cc1cccc(S(=O)(=O)[O][Na])c1)c1ccc(C(=C2C=CC(=[N+](C)Cc3cccc(S(=O)(=O)[O][Na])c3)C=C2)c2ccc(S(=O)(=O)[O-])cc2)cc1,0,0,True,104
278,CCN(CC)c1ccc(C(=C2C=CC(=[N+](CC)CC)C=C2)c2cc(S(=O)(=O)[O-])c(C)c(S(=O)(=O)[O][Na])c2C)cc1,0,0,True,88
279,O=NN(c1ccc(/N=N/c2ccc(S(=O)(=O)[O][Na])cc2)cc1)c1ccc([N+](=O)[O-])cc1[N+](=O)[O-],0,0,True,75
280,O=[N+]([O-])c1ccc(Nc2ccc(/N=N/c3ccc(S(=O)(=O)[O][Na])cc3)cc2)c([N+](=O)[O-])c1,0,0,True,72
281,O=C1C=Cc2cc(S(=O)(=O)O)cc(S(=O)(=O)O)c2/C1=N/Nc1ccccc1,0,0,True,69
282,CC(=O)C(/N=N/c1cc([N+](=O)[O-])cc(Cl)c1O)=C(\C)O,0,0,True,53
283,O=C([O][Na])c1ccccc1-c1c2ccc(=O)c(Br)c-2oc2c(Br)c([O][Na])ccc12,0,0,True,83
284,CCOc1ccc(C)cc1/N=N/c1ccc(/N=N/c2cccc(S(=O)(=O)[O][Na])c2)c2ccccc12,0,0,True,87
285,O=C1C=Cc2cc(S(=O)(=O)O)ccc2/C1=N/Nc1ccccc1,0,0,True,65
286,CC1=NN(c2ccccc2)C(=O)/C1=N\NC1=CC([N+](=O)[O-])=CC(S(=O)(=O)[O][Na])C1=O,0,0,True,89
287,CCOc1ccc(/N=N/c2ccc(/N=N/c3cccc(S(=O)(=O)[O][Na])c3)c3ccccc23)cc1,0,0,True,80
288,CCOc1ccc(/N=N/c2cc(C)c(/N=N/c3cc(S(=O)(=O)[O][Na])c4cccc(S(=O)(=O)[O][Na])c4c3)cc2OC)cc1,0,0,True,104
289,Cc1cccc(C)c1N/N=C1\C(=O)C(S(=O)(=O)[O][Na])=Cc2cc(S(=O)(=O)[O][Na])ccc21,0,0,True,78
290,CCOC(=O)C1=NN(c2ccc(S(=O)(=O)[O][Na])cc2)C(=O)/C1=N\Nc1ccc(S(=O)(=O)[O][Na])c2ccccc12,0,0,True,101
291,O=C1C(S(=O)(=O)[O][Na])=Cc2cc(S(=O)(=O)[O][Na])ccc2/C1=N/Nc1ccccc1,0,0,True,74
292,Cc1nn(-c2ccccc2)c(O)c1/N=N/c1cc([N+](=O)[O-])cc(S(=O)(=O)[O][Na])c1O,0,0,True,87
293,O=c1cc2n(-c3ccccc3)c3ccccc3nc-2c2ccc(S(=O)(=O)[O][Na])cc12,0,0,True,84
294,COc1ccc(/N=N/c2cc(C)c(/N=N/c3ccc(S(=O)(=O)[O][Na])cc3)cc2OC)cc1,0,0,True,73
295,Cc1ccc(N/N=C2\C(=O)C=Cc3cc(S(=O)(=O)[O][Na])ccc32)cc1,0,0,True,72
296,CCN(c1ccccc1)S(=O)(=O)c1ccccc1N/N=C1\C(=O)C=Cc2cc(S(=O)(=O)[O][Na])ccc21,0,0,True,98
297,Cc1nn(-c2ccc(S(=O)(=O)O)cc2)c(O)c1/N=N/c1cc([N+](=O)[O-])ccc1O,0,0,True,80
298,COc1cc(/N=N/c2c(C)n[nH]c2C)c(OC)cc1/N=N/c1cccc(S(=O)(=O)[O][Na])c1,0,0,True,78
299,Cc1ccc(N/N=C2\C(=O)C=Cc3cc(S(=O)(=O)[O][Na])ccc32)c(C)c1,0,0,True,78
300,O=C1C(S(=O)(=O)[O][Na])=Cc2cc(S(=O)(=O)[O][Na])ccc2/C1=N/Nc1cccc([N+](=O)[O-])c1,0,0,True,85
301,Cc1ccc(N/N=C2/C=C(S(=O)(=O)[O][Na])c3ccccc3C2=O)cc1S(=O)(=O)Nc1ccccc1,0,0,True,89
302,O=C1C=C/C(=N\Nc2ccc(S(=O)(=O)[O][Na])cc2)c2ccccc21,0,0,True,65
303,O=C1C=Cc2ccccc2/C1=N/Nc1ccc(S(=O)(=O)[O][Na])cc1[N+](=O)[O-],0,0,True,80
304,Cc1ccc(/N=N/c2c(O)ccc(/N=N/c3ccc(S(=O)(=O)[O][Na])cc3)c2O)c(C)c1,0,0,True,77
305,O=S(=O)([O][Na])c1ccc(/N=N/c2ccc(O)c(/N=N/c3ccccc3)c2O)cc1,0,0,True,69
306,CC(=O)Nc1ccc2c(c1)C=C(S(=O)(=O)[O][Na])/C(=N/Nc1ccccc1S(=O)(=O)[O][Na])C2=O,0,0,True,87
307,CC(=O)N(c1ccc(N/N=C2\C(=O)C=Cc3cc(S(=O)(=O)[O][Na])cc(S(=O)(=O)[O][Na])c32)cc1)C1CCCCC1,0,0,True,102
308,O=[N+]([O-])c1ccc(Nc2ccc(Nc3ccccc3)c(S(=O)(=O)[O][Na])c2)c([N+](=O)[O-])c1,0,0,True,77
309,O=C(CCl)Nc1ccc2c(c1)C=C(S(=O)(=O)[O][Na])/C(=N/Nc1ccccc1)C2=O,0,0,True,86
310,O=C1C=Cc2cc(S(=O)(=O)[O][Na])ccc2/C1=N/Nc1ccc(Cl)cc1,0,0,True,73
311,O=C1C=Cc2cc(S(=O)(=O)[O][Na])cc(S(=O)(=O)[O][Na])c2/C1=N/Nc1ccc(C2(c3ccc(/N=N/c4ccc(O)cc4)cc3)CCCCC2)cc1,0,0,True,113
312,O=C1/C(=N\Nc2ccc(/N=N/c3ccc(S(=O)(=O)[O][Na])cc3)cc2S(=O)(=O)[O][Na])C(O)=Nc2ccccc21,0,0,True,94
313,Cc1ccc(N/N=C2\C(=O)C=Cc3cc(S(=O)(=O)[O][Na])ccc32)cc1S(=O)(=O)Nc1ccccc1,0,0,True,97
314,Cc1ccc(S(=O)(=O)Oc2ccc(/N=N/c3ccc(-c4ccc(/N=N/c5c(N)c(S(=O)(=O)[O][Na])cc6cc(S(=O)(=O)[O][Na])ccc56)cc4)cc3)cc2)cc1,0,0,True,106
315,Cc1ccc(S(=O)(=O)Oc2ccc(/N=N\c3ccc(-c4ccc(N/N=C5\C(=O)C=Cc6cc(S(=O)(=O)[O][Na])cc(S(=O)(=O)[O][Na])c65)cc4C)c(C)c3)cc2)cc1,0,0,True,128
316,O=S(=O)([O][Na])c1ccc(/N=N/c2ccc(Nc3ccccc3)cc2)cc1,0,0,True,56
317,CCN(Cc1ccccc1)c1ccc(/N=N/c2cc(Cl)c(S(=O)(=O)[O][Na])cc2Cl)cc1,0,0,True,83
318,Cc1ccc(S(=O)(=O)Oc2ccc(/N=N/c3ccc(/N=N/c4ccc(Nc5ccc([N+](=O)[O-])cc5S(=O)(=O)[O][Na])cc4)c4cc(S(=O)(=O)[O][Na])ccc34)cc2C)cc1,0,0,True,133
319,CN(C)c1ccc(/N=N/c2ccc(S(=O)(=O)[O][Na])cc2)cc1,0,0,True,45
320,Cc1cc(N/N=C2\C(=O)C=Cc3cc(S(=O)(=O)[O][Na])ccc32)ccc1Cc1ccc(N/N=C2\C(=O)C=Cc3cc(S(=O)(=O)[O][Na])ccc32)cc1C,0,0,True,84
321,CC1=NN(c2ccccc2)C(=O)/C1=N\Nc1ccc(-c2ccc(N/N=C3\C(=O)C=Cc4ccccc43)cc2S(=O)(=O)[O][Na])c(S(=O)(=O)[O][Na])c1,0,0,True,108
322,O=S(=O)([O][Na])c1ccc(/N=N/c2ccc(O)cc2O)cc1,0,0,True,54
323,O=S(=O)([O][Na])c1cccc(/N=N/c2ccc(O)c3ncccc23)c1,0,0,True,73
324,CC1=NN(c2ccccc2)C(=O)/C1=N/Nc1cc([N+](=O)[O-])ccc1O,0,0,True,76
325,CC1=NN(c2ccc(S(=O)(=O)[O][Na])cc2)C(=O)/C1=N/Nc1ccc(-c2ccc(/N=N\c3ccc(OS(=O)(=O)c4ccc(C)cc4)cc3)c(S(=O)(=O)[O][Na])c2)cc1,0,0,True,133
326,Cc1ccc(S(=O)(=O)Oc2ccc(/N=N/c3ccc(Nc4ccc(S(=O)(=O)[O][Na])cc4[N+](=O)[O-])cc3)c(C)c2)cc1,0,0,True,102
327,O=C1C=Cc2ccccc2/C1=N/Nc1ccc(S(=O)(=O)O)cc1,0,0,True,62
328,Cc1nn(-c2ccccc2)c(O)c1/N=N/c1cc(S(=O)(=O)[O][Na])cc([N+](=O)[O-])c1O,0,0,True,87
329,Cc1nn(-c2cccc(S(N)(=O)=O)c2)c(O)c1/N=N/c1cc(S(N)(=O)=O)ccc1O,0,0,True,77
330,CC(=O)/C(=N/Nc1ccc(-c2ccc(N/N=C3\C(=O)C=Cc4cc(S(=O)(=O)[O][Na])cc(S(=O)(=O)[O][Na])c43)cc2C)c(C)c1)C(=O)Nc1ccccc1,0,0,True,118
331,Cc1cc(S(=O)(=O)[O][Na])ccc1N/N=C1\C(=O)C=Cc2ccccc21,0,0,True,75
332,CC(=O)Nc1ccc2c(c1)C(=O)/C(=N\Nc1c(C)cc(C)cc1S(=O)(=O)[O][Na])C(S(=O)(=O)[O][Na])=C2,0,0,True,92
333,Cc1nn(-c2ccccc2)c(O)c1/N=N/c1cc([N+](=O)[O-])ccc1O,0,0,True,74
334,O=S(=O)([O][Na])c1cc(S(=O)(=O)[O][Na])c2c(/N=N/c3ccc(C4(c5ccc(/N=N/c6ccc(O)cc6)cc5)CCCCC4)cc3)c(O)ccc2c1,0,0,True,98
335,C/C(O)=C(/N=N/c1cc(Cl)cc(S(=O)(=O)[O][Na])c1O)C(=O)Nc1ccccc1,0,0,True,77
336,Cc1n[nH]c(O)c1/N=N/c1cc([N+](=O)[O-])cc(Cl)c1O,0,0,True,57
337,CC(=O)Nc1cc([N+](=O)[O-])cc(/N=N/c2c(C)n[nH]c2O)c1O,0,0,True,66
338,CC(=O)Nc1cc(S(=O)(=O)[O][Na])cc2c1C(=O)/C(=N\Nc1ccccc1)C(S(=O)(=O)[O][Na])=C2,0,0,True,84
339,O=C1C=Cc2ccccc2/C1=N/Nc1ccc2cc(S(=O)(=O)[O][Na])ccc2c1,0,0,True,81
340,O=S(=O)([O-])c1ccc(Nc2cc3c(nc4ccccc4[n+]3-c3ccccc3)c3cc(S(=O)(=O)[O][Na])ccc23)cc1,0,0,True,101
341,O=C1/C(=N\Nc2ccc3cc(S(=O)(=O)[O][Na])ccc3c2)C=C(S(=O)(=O)[O][Na])c2ccccc21,0,0,True,83
342,O=S(=O)([O-])c1ccc(Nc2cc3c(nc4ccccc4[n+]3-c3ccccc3)c3cc(S(=O)(=O)[O][Na])ccc23)c(S(=O)(=O)[O][Na])c1,0,0,True,109
343,Cc1ccccc1/N=N/c1ccc(/N=N/c2c(N)ccc3ccc(S(=O)(=O)[O][Na])cc23)c(C)c1,0,0,True,91
344,Cc1ccccc1/N=N/c1ccc(/N=N/c2c(N)ccc3cc(S(=O)(=O)[O][Na])ccc23)c(C)c1,0,0,True,94
345,Cc1ccc(S(=O)(=O)Nc2cc(S(=O)(=O)[O][Na])cc3c2C(=O)/C(=N\Nc2ccccc2)C(S(=O)(=O)[O][Na])=C3)cc1,0,0,True,95
346,COc1ccccc1N/N=C1\C(=O)c2c(NC(=O)c3ccc(Cl)cc3Cl)ccc(S(=O)(=O)[O][Na])c2C=C1S(=O)(=O)[O][Na],0,0,True,109
347,Cc1cccc(N/N=C2\C(=O)c3c(NC(=O)c4ccccc4)ccc(S(=O)(=O)[O][Na])c3C=C2S(=O)(=O)[O][Na])c1,0,0,True,98
348,O=C1C=Cc2cc(S(=O)(=O)[O][Na])ccc2/C1=N/Nc1cccc2ccccc12,0,0,True,85
349,O=C(Nc1ccc(S(=O)(=O)[O][Na])c2c1C(=O)/C(=N\Nc1cccc(Cl)c1)C(S(=O)(=O)[O][Na])=C2)c1ccc(Cl)cc1Cl,0,0,True,104
350,Cc1ccc(S(=O)(=O)Oc2ccc(/N=N/c3ccc(-c4ccc(N/N=C5\C(=O)c6ccc(S(=O)(=O)[O][Na])cc6C=C5S(=O)(=O)[O][Na])cc4C)c(C)c3)cc2)cc1,0,0,True,128
351,O=C1C(S(=O)(=O)[O][Na])=Cc2cc(S(=O)(=O)[O][Na])ccc2/C1=N/Nc1ccc(/N=N/c2ccc(S(=O)(=O)[O][Na])cc2)cc1S(=O)(=O)[O][Na],0,0,True,98
352,Cc1ccc(S(=O)(=O)Oc2ccc(/N=N/c3ccc(-c4ccc(N/N=C5\C(=O)C=Cc6cc(S(=O)(=O)[O][Na])cc(S(=O)(=O)[O][Na])c65)c(C)c4)cc3C)cc2)cc1,0,0,True,130
353,Cc1ccccc1/N=N/c1ccc(N/N=C2\C(=O)C(S(=O)(=O)[O][Na])=Cc3cc(S(=O)(=O)[O][Na])ccc32)c(C)c1,0,0,True,102
354,O=C1/C(=N\Nc2ccc(/N=N/c3ccccc3)cc2)C=C(S(=O)(=O)[O][Na])c2ccccc21,0,0,True,78
355,CCN(c1ccccc1)S(=O)(=O)c1cc(/N=N/c2c(N)ccc3cc(S(=O)(=O)[O][Na])cc(O)c23)ccc1C,0,0,True,103
356,CCN(Cc1cccc(S(=O)(=O)[O][Na])c1)c1ccc(/N=N/c2ccc(/N=N/c3cccc(S(=O)(=O)[O][Na])c3)c3ccccc23)cc1,0,0,True,97
357,O=C1/C(=N\Nc2ccc(S(=O)(=O)[O][Na])c3ccccc23)C=Cc2c1cccc2S(=O)(=O)[O][Na],0,0,True,83
358,O=S(=O)([O][Na])c1cc(/N=N/c2ccc(C3(c4ccc(/N=N/c5cc(S(=O)(=O)[O][Na])c6ccccc6c5O)cc4)CCCCC3)cc2)c(O)c2ccccc12,0,0,True,78
359,Cc1ccc(S(=O)(=O)Oc2ccc(/N=N/c3cc4c(O)c(/N=N/c5ccccc5Oc5ccccc5C)c(S(=O)(=O)[O][Na])cc4cc3S(=O)(=O)[O][Na])cc2)cc1,0,0,True,127
360,COc1cc(-c2ccc(N/N=C3\C(=O)C=Cc4cc(S(=O)(=O)[O][Na])cc(S(=O)(=O)[O][Na])c43)c(OC)c2)ccc1/N=N/c1ccc(C(=O)S(=O)(=O)c2ccc(C)cc2)cc1,0,0,True,142
361,O=C1C=Cc2cc(S(=O)(=O)[O][Na])ccc2/C1=N/Nc1ccc(S(=O)(=O)[O][Na])c2ccccc12,0,0,True,89
362,CCN(C(=O)c1ccc(N/N=C2\C(=O)c3c(NC(=O)c4ccccc4)ccc(S(=O)(=O)[O][Na])c3C=C2S(=O)(=O)[O][Na])cc1)c1cccc2ccccc12,0,0,True,131
363,COc1cc(C2(c3ccc(N/N=C4\C(=O)c5cc(O)ccc5C=C4S(=O)(=O)[O][Na])c(OC)c3)CCCCC2)ccc1N/N=C1\C(=O)c2cc(O)ccc2C=C1S(=O)(=O)[O][Na],0,0,True,95
364,Cc1ccc(N/N=C2/C=C(S(=O)(=O)[O][Na])c3ccccc3C2=O)c(C)c1,0,0,True,71
365,CC(=O)Nc1ccc(N/N=C2\C(=O)c3ccc(NC(C)=O)cc3C=C2S(=O)(=O)[O][Na])cc1,0,0,True,81
366,CCCCCCCCCCCCc1ccc(N/N=C2\C(=O)c3c(cc(S(=O)(=O)[O][Na])cc3NC(C)=O)C=C2S(=O)(=O)[O][Na])cc1,0,0,True,110
367,O=C1/C(=N\Nc2ccc(S(=O)(=O)O)c3ccccc23)C=C(S(=O)(=O)O)c2ccccc21,0,0,True,73
368,O=C1C=Cc2ccccc2/C1=N/Nc1cccc2c(S(=O)(=O)[O][Na])cccc12,0,0,True,80
369,O=C1C=Cc2cc(S(=O)(=O)[O][Na])ccc2/C1=N/Nc1ccc(/N=N/c2ccc(S(=O)(=O)[O][Na])cc2)cc1,0,0,True,85
370,O=C(Nc1ccccc1)C1=Cc2ccccc2/C(=N/Nc2ccc(-c3ccc(N/N=C4\C(=O)C(C(=O)Nc5ccccc5)=Cc5ccccc54)cc3S(=O)(=O)[O][Na])c(S(=O)(=O)[O][Na])c2)C1=O,0,0,True,95
371,Cc1ccc(S(=O)(=O)Oc2ccc(/N=N/c3cc(S(=O)(=O)[O][Na])c(-c4cc(C)c(N/N=C5/C=C(S(=O)(=O)[O][Na])c6ccccc6C5=O)cc4S(=O)(=O)[O][Na])cc3C)cc2)cc1,0,0,True,134
372,Cc1ccccc1/N=N/c1ccc(N/N=C2/C=C(S(=O)(=O)[O][Na])c3ccccc3C2=O)c(C)c1,0,0,True,91
373,CC(=O)Nc1ccc2c(c1)C(=O)/C(=N\Nc1ccccc1-c1ccccc1)C(S(=O)(=O)[O][Na])=C2,0,0,True,94
374,O=C1C(S(=O)(=O)[O][Na])=Cc2cc(S(=O)(=O)[O][Na])ccc2/C1=N/Nc1ccc(/N=N/c2ccccc2)cc1,0,0,True,91
375,O=C1C=Cc2ccccc2/C1=N/Nc1ccc(/N=N/c2ccc(S(=O)(=O)[O][Na])cc2)cc1,0,0,True,81
376,[Li][O]S(=O)(=O)c1ccc(/N=N/c2ccc(/N=N/c3c(O)ccc4ccccc34)cc2)cc1,0,0,True,71
377,O=C1C(S(=O)(=O)[O][Na])=Cc2cc(S(=O)(=O)[O][Na])ccc2/C1=N/Nc1ccc(-c2ccc(N/N=C3\C(=O)C(S(=O)(=O)[O][Na])=Cc4cc(S(=O)(=O)[O][Na])ccc43)cc2Cl)c(Cl)c1,0,0,True,81
378,Cc1cc(C2(c3ccc(N/N=C4\C(=O)c5cc(O)ccc5C=C4S(=O)(=O)[O][Na])c(C)c3)CCCCC2)ccc1N/N=C1\C(=O)c2cc(O)ccc2C=C1S(=O)(=O)[O][Na],0,0,True,91
379,Cc1ccc(S(=O)(=O)Nc2cc(S(=O)(=O)[O][Na])cc3c2C(=O)/C(=N\Nc2ccc(C4CCCCC4)cc2C)C(S(=O)(=O)[O][Na])=C3)cc1,0,0,True,113
380,CC(=O)N(c1ccc(N/N=C2\C(=O)c3c(NC(=O)c4ccccc4)ccc(S(=O)(=O)[O][Na])c3C=C2S(=O)(=O)[O][Na])cc1)C1CCCCC1,0,0,True,118
381,O=C1C=Cc2ccc(S(=O)(=O)Nc3ccc(S(=O)(=O)[O][Na])c4c3C(=O)/C(=N\Nc3ccccc3)C(S(=O)(=O)[O][Na])=C4)cc2/C1=N/Nc1ccccc1,0,0,True,119
382,Cc1ccc(N/N=C2\C(=O)C=Cc3ccc(S(=O)(=O)Nc4ccc(S(=O)(=O)[O][Na])c5c4C(=O)/C(=N\Nc4ccc(C)cc4)C(S(=O)(=O)[O][Na])=C5)cc32)cc1,0,0,True,121
383,O=C1/C(=N\Nc2ccc3ccccc3c2)C(S(=O)(=O)[O][Na])=Cc2cc(S(=O)(=O)[O][Na])ccc21,0,0,True,88
384,Cc1cc(S(=O)(=O)Nc2cc(S(=O)(=O)[O][Na])cc3c2C(=O)/C(=N\Nc2cc(C(C)(C)CC(C)(C)C)ccc2OC(C)C)C(S(=O)(=O)[O][Na])=C3)c(C)cc1Cl,0,0,True,126
385,O=C(Nc1ccc(S(=O)(=O)[O][Na])c2cc(S(=O)(=O)[O][Na])c(/N=N/c3ccc(C4CCCCC4)cc3)c(O)c12)c1cc(Cl)ccc1Cl,0,0,True,116
386,O=C1/C(=N\Nc2ccc(C3(c4ccc(N/N=C5\C(=O)c6cc(OS(=O)(=O)c7ccccc7)ccc6C=C5S(=O)(=O)[O][Na])cc4)CCCCC3)cc2)C(S(=O)(=O)[O][Na])=Cc2ccc(O)cc21,0,0,True,119
387,CC(=O)/C(=N/Nc1ccc(-c2ccc(N/N=C3\C(=O)c4ccc(S(=O)(=O)[O][Na])cc4C=C3S(=O)(=O)[O][Na])cc2C)c(C)c1)C(=O)Nc1ccccc1,0,0,True,119
388,O=C1C(S(=O)(=O)[O][Na])=Cc2cc(S(=O)(=O)[O][Na])ccc2/C1=N/Nc1cccc2ccccc12,0,0,True,88
389,Cc1ccc(/N=N/c2cc(C)cc(C)c2N/N=C2\C(=O)C(S(=O)(=O)[O][Na])=Cc3cc(S(=O)(=O)[O][Na])ccc32)c(C)c1,0,0,True,98
390,Cc1ccc(S(=O)(=O)Nc2cc(S(=O)(=O)[O][Na])cc3c2C(=O)/C(=N\Nc2cc(Cl)ccc2OCc2ccccc2)C(S(=O)(=O)[O][Na])=C3)cc1,0,0,True,123
391,Cc1cc(N/N=C2\C(=O)C=Cc3cc(S(=O)(=O)[O][Na])ccc32)ccc1-c1ccc(N/N=C2\C(=O)C=Cc3cc(S(=O)(=O)[O][Na])ccc32)cc1C,0,0,True,78
392,O=C1/C(=N\Nc2ccc([N+](=O)[O-])cc2)C(S(=O)(=O)[O][Na])=Cc2cc(S(=O)(=O)[O][Na])cc(O)c21,0,0,True,84
393,Cc1ccccc1/N=N/c1ccc(N/N=C2\C(=O)C=Cc3cc(S(=O)(=O)[O][Na])cc(S(=O)(=O)[O][Na])c32)c(C)c1,0,0,True,101
394,O=S(=O)([O][Na])c1cc(Cl)cc(/N=N/c2c(O)nc3ccccc3c2O)c1O,0,0,True,77
395,O=C1C=Cc2cc(S(=O)(=O)O)cc(S(=O)(=O)O)c2/C1=N/Nc1ccc(S(=O)(=O)O)c2ccccc12,0,0,True,83
396,Cc1nn(-c2ccccc2)c(O)c1/N=N/c1cc(Cl)cc(S(=O)(=O)[O][Na])c1O,0,0,True,82
397,NS(=O)(=O)c1ccc(O)c(/N=N/c2c(O)ccc3ccccc23)c1,0,0,True,64
398,Cc1nn(-c2cccc(S(=O)(=O)[O][Na])c2)c(O)c1/N=N/c1cc(Cl)cc(S(=O)(=O)[O][Na])c1O,0,0,True,89
399,O=[N+]([O-])c1cc(/N=N/c2c(O)ccc3ccccc23)c(O)c(S(=O)(=O)[O][Na])c1,0,0,True,79
400,Cc1nn(-c2cccc(S(=O)(=O)[O][Na])c2)c(O)c1/N=N/c1c(O)cc(S(=O)(=O)[O][Na])c2ccccc12,0,0,True,92
401,CCN(CC)S(=O)(=O)c1ccc(O)c(/N=N/c2c(O)ccc3cc(S(=O)(=O)[O][Na])cc(S(=O)(=O)[O][Na])c23)c1,0,0,True,88
402,O=Cc1ccc(N/N=C2\C(=O)c3c(O)cc(S(=O)(=O)[O][Na])cc3C=C2S(=O)(=O)[O][Na])cc1,0,0,True,82
403,Cc1cc(/N=N/c2c(-c3ccccc3)nn(-c3ccccc3S(=O)(=O)[O][Na])c2O)c(O)c([N+](=O)[O-])c1,0,0,True,98
404,CN(C)c1ccc(/N=N/c2ccccc2C(=O)O)cc1,0,0,True,50
405,O=C1/C(=N\Nc2cccc3ccccc23)C=Cc2c1cccc2S(=O)(=O)O,0,0,True,75
406,Cc1nn(-c2ccccc2)c(O)c1/N=N/c1c(O)cc(S(=O)(=O)[O][Na])c2ccccc12,0,0,True,83
407,COc1ccc(C)cc1N/N=C1\C(=O)c2c(cccc2S(=O)(=O)[O][Na])C=C1S(=O)(=O)[O][Na],0,0,True,83
408,CC1=NN(c2cccc(S(N)(=O)=O)c2)C(=O)/C1=N/Nc1cc(Cl)ccc1O,0,0,True,78
409,O=[N+]([O-])c1cc(S(=O)(=O)[O][Na])cc(/N=N/c2c(O)nc3ccccc3c2O)c1O,0,0,True,81
410,CC1=NN(c2cccc(S(N)(=O)=O)c2)C(=O)/C1=N/Nc1ccc([N+](=O)[O-])cc1O,0,0,True,84
411,COc1ccc(C)cc1N/N=C1\C(=O)c2cc(S(=O)(=O)[O][Na])ccc2C=C1S(=O)(=O)[O][Na],0,0,True,82
412,CC1=NN(c2ccccc2)C(=O)/C1=N/Nc1ccc([N+](=O)[O-])cc1O,0,0,True,75
413,CC(=O)Nc1ccc(N/N=C2\C(=O)C(S(=O)(=O)[O][Na])=Cc3cc(S(=O)(=O)[O][Na])ccc32)cc1,0,0,True,84
414,CC(=O)Nc1ccc(/N=N/c2c(N)ccc3cc(S(=O)(=O)[O][Na])cc(O)c23)cc1,0,0,True,82
415,COc1cc(S(=O)(=O)[O][Na])c(Cl)cc1NC(=O)C(/N=N/c1ccc([N+](=O)[O-])cc1O)C(C)=O,0,0,True,93
416,Cc1ccccc1N/N=C1\C(=O)C(S(=O)(=O)[O][Na])=Cc2cc(S(=O)(=O)[O][Na])ccc21,0,0,True,79
417,O=C1C=Cc2cccc(S(=O)(=O)[O][Na])c2/C1=N/Nc1ccc(S(=O)(=O)[O][Na])c2ccccc12,0,0,True,84
418,Cc1ccccc1N/N=C1\C(=O)C=Cc2cccc(S(=O)(=O)[O][Na])c21,0,0,True,73
419,Cc1ccccc1N/N=C1\C(=O)C=Cc2cc(S(=O)(=O)[O][Na])ccc21,0,0,True,76
420,Cc1ccc(N/N=C2\C(=O)C(S(=O)(=O)[O][Na])=Cc3cc(S(=O)(=O)[O][Na])ccc32)c(C)c1,0,0,True,81
421,COc1ccccc1N/N=C1\C(=O)c2c(cc(S(=O)(=O)[O][Na])cc2NS(=O)(=O)c2ccc(C)cc2)C=C1S(=O)(=O)[O][Na],0,0,True,101
422,Cc1ccc(S(=O)(=O)Nc2cc(S(=O)(=O)[O][Na])cc3c2C(=O)/C(=N\Nc2ccccc2C)C(S(=O)(=O)[O][Na])=C3)cc1,0,0,True,96
423,Nc1ccc2cc(S(=O)(=O)[O][Na])cc(O)c2c1/N=N/c1ccc(Cl)cc1C(F)(F)F,0,0,True,84
424,O=C1C(S(=O)(=O)O)=Cc2cc(S(=O)(=O)O)ccc2/C1=N/Nc1ccc(S(=O)(=O)O)c2ccccc12,0,0,True,82
425,Cc1cccc(C)c1Nc1ccc2c(c1)oc1cc(Nc3c(C)ccc(S(=O)(=O)[O][Na])c3C)ccc1[c+]2-c1ccccc1S(=O)(=O)[O-],0,0,True,99
426,O=C1/C(=N\Nc2ccccc2)C(S(=O)(=O)[O][Na])=Cc2cc(S(=O)(=O)[O][Na])cc(O)c21,0,0,True,76
427,O=S(=O)([O][Na])c1cccc(/N=N/c2ccc(/N=N/c3ccc(N(CCO)CCO)cc3)c3ccccc23)c1,0,0,True,84
428,O=C1/C(=N\Nc2cccc3ccccc23)C(S(=O)(=O)[O][Na])=Cc2cc(S(=O)(=O)[O][Na])ccc21,0,0,True,89
429,CC(=O)Nc1ccc(S(=O)(=O)[O][Na])c(/N=N/c2c(N)ccc3cc(S(=O)(=O)[O][Na])cc(O)c23)c1,0,0,True,92
430,Cc1ccc(S(=O)(=O)c2ccc(Cl)cc2/N=N/c2c(N)ccc3cc(S(=O)(=O)[O][Na])cc(O)c23)cc1,0,0,True,97
431,O=C([O-])c1ccccc1C(=O)c1ccc(/N=N/c2c(O)ccc3ccccc23)c(O)c1.[Na+],0,0,True,79
432,O=C1/C(=N\Nc2ccc(S(=O)(=O)[O][Na])cc2)C=C(S(=O)(=O)[O][Na])c2cccc(O)c21,0,0,True,74
433,CCN(c1ccccc1)S(=O)(=O)c1cc(NC(C)=O)ccc1/N=N/c1c(N)ccc2cc(S(=O)(=O)[O][Na])cc(O)c12,0,0,True,112
434,Cc1ccc(S(=O)(=O)C(=O)c2ccc(/N=N/c3ccc(-c4ccc(N/N=C5\C(=O)c6ccc(S(=O)(=O)[O][Na])cc6C=C5S(=O)(=O)[O][Na])cc4)cc3)cc2)cc1,0,0,True,121
435,Nc1cc(S(=O)(=O)[O][Na])cc2c1C(=O)/C(=N\Nc1ccccc1)C(S(=O)(=O)[O][Na])=C2,0,0,True,78
436,Nc1ccc2cc(S(=O)(=O)[O][Na])cc(O)c2c1/N=N/c1ccccc1C(F)(F)F,0,0,True,79
437,Nc1ccc(/N=N/c2c(N)ccc3cc(S(=O)(=O)[O][Na])cc(O)c23)c(S(=O)(=O)[O][Na])c1,0,0,True,79
438,CC(=O)Nc1cc(S(=O)(=O)[O][Na])cc2c1C(=O)/C(=N\Nc1ccccc1C)C(S(=O)(=O)[O][Na])=C2,0,0,True,87
439,CCN(Cc1ccc(S(=O)(=O)[O][Na])cc1)c1ccc(/N=N/c2ccc(/N=N/c3ccccc3)cc2)cc1,0,0,True,72
440,O=S(=O)([O][Na])c1ccc(/N=N/c2ccc(/N=N/c3c(-c4ccccc4)[nH]c4ccccc34)cc2)cc1,0,0,True,78
441,O=C1C=Cc2cc(S(=O)(=O)[O][Na])cc(S(=O)(=O)[O][Na])c2/C1=N/Nc1cccc2c(S(=O)(=O)[O][Na])cccc12,0,0,True,91
442,CC1=NN(c2ccccc2)C(=O)/C1=N\Nc1cc([N+](=O)[O-])cc(S(=O)(=O)[O][Na])c1O,0,0,True,90
443,CN(C1CCCCC1)S(=O)(=O)c1ccccc1/N=N/c1c(N)ccc2cc(S(=O)(=O)[O][Na])cc(O)c12,0,0,True,101
444,CC1=NN(c2ccccc2)C(=O)/C1=N\Nc1cc(Cl)cc(S(=O)(=O)[O][Na])c1O,0,0,True,84
445,CC(=O)Nc1ccc(/N=N/c2c(N)ccc3cc(S(=O)(=O)[O][Na])cc(O)c23)c(S(=O)(=O)[O][Na])c1,0,0,True,90
446,O=C1C=Cc2cc(S(=O)(=O)[O][Na])cc(S(=O)(=O)[O][Na])c2/C1=N/Nc1ccc(C2(c3ccc(N/N=C4/C=C(S(=O)(=O)[O][Na])c5ccccc5C4=O)cc3)CCCCC2)cc1,0,0,True,127
447,Cc1nn(-c2cccc(S(N)(=O)=O)c2)c(O)c1/N=N/c1ccc([N+](=O)[O-])cc1O,0,0,True,83
448,COc1ccccc1N/N=C1/C=C(S(=O)(=O)[O][Na])c2ccccc2C1=O,0,0,True,69
449,CC(=O)Nc1cc(S(=O)(=O)[O][Na])cc2c1C(=O)/C(=N\Nc1ccc(C)cc1C)C(S(=O)(=O)[O][Na])=C2,0,0,True,89
450,O=C1C(S(=O)(=O)[O][Na])=Cc2cc(S(=O)(=O)[O][Na])cc(S(=O)(=O)[O][Na])c2/C1=N/Nc1ccc(S(=O)(=O)[O][Na])c2ccccc12,0,0,True,92
451,Nc1ccc2cc(S(=O)(=O)[O][Na])cc(O)c2c1/N=N/c1ccccc1S(=O)(=O)c1ccccc1,0,0,True,88
452,O=C1/C(=N\Nc2ccc(/N=N/c3ccc(S(=O)(=O)[O][Na])cc3)cc2S(=O)(=O)[O][Na])C(S(=O)(=O)[O][Na])=Cc2cc(/N=N/c3ccc(/C=C/c4ccc([N+](=O)[O-])cc4S(=O)(=O)[O][Na])c(S(=O)(=O)[O][Na])c3)ccc21,0,0,True,139
453,O=C1C=Cc2cc(S(=O)(=O)[O][Na])cc(S(=O)(=O)[O][Na])c2/C1=N/Nc1cccc2ccccc12,0,0,True,89
454,Nc1ccc2c(c1)C(=O)/C(=N\Nc1ccccc1)C(S(=O)(=O)[O][Na])=C2,0,0,True,70
455,O=C(O)c1ccccc1/N=N/c1c(O)ccc2ccccc12,0,0,True,58
456,O=C1C=Cc2cc(S(=O)(=O)[O][Na])ccc2/C1=N/Nc1ccc(-c2ccc(N/N=C3\C(=O)C=Cc4cc(S(=O)(=O)[O][Na])ccc43)cc2S(=O)(=O)[O][Na])c(S(=O)(=O)[O][Na])c1,0,0,True,81
457,Cc1nn(-c2ccccc2)c(O)c1/N=N/c1ccc(S(=O)(=O)[O][Na])cc1O,0,0,True,78
458,Cc1cc(/N=N/c2ccc3cc(S(=O)(=O)[O][Na])cc(S(=O)(=O)[O][Na])c3c2)ccc1N/N=C1\C(=O)C=CC2C=C(S(=O)(=O)[O][Na])C=C(S(=O)(=O)[O][Na])C12,0,0,True,124
459,COc1ccccc1N/N=C1\C(=O)c2ccc(S(=O)(=O)[O][Na])cc2C=C1S(=O)(=O)[O][Na],0,0,True,83
460,CCNc1cc2oc3cc(NCC)c(C)cc3[c+](-c3ccc(S(=O)(=O)[O][Na])cc3S(=O)(=O)[O-])c2cc1C,0,0,True,79
461,O=C([O][Na])c1ccccc1-c1c2cc(I)c(=O)c(I)c-2oc2c(I)c([O][Na])c(I)cc12,0,0,True,85
462,O=C(O)c1ccccc1-c1c2cc(I)c(=O)c(I)c-2oc2c(I)c(O)c(I)cc12,0,0,True,78
463,CCN(CC)c1ccc2c(-c3ccc(S(=O)(=O)[O][Na])cc3S(=O)(=O)[O-])c3ccc(=[N+](CC)CC)cc-3oc2c1,0,0,True,99
464,CCN(CCOS(=O)(=O)[O][Na])c1ccc(/N=N/c2ccc([N+](=O)[O-])cc2)cc1,0,0,True,69
465,Nc1ccc2cc(S(=O)(=O)[O][Na])cc(O)c2c1/N=N/c1ccccc1S(=O)(=O)[O][Na],0,0,True,78
466,COc1cc(/N=N/c2ccc(S(=O)(=O)[O][Na])cc2)ccc1N/N=C1\C(=O)C=Cc2cccc(S(=O)(=O)[O][Na])c21,0,0,True,101
467,CCN(c1ccccc1)S(=O)(=O)c1ccccc1/N=N/c1c(N)ccc2cc(S(=O)(=O)[O][Na])cc(O)c12,0,0,True,99
468,CCN(C(=O)c1ccccc1)c1ccc(N/N=C2/C=C(S(=O)(=O)[O][Na])c3ccccc3C2=O)c(C)c1,0,0,True,97
469,O=C1/C(=N\Nc2ccc(S(=O)(=O)[O][Na])c3ccccc23)C(S(=O)(=O)[O][Na])=Cc2cc(S(=O)(=O)[O][Na])cc(O)c21,0,0,True,95
470,Cc1cc(C(c2ccccc2)c2cc(C)c(/N=N/c3c(O)c(S(=O)(=O)[O][Na])cc4cc(S(=O)(=O)[O][Na])ccc34)cc2C)c(C)cc1/N=N/c1c(O)c(S(=O)(=O)[O][Na])cc2cc(S(=O)(=O)[O][Na])ccc12,0,0,True,99
471,O=C1C=Cc2ccccc2/C1=N/Nc1ccc(/N=N/c2ccc(S(=O)(=O)[O][Na])cc2)cc1S(=O)(=O)[O][Na],0,0,True,92
472,CCN(C(=O)c1ccccc1)c1ccc(N/N=C2\C(=O)c3cc(NC(C)=O)ccc3C=C2S(=O)(=O)[O][Na])cc1,0,0,True,104
473,CC(=O)Nc1ccc(N/N=C2\C(=O)c3ccc(S(=O)(=O)[O][Na])cc3C=C2S(=O)(=O)[O][Na])cc1,0,0,True,85
474,O=C1C=Cc2cccc(S(=O)(=O)[O][Na])c2/C1=N/Nc1ccc(/N=N/c2ccc(S(=O)(=O)[O][Na])cc2)cc1,0,0,True,87
475,Cc1cc(S(=O)(=O)[O][Na])ccc1/N=N/c1ccc(N/N=C2\C(=O)C=Cc3cccc(S(=O)(=O)[O][Na])c32)c(C)c1,0,0,True,105
476,O=C1C=CC2C=C(S(=O)(=O)[O][Na])C=C(S(=O)(=O)[O][Na])C2/C1=N/Nc1ccc(/N=N/c2ccccc2)cc1,0,0,True,95
477,Nc1c(/N=N/c2ccc([N+](=O)[O-])cc2)cc(S(=O)(=O)[O][Na])c2ccccc12,0,0,True,71
478,Cc1ccc(S(=O)(=O)Nc2cc(S(=O)(=O)[O][Na])cc3c2C(=O)/C(=N\Nc2ccc([N+](=O)[O-])cc2)C(S(=O)(=O)[O][Na])=C3)cc1,0,0,True,101
479,Cc1ccc(N/N=C2\C(=O)c3ccc(S(=O)(=O)[O][Na])cc3C=C2S(=O)(=O)[O][Na])c(C)c1,0,0,True,82
480,Cc1ccc(Nc2ccc3c4c(cc(=O)n3C)-c3ccccc3C(=O)c24)c(S(=O)(=O)[O][Na])c1,0,0,True,92
481,Cn1c(=O)cc2c3c(c(Nc4ccc(S(=O)(=O)[O][Na])cc4)ccc31)C(=O)c1ccccc1-2,0,0,True,87
482,Cn1c(=O)cc2c3c(c(Nc4ccc(S(=O)(=O)[O][Na])cc4S(=O)(=O)[O][Na])ccc31)C(=O)c1ccccc1-2,0,0,True,95
483,Cn1c(=O)cc2c3c(c(Nc4ccc(S(=O)(=O)[O][Na])c(Cl)c4)ccc31)C(=O)c1ccccc1-2,0,0,True,95
484,Cc1ccc(S(=O)(=O)C(=O)c2ccc(/N=N/c3ccc(-c4ccc(N/N=C5\C(=O)C=Cc6cc(S(=O)(=O)[O][Na])cc(S(=O)(=O)[O][Na])c65)cc4)cc3)cc2)cc1,0,0,True,124
485,COc1cc(-c2cc(OC)c(N/N=C3\C(=O)C=Cc4ccccc43)cc2S(=O)(=O)[O][Na])c(S(=O)(=O)[O][Na])cc1N/N=C1\C(=O)C=Cc2ccccc21,0,0,True,80
486,O=C([O][Na])c1ccccc1-c1c2cc(Br)c(=O)c(Br)c-2oc2c(Br)c([O][Na])c(Br)cc12,0,0,True,84
487,O=C1C=CC2C=CC=CC2/C1=N/Nc1ccc(S(=O)(=O)[O][Na])c2ccccc12,0,0,True,83
488,Cc1cc(-c2cc(C)c(N/N=C3\C(=O)C=Cc4ccccc43)cc2S(=O)(=O)[O][Na])c(S(=O)(=O)[O][Na])cc1N/N=C1\C(=O)C=Cc2ccccc21,0,0,True,78
489,O=C1C=Cc2ccccc2/C1=N/Nc1ccc2cccc(S(=O)(=O)[O][Na])c2c1,0,0,True,85
490,O=C([O][Na])c1ccccc1-c1c2cc([N+](=O)[O-])c(=O)c(Br)c-2oc2c(Br)c([O][Na])c([N+](=O)[O-])cc12,0,0,True,93
491,O=C([O][Na])c1c(Cl)c(Cl)c(Cl)c(Cl)c1-c1c2cc(Br)c(=O)c(Br)c-2oc2c(Br)c([O][Na])c(Br)cc12,0,0,True,88
492,O=C([O][Na])c1c(Cl)ccc(Cl)c1-c1c2cc(I)c(=O)c(I)c-2oc2c(I)c([O][Na])c(I)cc12,0,0,True,90
493,O=C([O-])c1c(Cl)c(Cl)c(Cl)c(Cl)c1-c1c2cc(I)c(=O)c(I)c-2oc2c(I)c([O-])c(I)cc12.[K+].[K+],0,0,True,85
494,O=C([O][Na])c1ccccc1-c1c2ccc(=O)c(I)c-2oc2c(I)c([O][Na])ccc12,0,0,True,83
495,O=C1C=Cc2ccccc2/C1=N/Nc1ccc(-c2ccc(N/N=C3\C(=O)C=Cc4ccccc43)cc2S(=O)(=O)[O][Na])c(S(=O)(=O)[O][Na])c1,0,0,True,75
496,O=C([O-])c1c(Cl)ccc(Cl)c1-c1c2cc(Br)c(=O)c(Br)c-2oc2c(Br)c([O-])c(Br)cc12.[K+].[K+],0,0,True,81
497,Cc1cc(N/N=C2\C(=O)C=Cc3ccccc32)ccc1-c1ccc(N/N=C2\C(=O)c3ccc(S(=O)(=O)[O][Na])cc3C=C2S(=O)(=O)[O][Na])cc1C,0,0,True,110
498,Nc1ccc2cc(S(=O)(=O)[O][Na])cc(O)c2c1/N=N/c1ccc([N+](=O)[O-])cc1S(=O)(=O)[O][Na],0,0,True,84
499,Cc1cc(C)c(Nc2cc(Oc3ccc(C(C)(C)C)c(S(=O)(=O)[O][Na])c3)c(N)c3c2C(=O)c2ccccc2C3=O)c(C)c1NC(=O)C(Br)CBr,0,0,True,126
500,CCN(c1ccccc1)S(=O)(=O)c1cc(N)ccc1/N=N/c1c(N)ccc2cc(S(=O)(=O)[O][Na])cc(O)c12,0,0,True,103
501,COc1ccccc1N/N=C1\C(=O)c2c(cc(S(=O)(=O)[O][Na])cc2NC(C)=O)C=C1S(=O)(=O)[O][Na],0,0,True,90
502,Cc1cc(C)c(S(=O)(=O)[O][Na])c(C)c1Nc1cc(OCCc2ccc(S(=O)(=O)[O][Na])cc2)c(N)c2c1C(=O)c1ccccc1C2=O,0,0,True,109
503,COc1cc(/N=N/c2ccc(S(=O)(=O)[O][Na])cc2)c(C)cc1N/N=C1/C=C(S(=O)(=O)[O][Na])c2ccccc2C1=O,0,0,True,100
504,CC(=O)Nc1ccc(/N=N/c2c(N)ccc3cc(S(=O)(=O)[O][Na])cc(O)c23)c(S(=O)(=O)c2ccc(C)cc2)c1,0,0,True,103
505,CCOc1cc(Nc2ccc(C)c(S(=O)(=O)[O][Na])c2)c(S(=O)(=O)[O-])cc1[C+](c1ccc(N(C)C)cc1)c1ccc(N(C)C)cc1,0,0,True,95
506,CN(C)c1ccc(C(=C2C=CC(=[N+](C)Cc3cccc(S(=O)(=O)[O-])c3)C=C2)c2ccc(N(C)C)cc2)cc1,0,0,True,74
507,CCN(CC)c1ccc([C+](c2ccc(N(CC)Cc3cccc(S(=O)(=O)[O-])c3)cc2)c2ccc(N(CC)Cc3cccc(S(=O)(=O)[O][Na])c3)cc2)cc1,0,0,True,81
508,Cc1ccc(S(=O)(=O)Oc2cc(S(=O)(=O)[O][Na])cc3cc(S(=O)(=O)[O][Na])c(/N=N/c4ccc(S(=O)(=O)[O][Na])c5ccccc45)c(N)c23)cc1,0,0,True,106
509,CC(=O)Nc1ccc(N/N=C2\C(=O)c3c(O)cc(S(=O)(=O)[O][Na])cc3C=C2S(=O)(=O)[O][Na])c(C)c1,0,0,True,93
510,CN(C)c1ccc(C(=C2C=CC(=[N+](C)C)C=C2)c2ccc(N(Cc3ccc(S(=O)(=O)[O-])cc3)Cc3ccc(S(=O)(=O)[O][Na])cc3)cc2)cc1,0,0,True,90
511,CCCCN(CCS(=O)(=O)[O][Na])c1ccc(C(=C2C=CC(=[N+](CCCC)CCS(=O)(=O)[O-])C=C2)c2ccc(N(CC)CC)cc2)cc1,0,0,True,97
512,CN(C)c1ccc(C(=C2C=CC(=[N+](C)C)C=C2)c2c(N(C)c3ccccc3)ccc3ccc(S(=O)(=O)[O-])cc23)cc1,0,0,True,97
513,CNc1ccc2ccccc2c1/N=N/c1ccc([N+](=O)[O-])cc1S(=O)(=O)[O][Na],0,0,True,79
514,Nc1ccc(N/N=C2\C(=O)c3c(O)cc(S(=O)(=O)[O][Na])cc3C=C2S(=O)(=O)[O][Na])cc1,0,0,True,78
515,O=C([O][Na])c1ccccc1-c1c2cc/c(=[NH+]\c3ccc(S(=O)(=O)[O-])cc3)cc-2oc2cc(Nc3ccccc3)ccc12,0,0,True,116
516,Cc1ccc(Nc2cccc3c2C(=O)c2cccc(Nc4ccc(C)cc4S(=O)(=O)[O][Na])c2C3=O)c(S(=O)(=O)[O][Na])c1,0,0,True,62
517,Cc1ccc(Nc2cccc3c2C(=O)c2c(Nc4ccc(C)cc4S(=O)(=O)[O][Na])cccc2C3=O)c(S(=O)(=O)[O][Na])c1,0,0,True,65
518,Nc1c(Cl)c(Cl)c(N)c2c1C(=O)c1ccc(S(=O)(=O)[O][Na])cc1C2=O,0,0,True,58
519,Cc1ccc(Nc2ccc3c4c(nc(=O)n3C)-c3ccccc3C(=O)c24)c(S(=O)(=O)[O][Na])c1,0,0,True,90
520,Nc1c(Oc2ccccc2)c(S(=O)(=O)[O][Na])c(N)c2c1C(=O)c1ccccc1C2=O,0,0,True,64
521,Nc1c(Oc2ccc(S(=O)(=O)[O][Na])cc2)c(Oc2ccc(S(=O)(=O)[O][Na])cc2)c(N)c2c1C(=O)c1ccccc1C2=O,0,0,True,57
522,Cc1ccc(Nc2ccc(O)c3c2C(=O)c2ccccc2C3=O)c(S(=O)(=O)[O][Na])c1,0,0,True,76
523,CCN(Cc1cccc(S(=O)(=O)[O][Na])c1)c1ccc(C(=C2C=CC(=[N+](CC)Cc3cccc(S(=O)(=O)[O-])c3)C=C2)c2ccc(N(C)C)cc2)cc1,0,0,True,112
524,CC(=O)Nc1ccc(N/N=C2\C(=O)c3c(cc(S(=O)(=O)[O][Na])cc3NS(=O)(=O)c3ccc(C)cc3)C=C2S(=O)(=O)[O][Na])cc1,0,0,True,103
525,COc1cc(N)c(S(=O)(=O)[O][Na])c2c1nc1c3cccc(S(=O)(=O)[O-])c3c(Nc3ccccc3)cc1[n+]2-c1ccccc1,0,0,True,113
526,CCCCCCCCCCCCOc1cc(Nc2ccc(S(=O)(=O)[O][Na])cc2)c2c(c1N)C(=O)c1ccccc1C2=O,0,0,True,99
527,Cc1ccc(S(=O)(=O)Nc2cc(S(=O)(=O)[O][Na])cc3c2C(=O)/C(=N/Nc2ccc(Oc4ccccc4C)cc2Oc2ccccc2C)C(S(=O)(=O)[O][Na])=C3)cc1,0,0,True,124
528,O=S(=O)([O][Na])c1cc(S(=O)(=O)[O][Na])c2c(/N=N/c3cc(Cl)ccc3O)c(O)ccc2c1,0,0,True,77
529,O=[N+]([O-])c1ccc2c(/N=N/c3ccc4ccccc4c3O)c(O)cc(S(=O)(=O)[O][Na])c2c1,0,0,True,92
530,Cc1cc(Nc2cccc(S(=O)(=O)N(C)c3ccc(S(=O)(=O)[O][Na])cc3)c2)c2c(c1N)C(=O)c1ccccc1C2=O,0,0,True,98
531,O=C(Nc1ccc(S(=O)(=O)O)c2c1C(=O)/C(=N\Nc1cccc3ccccc13)C(S(=O)(=O)O)=C2)c1ccccc1,0,0,True,100
532,CC(=O)Nc1ccc(N/N=C2\C(=O)c3c(cc(S(=O)(=O)[O][Na])cc3NC(C)=O)C=C2S(=O)(=O)[O][Na])cc1,0,0,True,87
533,CCNc1ccc(C(=C2C=CC(=[N+](CC)Cc3cccc(S(=O)(=O)[O-])c3)C=C2)c2ccc(N(CC)Cc3cccc(S(=O)(=O)[O][Na])c3)cc2)cc1C,0,0,True,124
534,COS(=O)c1ccc(O)c(/N=N/c2c(O)ccc3ccccc23)c1,0,0,True,69
535,NOS(=O)c1ccc(O)c(/N=N/c2c(O)ccc3ccccc23)c1,0,0,True,69
536,Cc1ccccc1Nc1ccc2c(c1)oc1cc(Nc3ccc(S(=O)(=O)[O-])cc3C)ccc1[c+]2-c1ccccc1C(=O)[O][Na],0,0,True,99
537,CC1=NN(c2c(C)cc(S(=O)(=O)[O][Na])cc2Cl)C(=O)/C1=N\Nc1ccc2ccccc2c1S(=O)(=O)[O][Na],0,0,True,100
538,O=[N+]([O-])c1cc([N+](=O)[O-])c2ccc(S(=O)(=O)[O][Na])cc2c1[O][Na],0,0,True,56
539,O=C([O][Na])c1cc(/N=N/c2ccc(S(=O)(=O)[O][Na])c3ccccc23)ccc1O,0,0,True,75
540,O=S(=O)([O][Na])c1ccc(/N=N/c2cc(S(=O)(=O)[O][Na])c(O)c(/N=N/c3ccc(S(=O)(=O)[O][Na])cc3)c2O)cc1,0,0,True,67
541,CC1=NNC(O)C1/N=N/c1ccc(S(=O)(=O)Nc2cc(S(=O)(=O)[O][Na])cc(C(=O)O)c2O)cc1,0,0,True,90
542,CC1=NN(c2ccc(S(=O)(=O)[O][Na])cc2)C(=O)/C1=N\Nc1ccccc1,0,0,True,73
543,C/C(O)=C(/N=N/c1cc(S(N)(=O)=O)ccc1O)C(=O)Nc1ccccc1Cl,0,0,True,74
544,CC1=NN(c2ccc(S(=O)(=O)[O][Na])cc2)C(=O)/C1=N\Nc1ccc(C(c2ccccc2)c2ccc(N/N=C3\C(=O)N(c4ccc(S(=O)(=O)[O][Na])cc4)N=C3C)cc2)cc1,0,0,True,89
545,C/C(O)=C(/N=N/c1cc(S(=O)(=O)[O][Na])ccc1O)C(=O)Nc1ccccc1,0,0,True,74
546,CC1=NN(c2ccc(S(=O)(=O)[O][Na])cc2)C(=O)/C1=N\Nc1ccc(C)cc1,0,0,True,72
547,O=C([O][Na])c1cc(/N=N/c2ccc(Cl)c(S(=O)(=O)[O][Na])c2)ccc1O,0,0,True,65
548,CC1=NN(c2ccccc2)C(=O)/C1=N\Nc1ccccc1C(=O)[O][Na],0,0,True,73
549,O=C1/C(=N\Nc2ccccc2Cl)C(c2ccccc2)=NN1c1ccccc1S(=O)(=O)[O][Na],0,0,True,85
550,CC1=NN(c2cccc(Cl)c2)C(=O)/C1=N\Nc1cc(Nc2nc(Cl)nc(N(C)c3ccccc3)n2)ccc1S(=O)(=O)[O][Na],0,0,True,125
551,O=C(O)C1=NN(c2ccccc2S(=O)(=O)O)C(=O)/C1=N\Nc1ccccc1S(=O)(=O)O,0,0,True,70
552,CCCCOc1cc(C(=O)[O][Na])ccc1N/N=C1\C(=O)N(c2cc(S(=O)(=O)[O][Na])ccc2Cl)N=C1C,0,0,True,109
553,CC(=O)Nc1cc([N+](=O)[O-])cc(/N=N/C(C(C)=O)=C(/C)O)c1O,0,0,True,59
554,O=S(=O)([O][Na])OCCOc1ccc(/N=N/c2cc(-c3ccccc3)ccc2O)cc1,0,0,True,84
555,CC1=NN(c2cc(Cl)c(S(=O)(=O)[O][Na])cc2Cl)C(=O)/C1=N\Nc1ccccc1,0,0,True,81
556,C/C(O)=C(/N=N/c1ccc(S(N)(=O)=O)cc1O)C(=O)Nc1ccccc1,0,0,True,66
557,CCOC(=O)C1=NN(c2c(C)cc(S(=O)(=O)[O][Na])cc2Cl)C(=O)/C1=N\Nc1c(C)cccc1Cl,0,0,True,96
558,Cc1nn(-c2cc(Cl)c(S(=O)(=O)[O][Na])cc2Cl)c(O)c1/N=N/c1cc(Nc2nc(O)nc(Nc3cccc(S(=O)(=O)[O][Na])c3)n2)ccc1S(=O)(=O)[O][Na],0,0,True,128
559,Cc1nn(-c2cc(Cl)c(S(=O)(=O)[O][Na])cc2Cl)c(O)c1/N=N/c1ccc(Nc2nc(O)nc(Nc3cccc(S(=O)(=O)[O][Na])c3)n2)cc1S(=O)(=O)[O][Na],0,0,True,129
560,CC1=NN(c2cc(Cl)c(S(=O)(=O)[O][Na])cc2Cl)C(=O)/C1=N\Nc1ccc(S(=O)(=O)[O][Na])cc1,0,0,True,85
561,CC1=NN(c2cc(Cl)c(S(=O)(=O)[O][Na])cc2Cl)C(=O)/C1=N\Nc1cccc(S(=O)(=O)Nc2ccccc2)c1,0,0,True,103
562,CC1=NN(c2c(C)cc(S(=O)(=O)[O][Na])cc2Cl)C(=O)/C1=N\Nc1ccc(S(=O)(=O)[O][Na])cc1,0,0,True,83
563,Cc1cc(O)ccc1/N=N/c1ccc(/C=C/c2ccc(/N=N/c3ccc(O)cc3C)cc2S(=O)(=O)[O][Na])c(S(=O)(=O)[O][Na])c1,0,0,True,68
564,O=C([O][Na])c1cc(/N=N/c2ccc3cc(S(=O)(=O)[O][Na])ccc3c2)ccc1O,0,0,True,73
565,CC(=O)/C(=N/Nc1ccc(-c2nc3ccc(C)c(S(=O)(=O)[O][Na])c3s2)cc1)C(=O)Nc1ccccc1,0,0,True,101
566,CC1=NN(c2cc(Cl)c(S(=O)(=O)[O][Na])cc2Cl)C(=O)/C1=N\N(C)c1ccc2ccccc2c1S(=O)(=O)[O][Na],0,0,True,103
567,Cc1cc(O)ccc1/N=N/c1ccc(Nc2ccc(S(=O)(=O)[O][Na])cc2[N+](=O)[O-])cc1,0,0,True,86
568,O=C1c2ccc(S(=O)(=O)[O][Na])cc2C(=O)C1c1ccc2cc(Cl)ccc2n1,0,0,True,77
569,Cc1ccc(O)c(/N=N/c2ccc3cc(S(=O)(=O)[O][Na])ccc3c2)c1,0,0,True,72
570,Cc1cc(/N=N/c2ccc3cc(S(=O)(=O)[O][Na])ccc3c2)ccc1O,0,0,True,66
571,CC1=NN(c2cc(S(=O)(=O)[O][Na])ccc2Cl)C(=O)/C1=N\Nc1ccc2ccccc2c1S(=O)(=O)[O][Na],0,0,True,101
572,COc1ccc(/N=N/c2ccc(/N=N/c3cccc(S(=O)(=O)[O][Na])c3)cc2OC)cc1,0,0,True,77
573,CC(=O)/C(=N/Nc1ccc(S(=O)(=O)Nc2ccccc2C(=O)[O][Na])cc1O)C(=O)Nc1ccccc1Cl,0,0,True,91
574,Cc1ccc(S(=O)(=O)Oc2ccc(/N=N\c3ccc(/C=C/c4ccc(/N=N\c5ccc(OS(=O)(=O)c6ccc(C)cc6)cc5)cc4S(=O)(=O)[O][Na])c(S(=O)(=O)[O][Na])c3)cc2)cc1,0,0,True,79
575,O=C(O)C1=NN(c2ccc(S(=O)(=O)[O][Na])cc2)C(=O)/C1=N\Nc1ccc(S(=O)(=O)[O][Na])cc1,0,0,True,74
576,O=C(O)C1=NN(c2ccc(S(=O)(=O)O)cc2)C(=O)/C1=N\Nc1ccc(S(=O)(=O)O)cc1,0,0,True,67
577,COc1cc(S(=O)(=O)[O][Na])c(C)cc1NC(=O)C(/N=N/c1ccc([N+](=O)[O-])cc1O)=C(\C)O,0,0,True,91
578,O=[N+]([O-])c1cc([N+](=O)[O-])c2ccccc2c1[O][Na],0,0,True,43
579,O=C([O][Na])c1ccccc1/N=N/c1c(O)ccc2ccccc12,0,0,True,64
580,CC1=NN(c2ccc(S(=O)(=O)[O][Na])cc2)C(=O)/C1=N\Nc1ccc(C)c(S(=O)(=O)Nc2ccccc2)c1,0,0,True,98
581,O=S(=O)([O][Na])c1cc(/N=N/c2ccc(Nc3ccccc3)cc2)ccc1Cl,0,0,True,68
582,O=C([O][Na])C1=NN(c2ccc(S(=O)(=O)[O][Na])cc2)C(=O)/C1=N\Nc1ccccc1,0,0,True,78
583,CC1=NN(c2cc(S(=O)(=O)[O][Na])ccc2Cl)C(=O)/C1=N\Nc1cccc(S(=O)(=O)Nc2ccccc2)c1,0,0,True,102
584,O=C1c2ccccc2C(=O)C1c1ccc2cc(S(=O)(=O)[O][Na])cc(S(=O)(=O)[O][Na])c2n1,0,0,True,69
585,O=NN(c1ccc(/N=N/c2ccc3c(S(=O)(=O)[O][Na])cccc3c2)cc1)c1ccc([N+](=O)[O-])cc1,0,0,True,87
586,CC1=NN(c2cc(S(=O)(=O)[O][Na])ccc2Cl)C(=O)/C1=N\Nc1ccccc1,0,0,True,80
587,O=S(=O)([O][Na])c1cccc(/N=N/c2ccc(Nc3ccccc3)cc2)c1,0,0,True,65
588,CCOc1ccc(/N=N/c2ccc(Sc3ccc(/N=N/c4ccc(OCC)cc4)cc3S(=O)(=O)[O][Na])c(S(=O)(=O)[O][Na])c2)cc1,0,0,True,67
589,CC1=NN(c2ccccc2)C(=O)/C1=N\Nc1ccc(S(=O)(=O)[O][Na])cc1,0,0,True,72
590,CC1=NN(c2ccc(Cl)cc2S(=O)(=O)[O][Na])C(=O)/C1=N\Nc1ccc(OS(=O)(=O)c2ccc(C)cc2)cc1,0,0,True,101
591,CC1=NN(c2cc(S(=O)(=O)[O][Na])ccc2Cl)C(=O)/C1=N\Nc1ccc(OS(=O)(=O)c2ccc(C)cc2)cc1,0,0,True,100
592,CC1=NN(c2c(C)cc(S(=O)(=O)[O][Na])cc2Cl)C(=O)/C1=N\Nc1ccccc1Cl,0,0,True,82
593,CC1=NN(c2ccccc2)C(=O)/C1=N\Nc1ccc(-c2ccc(N/N=C3\C(=O)N(c4ccccc4)N=C3C)cc2S(=O)(=O)[O][Na])c(S(=O)(=O)[O][Na])c1,0,0,True,80
594,CC(=O)/C(=N/Nc1cc(S(=O)(=O)[O][Na])c(-c2cc(C)c(N/N=C(/C(C)=O)C(=O)Nc3ccccc3)cc2S(=O)(=O)[O][Na])cc1C)C(=O)Nc1ccccc1,0,0,True,77
595,CC1=NN(c2cc(Cl)c(S(=O)(=O)[O][Na])cc2Cl)C(=O)/C1=N\Nc1ccc(C)c(S(=O)(=O)Nc2ccccc2)c1,0,0,True,103
596,Cc1nn(-c2ccccc2)c(N)c1/N=N/c1cc(Cl)c(S(=O)(=O)[O][Na])cc1Cl,0,0,True,80
597,O=C1C(c2ccc3c(ccc4cc(S(=O)(=O)[O][Na])ccc43)n2)=C(O)c2ccc(S(=O)(=O)[O][Na])cc21,0,0,True,90
598,CCN(C(C)=O)c1ccc(C)c(N/N=C2\C(=O)N(c3ccc(S(=O)(=O)[O][Na])cc3Cl)N=C2C)c1,0,0,True,101
599,Cc1cc(S(=O)(=O)[O][Na])ccc1-n1nc(C)c(/N=N/c2cc(S(=O)(=O)[O][Na])ccc2C(=O)O)c1O,0,0,True,87
600,CC1=NN(c2c(C)cc(S(=O)(=O)[O][Na])cc2Cl)C(=O)/C1=N\Nc1ccc(C(c2ccccc2)c2ccc(N/N=C3\C(=O)N(c4c(C)cc(S(=O)(=O)[O][Na])cc4Cl)N=C3C)cc2)cc1,0,0,True,97
601,Cc1nn(-c2ccccc2)c(O)c1/N=N/c1ccccc1C(=O)O,0,0,True,65
602,CCN(c1ccccc1)S(=O)(=O)c1ccccc1N/N=C1\C(=O)N(c2cc(Cl)c(S(=O)(=O)[O][Na])cc2Cl)N=C1C,0,0,True,107
603,O=NN(c1ccc(/N=N/c2ccc(S(=O)(=O)[O][Na])cc2)c([N+](=O)[O-])c1)c1ccc([N+](=O)[O-])cc1[N+](=O)[O-],0,0,True,88
604,Cc1cc(/N=N/c2ccc(Nc3ccc([N+](=O)[O-])cc3S(=O)(=O)[O][Na])cc2)ccc1OS(=O)(=O)c1ccccc1,0,0,True,102
605,COc1cc(/N=N/c2cccc(C(=O)[O][Na])c2)ccc1N,0,0,True,60
606,CC1=NN(c2cc(S(=O)(=O)[O][Na])ccc2Cl)C(=O)/C1=N\Nc1ccc(-c2ccc(/N=N/c3ccc(OS(=O)(=O)c4ccccc4)cc3)cc2C)c(C)c1,0,0,True,133
607,Cc1cc(S(=O)(=O)[O][Na])ccc1/N=N/c1cc(C)c(N)c(S(=O)(=O)[O][Na])c1,0,0,True,66
608,Cc1ccc(N2C(=O)c3cccc4c(N)c(S(=O)(=O)[O][Na])cc(c34)C2=O)cc1,0,0,True,77
609,CCCCCCCCCCCCc1ccc(N/N=C2\C(=O)N(c3cc(Cl)c(S(=O)(=O)[O][Na])cc3Cl)N=C2C)cc1,0,0,True,106
610,O=C([O][Na])c1ccccc1-c1c2ccc(=O)cc-2oc2cc([O][Na])ccc12,0,0,True,79
611,O=C([O][Na])c1ccccc1-c1c2cc(Cc3ccccc3)c(=O)c(Cl)c-2oc2c(Cl)c([O][Na])ccc12,0,0,True,96
612,CC1=NN(c2ccc(S(=O)(=O)[O][Na])cc2)C(=O)/C1=N\Nc1ccc(OS(=O)(=O)c2ccc(C)cc2)cc1,0,0,True,90
613,Cc1cc(/N=N/c2c(C)nn(-c3cc(S(=O)(=O)[O][Na])cc(C(=O)[O][Na])c3O)c2O)ccc1-c1ccc(/N=N/c2c(C)nn(-c3cc(S(=O)(=O)[O][Na])cc(C(=O)[O][Na])c3O)c2O)cc1C,0,0,True,91
614,Cc1[nH]c2ccccc2c1/N=N/c1ccc(-c2ccc(/N=N/c3c(C)[nH]c4ccccc34)cc2S(=O)(=O)[O][Na])c(S(=O)(=O)[O][Na])c1,0,0,True,73
615,C=S(=C)([O][Na])c1cc(/N=N/c2ccc(S(=O)(=O)[O][Na])cc2)ccc1N,0,0,True,58
616,O=C([O][Na])c1cc(/N=N/c2cccc(S(=O)(=O)[O][Na])c2)ccc1O,0,0,True,62
617,C/C(O)=C(/N=N/c1cc([N+](=O)[O-])cc(S(=O)(=O)[O][Na])c1O)C(=O)Nc1ccccc1,0,0,True,81
618,CCN(CC)c1ccc2nc3ccc(/N=N/c4ccc(O)cc4)cc3[n+](-c3ccccc3)c2c1.[Cl-],0,0,True,87
619,CN(C)c1ccc2nc3cc4nc5ccc(N(C)C)cc5[n+](-c5ccccc5)c4cc3[o+]c2c1.[Cl-].[Cl-],0,0,True,85
620,CN(C)c1ccc(C(=C2C=CC(=[N+](C)C)C=C2)c2ccccc2Cl)cc1.[Cl-],0,0,True,61
621,CN(C)c1ccc(Nc2cc3[o+]c4cc(N(C)C)ccc4nc3c3ccccc23)cc1.[Cl-],0,0,True,81
622,CCNc1ccc(C(=C2C=CC(=[N+](C)C)C=C2)c2ccc(N(C)C)cc2)c2ccccc12.[Cl-],0,0,True,78
623,CCN(CC)c1ccc2nc3c(cc(N)c4ccccc43)[o+]c2c1.[Cl-],0,0,True,71
624,CCN(CC)c1ccc(Nc2cc3c(nc4ccc(N(CC)CC)cc4[n+]3-c3ccccc3)c3ccccc23)cc1.[Cl-],0,0,True,96
625,CCN(CC)c1ccc2nc3c4ccccc4c(Nc4ccc(N(C)C)cc4)cc3[n+](-c3ccccc3)c2c1.[Cl-],0,0,True,97
626,CCN(CC)c1ccc(Nc2cc3c(nc4ccc(N(C)C)cc4[n+]3-c3ccccc3)c3ccccc23)cc1.[Cl-],0,0,True,98
627,CCN(CC)c1ccc(C(=C2C=CC(=[N+](CC)CC)C=C2)c2ccc(Nc3ccc(C)cc3)c3ccccc23)cc1.[Cl-],0,0,True,95
628,Cc1cc2nc3cc(C)c(N/N=C4\C(=O)C=Cc5ccccc54)cc3[n+](-c3ccccc3)c2cc1N.[Cl-],0,0,True,103
629,COS(=O)(=O)[O-].COc1ccc2c(c1)sc(/N=N/c1ccc(N(C)CCC#N)cc1)[n+]2C,0,0,True,87
630,Cc1cc2nc3ccc(N(C)C)cc3[s+]c2cc1N.[Cl-],0,0,True,59
631,CCOc1ccc(Nc2ccc(/C(=C3/C=CC(=[N+](CCO)CCO)C=C3C)c3ccc(N(CCO)CCO)cc3C)cc2)cc1.[Cl-],0,0,True,104
632,CN(C)c1ccc(C(=C2C=CC(=[N+](C)C)C=C2)c2ccc([N+](C)(C)C)cc2)cc1.[Cl-].[Cl-],0,0,True,57
633,CNc1ccc(NCCC[N+](C)(C)C)c2c1C(=O)c1ccccc1C2=O.[Cl-],0,0,True,60
634,CCNc1ccc(/C(=C2\C=C/C(=[NH+]/CC)C(C)=C2)c2ccccc2Cl)cc1C.[Cl-],0,0,True,78
635,CCNc1cc2[s+]c3cc(NCC)c(C)cc3nc2cc1C.[Cl-],0,0,True,46
636,CCN(CC)c1ccc2nc3ccc(N(C)C)cc3[s+]c2c1.[Cl-],0,0,True,56
637,CN(C)c1ccc(C(=C2C=CC(=[N+](C)C)C=C2)c2ccc(Nc3ccccc3)c3ccccc23)cc1.[Cl-],0,0,True,84
638,CCN(CC)c1ccc2nc3ccc(N(CC)CC)cc3[o+]c2c1.[Cl-],0,0,True,44
639,CCN(CCO)c1ccc(/N=N/c2sc3cc(OC)ccc3[n+]2C)cc1.COS(=O)(=O)[O-],0,0,True,86
640,CN(C)Cc1ccc(Nc2ccc(N)c3c2C(=O)c2ccccc2C3=O)cc1,0,0,True,70
641,COS(=O)(=O)[O-].COc1ccc2c(c1)sc(/N=N/c1ccc(N(C)C)cc1)[n+]2C,0,0,True,72
642,CN(C)c1ccc2nc3c(ccc4ccccc43)[o+]c2c1.[Cl-],0,0,True,67
643,COc1ccc2c(c1)sc(/N=N/c1ccc(N(C)C)cc1)[n+]2C.[Cl-],0,0,True,65
644,CCNc1ccc(C(=C2C=CC(=[N+](CC)CC)C=C2)c2ccc(N(CC)CC)cc2)c2ccccc12.[Cl-],0,0,True,83
645,CN(C)c1ccc(C(=C2C=CC(=[N+](C)C)C=C2)c2ccc(N(C)c3ccccc3)c3ccccc23)cc1.[Cl-],0,0,True,81
646,CCOc1ccc(Nc2ccc(C(=C3C=CC(=[N+](CC)CC)C=C3)c3ccc(N(CC)CC)cc3)c3ccccc23)cc1.[Cl-],0,0,True,102
647,C[N+](C)(C)c1cccc(Nc2cc(N)c3c(c2O)C(=N)C=C(Br)C3=O)c1.[Cl-],0,0,True,76
648,Nc1ccc(/N=N/c2cccc(/N=N/c3ccc(N)cc3N)c2)c(N)c1,0,0,True,40
649,CCN(CC[n+]1ccccc1)c1ccc(/N=N/c2c(Cl)cc([N+](=O)[O-])cc2Cl)c(C)c1.[Cl-],0,0,True,85
650,C[N+](C)(C)c1ccc2ccc(O)c(/N=N/c3ccc(N)cc3)c2c1.[Cl-],0,0,True,65
651,CCN(CC[N+](C)(C)C)c1ccc(/N=N/c2c(Cl)cc([N+](=O)[O-])cc2Cl)cc1.[Cl-],0,0,True,72
652,COc1ccc(/N=N/c2ccc(N)cc2N)cc1/N=N/c1ccc(N)cc1N,0,0,True,57
653,Cc1cc(/N=N/c2ccc(C)c(/N=N/c3cc(C)c(N)cc3N)c2)c(N)cc1N,0,0,True,55
654,CCN(CC)c1ccc(C(=C2C=CC(=[N+](CC)CC)C=C2)c2ccccc2)cc1.O=S(=O)([O-])O,0,0,True,66
655,CCN(CC)c1ccc(C(=C2C=CC(=[N+](CC)CC)C=C2)c2ccccc2)cc1.[Cl-],0,0,True,60
656,Cc1cc(/N=N/c2ccccc2)c(N)cc1[NH3+].[Cl-],0,0,True,48
657,CN(C)c1ccc2cc3ccc(N(C)C)cc3[nH+]c2c1.[Cl-],0,0,True,37
658,Cc1cc2c(-c3ccc(N)cc3)c3ccccc3[nH+]c2cc1N.O=[N+]([O-])[O-],0,0,True,67
659,Nc1ccc(-c2c3ccccc3[nH+]c3cc(N)ccc23)cc1.O=[N+]([O-])[O-],0,0,True,62
660,Cc1cc2c(-c3ccccc3)c3cc(C)c(N(C)C)cc3[nH+]c2cc1N(C)C.[Cl-],0,0,True,51
661,CN(C)c1ccc2cc3ccc(N(C)C)cc3[n+](C)c2c1.COS(=O)(=O)[O-],0,0,True,48
662,Nc1cc([NH3+])ccc1/N=N/c1ccccc1.[Cl-],0,0,True,43
663,Cc1[nH]c2ccccc2c1/C=C/C1=[N+](C)c2ccccc2C1(C)C.[Cl-],0,0,True,67
664,Cn1c(-c2ccccc2)c(/C=C/C2=[N+](C)c3ccccc3C2(C)C)c2ccccc21.[Cl-],0,0,True,79
665,CN(C)c1ccc(-c2c3ccc(N)cc3[nH+]c3cc(N(C)C)ccc23)cc1.[Cl-],0,0,True,63
666,CN(CCC#N)c1ccc(/N=N/c2ccc(C(=O)C[N+](C)(C)C)cc2)cc1.[Cl-],0,0,True,66
667,Cc1cc(N)ccc1/N=N/c1ccc(C(=O)C[N+](C)(C)C)cc1.[Cl-],0,0,True,62
668,COc1ccc(C)cc1/N=N/c1c(C)nn(C(N)=[NH2+])c1O.[Cl-],0,0,True,61
669,CCN(CC[N+](C)(C)C)c1ccc(/N=N/c2ccc([N+](=O)[O-])cc2)cc1.[Cl-],0,0,True,59
670,Cc1cc2cc3cc(C)c(N)cc3[n+](C)c2cc1N.[Cl-],0,0,True,37
671,Cc1cc2c(-c3ccccc3)c3cc(C)c(N)cc3[n+](C)c2cc1N.[Cl-],0,0,True,50
672,CCN(CC)c1ccc(/N=N/c2cc[n+](CCO)n2Cc2ccccc2)cc1.[Cl-],0,0,True,76
673,CCNc1cc2oc3cc(=[NH+]CC)c(C)cc-3c(-c3ccccc3C(=O)OCC)c2cc1C.[Cl-],0,0,True,99
674,CCNc1cc2oc3cc(=[NH+]CC)c(C)cc-3c(-c3ccccc3C(=O)OC)c2cc1C.[Cl-],0,1,False,96
675,CCNc1cc2c(cc1C)nc1cc(C)c(NCC)cc1[n+]2-c1ccccc1.[Cl-],0,0,True,56
676,CN(C)c1ccc2c(CCC(=O)O)c3ccc(=[N+](C)C)cc-3oc2c1.[Cl-],0,1,False,76
677,CCN(CC)CCCNc1nc(NCCCN(CC)CC)nc(Nc2ccc3c(c2)C=C(S(=O)(=O)O)/C(=N/Nc2ccc(/N=N/c4ccccc4)cc2)C3=O)n1,0,0,True,126
678,C[N+](C)(C)c1ccc2c(c1)/C(=N/Nc1ccc(N)cc1[N+](=O)[O-])C(=O)C=C2.[Cl-],0,0,True,79
679,CN1/C(=C\C=C\C2=[N+](C)c3ccccc3C2(C)C)C(C)(C)c2ccccc21.[Cl-],0,0,True,67
680,CN(CCCl)c1ccc(/C=C/C2=[N+](C)c3ccccc3C2(C)C)cc1.[Cl-],0,0,True,70
681,CN(CCC#N)c1ccc(/C=C/C2=[N+](C)c3ccccc3C2(C)C)cc1.[Cl-],0,0,True,73
682,Cc1cc2nc3cc(C)c(N)cc3[n+](-c3ccccc3)c2cc1N.[Cl-],0,0,True,49
683,CCN(CC)c1ccc(/N=N/c2n(C)cn[n+]2C)cc1.[Cl-],0,0,True,52
684,CC[N+](C)(C)c1ccc(N/N=N/c2nc(-c3ccccc3)ns2)cc1.[Cl-],0,0,True,75
685,CCN(CC[N+](C)(C)C)c1ccc(/N=N/c2ccc([N+](=O)[O-])cc2C#N)cc1.COS(=O)(=O)[O-],0,0,True,85
686,CN(CCC#N)c1ccc(/C=C/C2=[N+](C)c3ccc(Cl)cc3C2(C)C)cc1.[Cl-],0,0,True,78
687,CCn1c2ccccc2c2cc(/C=C/C3=[N+](C)c4ccc(Cl)cc4C3(C)C)ccc21.[Cl-],0,0,True,90
688,Cn1c(-c2ccccc2)c(/N=N/c2scc[n+]2C)c2ccccc21.[Cl-],0,0,True,68
689,CCOC(=O)c1ccccc1C1=C2C=CC(=[N+](C)C)C=C2OC2C=C(N)C(C)=CC12.[Cl-],0,0,True,92
690,CCOC(=O)c1ccccc1-c1c2ccc(=[N+](C)C)cc-2oc2cc(N)c(C)cc12.[Cl-],0,0,True,90
691,C[n+]1ccccc1/N=N/c1ccc(N)cc1.[Cl-],0,0,True,45
692,C[N+](C)(C)c1cccc(/N=N/c2ccc(/N=N/c3c(O)ccc4cc(S(=O)(=O)N(CCO)CCO)ccc34)cc2)c1.[Cl-],0,0,True,96
693,Cc1ccc(N2C(/N=N/c3sc4ccccc4[n+]3CCC(N)=O)c3ccccc3N2C)cc1.[Cl-],0,0,True,99
694,CCN(Cc1ccccc1)c1ccc(/C=C/C2=[N+](C)c3ccccc3C2(C)C)c(C)c1.[Cl-],0,0,True,84
695,CN1c2ccccc2C(/N=N/c2sc3ccccc3[n+]2CCC(N)=O)C1c1ccccc1.[Cl-],0,0,True,94
696,Cc1ccc(C2C(/N=N/c3sc4ccccc4[n+]3CCC(N)=O)c3ccccc3N2C)cc1.[Cl-],0,0,True,97
697,CCOC(=O)c1ccccc1-c1c2ccc(=[N+](CC)CC)cc-2oc2cc(N)c(C)cc12.[Cl-],0,0,True,93
698,CN(Cc1ccccc1)c1ccc(/N=N/c2n(C)cn[n+]2C)cc1.[Br-],0,0,True,67
699,Cc1cc2nc3ccc(N(C)C)cc3[nH+]c2cc1N.[Cl-],0,0,True,59
700,CN(C)c1ccc(/N=N/c2n(C)cn[n+]2C)cc1.[Cl-],0,0,True,46
701,CN(C)c1ccc(/C=C/C2=[N+](C)c3ccccc3C2(C)C)cc1.[Cl-],0,0,True,58
702,CN(C)c1ccc(/N=N/c2sc3ccccc3[n+]2C)cc1.[Cl-],0,0,True,56
703,CCN(CC[n+]1ccccc1)c1ccc(/N=N/c2ccc([N+](=O)[O-])cc2Cl)cc1.[Cl-],0,0,True,81
704,CCN(CCOc1ccc([N+](C)(C)C)cc1)c1ccc(/N=N/c2cc(Cl)c(S(=O)(=O)N(C)C)cc2Cl)cc1.[Cl-],0,0,True,95
705,Nc1cc2c(nc3c4ccccc4ccc3[n+]2-c2cccc3ccccc23)c2ccccc12.[Cl-],0,0,True,77
706,Nc1cc2c(nc3c4ccccc4c(N)cc3[n+]2-c2cccc3ccccc23)c2ccccc12.[Cl-],0,1,False,61
707,CN(CC[N+](C)(C)C)c1ccc(/N=N/c2nc3cc(Br)cc(Br)c3s2)cc1.[Cl-],0,0,True,80
708,COc1ccccc1N/N=C1\C(=O)CCc2ccc([N+](C)(C)C)cc21.[Cl-],0,0,True,73
709,CCNc1cc2oc3c/c(=[NH+]/CC)ccc-3c(-c3ccccc3C(=O)O)c2cc1C.[Cl-],0,0,True,93
710,Nc1ccc(C(=C2C=CC(=[NH2+])C=C2)c2ccc(N)cc2)cc1.[Cl-],0,0,True,38
711,CN(C)CCN(C)c1ccc(/C=C/C2=[N+](C)c3ccccc3C2(C)C)cc1.[Cl-],0,0,True,70
712,CCN(Cc1ccccc1)c1ccc(/N=N/c2n(C)c(=N)[nH][n+]2C)cc1.[Cl-],0,0,True,71
713,CCN(CC[N+](C)(C)C)c1ccc(/N=N/c2ccc([N+](=O)[O-])cc2Cl)cc1.[Cl-],0,0,True,72
714,CC1=CC(=C(c2cc(C)c(N)c(C)c2)c2ccc(Nc3ccc(O)c(S(=O)(=O)[O][Na])c3)cc2S(=O)(=O)[O-])C=C(C)C1=[NH2+],0,0,True,96
715,CCN(CC)c1ccc2c(-c3ccccc3C(=O)O)c3ccc(=[N+](CC)CC)cc-3oc2c1.[Cl-],0,0,True,90
716,CCOC(=O)c1ccccc1-c1c2ccc(=[N+](CC)CC)cc-2oc2cc(N(CC)CC)ccc12.[Cl-],0,0,True,98
717,CCN(CC)c1ccc2c(-c3ccccc3C(=O)OC)c3ccc(=[N+](CC)CC)cc-3oc2c1.[Cl-],0,0,True,95
718,Cc1cc2nc3ccc(Nc4ccccc4)cc3[n+](-c3ccccc3)c2cc1N.[Cl-],0,0,True,78
719,Cc1cc(C(=C2C=CC(=[NH2+])C=C2)c2ccc(N)cc2)ccc1N.[Cl-],0,0,True,54
720,CCN(CC)c1ccc(/C=C/C2=[N+](C)c3ccccc3C2(C)C)c(C)c1.[Cl-],0,0,True,70
721,CCN(CC)c1ccc(/C=C/C2=[N+](C)c3ccccc3C2(C)C)cc1.[Cl-],0,0,True,64
722,CN(C)c1ccc(/N=N/c2cccc[n+]2C)cc1.[Cl-],0,0,True,47
723,CC1=CC(=C(c2ccc(N)c(C)c2)c2ccc(N)c(C)c2)C=CC1=[NH2+].[Cl-],0,0,True,49
724,CCOc1ccc(N(C)c2ccc(/C=C/C3=[N+](C)c4ccc(C(=O)OC)cc4C3(C)C)cc2)cc1,0,0,True,95
725,Cc1cc(N)ccc1/C=C/c1sc2ccccc2[n+]1C.[Cl-],0,0,True,58
726,Cc1cc(N(C)C)ccc1C(=C1C=CC(=[N+](C)C)C=C1)c1ccc(N(C)C)cc1.[Cl-],0,0,True,60
727,CCN(CC)c1ccc(C(=C2C=CC(=[N+](CC)CC)C=C2)c2ccc(N(CC)CC)cc2)cc1.[Cl-],0,0,True,52
728,CCN(CC)c1ccc2nc3ccc(N)cc3[n+](-c3ccccc3)c2c1.[Cl-],0,0,True,68
729,CNc1cc2c(cc1C)nc1ccc(Nc3ccccc3)cc1[n+]2-c1ccccc1.[Cl-],0,0,True,80
730,CCN(CCCl)c1ccc(/C=C/C2=[N+](C)c3ccccc3C2(C)C)c(C)c1.[Cl-],0,0,True,78
731,Cc1ccc2c(c1)sc(-c1ccc(N(C)C)cc1)[n+]2C.[Cl-],0,0,True,54
732,CC1=CC(=O)N(CCCN(C)C)C(=O)/C1=N\Nc1ccc(C(=O)NCCCNC(=O)c2ccc(N/N=C3\C(=O)N(CCCN(C)C)C(=O)C=C3C)cc2)cc1,0,0,True,85
733,COc1ccc(N/C=C/C2=[N+](C)c3ccccc3C2(C)C)c(OC)c1.[Cl-],0,0,True,73
734,Cc1nc2ccc(N/C=C/C3=[N+](C)c4ccccc4C3(C)C)cc2s1.[Cl-],0,0,True,79
735,COc1ccc(N/C=C/C2=[N+](C)c3ccccc3C2(C)C)cc1.[Cl-],0,0,True,65
736,C[N+](C)(C)CC(=O)c1ccc(/N=N/c2ccc(NCCC#N)c(Cl)c2)cc1.[Cl-],0,0,True,75
737,COS(=O)(=O)[O-].COc1ccc2c(c1)sc(/N=N/N(C)c1ccc([N+](=O)[O-])cc1)[n+]2C,0,0,True,81
738,CN(C)c1ccc(C(=[NH2+])c2ccc(N(C)C)cc2)cc1.[Cl-],0,0,True,29
739,CC1Cc2ccccc2N1/C=C/C1=[N+](C)c2ccccc2C1(C)C.[Cl-],0,0,True,71
740,C[N+]1=C(/C=C/n2c3c(c4ccccc42)CCCC3)C(C)(C)c2cc(Cl)ccc21.[Cl-],0,0,True,86
741,CN1C(=C/N=N/c2sc3ccccc3[n+]2C)N(C)c2ccccc21.COS(=O)(=O)[O-],0,0,True,71
742,Cn1cn[n+](C)c1/N=N/c1c(-c2ccccc2)n(C)c2ccccc12.[Cl-],0,0,True,65
743,COS(=O)(=O)[O-].COc1ccc(N(C)/N=C/C2=[N+](C)c3ccccc3C2(C)C)cc1,0,0,True,74
744,Cc1ccc(N(C)/N=C/C2=[N+](C)c3ccccc3C2(C)C)cc1.[Cl-],0,0,True,62
745,CNc1ccc(C(=[NH2+])c2ccc(NC)c(C)c2)cc1C.[Cl-],0,0,True,35
746,CCN(CC)c1ccc(C(=[NH2+])c2ccc(N(CC)CC)cc2)cc1.[Cl-],0,0,True,34
747,Cn1c2c(/N=N/c3ccc(S(=O)(=O)Oc4ccccc4)cc3)c(N)ccc2c[n+]1C.[Cl-],0,0,True,82
748,Cn1c2c(/N=N/c3ccc(Cl)cc3)c(O)ccc2c[n+]1C.[Cl-],0,0,True,63
749,CN(C)c1ccc2cc(-c3n(C)c4ccccc4[n+]3C)c(=O)oc2c1.[Cl-],0,0,True,73
750,CN(/N=C/c1cc[n+](C)c(=O)n1C)c1ccccc1.[Cl-],0,1,False,56
751,CN(/N=C/C1=[N+](C)c2ccccc2C1(C)C)c1ccccc1.COS(=O)(=O)[O-],0,0,True,68
752,Cn1nc(/C=C/C2=[N+](C)c3ccccc3C2(C)C)c2ccccc21.[Cl-],0,0,True,69
753,COc1ccc2c(c1)CC=CN2/C=C/C1=[N+](C)c2ccccc2C1(C)C.[Cl-],0,0,True,83
754,CC1=NN(c2ccccc2)C(=O)/C1=N\N(C)c1cccc([N+](C)(C)C)c1.[Cl-],0,0,True,73
755,Cc1cc2cc3cc(C)c(N)cc3[nH+]c2cc1N.O=C[O-],0,0,True,41
756,COc1ccc(C)cc1/N=N/C1=C(O)[N+](=C(C)C)N=C1C.[Cl-],0,0,True,59
757,Cc1cc2cc3ccc(N(C)C)cc3[nH+]c2cc1N.[Cl-],0,0,True,58
758,CCn1nc[n+](CC)c1/N=N/c1c(-c2ccc(C)cc2)n(C)c2ccccc12.[Cl-],0,0,True,79
759,Cc1cc2c(C)c3cc(C)c(N)cc3[nH+]c2cc1N.[Cl-],0,0,True,37
760,CCN(Cc1ccccc1)c1ccc(/C=C(\C#N)C(=O)OCC[N+](C)(C)C)cc1.[Cl-],0,0,True,79
761,COc1cc(/N=N/c2ccc(/N=N\c3ccc(N)c4cc(S(=O)(=O)[O][Na])ccc34)cc2)c(C)cc1/N=N/c1c(S(=O)(=O)[O][Na])cc2ccc(N)cc2c1O,0,0,True,130
762,Cc1cc(/N=N/c2ccc(/N=N/c3c(S(=O)(=O)[O][Na])cc4ccc(/N=N\c5cc(C)c(NC(=O)C[O][Na])cc5N)cc4c3O)cc2)c(N)cc1N,0,0,True,121
763,O=C1c2c(cc(S(=O)(=O)[O][Na])cc2/N=N/c2c(O)ccc3ccccc23)C=C(S(=O)(=O)[O][Na])C1/N=N/c1ccc(-c2ccc(/N=N/C3C(=O)c4c(cc(S(=O)(=O)[O][Na])cc4/N=N/c4c(O)ccc5ccccc45)C=C3S(=O)(=O)[O][Na])cc2)cc1,0,0,True,113
764,O=C1C=Cc2cc(S(=O)(=O)[O][Na])cc(O)c2/C1=N/Nc1ccc(/N=N/c2ccc(/N=N/c3ccccc3)c3cc(S(=O)(=O)[O-])[c]([Na])cc23)c2cc(S(=O)(=O)[O-])[c]([Na])cc12,0,0,True,130
765,Nc1ccc2cc(S(=O)(=O)[O][Na])c(/N=N/c3ccc(/N=N/c4ccc(/N=N/c5cc(S(=O)(=O)[O][Na])c6cccc(S(=O)(=O)[O][Na])c6c5)c5ccccc45)c4ccc(S(=O)(=O)[O][Na])cc34)c(O)c2c1,0,0,True,135
766,O=[N+]([O-])c1ccc(/N=N/c2c(S(=O)(=O)[O][Na])cc3cc(/N=N\c4ccc(O)c5ncccc45)ccc3c2O)c(O)c1,0,0,True,113
767,Nc1cc(N)c(/N=N/c2ccc(-c3ccc(/N=N/c4c(S(=O)(=O)[O][Na])cc5cc(S(=O)(=O)[O][Na])c(/N=N/c6ccccc6)c(O)c5c4N)cc3)cc2)cc1Cl,0,0,True,110
768,COc1cc(/N=N\c2c(S(=O)(=O)[O][Na])cc3c(/N=N\c4ccc(O)c(C(=O)[O][Na])c4)c(N)ccc3c2O)ccc1/N=N/c1c(S(=O)(=O)[O][Na])cc2cc(S(=O)(=O)[O][Na])c(/N=N\c3ccc(/N=N\c4c(S(=O)(=O)[O][Na])cc5c(/N=N\c6ccc(O)c(C(=O)[O][Na])c6)c(N)ccc5c4O)cc3C(=O)[O][Na])c(N)c2c1O,0,0,True,158
769,Nc1ccc(/N=N/c2ccc(/N=N/c3c(S(=O)(=O)[O][Na])cc4cc(S(=O)(=O)[O][Na])c(/N=N/c5ccc([N+](=O)[O-])cc5)c(N)c4c3O)cc2)c(N)c1,0,0,True,104
770,Nc1c(/N=N/c2ccc(-c3ccc(/N=N/c4ccc5c(S(=O)(=O)[O][Na])cccc5c4N)cc3)cc2)c(S(=O)(=O)[O][Na])cc2c1C(=O)/C(=N\Nc1ccccc1)C(S(=O)(=O)[O][Na])=C2,0,0,True,134
771,Nc1ccc2cc(S(=O)(=O)[O][Na])c(/N=N/c3ccc(-c4ccc(/N=N/c5c(S(=O)(=O)[O][Na])cc6cc(S(=O)(=O)[O][Na])c(/N=N/c7ccc([N+](=O)[O-])cc7)c(N)c6c5O)cc4)cc3)c(O)c2c1,0,0,True,116
772,COS(=O)(=O)c1cc2ccc(/N=N\c3ccc(N)c4cc(S(=O)(=O)[O-])[c]([Na])cc34)cc2c(O)c1/N=N/c1ccc(/N=N\c2ccc(N)cc2N)cc1,0,0,True,121
773,CCNc1ccc2cc(S(=O)(=O)[O][Na])c(/N=N/c3ccc(-c4ccc(/N=N/c5c(S(=O)(=O)[O][Na])cc6cc(S(=O)(=O)[O][Na])cc(N)c6c5O)cc4)cc3)c(O)c2c1,0,0,True,113
774,Nc1ccc(/N=N/c2ccc3cc(S(=O)(=O)[O][Na])c(/N=N/c4ccc(Nc5ccc(/N=N/c6c(S(=O)(=O)[O][Na])cc7ccc(N)cc7c6O)cc5)c(S(=O)(=O)[O][Na])c4)c(O)c3c2)c(N)c1,0,0,True,127
775,Nc1ccc(/N=N/c2ccc3c(c2)C(=O)C(=NNc2ccc(Nc4ccc(N/N=C5\C(=O)c6cc(N/N=C7\C(=O)c8cc(N)ccc8C=C7S(=O)(=O)[O][Na])ccc6C=C5S(=O)(=O)[O][Na])cc4S(=O)(=O)[O][Na])cc2)C(S(=O)(=O)[O][Na])=C3)c(N)c1,0,0,True,146
776,Cc1cc(-c2ccc(/N=N/c3c(S(=O)(=O)[O][Na])cc4cc(S(=O)(=O)[O][Na])c(/N=N/c5ccccc5)c(O)c4c3N)c(C)c2)ccc1/N=N/c1ccc(N)cc1N,0,0,True,112
777,Nc1cc(O)ccc1/N=N/c1ccc(/N=N/c2c(S(=O)(=O)[O][Na])cc3cc(S(=O)(=O)[O][Na])c(/N=N/c4ccccc4)c(O)c3c2N)cc1,0,0,True,99
778,Nc1ccc(/N=N/c2ccc(N/N=C3\C(=O)c4cc(/N=N/c5cc(S(=O)(=O)[O][Na])c(N)cc5N)ccc4C=C3S(=O)(=O)[O][Na])cc2)c(N)c1,0,0,True,116
779,Nc1ccc(/N=N/c2ccc(NC(=O)c3ccc(/N=N/c4c(S(=O)(=O)[O][Na])cc5c(c4N)C(=O)/C(=N\Nc4ccccc4)C(S(=O)(=O)[O][Na])=C5)cc3)cc2)c(N)c1,0,0,True,134
780,Nc1cc(O)ccc1/N=N/c1ccc(Nc2ccc(/N=N/c3cc4c(cc3S(=O)(=O)[O][Na])C=C(S(=O)(=O)[O][Na])/C(=N/Nc3ccccc3)C4=O)cc2S(=O)(=O)[O][Na])cc1,0,0,True,135
781,COc1cc(/N=N/c2ccc(N)cc2)c(C)cc1/N=N/c1c(S(=O)(=O)[O][Na])cc2ccc(N)cc2c1O,0,0,True,99
782,Nc1cc(O)ccc1/N=N/c1ccc(NC(=O)c2ccc(/N=N/c3c(S(=O)(=O)[O][Na])cc4cc(S(=O)(=O)[O][Na])c(/N=N/c5ccccc5)c(O)c4c3N)cc2)cc1,0,0,True,123
783,Nc1c(/N=N\c2ccc(-c3nc4ccc(/N=N/c5ccc(NCC(=O)[O][Na])cc5O)cc4[nH]3)cc2)c(S(=O)(=O)[O][Na])cc2c1C(=O)/C(=N\Nc1ccccc1)C(S(=O)(=O)[O][Na])=C2,0,0,True,168
784,Nc1ccc(/N=N/c2ccc(NC(=O)c3ccc(/N=N/c4c(S(=O)(=O)[O][Na])cc5cc(S(=O)(=O)[O][Na])c(/N=N\c6ccccc6)c(O)c5c4N)cc3)cc2)c(N)c1,0,0,True,122
785,Nc1ccc(/N=N\c2ccc(/N=N/c3c(S(=O)(=O)[O][Na])cc4cc(S(=O)(=O)[O][Na])c(/N=N/c5ccc(/N=N\c6ccc(N)cc6N)cc5)c(O)c4c3N)cc2)c(N)c1,0,0,True,89
786,Cc1cc(/N=N/c2ccc3c(c2)C(=O)/C(=N\Nc2ccc(Nc4ccc(N/N=C5\C(=O)c6cc(/N=N/c7cc(C)c(NCCO)cc7N)ccc6C=C5S(=O)(=O)[O][Na])cc4S(=O)(=O)[O][Na])cc2)C(S(=O)(=O)[O][Na])=C3)c(N)cc1NCCO,0,0,True,140
787,Cc1cc(/N=N/c2ccc3c(c2)C(=O)/C(=N\Nc2ccc(Nc4cc(/N=N/c5ccc(/N=N/c6cc(C)c(N)cc6N)c6cc(S(=O)(=O)[O][Na])ccc56)ccc4S(=O)(=O)[O][Na])cc2)C(S(=O)(=O)[O][Na])=C3)c(N)cc1N,0,0,True,160
788,Cc1cc(/N=N/c2ccc3c(c2)C(=O)/C(=N\Nc2ccc(Nc4ccc(N/N=C5\C(=O)c6cc(/N=N/c7ccc(N)cc7N)ccc6C=C5S(=O)(=O)[O][Na])cc4S(=O)(=O)[O][Na])cc2)C(S(=O)(=O)[O][Na])=C3)c(N)cc1N,0,0,True,142
789,Nc1c(/N=N/c2ccc(Nc3ccc(/N=N/c4ccc(O)cc4O)cc3)c(S(=O)(=O)[O][Na])c2)cc(S(=O)(=O)[O][Na])c2c1C(=O)/C(=N\Nc1ccc(S(=O)(=O)[O][Na])cc1)C=C2,0,0,True,140
790,Nc1cc(NCCO)ccc1/N=N\c1ccc2cc(S(=O)(=O)[O][Na])c(/N=N/c3ccc(/N=N/c4ccc(N)c5cc(S(=O)(=O)[O][Na])ccc45)cc3)c(O)c2c1,0,0,True,134
791,COC(=N)c1ccc(/N=N\c2cc(/N=N/c3ccc(-c4ccc(/N=N/c5c(S(=O)(=O)[O][Na])cc6cc(S(=O)(=O)[O][Na])cc(N)c6c5O)c(OC)c4)cc3OC)c(N)cc2N)cc1,0,0,True,130
792,Cc1cc(/N=N/c2ccc3cc(S(=O)(=O)[O][Na])c(/N=N/c4ccc(/N=N/c5ccc(N)c6cc(S(=O)(=O)[O][Na])ccc56)cc4)c(O)c3c2)c(N)cc1C(=N)CO[O][Na],0,0,True,142
793,Nc1ccc(/N=N/c2ccc3cc(S(=O)(=O)[O][Na])c(/N=N\c4ccc(Nc5ccc(/N=N/c6c(S(=O)(=O)[O][Na])cc7ccc(/N=N/c8ccc(N)cc8N)cc7c6O)cc5S(=O)(=O)[O][Na])cc4)c(O)c3c2)c(N)c1,0,0,True,117
794,Cc1cc(-c2ccc(/N=N/c3ccc(/N=N\c4cc(S(=O)(=O)[O][Na])c5cccc(O)c5c4O)c4cc(S(=O)(=O)[O][Na])ccc34)c(C)c2)ccc1/N=N/c1cc(S(=O)(=O)[O][Na])c2cccc(O)c2c1O,0,0,True,111
795,Nc1ccc(/N=N\c2ccc3cc(S(=O)(=O)[O][Na])c(/N=N/c4ccc(-c5ccc(/N=N/c6c(S(=O)(=O)[O][Na])cc7cc(S(=O)(=O)[O][Na])cc(O)c7c6O)cc5)cc4)c(O)c3c2)c(N)c1,0,0,True,118
796,Cc1cc(/N=N\c2ccc(/N=N/c3c(S(=O)(=O)[O][Na])cc4cc(S(=O)(=O)[O][Na])c(/N=N/c5ccc(/N=N\c6cc(C)c(N)cc6N)cc5)c(O)c4c3N)cc2)c(N)cc1N,0,0,True,94
797,Nc1ccc2cc(S(=O)(=O)[O][Na])c(/N=N/c3ccc(-c4ccc(/N=N/c5c(S(=O)(=O)[O][Na])cc6ccc(N)cc6c5O)cc4)cc3)c(O)c2c1,0,0,True,72
798,Nc1ccc2cc(S(=O)(=O)[O][Na])c(/N=N/c3ccc(/N=N/c4ccccc4)c4ccccc34)c(O)c2c1,0,0,True,89
799,Cc1cc(-c2ccc(/N=N/c3c(S(=O)(=O)[O][Na])cc4cc(S(=O)(=O)[O][Na])cc(N)c4c3O)c(C)c2)ccc1/N=N/c1ccc(O)cc1Nc1ccccc1,0,0,True,118
800,Nc1cc(C(N)CO)ccc1/N=N/c1ccc2cc(S(=O)(=O)[O][Na])c(/N=N/c3ccc(Nc4ccc(/N=N/c5c(S(=O)(=O)[O][Na])cc6ccc(/N=N/c7ccc(C(N)CO)cc7N)cc6c5O)cc4S(=O)(=O)[O][Na])cc3)c(O)c2c1,0,0,True,129
801,Nc1ccc(/N=N\c2ccc(/N=N/c3c(S(=O)(=O)[O][Na])cc4ccc(/N=N/c5ccc(N)cc5N)cc4c3O)cc2S(=O)(=O)[O][Na])c(N)c1,0,0,True,100
802,Nc1ccc(/N=N/c2ccc(-c3ccc(/N=N/c4c(S(=O)(=O)[O][Na])cc5cc(S(=O)(=O)[O][Na])c(/N=N/c6ccccc6)c(O)c5c4N)cc3)cc2)c(N)c1,0,0,True,105
803,Cc1cc(/N=N/c2ccc(-c3ccc(/N=N/c4c(S(=O)(=O)[O][Na])cc5cc(S(=O)(=O)[O][Na])c(/N=N/c6ccccc6)c(O)c5c4N)cc3)cc2)c(N)cc1N,0,0,True,110
804,O=C([O][Na])c1cc(/N=N/c2ccc(-c3ccc(/N=N/c4ccc(/N=N\c5cc(S(=O)(=O)[O][Na])c6ccccc6c5O)c5ccccc45)cc3)cc2)ccc1O,0,0,True,105
805,CCN(CC)c1ccc(/N=N/c2ccc(-c3ccc(/N=N\c4c(S(=O)(=O)[O][Na])cc5cc(S(=O)(=O)[O][Na])c(/N=N/c6ccc(S(=O)(=O)[O][Na])cc6)c(O)c5c4N)cc3)cc2)c(NC(C)=O)c1,0,0,True,129
806,Nc1ccc(/N=N\c2ccc3cc(S(=O)(=O)[O][Na])c(/N=N/c4ccc(/N=N/c5ccc(O)c(C(=O)[O][Na])c5)c5ccccc45)c(O)c3c2)c(N)c1,0,0,True,118
807,Nc1ccc2c(O)c(/N=N\c3ccc4cc(S(=O)(=O)[O][Na])c(/N=N/c5ccc(/N=N/c6ccc(O)c(C(=O)[O][Na])c6)c6ccccc56)c(O)c4c3)c(S(=O)(=O)[O][Na])cc2c1,0,0,True,129
808,Nc1ccc2cc(S(=O)(=O)[O][Na])c(/N=N/c3ccc(/N=N/c4ccc(O)c(C(=O)[O][Na])c4)c4ccccc34)c(O)c2c1,0,0,True,102
809,Nc1ccc2cc(S(=O)(=O)[O][Na])c(/N=N/c3ccc(/N=N/c4ccc(/N=N/c5ccccc5)c5ccc(S(=O)(=O)[O][Na])cc45)c4ccc(S(=O)(=O)[O][Na])cc34)c(O)c2c1,0,0,True,111
810,Nc1ccc2cc(S(=O)(=O)[O][Na])cc(O)c2c1/N=N/c1ccc(/N=N/c2ccc(/N=N/c3cc(S(=O)(=O)[O][Na])c4cccc(S(=O)(=O)[O][Na])c4c3)c3ccc(S(=O)(=O)[O][Na])cc23)c2cc(S(=O)(=O)[O][Na])ccc12,0,0,True,131
811,O=S(=O)([O][Na])c1ccc2c(/N=N/c3ccc4cc(S(=O)(=O)[O][Na])c(/N=N/c5ccc(/N=N/c6ccc(/N=N/c7cc(S(=O)(=O)[O][Na])c8cccc(S(=O)(=O)[O][Na])c8c7)c7ccccc67)c6ccc(S(=O)(=O)[O][Na])cc56)c(O)c4c3)c(O)ccc2c1,0,0,True,159
812,Nc1cc(N)c([N+](=O)[O-])cc1/N=N/c1ccc(S(=O)(=O)[O][Na])c2ccc(/N=N/c3ccc(/N=N/c4ccc(/N=N/c5cc(S(=O)(=O)[O][Na])c6cccc(S(=O)(=O)[O][Na])c6c5)c5ccccc45)c4ccc(S(=O)(=O)[O][Na])cc34)c(O)c12,0,0,True,156
813,Nc1cc(N)c([N+](=O)[O-])cc1/N=N/c1ccc(S(=O)(=O)[O][Na])c2ccc(/N=N/c3ccc(/N=N/c4ccc(/N=N/c5cc(S(=O)(=O)[O][Na])ccc5S(=O)(=O)[O][Na])c5ccccc45)c4ccc(S(=O)(=O)[O][Na])cc34)c(O)c12,0,0,True,138
814,Nc1ccc(/N=N/c2cc(S(=O)(=O)[O][Na])c3c(c2N)C(=O)/C(=N\Nc2ccc(/N=N/c4ccc(N)c5cc(S(=O)(=O)[O][Na])ccc45)cc2)C=C3)cc1,0,0,True,128
815,Nc1ccc2c(c1)C(=O)/C(=N\Nc1ccc3c(c1)C(=O)/C(=N\Nc1ccc(/N=N/c4ccc(N)c5cc(S(=O)(=O)[O][Na])ccc45)cc1)C(S(=O)(=O)[O][Na])=C3)C(S(=O)(=O)[O][Na])=C2,0,0,True,128
816,Nc1cc(S(=O)(=O)[O][Na])cc2c1C(=O)/C(=N\Nc1ccc(-c3ccc(/N=N\c4ccc(N/N=C5\C(=O)c6c(N)cc(S(=O)(=O)[O][Na])cc6C=C5S(=O)(=O)[O][Na])c5ccccc45)cc3)cc1)C(S(=O)(=O)[O][Na])=C2,0,0,True,127
817,COc1cc(-c2ccc(N/N=C3\C(=O)c4cc(N)ccc4C=C3S(=O)(=O)[O][Na])c(OC)c2)ccc1/N=N/c1ccc(N)c2cc(S(=O)(=O)[O][Na])ccc12,0,0,True,132
818,COc1cc(-c2ccc(/N=N/c3ccc(N)c4c[c]([Na])c(S(=O)(=O)[O-])cc34)c(OC)c2)ccc1/N=N/c1ccc(N)c2cc(S(=O)(=O)[O-])[c]([Na])cc12,0,0,True,84
819,Nc1ccc(/N=N\c2ccc3cc(S(=O)(=O)[O][Na])c(/N=N/c4ccc(/N=N/c5ccc(N)c6cc(S(=O)(=O)[O][Na])ccc56)cc4)c(O)c3c2)c(N)c1,0,0,True,120
820,Nc1ccc(/N=N/c2ccc(N/N=C3\C(=O)c4c(N)ccc(S(=O)(=O)[O][Na])c4C=C3S(=O)(=O)[O][Na])cc2)c(N)c1,0,0,True,100
821,COc1cc(-c2ccc(N/N=C3\C(=O)c4ccc(N)c(/N=N/c5ccc([N+](=O)[O-])cc5C(=O)[O][Na])c4C=C3S(=O)(=O)[O][Na])c(OC)c2)ccc1/N=N\c1ccc(O)c(C(=O)[O][Na])c1,0,0,True,157
822,COc1cc(/N=N/c2cccc3c(O)cc(S(=O)(=O)[O][Na])cc23)c(C)cc1N/N=C1/C=Cc2c(S(=O)(=O)[O][Na])ccc(NC(=O)c3ccccc3)c2C1=O,0,0,True,145
823,COc1cc(N/N=C2\C(=O)c3ccc(N)c(/N=N/c4ccc([N+](=O)[O-])cc4C(=O)[O][Na])c3C=C2S(=O)(=O)[O][Na])c(OC)cc1/N=N/c1ccc(/N=N/c2ccc(O)c(C(=O)[O][Na])c2)c2ccc(S(=O)(=O)[O][Na])cc12,0,0,True,174
824,COc1cc(-c2ccc(N/N=C3/C=Cc4c(S(=O)(=O)[O][Na])cc(S(=O)(=O)[O][Na])c(N)c4C3=O)c(OC)c2)ccc1N/N=C1/C=Cc2c(S(=O)(=O)[O][Na])cc(S(=O)(=O)[O][Na])c(N)c2C1=O,0,0,True,88
825,COc1cc(-c2ccc(N/N=C3\C(=O)c4c(O)cc(S(=O)(=O)[O][Na])cc4C=C3S(=O)(=O)[O][Na])c(OC)c2)ccc1N/N=C1\C(=O)c2c(O)cc(S(=O)(=O)[O][Na])cc2C=C1S(=O)(=O)[O][Na],0,0,True,89
826,O=S(=O)([O][Na])c1cc2c(cc1Nc1ccccc1)Oc1c(Cl)c3c(c(Cl)c1=N2)Oc1cc(Nc2ccccc2)c(S(=O)(=O)[O][Na])cc1N=3,0,0,True,76
827,O=S(=O)([O][Na])c1ccc2[nH]c3cc4c(cc3c2c1)N=c1c(Cl)c2c(c(Cl)c1O4)=Nc1cc3c(cc1O2)[nH]c1c(S(=O)(=O)[O][Na])cc(S(=O)(=O)[O][Na])cc13,0,0,True,113
828,CCn1c2ccc(S(=O)(=O)[O][Na])cc2c2cc3c(cc21)Oc1c(Cl)c2c(c(Cl)c1=N3)Oc1cc3c(cc1N=2)c1cc(S(=O)(=O)[O][Na])cc(S(=O)(=O)[O][Na])c1n3CC,0,0,True,118
829,O=S(=O)([O][Na])c1cc(S(=O)(=O)[O][Na])c2ccc3c4nc5c(Cl)c6oc7cc8ccc9c(S(=O)(=O)[O][Na])cc(S(=O)(=O)[O][Na])c%10ccc(c7nc6c(Cl)c5oc4cc4ccc1c2c43)c8c9%10,0,0,True,83
830,Nc1cc(S(=O)(=O)[O][Na])cc2c1C(=O)/C(=N\Nc1ccc(-c3ccc(N/N=C4\C(=O)c5c(cc(S(=O)(=O)[O][Na])c(/N=N/c6cc(Cl)ccc6Cl)c5N)C=C4S(=O)(=O)[O][Na])cc3)cc1)C(S(=O)(=O)[O][Na])=C2,0,0,True,129
831,Nc1ccc2c(c1)C=C(S(=O)(=O)[O][Na])/C(=N/Nc1ccc(/N=N/c3ccc(/N=N/c4cccc(S(=O)(=O)[O][Na])c4)c4cc(S(=O)(=O)[O][Na])ccc34)c3ccccc13)C2=O,0,0,True,135
832,COc1cc(/N=N/c2ccc(N)c3cc(S(=O)(=O)[O][Na])ccc23)c(C)cc1N/N=C1/C=C(S(=O)(=O)[O][Na])c2ccccc2C1=O,0,0,True,118
833,COc1cc(/N=N/c2c(C)cc(C)cc2S(=O)(=O)[O][Na])c(C)cc1N/N=C1\C(=O)c2ccc(Nc3ccc(O)c(C(=O)[O][Na])c3)cc2C=C1S(=O)(=O)[O][Na],0,0,True,143
834,COc1cc(-c2ccc(N/N=C3\C(=O)c4cccc(N)c4C=C3S(=O)(=O)[O][Na])c(OC)c2)ccc1N/N=C1/C=C(S(=O)(=O)[O][Na])c2ccccc2C1=O,0,0,True,113
835,Nc1ccc(/N=N\c2ccc(/N=N/c3ccc(N/N=C4/C=C(S(=O)(=O)[O][Na])c5ccccc5C4=O)c4ccc(S(=O)(=O)[O][Na])cc34)c3ccc(S(=O)(=O)[O][Na])cc23)cc1,0,0,True,126
836,Nc1ccc(/N=N/c2ccc(/N=N/c3ccc(N/N=C4\C(=O)C=Cc5cc(S(=O)(=O)[O][Na])ccc54)c4ccc(S(=O)(=O)[O][Na])cc34)c3ccc(S(=O)(=O)[O][Na])cc23)cc1,0,0,True,127
837,Nc1ccc(/N=N/c2ccc(/N=N/c3ccc(N/N=C4\C(=O)C=Cc5cc(S(=O)(=O)[O][Na])ccc54)c4ccc(S(=O)(=O)[O][Na])cc34)c3cc(S(=O)(=O)[O][Na])ccc23)cc1,0,0,True,128
838,CCOc1cc(/N=N/c2cc(OC)c(N)cc2Cl)c2cc(S(=O)(=O)[O][Na])ccc2c1N/N=C1\C(=O)C=Cc2cc(S(=O)(=O)[O][Na])ccc21,0,0,True,126
839,COc1cc(/N=N/c2ccc(N/N=C3/C=C(S(=O)(=O)[O][Na])c4ccccc4C3=O)c3ccc(S(=O)(=O)[O][Na])cc23)c(C)cc1N,0,0,True,119
840,COc1cc(/N=N/c2ccc(N)c3cc(S(=O)(=O)[O][Na])ccc23)c(C)cc1N/N=C1\C(=O)C=Cc2cc(S(=O)(=O)[O][Na])ccc21,0,0,True,120
841,COc1cc(/N=N/c2ccc(/N=N/c3ccc(/N=N/c4cc(S(=O)(=O)[O][Na])c5cccc(S(=O)(=O)[O][Na])c5c4)c4ccccc34)c3ccc(S(=O)(=O)[O][Na])cc23)c(C)cc1N,0,0,True,122
842,COc1cc(/N=N/c2ccc(/N=N/c3ccc(N/N=C4\C(=O)c5ccccc5C=C4S(=O)(=O)[O][Na])c4ccc(S(=O)(=O)[O][Na])cc34)c3ccc(S(=O)(=O)[O][Na])cc23)c(Cl)cc1N,0,0,True,137
843,COc1cc(/N=N/c2ccc(N)c3cc(S(=O)(=O)[O][Na])ccc23)c(C)cc1N/N=C1\C(=O)C=Cc2ccc(S(=O)(=O)[O][Na])cc21,0,0,True,118
844,Nc1ccc(/N=N/c2ccc(N/N=C3\C(=O)C=Cc4ccc(S(=O)(=O)[O][Na])cc43)c3ccccc23)c2ccc(S(=O)(=O)[O][Na])cc12,0,0,True,111
845,CCOc1cc(/N=N/C2=CC(OC)=C(N)CC2)c2cc(S(=O)(=O)[O][Na])ccc2c1N/N=C1\C(=O)C=Cc2cc(S(=O)(=O)[O][Na])ccc21,0,0,True,131
846,C=S(=O)([O][Na])C1=Cc2c(ccc(N)c2/N=N/c2ccc(N)cc2S(=O)(=O)[O][Na])C(=O)/C1=N\Nc1ccc(-c2ccc(N/N=C3\C(=O)c4ccc(N)c(/N=N\c5ccc(N)cc5)c4C=C3S(=O)(=O)[O][Na])cc2)cc1,0,0,True,137
847,Nc1ccc2c(c1)C(=O)/C(=N\Nc1ccc(/N=N/c3ccc(N)c4ccc(S(=O)(=O)[O][Na])cc34)c3ccccc13)C(S(=O)(=O)[O][Na])=C2,0,0,True,118
848,Cc1cc(/N=N/c2ccc(/N=N/c3ccc(/N=N/c4cc(S(=O)(=O)[O][Na])c5cccc(S(=O)(=O)[O][Na])c5c4)c4ccccc34)c3ccc(S(=O)(=O)[O][Na])cc23)c(C)cc1N,0,0,True,118
849,CC1=NN(c2ccccc2)C(=O)/C1=N\Nc1ccc(/N=N/c2ccc(/N=N/c3ccc(N)cc3)c3cc(S(=O)(=O)[O][Na])ccc23)c2cc(S(=O)(=O)[O][Na])ccc12,0,0,True,131
850,COc1cc(-c2ccc(N/N=C3\C(=O)c4c(NC(C)=O)ccc(S(=O)(=O)[O][Na])c4C=C3S(=O)(=O)[O][Na])c(OC)c2)ccc1/N=N/c1cc(C)c(N)cc1NC(C)=O,0,0,True,133
851,COc1cc(/N=N/c2ccc(N/N=C3\C(=O)c4ccccc4C=C3S(=O)(=O)[O][Na])c3ccc(S(=O)(=O)[O][Na])cc23)c(Cl)cc1N,0,0,True,121
852,Cc1cc(-c2ccc(N/N=C3\C(=O)c4c(N)cc(S(=O)(=O)[O][Na])cc4C=C3S(=O)(=O)[O][Na])c(C)c2)ccc1N/N=C1\C(=O)c2c(N)cc(S(=O)(=O)[O][Na])cc2C=C1S(=O)(=O)[O][Na],0,0,True,86
853,Nc1ccc2c(c1)C=C(S(=O)(=O)[O][Na])/C(=N/Nc1ccc(/N=N/c3ccc(N)c(S(=O)(=O)[O][Na])c3)c3ccccc13)C2=O,0,0,True,114
854,COc1cc(/N=N/c2ccc(N)cc2S(=O)(=O)[O][Na])c(C)cc1N/N=C1\C(=O)c2ccc(Nc3ccccc3)cc2C=C1S(=O)(=O)[O][Na],0,0,True,127
855,Nc1ccc2c(c1)C=C(S(=O)(=O)[O][Na])/C(=N/Nc1ccc(/N=N/c3ccc(/N=N\c4ccc(O)c(C(=O)[O][Na])c4)c4ccc(S(=O)(=O)[O][Na])cc34)c3ccccc13)C2=O,0,0,True,147
856,O=C(COc1cc(/N=N/c2ccc(O)c(C(=O)[O][Na])c2)c2cc(S(=O)(=O)[O][Na])ccc2c1N/N=C1\C(=O)c2ccc(Nc3ccc(NC(=O)c4ccccc4)cc3)cc2C=C1S(=O)(=O)[O][Na])[O][Na],0,0,True,175
857,COc1cc(-c2ccc(N/N=C3\C(=O)c4c(N)cc(S(=O)(=O)[O][Na])cc4C=C3S(=O)(=O)[O][Na])c(OC)c2)ccc1N/N=C1\C(=O)c2c(N)cc(S(=O)(=O)[O][Na])cc2C=C1S(=O)(=O)[O][Na],0,0,True,91
858,COc1cc(-c2ccc(N/N=C3\C(=O)c4ccc(N)c(/N=N/C5=NNC(C(=O)[O][Na])N5)c4C=C3S(=O)(=O)[O][Na])c(OC)c2)ccc1N/N=C1/C(=O)c2ccc(N)c(/N=N/C3=NNC(C(=O)[O][Na])N3)c2C=C1S(=O)(=O)[O][Na],0,0,True,118
859,COc1cc(-c2ccc(N/N=C3\C(=O)c4ccc(N)cc4C=C3S(=O)(=O)[O][Na])c(OC)c2)ccc1N/N=C1/C=C(S(=O)(=O)[O][Na])c2ccccc2C1=O,0,0,True,114
860,COc1cc(-c2ccc(N/N=C3\C(=O)c4ccc(N)cc4C=C3S(=O)(=O)[O][Na])c(OC)c2)ccc1N/N=C1\C(=O)c2ccc(N)cc2C=C1S(=O)(=O)[O][Na],0,0,True,85
861,COc1cc(N/N=C2/C=C(S(=O)(=O)[O][Na])c3cccc(O)c3C2=O)c(Cl)cc1/N=N/c1ccc(N(C)/N=C2\C(=O)C=Cc3ccc(S(=O)(=O)[O][Na])cc32)c2ccc(S(=O)(=O)[O][Na])cc12,0,0,True,163
862,COc1ccc(Nc2ccc3c(c2)C=C(S(=O)(=O)[O][Na])/C(=N/Nc2ccc(-c4ccc(N/N=C5\C(=O)c6ccc(Nc7ccc(OC)cc7)cc6C=C5S(=O)(=O)[O][Na])c(OCC(=O)[O][Na])c4)cc2OCC(=O)[O][Na])C3=O)cc1,0,0,True,114
863,COc1cc(N/N=C2\C(=O)c3ccc(Nc4ccc5c(c4)C=C(S(=O)(=O)[O][Na])/C(=N/Nc4cc(OC)c(/N=N\c6ccc(O)c(C(=O)[O][Na])c6)cc4OC)C5=O)cc3C=C2S(=O)(=O)[O][Na])c(OC)cc1/N=N\c1ccc(O)c(C(=O)[O][Na])c1,0,0,True,121
864,Nc1ccc(S(=O)(=O)[O][Na])c2c1C(=O)/C(=N\Nc1ccc(-c3ccc(N/N=C4\C(=O)c5c(cccc5S(=O)(=O)[O][Na])C=C4S(=O)(=O)[O][Na])cc3)cc1)C=C2,0,0,True,116
865,COc1cc(/N=N\c2ccc(O)c(C(=O)[O][Na])c2)c(C)cc1N/N=C1\C(=O)c2ccc(Nc3ccc4c(c3)C=C(S(=O)(=O)[O][Na])/C(=N/Nc3cc(C)c(/N=N\c5ccc(O)c(C(=O)[O][Na])c5)cc3OC)C4=O)cc2C=C1S(=O)(=O)[O][Na],0,0,True,124
866,COc1ccc(C)cc1N/N=C1\C(=O)c2ccc(Nc3ccc4c(c3)C=C(S(=O)(=O)[O][Na])/C(=N/Nc3cc(C)c(/N=N\c5ccc(O)c(C(=O)[O][Na])c5)cc3OC)C4=O)cc2C=C1S(=O)(=O)[O][Na],0,0,True,138
867,Nc1ccc2c(c1Cl)C=C(S(=O)(=O)[O][Na])/C(=N/Nc1ccc(-c3ccc(N/N=C4\C(=O)c5ccc(N)c(Cl)c5C=C4S(=O)(=O)[O][Na])c(OCC(=O)[O][Na])c3)cc1OCC(=O)[O][Na])C2=O,0,0,True,98
868,Nc1ccc2c(c1)C=C(S(=O)(=O)[O][Na])/C(=N/Nc1ccc(-c3ccc(N/N=C4\C(=O)c5ccc(N)cc5C=C4S(=O)(=O)[O][Na])c(O)c3)cc1O)C2=O,0,0,True,81
869,COc1ccc(Nc2ccc3c(c2)C=C(S(=O)(=O)[O][Na])/C(=N/Nc2ccc(-c4ccc(N/N=C5\C(=O)c6ccc(NC(=O)c7ccccc7)cc6C=C5S(=O)(=O)[O][Na])c(OCC(=O)[O][Na])c4)cc2OCC(=O)[O][Na])C3=O)c(OC)c1,0,0,True,146
870,COc1cc(-c2ccc(N/N=C3\C(=O)c4ccc(Nc5ccccc5)cc4C=C3S(=O)(=O)[O][Na])c(OC)c2)ccc1N/N=C1/C=C(S(=O)(=O)[O][Na])c2ccccc2C1=O,0,0,True,127
871,CN(/N=C1\C(=O)c2cc(N/N=C3/C=Cc4c(S(=O)(=O)[O][Na])cc(S(=O)(=O)[O][Na])c(N)c4C3=O)ccc2C=C1S(=O)(=O)[O][Na])c1ccc(Nc2ccc(N/N=C3\C(=O)c4cc(N/N=C5/C=Cc6c(S(=O)(=O)[O][Na])cc(S(=O)(=O)[O][Na])c(N)c6C5=O)ccc4C=C3S(=O)(=O)[O][Na])cc2)c(S(=O)(=O)[O][Na])c1,0,0,True,159
872,Nc1cc(S(=O)(=O)[O][Na])cc2c1C(=O)/C(=N\Nc1ccc(/N=N\c3ccc(Nc4ccc(/N=N/c5ccc(N/N=C6\C(=O)c7c(N)cc(S(=O)(=O)[O][Na])cc7C=C6S(=O)(=O)[O][Na])c6cc(S(=O)(=O)[O][Na])ccc56)cc4)c(S(=O)(=O)[O][Na])c3)c3cc(S(=O)(=O)[O][Na])ccc13)C(S(=O)(=O)[O][Na])=C2,0,0,True,161
873,Nc1c(S(=O)(=O)[O][Na])cc(S(=O)(=O)[O][Na])c2c1C(=O)/C(=N\Nc1ccc(-c3ccc(N/N=C4\C(=O)c5ccc(Nc6ccccc6)cc5C=C4S(=O)(=O)[O][Na])cc3)cc1)C=C2,0,0,True,134
874,COc1cc(/N=N/c2ccc3c(c2)C(=O)/C(=N\Nc2ccc(-c4ccc(N/N=C5/C=C(S(=O)(=O)[O][Na])c6ccccc6C5=O)c(OC)c4)cc2OC)C(S(=O)(=O)[O][Na])=C3)ccc1N,0,0,True,134
875,O=[N+]([O-])c1cc(S(=O)(=O)[O][Na])cc(/N=N/c2c(S(=O)(=O)[O][Na])cc3cc(Nc4ccc5c(O)c(/N=N/c6cc(S(=O)(=O)[O][Na])cc([N+](=O)[O-])c6O)c(S(=O)(=O)[O][Na])cc5c4)ccc3c2O)c1O,0,0,True,92
876,O=[N+]([O-])c1ccc2c(/N=N/c3c(S(=O)(=O)[O][Na])cc4cc(Nc5ccc6c(O)c(/N=N/c7c(O)cc(S(=O)(=O)[O][Na])c8cc([N+](=O)[O-])ccc78)c(S(=O)(=O)[O][Na])cc6c5)ccc4c3O)c(O)cc(S(=O)(=O)[O][Na])c2c1,0,0,True,100
877,Nc1ccc2c(c1)C=C(S(=O)(=O)[O][Na])/C(=N/Nc1ccc(/N=N/c3ccc(/N=N/c4cccc(S(=O)(=O)[O][Na])c4)c4ccccc34)c3ccc(S(=O)(=O)[O][Na])cc13)C2=O,0,0,True,131
878,Nc1cc(S(=O)(=O)[O][Na])cc2c1C(=O)/C(=N\Nc1ccc(-c3ccc(N/N=C4\C(=O)C=Cc5ccccc54)cc3)cc1)C(S(=O)(=O)[O][Na])=C2,0,0,True,111
879,O=S(=O)([O][Na])c1cc2c(cc1Nc1ccc(Cl)cc1)Oc1c(Cl)c3c(c(Cl)c1=N2)Oc1cc(Nc2ccc(Cl)cc2)c(S(=O)(=O)[O][Na])cc1N=3,0,0,True,75
880,Nc1ccc2c(c1)C(=O)/C(=N\Nc1ccc(-c3ccc(N/N=C4\C(=O)c5c(N)cc(S(=O)(=O)[O][Na])cc5C=C4S(=O)(=O)[O][Na])cc3)cc1)C(S(=O)(=O)[O][Na])=C2,0,0,True,105
881,Cc1cc(-c2ccc(N/N=C3\C(=O)c4c(N)cc(S(=O)(=O)[O][Na])cc4C=C3S(=O)(=O)[O][Na])c(C)c2)ccc1N/N=C1/C=C(S(=O)(=O)[O][Na])c2ccccc2C1=O,0,0,True,118
882,O=S(=O)([O][Na])c1cc(O)c2c(O)c(/N=N/c3ccc(-c4ccc(/N=N/c5c(O)ccc6cc(S(=O)(=O)[O][Na])cc(O)c56)c(O)c4)cc3O)c(S(=O)(=O)[O][Na])cc2c1,0,0,True,101
883,COc1cc(-c2ccc(N/N=C3\C(=O)c4ccc(Nc5ccccc5)cc4C=C3S(=O)(=O)[O][Na])c(OC)c2)ccc1N/N=C1/C=Cc2c(S(=O)(=O)[O][Na])cc(S(=O)(=O)[O][Na])c(N)c2C1=O,0,0,True,145
884,COc1cc(-c2ccc(/N=N/c3c(S(=O)(=O)[O][Na])cc4cc(S(=O)(=O)[O][Na])cc(N)c4c3O)c(OC)c2)ccc1/N=N/c1c(S(=O)(=O)[O][Na])cc2cc(S(=O)(=O)[O][Na])cc(N)c2c1O,0,0,True,88
885,COc1cc(-c2ccc(N/N=C3\C(=O)C=Cc4ccccc43)c(OC)c2)ccc1N/N=C1/C=Cc2c(S(=O)(=O)[O][Na])cc(S(=O)(=O)[O][Na])c(N)c2C1=O,0,0,True,122
886,Nc1c(S(=O)(=O)[O][Na])cc(S(=O)(=O)[O][Na])c2ccc(/N=N/c3ccc(-c4ccc(/N=N/c5ccc6c(S(=O)(=O)[O][Na])cc(S(=O)(=O)[O][Na])c(N)c6c5O)c(C(=O)O)c4)cc3C(=O)O)c(O)c12,0,0,True,84
887,COc1cc(-c2ccc(N/N=C3\C(=O)c4c(N)cc(S(=O)(=O)[O][Na])cc4C=C3S(=O)(=O)[O][Na])c(OC)c2)ccc1N/N=C1\C(=O)c2ccc(Nc3ccccc3)cc2C=C1S(=O)(=O)[O][Na],0,0,True,134
888,Nc1cc(S(=O)(=O)[O][Na])cc2c1C(=O)/C(=N\Nc1ccc(-c3ccc(N/N=C4/C=C(S(=O)(=O)[O][Na])c5ccccc5C4=O)cc3)cc1)C(S(=O)(=O)[O][Na])=C2,0,0,True,114
889,Cc1cc(-c2ccc(N/N=C3/C=Cc4c(S(=O)(=O)[O][Na])ccc(N)c4C3=O)c(C)c2)ccc1N/N=C1/C=Cc2c(S(=O)(=O)[O][Na])ccc(N)c2C1=O,0,0,True,82
890,Nc1ccc(/N=N/c2ccc(/N=N/c3ccc(N/N=C4\C(=O)c5cc(N)ccc5C=C4S(=O)(=O)[O][Na])c4ccc(S(=O)(=O)[O][Na])cc34)c3ccc(S(=O)(=O)[O][Na])cc23)cc1,0,0,True,127
891,Cc1cc(-c2ccc(N/N=C3\C(=O)c4c(O)cc(S(=O)(=O)[O][Na])cc4C=C3S(=O)(=O)[O][Na])c(C)c2)ccc1N/N=C1\C(=O)c2c(O)cc(S(=O)(=O)[O][Na])cc2C=C1S(=O)(=O)[O][Na],0,0,True,85
892,Nc1ccc2c(c1)C=C(S(=O)(=O)[O][Na])/C(=N/Nc1ccc(/N=N/c3ccc(/N=N\c4cccc(S(=O)(=O)[O][Na])c4)c4ccccc34)c3cc(S(=O)(=O)[O][Na])ccc13)C2=O,0,0,True,132
893,Cc1cc(-c2ccc(N/N=C3\C(=O)c4cc(N/N=C5/C=C(S(=O)(=O)[O][Na])c6cccc(O)c6C5=O)ccc4C=C3S(=O)(=O)[O][Na])c(C)c2)ccc1N/N=C1/C=C(S(=O)(=O)[O][Na])c2cccc(O)c2C1=O,0,0,True,125
894,Cc1cc(-c2ccc(N/N=C3\C(=O)c4c(cc(S(=O)(=O)[O][Na])cc4S(=O)(=O)[O][Na])C=C3S(=O)(=O)[O][Na])c(C)c2)ccc1N/N=C1\C(=O)C=Cc2ccccc21,0,0,True,116
895,Cc1cc(N/N=C2\C(=O)c3ccc(Nc4ccccc4)cc3C=C2S(=O)(=O)[O][Na])c(O)cc1/N=N/c1cc(S(=O)(=O)[O][Na])c2cccc(S(=O)(=O)[O][Na])c2c1,0,0,True,140
896,Nc1ccc2c(c1)C=C(S(=O)(=O)[O][Na])/C(=N\Nc1ccc(/N=N/c3ccc(Nc4ccc(/N=N/c5ccc(N/N=C6/C(=O)c7ccc(N)cc7C=C6S(=O)(=O)[O][Na])c6ccc(S(=O)(=O)[O][Na])cc56)cc4S(=O)(=O)[O][Na])cc3)c3cc(S(=O)(=O)[O][Na])ccc13)C2=O,0,0,True,139
897,Nc1ccc2c(c1)C=C(S(=O)(=O)[O][Na])/C(=N\Nc1ccc(/N=N/c3ccc(Nc4ccc(/N=N/c5ccc(N/N=C6/C(=O)c7ccc(N)cc7C=C6S(=O)(=O)[O][Na])c6cc(S(=O)(=O)[O][Na])ccc56)cc4S(=O)(=O)[O][Na])cc3)c3ccc(S(=O)(=O)[O][Na])cc13)C2=O,0,0,True,142
898,COc1cc(/N=N/c2ccc([N+](=O)[O-])cc2S(=O)(=O)[O][Na])c(C)cc1N/N=C1\C(=O)c2ccc(Nc3ccccc3)cc2C=C1S(=O)(=O)[O][Na],0,0,True,131
899,Cc1cc(-c2ccc(N/N=C3\C(=O)c4c(N)cc(S(=O)(=O)[O][Na])cc4C=C3S(=O)(=O)[O][Na])c(C)c2)ccc1N/N=C1\C(=O)c2ccc(N)cc2C=C1S(=O)(=O)[O][Na],0,0,True,111
900,Cc1cc(-c2ccc(N/N=C3\C(=O)c4ccc(N)cc4C=C3S(=O)(=O)[O][Na])c(C)c2)ccc1N/N=C1/C=C(S(=O)(=O)[O][Na])c2ccccc2C1=O,0,0,True,110
901,COc1cc(-c2ccc(N/N=C3\C(=O)c4c(cccc4S(=O)(=O)[O][Na])C=C3S(=O)(=O)[O][Na])c(OC)c2)ccc1/N=N\c1ccc(N/N=C2/C(=O)c3c(cccc3S(=O)(=O)[O][Na])C=C2S(=O)(=O)[O][Na])c2ccccc12,0,0,True,126
902,COc1cc(-c2ccc(N/N=C3\C(=O)c4ccc(S(=O)(=O)[O][Na])cc4C=C3S(=O)(=O)[O][Na])c(OC)c2)ccc1N/N=C1/C=Cc2c(cccc2S(=O)(=O)[O][Na])C1=O,0,0,True,123
903,Cc1cc(S(=O)(=O)[O][Na])c(/N=N/c2ccc(/N=N/c3ccc(N/N=C4\C(=O)c5ccc(Nc6ccccc6)cc5C=C4S(=O)(=O)[O][Na])c4ccccc34)c3ccc(S(=O)(=O)[O][Na])cc23)cc1S(=O)(=O)[O][Na],0,0,True,154
904,Cc1cc(-c2ccc(N/N=C3\C(=O)c4c(O)cc(S(=O)(=O)[O][Na])cc4C=C3S(=O)(=O)[O][Na])c(C)c2)ccc1N/N=C1/C=C(S(=O)(=O)[O][Na])c2ccccc2C1=O,0,0,True,116
905,Nc1ccc2c(c1)C=C(S(=O)(=O)[O][Na])/C(=N/Nc1ccc(/N=N/c3ccc(N/N=C4/C=C(S(=O)(=O)[O][Na])c5ccccc5C4=O)cc3)c3cc(S(=O)(=O)[O][Na])ccc13)C2=O,0,0,True,146
906,Nc1ccc2c(c1)C=C(S(=O)(=O)[O][Na])/C(=N/Nc1ccc(/N=N/c3ccc(N/N=C4/C=C(S(=O)(=O)[O][Na])c5ccccc5C4=O)cc3)c3ccc(S(=O)(=O)[O][Na])cc13)C2=O,0,0,True,147
907,O=C1/C(=N\Nc2ccc(/N=N/c3ccc(N/N=C4/C=C(S(=O)(=O)[O][Na])c5ccccc5C4=O)c4ccc(S(=O)(=O)[O][Na])cc34)c3ccc(S(=O)(=O)[O][Na])cc23)C(S(=O)(=O)[O][Na])=Cc2cc(Nc3ccccc3)ccc21,0,0,True,160
908,COc1cc(-c2ccc(N/N=C3\C(=O)c4ccc(S(=O)(=O)[O][Na])cc4C=C3S(=O)(=O)[O][Na])c(OC)c2)ccc1N/N=C1/C=C(S(=O)(=O)[O][Na])c2ccccc2C1=O,0,0,True,116
909,COc1cc(-c2ccc(N/N=C3\C(=O)c4c(Cl)cc(S(=O)(=O)[O][Na])cc4C=C3S(=O)(=O)[O][Na])c(OC)c2)ccc1N/N=C1/C=C(S(=O)(=O)[O][Na])c2ccccc2C1=O,0,0,True,122
910,COc1cc(-c2ccc(N/N=C3\C(=O)c4c(Cl)cc(S(=O)(=O)[O][Na])cc4C=C3S(=O)(=O)[O][Na])c(OC)c2)ccc1N/N=C1\C(=O)c2c(Cl)cc(S(=O)(=O)[O][Na])cc2C=C1S(=O)(=O)[O][Na],0,0,True,91
911,Nc1cc(N)c(/N=N/c2ccc(-c3ccc(N/N=C4\C(=O)c5c(N)cc(S(=O)(=O)[O][Na])cc5C=C4S(=O)(=O)[O][Na])cc3)cc2)cc1/N=N\c1ccc2cc(S(=O)(=O)[O][Na])cc(O)c2c1,0,0,True,142
912,Cc1ccc([N+](=O)[O-])cc1/N=N/c1c(S(=O)(=O)[O][Na])cc2c(c1N)C(=O)/C(=N\Nc1ccc(-c3ccc(N/N=C4/C=Cc5c(S(=O)(=O)[O][Na])ccc(N)c5C4=O)c(C)c3)cc1C)C(S(=O)(=O)[O][Na])=C2,0,0,True,152
913,COc1cc(-c2ccc(N/N=C3/C=Cc4c(S(=O)(=O)[O][Na])ccc(N)c4C3=O)c(OC)c2)ccc1N/N=C1/C=Cc2c(S(=O)(=O)[O][Na])ccc(N)c2C1=O,0,0,True,85
914,Cc1cc([C+](c2ccc(Nc3ccc4ccc(S(=O)(=O)[O-])cc4c3)cc2)c2ccc(Nc3ccc4ccc(S(=O)(=O)[O][Na])cc4c3)cc2)ccc1N,0,0,True,94
915,Nc1ccc(S(=O)(=O)[O][Na])c2c1C(=O)/C(=N\Nc1ccc(-c3ccc(N/N=C4\C(=O)C=Cc5cccc(S(=O)(=O)[O][Na])c54)cc3)cc1)C=C2,0,0,True,111
916,Nc1ccc2c(c1/N=N/c1ccc([N+](=O)[O-])cc1S(=O)(=O)[O][Na])C=C(S(=O)(=O)[O][Na])/C(=N/Nc1ccc(-c3ccc(N/N=C4/C(=O)c5c(N)cc(S(=O)(=O)[O][Na])cc5C=C4S(=O)(=O)[O][Na])cc3)cc1)C2=O,0,0,True,142
917,COc1cc(-c2ccc(N/N=C3\C(=O)C=Cc4cccc(S(=O)(=O)[O][Na])c43)c(OC)c2)ccc1N/N=C1/C=Cc2c(S(=O)(=O)[O][Na])ccc(N)c2C1=O,0,0,True,122
918,C=S(=O)([O][Na])C1=Cc2cc(S(=O)(=O)[O][Na])cc(N)c2C(=O)/C1=N\Nc1ccc(-c2ccc(N/N=C3\C(=O)c4ccc(N)cc4C=C3S(=O)(=O)[O][Na])cc2)cc1,0,0,True,114
919,C=S(=O)([O][Na])C1=Cc2cc(S(=O)(=O)[O][Na])cc(O)c2C(=O)/C1=N\Nc1ccc(-c2ccc(N/N=C3\C(=O)c4c(O)cc(S(=O)(=O)[O][Na])cc4C=C3S(=O)(=O)[O][Na])cc2)cc1,0,0,True,95
920,COc1cc(-c2ccc(N/N=C3/C=Cc4c(cccc4S(=O)(=O)[O][Na])C3=O)c(OC)c2)ccc1N/N=C1/C=Cc2c(cccc2S(=O)(=O)[O][Na])C1=O,0,0,True,81
921,COS(=O)(=O)C1=Cc2cc(S(=O)(=O)[O][Na])c(/N=N/c3cc(Cl)ccc3Cl)c(N)c2C(=O)/C1=N\Nc1ccc(-c2ccc(N/N=C3\C(=O)c4cc(N)ccc4C=C3S(=O)(=O)[O][Na])cc2)cc1,0,0,True,133
922,Cc1cc(-c2ccc(N/N=C3/C=Cc4c(S(=O)(=O)[O][Na])cc(S(=O)(=O)[O][Na])c(N)c4C3=O)c(C)c2)ccc1N/N=C1/C=Cc2c(S(=O)(=O)[O][Na])cc(S(=O)(=O)[O][Na])c(N)c2C1=O,0,0,True,84
923,O=C1/C(=N\Nc2ccc(/N=N/c3ccc([N+](=O)[O-])cc3S(=O)(=O)[O][Na])c3cc(S(=O)(=O)[O][Na])ccc23)C(S(=O)(=O)[O][Na])=Cc2cc(Nc3ccccc3)ccc21,0,0,True,138
924,O=C1/C(=N\Nc2ccc(/N=N/c3ccc(S(=O)(=O)[O][Na])c4ccc(S(=O)(=O)[O][Na])cc34)c3ccccc23)C(S(=O)(=O)[O][Na])=Cc2cc(Nc3ccccc3)ccc21,0,0,True,137
925,O=C1C=Cc2cc(S(=O)(=O)[O][Na])ccc2/C1=N/Nc1ccc(-c2ccc(N/N=C3\C(=O)c4c(O)cc(S(=O)(=O)[O][Na])cc4C=C3S(=O)(=O)[O][Na])cc2)cc1,0,0,True,111
926,Nc1cc(S(=O)(=O)[O][Na])cc2c1C(=O)/C(=N\Nc1ccc(-c3ccc(N/N=C4\C(=O)c5c(N)cc(S(=O)(=O)[O][Na])cc5C=C4S(=O)(=O)[O][Na])cc3)cc1)C(S(=O)(=O)[O][Na])=C2,0,0,True,81
927,Cc1cc(-c2ccc(N/N=C3\C(=O)c4cccc(N)c4C=C3S(=O)(=O)[O][Na])c(C)c2)ccc1N/N=C1/C=Cc2c(S(=O)(=O)[O][Na])ccc(N)c2C1=O,0,0,True,122
928,Cc1cc(-c2ccc(N/N=C3\C(=O)c4c(cccc4S(=O)(=O)[O][Na])C=C3S(=O)(=O)[O][Na])c(C)c2)ccc1/N=N\c1ccc(N/N=C2\C(=O)c3c(cccc3S(=O)(=O)[O][Na])C=C2S(=O)(=O)[O][Na])c2ccccc12,0,0,True,121
929,Nc1cc(S(=O)(=O)[O][Na])cc2c1C(=O)/C(=N\Nc1ccc(-c3ccc(N(N)/N=C4/C=Cc5c(S(=O)(=O)[O][Na])ccc(N)c5C4=O)cc3)cc1)C(S(=O)(=O)[O][Na])=C2,0,0,True,133
930,COc1cc(-c2ccc(N/N=C3\C(=O)c4c(cccc4S(=O)(=O)[O][Na])C=C3S(=O)(=O)[O][Na])c(OC)c2)ccc1N/N=C1\C(=O)c2ccc(N)cc2C=C1S(=O)(=O)[O][Na],0,0,True,113
931,COc1cc(/N=N/c2cc(S(=O)(=O)[O][Na])cc3cc(S(=O)(=O)[O][Na])cc(O)c23)c(C)cc1N/N=C1\C(=O)c2ccc(Nc3ccccc3)cc2C=C1S(=O)(=O)[O][Na],0,0,True,143
932,O=C1/C(=N\Nc2ccc(/N=N/c3ccc(/N=N\c4cc(S(=O)(=O)[O][Na])c5cccc(S(=O)(=O)[O][Na])c5c4)c4ccccc34)c3ccc(S(=O)(=O)[O][Na])cc23)C(S(=O)(=O)[O][Na])=Cc2cc(Nc3ccccc3)ccc21,0,0,True,159
933,O=C1/C(=N\Nc2ccc(/N=N/c3ccc(/N=N\c4cc(S(=O)(=O)[O][Na])ccc4S(=O)(=O)[O][Na])c4ccccc34)c3cc(S(=O)(=O)[O][Na])ccc23)C(S(=O)(=O)[O][Na])=Cc2cc(Nc3ccccc3)ccc21,0,0,True,145
934,COS(=O)(=O)c1cc(/N=N/c2ccc(/N=N/c3ccc(N/N=C4\C(=O)c5ccc(N)cc5C=C4S(=O)(=O)[O][Na])c4cc(S(=O)(=O)[O][Na])ccc34)c3ccccc23)cc2c(S(=O)(=O)[O][Na])cccc12.[Na],0,0,True,148
935,Nc1ccc2c(c1)C=C(S(=O)(=O)[O][Na])/C(=N/Nc1ccc(/N=N/c3ccc(/N=N/c4ccccc4)c4cc(S(=O)(=O)[O][Na])ccc34)c3cc(S(=O)(=O)[O][Na])ccc13)C2=O,0,0,True,128
936,Nc1ccc2c(c1)C=C(S(=O)(=O)[O][Na])/C(=N/Nc1ccc(/N=N/c3ccc(/N=N/c4cccc(S(=O)(=O)[O][Na])c4)c4cc(S(=O)(=O)[O][Na])ccc34)c3cc(S(=O)(=O)[O][Na])ccc13)C2=O,0,0,True,135
937,O=C1/C(=N\Nc2ccc(/N=N/c3ccc(/N=N\c4cccc(S(=O)(=O)[O][Na])c4)c4cc(S(=O)(=O)[O][Na])ccc34)c3cc(S(=O)(=O)[O][Na])ccc23)C(S(=O)(=O)[O][Na])=Cc2cc(Nc3ccccc3)ccc21,0,0,True,149
938,COc1cc(-c2ccc(/N=N/c3ccc4c(S(=O)(=O)[O][Na])cc(S(=O)(=O)[O][Na])c(N)c4c3O)c(OC)c2)ccc1/N=N/c1ccc2c(S(=O)(=O)[O][Na])cc(S(=O)(=O)[O][Na])c(N)c2c1O,0,0,True,85
939,COC(=O)c1ccccc1-c1c2ccc(=[N+](C)C)cc-2oc2cc(O)ccc12.[Cl-],0,1,False,81
940,O=C1/C(=N\Nc2ccc(/N=N/c3ccc(/N=N\c4cc(S(=O)(=O)[O][Na])ccc4S(=O)(=O)[O][Na])c4ccc(S(=O)(=O)[O][Na])cc34)c3ccccc23)C(S(=O)(=O)[O][Na])=Cc2cc(Cc3ccccc3)ccc21,0,0,True,151
941,COc1cc(-c2ccc(N/N=C3/C=C(S(=O)(=O)[O][Na])c4ccccc4C3=O)c(OC)c2)ccc1N/N=C1/C=C(S(=O)(=O)[O][Na])c2ccccc2C1=O,0,0,True,76
942,COc1cc(-c2ccc(/N=N/c3c(O)c(S(=O)(=O)[O][Na])cc4cc(S(=O)(=O)[O][Na])ccc34)c(OC)c2)ccc1/N=N/c1c(O)c(S(=O)(=O)[O][Na])cc2cc(S(=O)(=O)[O][Na])ccc12,0,0,True,87
943,O=C1/C(=N\Nc2ccc(/N=N/c3ccc(/N=N\c4cc(S(=O)(=O)[O][Na])cc5cc(S(=O)(=O)[O][Na])cc(O)c45)c4ccccc34)c3ccc(S(=O)(=O)[O][Na])cc23)C(S(=O)(=O)[O][Na])=Cc2cc(Nc3ccccc3)ccc21,0,0,True,158
944,Nc1ccc2c(c1)C=C(S(=O)(=O)[O][Na])/C(=N/Nc1ccc(/N=N/c3ccc(/N=N/c4cc(S(=O)(=O)[O][Na])ccc4S(=O)(=O)[O][Na])c4ccc(S(=O)(=O)[O][Na])cc34)c3ccccc13)C2=O,0,0,True,137
945,CCOc1cc(/N=N/c2ccc(/N=N\c3cc(S(=O)(=O)[O][Na])ccc3S(=O)(=O)[O][Na])c3ccccc23)c2cc(S(=O)(=O)[O][Na])ccc2c1N/N=C1\C(=O)c2ccc(Nc3ccccc3)cc2C=C1S(=O)(=O)[O][Na],0,0,True,156
946,O=S(=O)([O][Na])c1cc(O)c2c(O)c(/N=N/c3ccc(-c4ccc(/N=N/c5c(S(=O)(=O)[O][Na])cc6cc(S(=O)(=O)[O][Na])cc(O)c6c5O)c(O)c4)cc3O)c(S(=O)(=O)[O][Na])cc2c1,0,0,True,77
947,Nc1ccc(/N=N/c2ccc(/N=N/c3ccc(/N=N/c4c(S(=O)(=O)[O][Na])cc5cc(NC(=O)c6ccccc6)ccc5c4O)c4ccc(S(=O)(=O)[O][Na])cc34)c3ccc(S(=O)(=O)[O][Na])cc23)cc1S(=O)(=O)[O][Na],0,0,True,137
948,COc1cc(-c2ccc(N/N=C3\C(=O)C(S(=O)(=O)[O][Na])=Cc4cc(S(=O)(=O)[O][Na])ccc43)c(OC)c2)ccc1N/N=C1/C=C(S(=O)(=O)[O][Na])c2ccccc2C1=O,0,0,True,116
949,O=S(=O)([O][Na])c1cc(S(=O)(=O)[O][Na])c2c(O)c(/N=N\c3ccc(-c4ccc(/N=N/c5c(S(=O)(=O)[O][Na])cc6c(ccc7nc8ccccc8nc76)c5O)c(O)c4)cc3O)c(S(=O)(=O)[O][Na])cc2c1,0,0,True,126
950,O=C([O][Na])c1cccc(Nc2ccc3c(O)c(/N=N\c4ccc(-c5ccc(/N=N/c6c(S(=O)(=O)[O][Na])cc7cc(Nc8cccc(C(=O)[O][Na])c8)ccc7c6O)c(C(=O)[O][Na])c5)cc4C(=O)[O][Na])c(S(=O)(=O)[O][Na])cc3c2)c1,0,0,True,110
951,O=S(=O)([O][Na])c1cc2cccc(S(=O)(=O)[O][Na])c2c(O)c1/N=N/c1ccc(-c2ccc(/N=N/c3c(S(=O)(=O)[O][Na])cc4cccc(S(=O)(=O)[O][Na])c4c3O)c(O)c2)cc1O,0,0,True,77
952,Nc1ccc2cc(S(=O)(=O)[O][Na])cc(O)c2c1/N=N/c1ccc(/N=N/c2c(N)ccc3cc(S(=O)(=O)[O][Na])cc(O)c23)c(S(=O)(=O)[O][Na])c1,0,0,True,86
953,O=S(=O)([O][Na])c1cc2cc(Nc3ccccc3)ccc2c(O)c1/N=N/c1ccc(-c2ccc(/N=N/c3c(S(=O)(=O)[O][Na])cc4cccc(S(=O)(=O)[O][Na])c4c3O)c(O)c2)cc1O,0,0,True,117
954,Cc1cc(/N=N/c2ccc(S(=O)(=O)[O][Na])cc2)c(N)c(/N=N/c2ccc(-c3ccc(/N=N/c4ccc(O)c(C(=O)[O][Na])c4)cc3)cc2)c1N,0,0,True,103
955,O=C([O][Na])c1cc(/N=N/c2ccc(-c3ccc(/N=N\c4ccc(/N=N/c5ccc(O)c(C(=O)[O][Na])c5)c5cc(S(=O)(=O)[O][Na])ccc45)cc3)cc2)ccc1O,0,0,True,99
956,O=[N+]([O-])c1ccc(/C=C/c2ccc(/N=N/c3ccc(/N=N/c4cc(S(=O)(=O)[O][Na])cc(Cl)c4O)c(O)c3)cc2S(=O)(=O)[O][Na])c(S(=O)(=O)[O][Na])c1,0,0,True,107
957,Cc1cc(NC(=O)Nc2ccc(/N=N/c3ccc(/N=N/c4ccc(/N=N/c5ccc(S(=O)(=O)[O][Na])cc5)cc4S(=O)(=O)[O][Na])c(C)c3)c(C)c2)ccc1/N=N/c1ccc(/N=N/c2ccc(/N=N/c3ccc(S(=O)(=O)[O][Na])cc3)cc2S(=O)(=O)[O][Na])c(C)c1,0,0,True,99
958,O=C(Nc1ccc2c(O)c(/N=N/c3ccccc3C(=O)O)c(S(=O)(=O)[O][Na])cc2c1)Nc1ccc2c(O)c(/N=N/c3ccccc3C(=O)O)c(S(=O)(=O)[O][Na])cc2c1,0,0,True,86
959,Nc1cc(N)c(/N=N/c2ccc(S(=O)(=O)[O][Na])c(/N=N/c3c(O)ccc(/N=N/c4ccc([N+](=O)[O-])cc4)c3O)c2)cc1/N=N/c1ccc(S(=O)(=O)[O][Na])cc1,0,0,True,112
960,COc1cc(/N=N/c2cc(S(=O)(=O)[O][Na])cc(N)c2C)c(C)cc1NC(=O)Nc1cc(C)c(/N=N/c2cc(S(=O)(=O)[O][Na])cc(N)c2C)cc1OC,0,0,True,80
961,Nc1cc(N)c(/N=N/c2ccc(/N=N/c3ccc(-c4ccc(/N=N\c5ccc(O)c(C(=O)[O][Na])c5)cc4)cc3)c3ccc(S(=O)(=O)[O][Na])cc23)cc1/N=N/c1cccc2cc(S(=O)(=O)[O][Na])ccc12,0,0,True,136
962,COS(=O)(=O)c1cc(/N=N/c2cccc(/N=N/c3c(S(=O)(=O)[O][Na])cc(/N=N/c4cc(S(=O)(=O)[O][Na])c(N)cc4N)c(C)c3N)c2)c(N)cc1N,0,0,True,97
963,Nc1ccc(/N=N/c2cccc(/N=N/c3cc(S(=O)(=O)[O][Na])c(/N=N/c4ccc(N)cc4N)cc3N)c2)c(N)c1,0,0,True,77
964,Nc1cc(N)c(/N=N/c2ccc(/N=N/c3ccc(-c4ccc(/N=N\c5ccc(O)c(C(=O)[O][Na])c5)cc4)cc3)c3ccc(S(=O)(=O)[O][Na])cc23)cc1/N=N/c1ccc2cc(S(=O)(=O)[O][Na])cc(O)c2c1,0,0,True,142
965,Nc1ccc(/N=N/c2cccc(NC(=O)Nc3cccc(/N=N/c4cc(S(=O)(=O)[O][Na])c(N)cc4N)c3)c2)c(N)c1,0,0,True,86
966,Cc1cc(-c2ccc(/N=N/c3cc(S(=O)(=O)[O][Na])c(N)cc3N)c(C)c2)ccc1/N=N/c1ccc(O)cc1,0,0,True,82
967,Cc1c(N=Nc2ccc(/N=N/c3cc(/N=N/c4cc(S(=O)(=O)[O][Na])cc(/N=N/c5cc(/N=N/c6c(S(=O)(=O)[O][Na])cc(N=Nc7cc(S(=O)(=O)[O][Na])cc(/N=N\c8ccc(N)cc8N)c7C)c7ccccc67)c(N)cc5N)c4C)c(N)cc3N)c3cc(S(=O)(=O)[O][Na])ccc23)cc(S(=O)(=O)[O][Na])cc1/N=N\c1ccc(N)cc1N,0,0,True,134
968,Nc1ccc(/N=N/c2ccc(-c3ccc(N/N=C4\C(=O)c5cc(/N=N/c6ccc(N)cc6N)c(S(=O)(=O)[O][Na])cc5C=C4S(=O)(=O)[O][Na])cc3)cc2)c(N)c1,0,0,True,114
969,Nc1ccc(/N=N/c2ccc(NC(=O)Nc3ccc(/N=N/c4ccc(N)cc4N)c(S(=O)(=O)[O][Na])c3)cc2S(=O)(=O)[O][Na])c(N)c1,0,0,True,68
970,Cc1cc(/N=N/c2ccc(S(=O)(=O)[O][Na])cc2)c(N)c(/N=N/c2ccc(-c3ccc(/N=N/c4cc(C)c(O)c(C(=O)[O][Na])c4)cc3)cc2)c1N,0,0,True,106
971,Cc1cc(/N=N/c2ccc(-c3ccc(/N=N/c4cc(/N=N/c5ccc(S(=O)(=O)[O][Na])cc5)c(N)cc4N)cc3)cc2)cc(C(=O)[O][Na])c1O,0,0,True,95
972,O=C([O][Na])c1cc(/N=N/c2ccc(-c3ccc(N/N=C4\C(=O)c5c(cc(S(=O)(=O)[O][Na])cc5/N=N/c5ccc(O)cc5O)C=C4S(=O)(=O)[O][Na])cc3)cc2)ccc1O,0,0,True,133
973,Nc1cc(NCC(=O)[O][Na])c(S(=O)(=O)[O][Na])cc1/N=N\c1cccc(/N=N/c2c(S(=O)(=O)[O][Na])cc3ccc(/N=N/c4cc(S(=O)(=O)[O][Na])c(NCC(=O)[O][Na])cc4N)cc3c2O)c1,0,0,True,116
974,COc1ccccc1NC(=O)/C(=N\Nc1ccc(-c2ccc(N/N=C3\C(=O)N(c4ccc5cc(S(=O)(=O)[O][Na])ccc5c4)N=C3C)c(C(=O)[O][Na])c2)cc1C(=O)[O][Na])C(C)=O,0,0,True,146
975,Cc1nn(-c2ccccc2)c(O)c1/N=N/c1ccc(-c2ccc(/N=N/c3c(S(=O)(=O)[O][Na])cc4cc(C(=O)[O][Na])c(O)cc4c3O)c(C(=O)[O][Na])c2)cc1C(=O)[O][Na],0,0,True,125
976,Cc1cc(/N=N/c2ccc(S(=O)(=O)O[CH2][Na])cc2)c(N)c(/N=N/c2ccc(-c3ccc(/N=N/c4c(S(=O)(=O)[O][Na])cc(N)c(Cl)c4N)cc3)cc2)c1N,0,0,True,107
977,Cc1cc(S(=O)(=O)[O][Na])c(N)c(/N=N/c2ccc(-c3ccc(/N=N/c4cc(/N=N\c5ccc(S(=O)(=O)[O][Na])c6ccccc56)c(N)cc4N)cc3)cc2)c1N,0,0,True,107
978,NOS(=O)c1ccc(O)c(/N=N/c2ccc(O)c(/N=N/c3ccc(-c4ccc(/N=N/c5ccc(O)c(C(=O)[O][Na])c5)cc4)cc3)c2O)c1,0,0,True,104
979,O=C([O][Na])c1cc(/N=N/c2ccc(/N=N/c3cc(C(=O)[O][Na])c(O)c4cc(S(=O)(=O)[O][Na])ccc34)cc2)ccc1O,0,0,True,89
980,Cc1ccc2nc(-c3ccc4nc(-c5ccc(/N=N/c6c(O)ccc(/N=N/c7ccc8c(S(=O)(=O)[O][Na])ccc(S(=O)(=O)[O][Na])c8c7)c6O)cc5)sc4c3)sc2c1S(=O)(=O)[O][Na],0,0,True,147
981,Cc1c(/N=N/c2ccc(N)cc2N)cc(S(=O)(=O)[O][Na])cc1/N=N/c1ccc(N)cc1N,0,0,True,55
982,O=C([O][Na])c1cc(/N=N/c2ccc(-c3ccc(/N=N/c4ccc(O)cc4O)c(S(=O)(=O)[O][Na])c3)cc2)ccc1O,0,0,True,95
983,O=C([O][Na])c1cc(/N=N/c2ccc(-c3ccc(/N=N/c4c(S(=O)(=O)[O][Na])cc5ccc(/N=N\c6ccc(O)cc6O)cc5c4O)cc3)cc2)ccc1O,0,0,True,115
984,Nc1ccc(/N=N/c2ccc(S(=O)(=O)[O][Na])cc2)c(N)c1,0,0,True,52
985,Nc1ccc2c(c1)C(O)/C(=N\Nc1ccc(-c3ccc(/N=N/c4ccc(O)c(C(=O)[O][Na])c4)cc3)cc1)C(S(=O)(=O)[O][Na])=C2,0,0,True,112
986,CCOc1ccc(/N=N\c2ccc(/N=N/c3ccc(/N=N/c4ccc(S(=O)(=O)[O][Na])cc4)cc3)c3cc(S(=O)(=O)[O][Na])ccc23)cc1,0,0,True,89
987,O=C([O][Na])c1cc(/N=N/c2ccc(/N=N/c3ccc(/N=N/c4cc(C(=O)[O][Na])c(O)c(S(=O)(=O)[O][Na])c4)cc3)cc2)cc(S(=O)(=O)[O][Na])c1O,0,0,True,58
988,O=C([O][Na])c1cc(/N=N/c2ccc(-c3ccc(/N=N/c4ccc(O)c(/N=N/c5ccc(S(=O)(=O)[O][Na])c6ccccc56)c4O)cc3)cc2)ccc1O,0,0,True,108
989,Nc1cc(N)c(/N=N/c2cc(S(=O)(=O)[O][Na])cc3cc(S(=O)(=O)[O][Na])c(/N=N/c4ccc(-c5ccc(/N=N/c6ccc(O)c(C(=O)[O][Na])c6)cc5)cc4)c(O)c23)cc1/N=N/c1ccc(S(=O)(=O)[O][Na])cc1,0,0,True,132
990,Cc1cc(-c2ccc(/N=N/c3c(N)c(C)cc(/N=N/c4ccc(S(=O)(=O)[O][Na])cc4)c3N)c(C)c2)ccc1/N=N/c1ccc(O)c(C(=O)[O][Na])c1,0,0,True,110
991,Nc1ccc2cc(S(=O)(=O)[O][Na])c(/N=N/c3ccc(C(=O)Nc4ccc(/N=N/c5ccc(O)c(C(=O)[O][Na])c5)cc4)cc3)c(O)c2c1,0,0,True,115
992,Nc1ccc(/N=N/c2ccc(/N=N/c3ccc(-c4ccc(/N=N\c5ccc(O)c(C(=O)[O][Na])c5)cc4)cc3)c3ccc(S(=O)(=O)[O][Na])cc23)c(N)c1,0,0,True,114
993,Nc1ccc(/N=N/c2cccc(/N=N/c3cc(/N=N/c4ccc(/N=N/c5ccc(-c6ccc(/N=N\c7ccc(O)c(C(=O)[O][Na])c7)cc6)cc5)c5ccc(S(=O)(=O)[O][Na])cc45)c(N)cc3N)c2)c(N)c1,0,0,True,137
994,Nc1c(/N=N/c2ccc(/N=N/c3ccc(-c4ccc(/N=N\c5ccc(O)c(C(=O)[O][Na])c5)cc4)cc3)c3ccc(S(=O)(=O)[O][Na])cc23)ccc2c(S(=O)(=O)[O][Na])cccc12,0,0,True,129
995,Cc1ccc2nc(-c3ccc4nc(-c5ccc(N/N=C6\C(=O)c7cc(Nc8ccccc8)ccc7C=C6S(=O)(=O)[O][Na])cc5)sc4c3)sc2c1S(=O)(=O)[O][Na],0,0,True,145
996,CC.Cc1cc(/N=N/c2cc3c(cc2S(=O)(=O)[O][Na])C=C(S(=O)(=O)[O][Na])/C(=N/Nc2ccc(S(=O)(=O)[O][Na])c4ccccc24)C3=O)c(N)c(/N=N/c2ccc(-c3ccc(/N=N\c4ccc(O)c(C(=O)[O][Na])c4)cc3)cc2)c1N,0,0,True,165
997,Cc1cc(N=Nc2ccc(/N=N/c3cc([N+](=O)[O-])c(N)cc3N)c(C)c2)ccc1/N=N/c1cc(S(=O)(=O)[O][Na])c2cccc(S(=O)(=O)[O][Na])c2c1,0,0,True,107
998,Nc1cc(N)c(/N=N/c2ccc(S(=O)(=O)[O][Na])c3ccccc23)cc1/N=N/c1cccc2ccccc12,0,0,True,81
999,Nc1cc(N)c(/N=N/c2ccc(S(=O)(=O)[O][Na])c3ccccc23)cc1/N=N/c1ccc(-c2ccc(/N=N/c3cc(/N=N/c4ccc(S(=O)(=O)[O][Na])c5ccccc45)c(N)cc3N)cc2)cc1,0,0,True,81
1000,Nc1cc(N)c(/N=N/c2cc(S(=O)(=O)[O][Na])cc3c2C(=O)/C(=N\Nc2ccc(-c4ccc(/N=N/c5ccc(O)cc5)cc4)cc2)C(S(=O)(=O)[O][Na])=C3)cc1N=Nc1ccc2cc(S(=O)(=O)[O][Na])cc(O)c2c1,0,0,True,153
1001,Nc1cc(N)c(/N=N\c2ccc(S(=O)(=O)[O][Na])c3ccccc23)cc1/N=N\c1cccc(/N=N/c2cc(/N=N/c3ccc(S(=O)(=O)[O][Na])c4ccccc34)c(N)cc2N)c1,0,0,True,78
1002,Nc1ccc2c(c1)C(=O)/C(=N\Nc1ccc(/N=N\c3ccc(-c4ccc(/N=N\c5ccc(O)c(C(=O)[O][Na])c5)cc4)cc3)c3ccc(S(=O)(=O)[O][Na])cc13)C(S(=O)(=O)[O][Na])=C2,0,0,True,143
1003,O=C([O][Na])c1cc(/N=N/c2ccc(-c3ccc(/N=N/c4c(O)ccc(/N=N/c5cccc(S(=O)(=O)[O][Na])c5)c4O)cc3)cc2)ccc1O,0,0,True,101
1004,Nc1ccc(/N=N/c2cc(S(=O)(=O)[O][Na])cc3c2C(=O)/C(=N\Nc2ccc(-c4ccc(/N=N/c5ccc(O)c(C(=O)[O][Na])c5)cc4)cc2)C(S(=O)(=O)[O][Na])=C3)c(N)c1,0,0,True,136
1005,COS(=O)(=O)c1c(C)ccc2nc(-c3ccc4nc(-c5ccc(/N=N/c6cc(C)c(N)cc6N)cc5)sc4c3)sc12,0,0,True,113
1006,O=C([O][Na])c1cc(/N=N/c2ccc(-c3ccc(/N=N\c4ccc(/N=N/c5ccc(O)cc5)c5cc(S(=O)(=O)[O][Na])ccc45)cc3)cc2)ccc1O,0,0,True,103
1007,Nc1ccc(/N=N/c2ccc(-c3ccc(N/N=C4\C(=O)c5cc(N)ccc5C=C4S(=O)(=O)[O][Na])cc3)cc2)c(N)c1,0,0,True,101
1008,Nc1ccc(/N=N/c2ccc3c(c2)C(=O)/C(=N\Nc2ccc(-c4ccc(/N=N/c5ccc(O)c(C(=O)[O][Na])c5)cc4)cc2)C(S(=O)(=O)[O][Na])=C3)c(N)c1,0,0,True,132
1009,COS(=O)(=O)C1=Cc2ccc(Nc3ccccc3)cc2C(=O)/C1=N\Nc1ccc(-c2ccc(/N=N/c3ccc(O)c(C(=O)[O][Na])c3)cc2)cc1,0,0,True,127
1010,O=C([O][Na])c1cc(/N=N/c2ccc(-c3ccc(/N=N/c4ccc(O)c(/N=N/c5ccc(S(=O)(=O)[O][Na])cc5)c4O)cc3)cc2)ccc1O,0,0,True,95
1011,Nc1c(O)cc2cc(S(=O)(=O)[O][Na])ccc2c1/N=N/c1ccc(-c2ccc(/N=N/c3ccc(O)c(C(=O)[O][Na])c3)cc2)cc1,0,0,True,99
1012,Nc1cc(N)c(/N=N/c2ccc(S(=O)(=O)[O][Na])c3ccccc23)cc1/N=N/c1ccc(-c2ccc(/N=N/c3ccc(O)c(C(=O)[O][Na])c3)cc2)cc1,0,0,True,107
1013,Cc1cc(S(=O)(=O)[O][Na])c(N)c(/N=N/c2ccc(/N=N\c3ccc(-c4ccc(/N=N/c5ccc(O)c(C(=O)[O][Na])c5)cc4)cc3)c3ccc(S(=O)(=O)[O][Na])cc23)c1N,0,0,True,122
1014,Nc1ccc(/N=N/c2ccc(/N=N/c3ccc(S(=O)(=O)[O][Na])c4ccc(S(=O)(=O)[O][Na])cc34)c3ccccc23)c(N)c1,0,0,True,86
1015,Cc1cc(/N=N/c2ccc(S(=O)(=O)[O][Na])cc2)c(N)c(/N=N/c2ccc(-c3ccc(N/N=C4\C(=O)c5cc(N)ccc5C=C4S(=O)(=O)[O][Na])cc3)cc2)c1N,0,0,True,128
1016,Nc1ccc2c(c1)C(=O)/C(=N\Nc1ccc(-c3ccc(/N=N/c4cc(/N=N/c5ccc(S(=O)(=O)[O][Na])cc5)c(N)cc4N)cc3)cc1S(=O)(=O)[O][Na])C(S(=O)(=O)[O][Na])=C2,0,0,True,124
1017,Nc1ccc(/N=N/c2ccc3c(c2)C=C(S(=O)(=O)[O][Na])/C(=N/Nc2cc(S(=O)(=O)[O][Na])cc4c2C(=O)/C(=N\Nc2ccc(-c5ccc(/N=N/c6ccc(O)c(C(=O)[O][Na])c6)cc5)cc2)C(S(=O)(=O)[O][Na])=C4)C3=O)c(N)c1,0,0,True,164
1018,O=C([O][Na])c1cc(/N=N\c2ccc(-c3ccc(/N=N/c4ccc(/N=N/c5cc(/N=N/c6cc(S(=O)(=O)[O][Na])cc7c(/N=N/c8ccc(O)c(/N=N/c9ccc(/N=N/c%10ccc(-c%11ccc(/N=N\c%12ccc(O)c(C(=O)[O][Na])c%12)cc%11)cc%10)c%10ccc(S(=O)(=O)[O][Na])cc9%10)c8)cc(S(=O)(=O)[O][Na])cc67)ccc5O)c5cc(S(=O)(=O)[O][Na])ccc45)cc3)cc2)ccc1O,0,0,True,126
1019,Nc1c(/N=N/c2cccc3ccccc23)c(S(=O)(=O)[O][Na])cc2cc(S(=O)(=O)[O][Na])c(/N=N/c3ccc(-c4ccc(/N=N\c5ccc(O)c(C(=O)[O][Na])c5)cc4)cc3)c(O)c12,0,0,True,127
1020,Nc1ccc(/N=N/c2ccc(S(=O)(=O)[O][Na])cc2)c2ccccc12,0,0,True,62
1021,Nc1cc(N)c(/N=N/c2ccc(-c3ccc(/N=N/c4ccc(O)c(C(=O)[O][Na])c4)cc3)cc2)cc1/N=N\c1ccc(S(=O)(=O)[O][Na])cc1S(=O)(=O)[O][Na],0,0,True,103
1022,Nc1ccc(/N=N/c2ccc(-c3ccc(/N=N/c4cc(S(=O)(=O)[O][Na])c5ccccc5c4N)cc3)cc2)c(N)c1,0,0,True,82
1023,Nc1ccc(/N=N/c2ccc3c(c2)C(=O)/C(=N\Nc2ccc(-c4ccc(/N=N/c5ccc(O)cc5)cc4S(=O)(=O)[O][Na])c(S(=O)(=O)[O][Na])c2)C(S(=O)(=O)[O][Na])=C3)c(N)c1,0,0,True,129
1024,O=C([O][Na])c1cc(/N=N/c2ccc(-c3ccc(/N=N/c4c(O)ccc(/N=N/c5cc(S(=O)(=O)[O][Na])ccc5O)c4O)cc3)cc2)ccc1O,0,0,True,102
1025,COc1cc(/N=N/c2ccc(/N=N/c3cc(S(=O)(=O)OC)c4cccc(S(=O)(=O)[O][Na])c4c3)c3ccccc23)c(C)cc1/N=N/c1cc([N+](=O)[O-])c(N)cc1N.[Na],0,0,True,131
1026,Nc1c(/N=N/c2ccc(-c3ccc(/N=N/c4ccc(O)cc4)cc3)cc2)c(S(=O)(=O)[O][Na])cc2c1C(=O)/C(=N\Nc1ccccc1)C(S(=O)(=O)[O][Na])=C2,0,0,True,113
1027,Nc1c(/N=N/c2ccccc2Cl)c(S(=O)(=O)[O][Na])cc2c1C(=O)/C(=N\Nc1ccc(-c3ccc(/N=N\c4ccc(O)cc4)cc3)cc1)C(S(=O)(=O)[O][Na])=C2,0,0,True,126
1028,CCOc1cc(/N=N/C2C=c3c(S(=O)(=O)[O][Na])cccc3=CC2)c2ccccc2c1N/N=C1/C=C(S(=O)(=O)[O][Na])c2cccc(O)c2C1=O,0,0,True,135
1029,Nc1c(/N=N/c2cc(Cl)ccc2Cl)c(S(=O)(=O)[O][Na])cc2c1C(=O)/C(=N\Nc1ccc(-c3ccc(/N=N\c4ccc(O)cc4)cc3)cc1)C(S(=O)(=O)[O][Na])=C2,0,0,True,127
1030,CCOc1cc(/N=N/c2ccc(-c3ccccc3)cc2S(=O)(=O)[O][Na])c2cc(S(=O)(=O)[O][Na])ccc2c1N/N=C1\C(=O)c2c(cccc2NC(=O)c2ccccc2)C=C1S(=O)(=O)[O][Na],0,0,True,155
1031,Nc1c(/N=N/c2ccc(-c3ccc(/N=N/c4ccc(O)cc4)cc3)cc2)c(S(=O)(=O)[O][Na])cc2c1C(=O)/C(=N\Nc1cccc3ccccc13)C(S(=O)(=O)[O][Na])=C2,0,0,True,127
1032,Cc1cc(-c2ccc(N/N=C3/C=Cc4c(S(=O)(=O)[O][Na])cc(/N=N/c5cc(S(=O)(=O)[O][Na])ccc5S(=O)(=O)[O][Na])c(N)c4C3=O)c(C)c2)ccc1/N=N\c1ccc(O)c(C(=O)[O][Na])c1,0,0,True,149
1033,Nc1c(S(=O)(=O)[O][Na])cc(S(=O)(=O)[O][Na])c2c1C(=O)/C(=N\Nc1ccc(/N=N/c3ccc(-c4ccc(/N=N\c5ccc(O)c(C(=O)[O][Na])c5)cc4)cc3)c3cc(S(=O)(=O)[O][Na])ccc13)C=C2,0,0,True,148
1034,Nc1c(S(=O)(=O)[O][Na])cc(S(=O)(=O)[O][Na])c2c1C(=O)/C(=N\Nc1ccc(-c3ccc(/N=N/c4ccc(O)c(C(=O)[O][Na])c4)cc3)cc1)C=C2,0,0,True,118
1035,O=C([O][Na])c1cc(/N=N\c2ccc(-c3ccc(/N=N/c4ccc(N/N=C5/C=C(S(=O)(=O)[O][Na])c6cccc(O)c6C5=O)c5cc(S(=O)(=O)[O][Na])ccc45)cc3)cc2)ccc1O,0,0,True,141
1036,CCOc1cc(/N=N/c2ccc(/C=C/c3ccc(/N=N\c4ccc(OC)cc4)cc3S(=O)(=O)[O][Na])c(S(=O)(=O)[O][Na])c2)c2cc(S(=O)(=O)[O][Na])ccc2c1NN=C1C=Cc2c(S(=O)(=O)[O][Na])ccc(NC(C)=O)c2C1=O,0,0,True,156
1037,COc1ccc(/N=N\c2ccc(/C=C/c3ccc(/N=N/c4cc(OCCO)c(NN=C5C=Cc6c(S(=O)(=O)[O][Na])ccc(NC(C)=O)c6C5=O)c5ccc(S(=O)(=O)[O][Na])cc45)cc3S(=O)(=O)[O][Na])c(S(=O)(=O)[O][Na])c2)cc1,0,0,True,159
1038,COc1cc(/N=N/c2cc(S(=O)(=O)[O][Na])cc3cc(S(=O)(=O)[O][Na])cc(O)c23)c(C)cc1N/N=C1\C(=O)c2c(cc(S(=O)(=O)[O][Na])cc2Nc2nc(Nc3ccccc3)nc(Nc3ccc(/N=N/c4ccc(C(=O)[O][Na])c(O)c4)cc3)n2)C=C1S(=O)(=O)[O][Na],0,0,True,188
1039,Nc1c(S(=O)(=O)[O][Na])cc(Nc2ccc(Nc3nc(Nc4ccccc4)nc(Nc4ccc(/N=N/c5ccc(O)c(C(=O)[O][Na])c5)cc4)n3)c(S(=O)(=O)[O][Na])c2)c2c1C(=O)c1ccccc1C2=O,0,0,True,144
1040,CCOc1cc(/N=N/c2ccc(NC(=O)c3ccc(/N=N\c4ccc(O)c(C(=O)[O][Na])c4)cc3)cc2)c2cc(S(=O)(=O)[O][Na])ccc2c1N/N=C1\C(=O)c2c(cc(S(=O)(=O)[O][Na])cc2NC(C)=O)C=C1S(=O)(=O)[O][Na],0,0,True,173
1041,CCOc1cc(/N=N/c2cc(C)c(/N=N/c3ccc4cccc(S(=O)(=O)[O][Na])c4c3)c(C)c2)c2cc(S(=O)(=O)[O][Na])ccc2c1N/N=C1\C(=O)c2c(cc(S(=O)(=O)[O][Na])cc2NC(C)=O)C=C1S(=O)(=O)[O][Na],0,0,True,168
1042,CCOc1cc(/N=N\c2ccc(/C=C/c3ccc(-n4nc5cc(S(=O)(=O)[O][Na])c6ccccc6c5n4)cc3S(=O)(=O)[O][Na])c(S(=O)(=O)[O][Na])c2)c2cc(S(=O)(=O)[O][Na])ccc2c1N/N=C1\C(=O)c2ccc(Nc3ccccc3)cc2C=C1S(=O)(=O)[O][Na],0,0,True,196
1043,CCOc1cc(/N=N/c2ccc(/C=C/c3ccc(/N=N\c4ccc(OC)cc4)cc3S(=O)(=O)[O][Na])c(S(=O)(=O)[O][Na])c2)c2cc(S(=O)(=O)[O][Na])ccc2c1N/N=C1\C(=O)c2ccc(Nc3cccc(C(=O)[O][Na])c3)cc2C=C1S(=O)(=O)[O][Na],0,0,True,177
1044,COc1ccc(/N=N\c2ccc(/C=C/c3ccc(/N=N/c4cc(OCCO)c(N/N=C5\C(=O)c6ccc(Nc7cccc(C(=O)[O][Na])c7)cc6C=C5S(=O)(=O)[O][Na])c5ccc(S(=O)(=O)[O][Na])cc45)cc3S(=O)(=O)[O][Na])c(S(=O)(=O)[O][Na])c2)cc1,0,0,True,180
1045,CCOc1cc(/N=N/c2cc(Cl)c(S(=O)(=O)[O][Na])cc2Cl)c2cc(S(=O)(=O)[O][Na])ccc2c1N/N=C1\C(=O)c2ccc(NC(=O)c3ccc(N)cc3)cc2C=C1S(=O)(=O)[O][Na],0,0,True,154
1046,Nc1ccc(N/N=C2/C=Cc3c(S(=O)(=O)[O][Na])cc(/N=N/c4ccc(-c5ccc(/N=N/c6ccc(O)c(C(=O)[O][Na])c6)cc5)cc4)c(N)c3C2=O)cc1,0,0,True,126
1047,Nc1ccc(C(=O)Nc2ccc3c(c2)C=C(S(=O)(=O)[O][Na])/C(=N/Nc2ccc(/N=N/c4ccc5c(S(=O)(=O)[O][Na])cccc5c4)c4c(O)cc(S(=O)(=O)[O][Na])cc24)C3=O)cc1,0,0,True,161
1048,Cc1[nH]c2ccccc2c1/N=N/c1ccc2c(c1)C(=O)/C(=N\Nc1ccc(/N=N/c3ccc(N)c4ccc(S(=O)(=O)[O][Na])cc34)c3cc(S(=O)(=O)[O][Na])ccc13)C(S(=O)(=O)[O][Na])=C2,0,0,True,151
1049,CCOc1cc(/N=N/c2c(C)cc(S(=O)(=O)[O][Na])cc2Cl)c2cc(S(=O)(=O)[O][Na])ccc2c1N/N=C1\C(=O)c2c(cc(S(=O)(=O)[O][Na])cc2NC(=O)c2ccc(N)cc2)C=C1S(=O)(=O)[O][Na],0,0,True,152
1050,CCOc1cc(/N=N/c2ccc(N)cc2S(=O)(=O)[O][Na])c2cc(S(=O)(=O)[O][Na])ccc2c1N/N=C1\C(=O)c2ccc(NC(=O)c3ccc(N/N=C4\C(=O)N(c5ccccc5)N=C4C)cc3)cc2C=C1S(=O)(=O)[O][Na],0,0,True,186
1051,CCOc1cc(/N=N/c2ccc(/N=N\c3cccc(S(=O)(=O)[O][Na])c3)c3ccc(S(=O)(=O)[O][Na])cc23)c2cc(S(=O)(=O)[O][Na])ccc2c1N/N=C1\C(=O)c2ccc(NC(=O)c3cccc(N)c3)cc2C=C1S(=O)(=O)[O][Na],0,0,True,172
1052,Nc1c(/N=N\c2ccc(NC(=O)Nc3ccc(/N=N/c4cc(S(=O)(=O)[O][Na])c5cc(S(=O)(=O)[O][Na])cc(O)c5c4N)cc3)cc2)cc(S(=O)(=O)[O][Na])c2cc(S(=O)(=O)[O][Na])cc(O)c12,0,0,True,88
1053,COc1cc(-c2ccc(N/N=C3/C=Cc4c(S(=O)(=O)[O][Na])ccc(N)c4C3=O)c(OC)c2)ccc1/N=N/c1ccc(O)cc1,0,0,True,118
1054,Nc1ccc(/N=N/c2cc(S(=O)(=O)[O][Na])c3c(c2N)C(=O)/C(=N\Nc2ccc(-c4ccc(/N=N/c5ccc(O)cc5)cc4)cc2)C(S(=O)(=O)[O][Na])=C3)cc1,0,0,True,119
1055,COc1cc(/N=N/c2cc(C(=O)[O][Na])c(O)c(S(=O)(=O)[O][Na])c2)c(C)cc1N/N=C1\C(=O)c2c(cc(S(=O)(=O)[O][Na])cc2Nc2nc(Nc3ccccc3)nc(Nc3ccc(/N=N/c4ccc(C(=O)[O][Na])c(O)c4)cc3)n2)C=C1S(=O)(=O)[O][Na],0,0,True,181
1056,Nc1c(/N=N/c2ccc([N+](=O)[O-])cc2)c(S(=O)(=O)[O][Na])cc2c1C(=O)/C(=N\Nc1ccc(-c3ccc(/N=N\c4ccc(O)cc4)cc3)cc1)C(S(=O)(=O)[O][Na])=C2,0,0,True,124
1057,Nc1c(/N=N/c2ccc(-c3ccc(/N=N/c4ccc(O)c(C(=O)[O][Na])c4)cc3)cc2)cc(S(=O)(=O)[O][Na])c2cc(S(=O)(=O)[O][Na])cc(O)c12,0,0,True,101
1058,Cc1cc(/N=N\c2ccc(-c3ccc(N/N=C4\C(=O)c5c(cc(S(=O)(=O)[O][Na])c(/N=N/c6cc(Cl)ccc6Cl)c5N)C=C4S(=O)(=O)[O][Na])cc3)cc2)ccc1O,0,0,True,133
1059,Nc1c(/N=N/c2ccc([N+](=O)[O-])cc2)c(S(=O)(=O)[O][Na])cc2c1C(=O)/C(=N\Nc1ccc(-c3ccc(/N=N\c4ccc(O)c(C(=O)[O][Na])c4)cc3)cc1)C(S(=O)(=O)[O][Na])=C2,0,0,True,138
1060,Cc1cc(-c2ccc(/N=N/c3c(S(=O)(=O)[O][Na])cc4c(c3N)C(=O)/C(=N\Nc3ccccc3)C(S(=O)(=O)[O][Na])=C4)c(C)c2)ccc1/N=N/c1ccc(O)cc1,0,0,True,124
1061,Nc1c(/N=N/c2ccc([N+](=O)[O-])cc2)c(S(=O)(=O)[O][Na])cc2cc(S(=O)(=O)[O][Na])c(/N=N/c3ccc(C(=O)Nc4ccc(/N=N\c5ccc(O)cc5)cc4)cc3)c(O)c12,0,0,True,119
1062,Nc1c(/N=N/c2ccccc2[N+](=O)[O-])c(S(=O)(=O)[O][Na])cc2c1C(=O)/C(=N\Nc1ccc(-c3ccc(/N=N/c4ccc(O)c(C(=O)[O][Na])c4)cc3)cc1)C(S(=O)(=O)[O][Na])=C2,0,0,True,145
1063,O=C([O][Na])c1cc(/N=N/c2ccc(-c3ccc(/N=N/c4c(C(=O)[O][Na])nn(-c5ccc(S(=O)(=O)[O][Na])cc5)c4O)cc3)cc2)ccc1O,0,0,True,101
1064,Cc1cc(-c2ccc(/N=N/c3c(N)c(C)cc(S(=O)(=O)[O][Na])c3N)c(C)c2)ccc1/N=N/c1c(N)c(C)cc(S(=O)(=O)[O][Na])c1N,0,0,True,63
1065,CCOc1ccc(/N=N/c2ccc(-c3ccc(/N=N/c4c(N)c(S(=O)(=O)[O][Na])cc5cc(S(=O)(=O)[O][Na])ccc45)cc3)cc2)cc1,0,0,True,97
1066,O=C(Nc1ccc2c(c1)C=C(S(=O)(=O)[O][Na])/C(=N/Nc1ccccc1)C2=O)Nc1ccc2c(c1)C=C(S(=O)(=O)[O][Na])/C(=N/Nc1ccc(C(=O)[O][Na])cc1)C2=O,0,0,True,98
1067,O=C([O][Na])c1cc(/N=N/c2ccc(/N=N/c3ccc(S(=O)(=O)[O][Na])c(C(=O)[O][Na])c3O)cc2)ccc1O,0,0,True,79
1068,Cc1ccccc1N/N=C1/C=Cc2cc(NC(=O)Nc3ccc4c(c3)C=C(S(=O)(=O)[O][Na])/C(=N/Nc3ccc(S(=O)(=O)[O][Na])cc3)C4=O)ccc2C1=O,0,0,True,126
1069,Cc1ccc(N/N=C2\C(=O)c3ccc(NC(=O)Nc4ccc5c(c4)C=C(S(=O)(=O)[O][Na])/C(=N/Nc4ccc(C)cc4S(=O)(=O)[O][Na])C5=O)cc3C=C2S(=O)(=O)[O][Na])c(S(=O)(=O)[O][Na])c1,0,0,True,93
1070,CCOc1ccc(/N=N/c2ccc(-c3ccc(/N=N/c4c(N)c(S(=O)(=O)[O][Na])cc5cc(S(=O)(=O)[O][Na])ccc45)c(C)c3)cc2C)cc1,0,0,True,108
1071,Cc1ccc2nc(-c3ccc(/N=N/c4c(C(=O)[O][Na])nn(-c5ccc(S(=O)(=O)[O][Na])cc5)c4O)cc3)sc2c1S(=O)(=O)[O][Na],0,0,True,116
1072,Cc1ccc2nc(-c3ccc(/N=N/c4ccc(O)c(/N=N/c5ccccc5)c4O)cc3)sc2c1S(=O)(=O)[O][Na],0,0,True,107
1073,Cc1ccc2nc(-c3ccc4nc(-c5ccc(/N=N/c6ccc(O)c(/N=N/c7ccccc7)c6O)cc5)sc4c3)sc2c1S(=O)(=O)[O][Na],0,0,True,131
1074,Cc1ccc2nc(-c3ccc4nc(-c5ccc(/N=N\c6c(O)ccc(/N=N/c7ccc(-c8nc9ccc(-c%10nc%11ccc(C)c(S(=O)(=O)[O][Na])c%11s%10)cc9s8)cc7)c6O)cc5)sc4c3)sc2c1S(=O)(=O)[O][Na],0,0,True,123
1075,Cc1nn(-c2ccc3c(S(=O)(=O)[O][Na])cc(S(=O)(=O)[O][Na])cc3c2)c(O)c1/N=N/c1ccc(-c2ccc(/N=N\c3ccc(O)c(C(=O)[O][Na])c3)cc2)cc1,0,0,True,122
1076,Cc1nn(-c2cccc(S(=O)(=O)[O][Na])c2)c(O)c1/N=N/c1ccc(-c2ccc(/N=N\c3ccc(O)c(C(=O)[O][Na])c3)cc2)cc1,0,0,True,106
1077,Cc1ccc2nc(-c3ccc4nc(-c5ccc(/N=N/c6c(N)c(/N=N/c7cccc(S(=O)(=O)[O][Na])c7)cc(S(=O)(=O)[O][Na])c6N)cc5)sc4c3)sc2c1S(=O)(=O)[O][Na],0,0,True,145
1078,Cc1cc(/N=N/c2ccc(-c3ccc(/N=N/c4cc(S(=O)(=O)[O][Na])c5ccccc5c4N)cc3)cc2)ccc1O,0,0,True,86
1079,O=C(Nc1ccc2c(c1)C=C(S(=O)(=O)[O][Na])/C(=N/Nc1ccccc1)C2=O)Nc1ccc2c(c1)C=C(S(=O)(=O)[O][Na])/C(=N/Nc1ccccc1)C2=O,0,0,True,81
1080,O=C(Nc1ccc2c(c1)C=C(S(=O)(=O)[O][Na])/C(=N/Nc1ccccc1)C2=O)Nc1ccc2c(c1)C=C(S(=O)(=O)[O][Na])/C(=N/Nc1cccc(C(=O)[O][Na])c1)C2=O,0,0,True,104
1081,Nc1cc(N)c([N+](=O)[O-])cc1/N=N/c1ccc(C(=O)Nc2ccc3c(c2)C=C(S(=O)(=O)[O][Na])/C(=N/Nc2ccc(S(=O)(=O)[O][Na])cc2)C3=O)cc1,0,0,True,132
1082,CC1=NN(c2ccc(S(=O)(=O)[O][Na])cc2)C(=O)/C1=N\Nc1ccc(-c2ccc(/N=N/c3cc(C)c(O)c(C(=O)[O][Na])c3)c(C)c2)cc1C,0,0,True,126
1083,CC1=NN(c2ccc(S(=O)(=O)[O][Na])cc2)C(=O)/C1=N\Nc1ccc(-c2ccc(/N=N/c3ccc(O)c(C(=O)[O][Na])c3)c(C)c2)cc1C,0,0,True,124
1084,Cc1nn(-c2cc(S(=O)(=O)[O][Na])c3cccc(S(=O)(=O)[O][Na])c3c2)c(O)c1/N=N/c1ccc(-c2ccc(/N=N/c3ccc(O)c(C(=O)[O][Na])c3)cc2)cc1,0,0,True,121
1085,Cc1cc(N)ccc1/N=N/c1ccc(S(=O)(=O)[O][Na])cc1,0,0,True,56
1086,Nc1ccc(/N=N/c2ccc(S(=O)(=O)[O][Na])cc2)cc1,0,0,True,42
1087,Cc1cc(/N=N/c2cccc(S(=O)(=O)[O][Na])c2)c(C)cc1N,0,0,True,62
1088,Cc1cc(/N=N/c2ccc(S(=O)(=O)[O][Na])cc2)c(C)cc1N,0,0,True,57
1089,COc1cc(/N=N/c2cccc(S(=O)(=O)[O][Na])c2)c(C)cc1N,0,0,True,67
1090,COc1cc(/N=N/c2ccc(S(=O)(=O)[O][Na])cc2)c(C)cc1N,0,0,True,62
1091,Nc1cc(N)c([N+](=O)[O-])cc1/N=N/c1ccc(-c2ccc(/N=N/c3cc([N+](=O)[O-])c(N)cc3N)c(S(=O)(=O)[O][Na])c2)cc1S(=O)(=O)[O][Na],0,0,True,68
1092,COc1ccc(/N=N/c2cc(C)c(N)cc2C)cc1S(=O)(=O)[O][Na],0,0,True,66
1093,COc1cc(/N=N/c2cc(S(=O)(=O)[O][Na])cc3ccc(S(=O)(=O)[O][Na])cc23)c(C)cc1NC(=O)Nc1cc(C)c(/N=N/c2cc(S(=O)(=O)[O][Na])cc3ccc(S(=O)(=O)[O][Na])cc23)cc1OC,0,0,True,92
1094,O=C([O][Na])C1=NN(c2ccccc2)C(O)C1/N=N/c1ccc(C(=O)Nc2ccc3c(O)c(/N=N/c4ccccc4)c(S(=O)(=O)[O][Na])cc3c2)cc1,0,0,True,130
1095,Cc1cc(-c2ccc(/N=N/c3cc(S(=O)(=O)[O][Na])c(N)cc3N)c(C)c2)ccc1/N=N/c1cc(C)c(O)c(C(=O)[O][Na])c1,0,0,True,95
1096,Cc1cc(-c2ccc(/N=N/c3c(N)c(C)cc(S(=O)(=O)[O][Na])c3N)c(C)c2)ccc1/N=N/c1ccc(O)c(C(=O)[O][Na])c1,0,0,True,93
1097,Nc1ccc(/N=N/c2cccc(S(=O)(=O)[O][Na])c2)cc1,0,0,True,52
1098,COc1ccc(/N=N/c2ccc(/C=C/c3ccc(N)cc3S(=O)(=O)[O][Na])c(S(=O)(=O)[O][Na])c2)cc1,0,0,True,74
1099,COc1cc(/N=N/c2ccc(S(=O)(=O)[O][Na])c3ccc(S(=O)(=O)[O][Na])cc23)c(C)cc1NC(=O)Nc1cc(C)c(/N=N/c2ccc(S(=O)(=O)[O][Na])c3ccc(S(=O)(=O)[O][Na])cc23)cc1OC,0,0,True,93
1100,Cc1cc(-c2ccc(/N=N/c3c(N)c(C)cc(S(=O)(=O)[O][Na])c3N)c(C)c2)ccc1/N=N/c1cc(C)c(O)c(C(=O)[O][Na])c1,0,0,True,96
1101,COc1cc(/N=N/c2cccc(S(=O)(=O)[O][Na])c2)ccc1N,0,0,True,58
1102,Nc1ccc(/N=N/c2ccc(C(=O)[O][Na])cc2)cc1,0,0,True,43
1103,COc1cc(/N=N/c2ccc3cc(S(=O)(=O)[O][Na])cc(S(=O)(=O)[O][Na])c3c2)c(C)cc1NC(=O)Nc1cc(C)c(/N=N/c2ccc3cc(S(=O)(=O)[O][Na])cc(S(=O)(=O)[O][Na])c3c2)cc1OC,0,0,True,95
1104,Nc1cccc(N2N=C(C(=O)[O][Na])/C(=N/Nc3cccc(NC(=O)c4cccc(N/N=C5\C(=O)N(c6cccc(N)c6)N=C5C(=O)[O][Na])c4)c3)C2=O)c1,0,0,True,98
1105,Cc1cc(NC(=O)c2ccc(N/N=C3\C(=O)c4ccc(NC(=O)c5ccc(N)cc5)cc4C=C3S(=O)(=O)[O][Na])cc2)ccc1/N=N/c1ccc2cc(S(=O)(=O)[O][Na])cc(S(=O)(=O)[O][Na])c2c1,0,0,True,155
1106,Nc1cccc(C(=O)Nc2cccc(C(=O)Nc3ccc4c(c3)C=C(S(=O)(=O)[O][Na])/C(=N/Nc3ccccc3)C4=O)c2)c1,0,0,True,108
1107,Nc1c(/N=N/c2ccc(-c3ccc(/N=N/c4ccc(O)c(C(=O)[O][Na])c4)cc3)cc2)cc(S(=O)(=O)[O][Na])c2ccccc12,0,0,True,93
1108,Cc1cc(/N=N/c2ccc(-c3ccc(/N=N/c4cc(S(=O)(=O)[O][Na])c5ccccc5c4N)cc3)cc2)cc(C(=O)[O][Na])c1O,0,0,True,99
1109,Cc1c(S(=O)(=O)[O][Na])ccc2nc(-c3ccc(/N=N/c4ccc(O)c(/N=N/c5ccccc5)c4O)cc3)sc12,0,0,True,107
1110,COc1cc(/N=N/c2cc(S(=O)(=O)[O][Na])cc(NC(=O)c3cccc(N)c3)c2C)c(C)cc1NC(=O)Nc1cc(C)c(/N=N/c2cc(S(=O)(=O)[O][Na])cc(NC(=O)c3cccc(N)c3)c2C)cc1OC,0,0,True,103
1111,CC1=NN(c2ccc(-c3nc4ccc(C)c(S(=O)(=O)[O][Na])c4s3)cc2)C(=O)/C1=N\Nc1ccc(NC(=O)c2cccc(N)c2)cc1S(=O)(=O)[O][Na],0,0,True,144
1112,Nc1cccc(N2N=C(C(=O)[O][Na])/C(=N/Nc3ccc(C(=O)Nc4ccc(NC(=O)Nc5ccc(NC(=O)c6ccc(N/N=C7\C(=O)N(c8cccc(N)c8)N=C7C(=O)[O][Na])cc6)c(S(=O)(=O)[O][Na])c5)cc4S(=O)(=O)[O][Na])cc3)C2=O)c1,0,0,True,115
1113,Nc1cccc(N2N=C(C(=O)[O][Na])/C(=N/Nc3ccc(C(=O)Nc4ccc5c(c4)C=C(S(=O)(=O)[O][Na])/C(=N/Nc4ccccc4)C5=O)cc3)C2=O)c1,0,0,True,137
1114,Cc1cc(/N=N/c2ccc(Oc3ccc(/N=N/c4cc(C)c(N)cc4O)cc3S(=O)(=O)[O][Na])cc2)c(O)cc1N,0,0,True,86
1115,O=C([O][Na])c1cc(/N=N\c2ccc(Nc3nc(Nc4ccc(/N=N/c5ccc(O)c(C(=O)[O][Na])c5)cc4)nc(Nc4ccc5c(O)c(/N=N/c6ccccc6C(=O)[O][Na])c(S(=O)(=O)[O][Na])cc5c4)n3)cc2)ccc1O,0,0,True,128
1116,CC1=NN(c2cccc(S(=O)(=O)[O][Na])c2)C(=O)/C1=N\Nc1ccc(NC(=O)Nc2ccc(N/N=C(\C(=O)Nc3ccccc3)C(C)O)c(C(=O)[O][Na])c2)cc1C(=O)[O][Na],0,0,True,133
1117,Nc1ccc2cc(C(=O)[O][Na])cc(O)c2c1/N=N/c1ccc(-c2ccc(/N=N/c3ccc(O)c(C(=O)[O][Na])c3)cc2)cc1,0,0,True,93
1118,Nc1c(/N=N/c2ccc(-c3ccc(/N=N/c4cc(S(=O)(=O)[O][Na])c5ccccc5c4O)cc3)cc2)cc(S(=O)(=O)[O][Na])c2ccccc12,0,0,True,85
1119,Nc1c(S(=O)(=O)[O][Na])cc2cc(S(=O)(=O)[O][Na])cc(O)c2c1/N=N/c1ccc(NC(=O)Nc2ccc(/N=N/c3c(N)c(S(=O)(=O)[O][Na])cc4cc(S(=O)(=O)[O][Na])cc(O)c34)cc2)cc1,0,0,True,85
1120,Nc1cc(N)c([N+](=O)[O-])cc1/N=N/c1ccc(/N=N/c2ccc(/N=N/c3cc(S(=O)(=O)[O][Na])ccc3S(=O)(=O)[O][Na])c3ccccc23)c2ccc(S(=O)(=O)[O][Na])cc12,0,0,True,105
1121,Cc1cc(S(=O)(=O)[O][Na])cc(Cl)c1/N=N/c1ccc(N/N=C2\C(=O)c3ccc(NC(=O)C4CCCCC4)cc3C=C2S(=O)(=O)[O][Na])cc1,0,0,True,128
1122,Cc1ccc(/N=N/c2c(S(=O)(=O)[O][Na])cc3cc(S(=O)(=O)[O][Na])cc(Nc4nc(Cl)nc(Cc5ccc(-c6nc7ccc(C)cc7s6)cc5)n4)c3c2O)cc1,0,0,True,140
1123,CC(=O)Nc1ccc(NC(=O)Nc2ccc3c(c2)C=C(S(=O)(=O)[O][Na])/C(=N/Nc2ccc(/N=N/c4c(Cl)cc(Cl)cc4S(=O)(=O)[O][Na])c(C)c2)C3=O)cc1,0,0,True,134
1124,CC(=O)Nc1ccc(NC(=O)Nc2ccc3c(c2)C=C(S(=O)(=O)[O][Na])/C(=N/Nc2ccc(-c4nc5ccc(C)c(S(=O)(=O)[O][Na])c5s4)cc2S(=O)(=O)[O][Na])C3=O)cc1,0,0,True,147
1125,Nc1ccc(C(=O)Nc2ccc3c(c2)C=C(S(=O)(=O)[O][Na])/C(=N/Nc2ccc(/N=N/c4ccc(S(=O)(=O)[O][Na])cc4)cc2)C3=O)cc1,0,0,True,113
1126,Nc1cccc(C(=O)Nc2ccc3c(c2)C=C(S(=O)(=O)[O][Na])/C(=N/Nc2ccccc2)C3=O)c1,0,0,True,98
1127,Cc1ccccc1N/N=C1\C(=O)c2ccc3nc(-c4ccc(N)cc4)sc3c2C=C1S(=O)(=O)[O][Na],0,0,True,105
1128,Nc1ccc2c(c1)C=C(S(=O)(=O)[O][Na])/C(=N/Nc1cccc(NC(=O)Nc3cccc(N/N=C4\C(=O)c5ccc(N)cc5C=C4S(=O)(=O)[O][Na])c3)c1)C2=O,0,0,True,86
1129,Cc1cc(N/N=C2\C(=O)c3ccc(NC(=O)c4ccc(N)cc4)cc3C=C2S(=O)(=O)[O][Na])ccc1/N=N/c1cccc(S(=O)(=O)[O][Na])c1,0,0,True,130
1130,Nc1cccc(N/N=C2\C(=O)c3ccc(NC(=O)Nc4ccc5c(c4)C=C(S(=O)(=O)[O][Na])/C(=N/Nc4cccc(N)c4)C5=O)cc3C=C2S(=O)(=O)[O][Na])c1,0,0,True,87
1131,COc1ccccc1N/N=C1\C(=O)c2ccc(NC(=O)c3ccc(N)cc3)cc2C=C1S(=O)(=O)[O][Na],0,0,True,103
1132,Cc1ccc(N/N=C2\C(=O)c3ccc(NC(=O)c4cccc(N)c4)cc3C=C2S(=O)(=O)[O][Na])c(C)c1,0,0,True,107
1133,Cc1cc(S(=O)(=O)[O][Na])ccc1/N=N/c1ccc(N/N=C2\C(=O)c3ccc(NC(=O)c4cccc(N)c4)cc3C=C2S(=O)(=O)[O][Na])c(C)c1,0,0,True,134
1134,Cc1cc(S(=O)(=O)[O][Na])ccc1/N=N/c1ccc(N/N=C2\C(=O)c3ccc(NC(=O)c4ccc(N)cc4)cc3C=C2S(=O)(=O)[O][Na])c(C)c1,0,0,True,131
1135,Nc1ccc2cc(S(=O)(=O)[O][Na])cc(O)c2c1/N=N/c1ccc(-c2ccc(/N=N/c3cc(S(=O)(=O)[O][Na])c4ccccc4c3N)cc2)cc1,0,0,True,107
1136,Cc1cc(C(=O)Nc2ccc3c(c2)C=C(S(=O)(=O)[O][Na])/C(=N/Nc2ccc(/N=N/c4cc(S(=O)(=O)[O][Na])c5cccc(S(=O)(=O)[O][Na])c5c4)c(C)c2)C3=O)ccc1N,0,0,True,145
1137,COC(=O)c1cccc(/N=N/c2c(S(=O)(=O)[O][Na])cc3cc(NC(=O)Nc4ccc5c(O)c(/N=N/c6ccccc6C(C)=O)c(S(=O)(=O)[O][Na])cc5c4)ccc3c2O)c1,0,0,True,115
1138,Nc1ccc(C(=O)Nc2ccc3c(c2)C=C(S(=O)(=O)[O][Na])/C(=N/Nc2ccc(C(=O)Nc4ccc(N/N=C5\C(=O)N(c6ccccc6)N=C5C(=O)[O][Na])cc4)cc2)C3=O)cc1,0,0,True,141
1139,Cc1ccccc1N/N=C1\C(=O)c2ccc3nc(-c4cccc(N)c4)[nH]c3c2C=C1S(=O)(=O)[O][Na],0,0,True,107
1140,Cc1cc(C(=O)Nc2ccc3c(c2)C=C(S(=O)(=O)[O][Na])/C(=N/Nc2ccc(C(=O)Nc4ccc(O)c(C(=O)[O][Na])c4)cc2C)C3=O)ccc1N,0,0,True,125
1141,Nc1ccc(C(=O)Nc2ccc3c(c2)C=C(S(=O)(=O)[O][Na])/C(=N/Nc2ccc(C(=O)Nc4ccc(O)c(C(=O)[O][Na])c4)cc2)C3=O)cc1,0,0,True,116
1142,Nc1ccc(C(=O)Nc2ccc3c(c2)C=C(S(=O)(=O)[O][Na])/C(=N/Nc2ccc(NC(=O)c4ccc(N)cc4)cc2S(=O)(=O)[O][Na])C3=O)cc1,0,0,True,106
1143,Nc1ccc2c(c1)C=C(S(=O)(=O)[O][Na])/C(=N/Nc1cccc(/N=N/c3cccc(N/N=C4\C(=O)c5ccc(N)cc5C=C4S(=O)(=O)[O][Na])c3)c1)C2=O,0,0,True,82
1144,Nc1cccc(N/N=C2\C(=O)c3ccc(Nc4ccc5c(c4)C=C(S(=O)(=O)[O][Na])/C(=N/Nc4cccc(N)c4)C5=O)cc3C=C2S(=O)(=O)[O][Na])c1,0,0,True,81
1145,Cc1cc(-c2ccc(/N=N/c3c(N)c(S(=O)(=O)[O][Na])cc4cc(S(=O)(=O)[O][Na])cc(O)c34)c(C)c2)ccc1/N=N/c1cc(S(=O)(=O)[O][Na])c2ccccc2c1N,0,0,True,113
1146,Cc1cc(NC(=O)c2cc(S(=O)(=O)[O][Na])c3cccc(S(=O)(=O)[O][Na])c3c2)cc(C)c1N/N=C1\C(=O)c2ccc(NC(=O)c3ccc(N)cc3)cc2C=C1S(=O)(=O)[O][Na],0,0,True,137
1147,Nc1ccc(C(=O)Nc2cccc(C(=O)Nc3ccc4c(c3)C=C(S(=O)(=O)[O][Na])/C(=N/Nc3ccc(/N=N\c5ccc(S(=O)(=O)[O][Na])cc5)cc3)C4=O)c2)cc1,0,0,True,129
1148,Nc1cccc(C(=O)Nc2ccc3c(c2)C=C(S(=O)(=O)[O][Na])/C(=N/Nc2ccc(/N=N/c4ccc(S(=O)(=O)[O][Na])cc4)cc2)C3=O)c1,0,0,True,115
1149,Nc1ccc(C(=O)Nc2ccc3c(c2)C=C(S(=O)(=O)[O][Na])/C(=N/Nc2ccc(NC(=O)c4ccc(/N=N\c5ccc(O)c(C(=O)[O][Na])c5)cc4)cc2)C3=O)cc1,0,0,True,134
1150,Nc1ccc(C(=O)Nc2ccc3c(c2)C=C(S(=O)(=O)[O][Na])/C(=N/Nc2ccc(C(=O)Nc4ccc(/N=N/c5ccc(O)c(C(=O)[O][Na])c5)cc4)cc2)C3=O)cc1,0,0,True,133
1151,Nc1ccc2c(c1)C=C(S(=O)(=O)[O][Na])/C(=N/Nc1ccc3c(c1)C=C(S(=O)(=O)[O][Na])/C(=N/Nc1ccccc1)C3=O)C2=O,0,0,True,89
1152,Cc1ccc(N/N=C2\C(=O)c3ccc4nc(-c5cccc(N)c5)sc4c3C=C2S(=O)(=O)[O][Na])c(C)c1,0,0,True,110
1153,Nc1ccc2c(O)cc(S(=O)(=O)[O][Na])cc2c1/N=N/c1cccc(/N=N/c2cccc(/N=N/c3c(N)ccc4c(O)cc(S(=O)(=O)[O][Na])cc34)c2)c1,0,0,True,75
1154,Nc1c(/N=N/c2ccc(-c3ccc(N/N=C4\C(=O)C=Cc5cccc(S(=O)(=O)[O][Na])c54)cc3)cc2)cc(S(=O)(=O)[O][Na])c2ccccc12,0,0,True,118
1155,CC1=NN(c2ccc(NC(=O)Nc3ccc(N4N=C(C)/C(=N\Nc5c(O)cc(S(=O)(=O)[O][Na])c6cc([N+](=O)[O-])ccc56)C4=O)cc3)cc2)C(=O)/C1=N\Nc1c(O)cc(S(=O)(=O)[O][Na])c2cc([N+](=O)[O-])ccc12,0,0,True,114
1156,O=C(COc1ccc(Cl)cc1N/N=C1\C(=O)c2ccc(NC(=O)c3ccc(/N=N/c4ccc(O)c5ncccc45)cc3)cc2C=C1S(=O)(=O)[O][Na])[O][Na],0,0,True,155
1157,O=C(Nc1ccc2c(c1)C=C(S(=O)(=O)[O][Na])/C(=N/Nc1cc([N+](=O)[O-])ccc1O)C2=O)Nc1ccc2c(c1)C=C(S(=O)(=O)[O][Na])/C(=N/Nc1cc([N+](=O)[O-])ccc1O)C2=O,0,0,True,95
1158,O=C1C(S(=O)(=O)[O][Na])=Cc2cc(S(=O)(=O)[O][Na])ccc2/C1=N/Nc1ccc(-c2ccc(/N=N/c3ccc(O)c(C(=O)[O][Na])c3)cc2)cc1,0,0,True,116
1159,Cc1nn(-c2ccccc2)c(N)c1/N=N/c1ccc(-c2ccc(/N=N/c3c(C)nn(-c4ccccc4)c3N)c(OCC(=O)[O][Na])c2)cc1OCC(=O)[O][Na],0,0,True,89
1160,NS(=O)(=O)c1ccc(O)c(/C=N/c2c(S(=O)(=O)[O][Na])cc3c(c2O)C=C/C(=N/c2nc(Nc4ccccc4)nc(Nc4ccc(/N=N\c5ccc(O)c(C(=O)[O][Na])c5)cc4)n2)C3=O)c1,0,0,True,157
1161,Nc1ccc(/N=N/c2ccc3c(c2)C=C(S(=O)(=O)[O][Na])/C(=N/Nc2ccccc2C(=O)[O][Na])C3=O)cc1C(=O)[O][Na],0,0,True,105
1162,COc1cc(/N=N/c2cc(C(=O)[O][Na])c(O)c(S(=O)(=O)[O][Na])c2)c(C)cc1N,0,0,True,78
1163,C=C(Nc1ccc2c(c1)C=C(S(=O)(=O)[O][Na])/C(=N/Nc1cc(C)c(/N=N/c3ccc(S(=O)(=O)[O][Na])cc3)cc1C)C2=O)Nc1ccc2c(O)cc(S(=O)(=O)[O][Na])cc2c1,0,0,True,145
1164,Cc1cc(S(=O)(=O)[O][Na])ccc1N/N=C1\C(=O)c2ccc(NC(=O)Nc3ccc4c(O)cc(S(=O)(=O)[O][Na])cc4c3)cc2C=C1S(=O)(=O)[O][Na],0,0,True,125
1165,Cc1cc(N/N=C2\C(=O)c3ccc(NC(=O)Nc4ccc5c(c4)C=C(S(=O)(=O)[O][Na])/C(=N/Nc4ccc(/N=N/c6c(Cl)cc(Cl)cc6S(=O)(=O)[O][Na])c(C)c4)C5=O)cc3C=C2S(=O)(=O)[O][Na])ccc1/N=N/c1c(Cl)cc(Cl)cc1S(=O)(=O)[O][Na],0,0,True,119
1166,Cc1cc(-c2ccc(/N=N/c3cc(S(=O)(=O)[O][Na])c4ccccc4c3N)c(C)c2)ccc1/N=N/c1cc(S(=O)(=O)[O][Na])c2ccccc2c1N,0,0,True,70
1167,Cc1ccc2nc(-c3ccc(N/N=C4\C(=O)c5c(Cl)cc(S(=O)(=O)[O][Na])cc5C=C4S(=O)(=O)[O][Na])cc3)sc2c1,0,0,True,113
1168,Cc1cc(-c2ccc(/N=N/c3c(N)ccc4cc(S(=O)(=O)[O][Na])ccc34)c(C)c2)ccc1/N=N/c1c(N)ccc2cc(S(=O)(=O)[O][Na])ccc12,0,0,True,78
1169,Cc1ccc(N/N=C2\C(=O)c3ccc(NC(=O)c4ccc(N)cc4)cc3C=C2S(=O)(=O)[O][Na])c(C)c1,0,0,True,104
1170,Cc1cc(-c2ccc(/N=N/c3c(N)ccc4ccc(S(=O)(=O)[O][Na])cc34)c(C)c2)ccc1/N=N/c1c(N)ccc2cc(S(=O)(=O)[O][Na])ccc12,0,0,True,97
1171,C=C(Nc1ccc2c(c1)C=C(S(=O)(=O)[O][Na])/C(=N/Nc1cc(S(=O)(=O)[O][Na])ccc1O)C2=O)Nc1ccc2c(c1)C=C(S(=O)(=O)[O][Na])/C(=N/Nc1cc(S(=O)(=O)[O][Na])ccc1O)C2=O,0,0,True,94
1172,COc1ccc(/N=N/c2c(S(=O)(=O)[O][Na])cc3cc(Nc4nc(Nc5ccc6c(O)c(/N=N/c7ccc(OC)cc7S(=O)(=O)[O][Na])c(S(=O)(=O)[O][Na])cc6c5)nc(N(CCO)CCO)n4)ccc3c2O)c(S(=O)(=O)[O][Na])c1,0,0,True,114
1173,O=S(=O)([O][Na])c1cc(Nc2nc(Nc3ccc(/C=C\c4ccc(Nc5nc(Nc6cc(S(=O)(=O)[O][Na])cc7cc(S(=O)(=O)[O][Na])c(/N=N/c8ccccc8)c(O)c67)nc(N6CCOCC6)n5)cc4S(=O)(=O)[O][Na])c(S(=O)(=O)[O][Na])c3)nc(N3CCOCC3)n2)c2c(O)c(/N=N/c3ccccc3)c(S(=O)(=O)[O][Na])cc2c1,0,0,True,138
1174,CC(=O)Nc1ccc(N/N=C2\C(=O)c3ccc(NC(=O)Nc4ccc5c(c4)C=C(S(=O)(=O)[O][Na])/C(=N/Nc4ccccc4)C5=O)cc3C=C2S(=O)(=O)[O][Na])cc1,0,0,True,96
1175,COc1ccccc1N/N=C1\C(=O)c2ccc(NC(=O)Nc3ccc4c(c3)C=C(S(=O)(=O)[O][Na])/C(=N/Nc3ccc(S(=O)(=O)[O][Na])cc3C)C4=O)cc2C=C1S(=O)(=O)[O][Na],0,0,True,112
1176,COc1ccc(/N=N/c2c(S(=O)(=O)[O][Na])cc3cc(Nc4nc(NCCO)nc(Nc5ccc6c(O)c(/N=N/c7cc(S(=O)(=O)[O][Na])ccc7O)c(S(=O)(=O)[O][Na])cc6c5)n4)ccc3c2O)c(S(=O)(=O)[O][Na])c1,0,0,True,131
1177,O=C(Nc1ccc2c(c1)C=C(S(=O)(=O)[O][Na])/C(=N/Nc1cc([N+](=O)[O-])ccc1O)C2=O)Nc1ccc2c(c1)C=C(S(=O)(=O)[O][Na])/C(=N/Nc1ccccc1C(=O)[O][Na])C2=O,0,0,True,115
1178,O=C1/C(=N\Nc2ccc(/N=N/c3ccc(S(=O)(=O)[O][Na])cc3)cc2)C(S(=O)(=O)[O][Na])=Cc2cc(Nc3nc(NCCO)nc(NCCO)n3)ccc21,0,0,True,117
1179,O=C(Nc1ccc2c(c1)C=C(S(=O)(=O)[O][Na])/C(=N/Nc1ccc(S(=O)(=O)[O-])cc1)C2=O)Nc1ccc2c(c1)C=C(S(=O)(=O)[O][Na])/C(=N/Nc1ccc(S(=O)(=O)[O-])cc1)C2=O,0,0,True,85
1180,COc1cc(S(=O)(=O)[O-])c(C)cc1N/N=C1\C(=O)c2ccc(NC(=O)Nc3ccc4c(c3)C=C(S(=O)(=O)[O][Na])/C(=N/Nc3cc(C)c(S(=O)(=O)[O-])cc3OC)C4=O)cc2C=C1S(=O)(=O)[O][Na],0,0,True,99
1181,COc1ccccc1N/N=C1\C(=O)c2ccc(NC(=O)Nc3ccc4c(c3)C=C(S(=O)(=O)[O][Na])/C(=N/Nc3ccc(S(=O)(=O)[O][Na])c5ccccc35)C4=O)cc2C=C1S(=O)(=O)[O][Na],0,0,True,117
1182,Cc1ccc(N/N=C2\C(=O)c3ccc(NC(=O)Nc4ccc5c(c4)C=C(S(=O)(=O)[O][Na])/C(=N/Nc4cccc6c(S(=O)(=O)[O][Na])cccc46)C5=O)cc3C=C2S(=O)(=O)[O][Na])c(C)c1,0,0,True,118
1183,Nc1c(/N=N/c2ccc(-c3ccc(/N=N/c4cc(S(=O)(=O)[O][Na])c5ccccc5c4N)cc3)cc2)cc(S(=O)(=O)[O][Na])c2ccccc12,0,0,True,66
1184,Nc1ccc2c(O)cc(S(=O)(=O)[O][Na])cc2c1/N=N/c1ccc(-c2ccc(/N=N/c3ccc(O)c(C(=O)[O][Na])c3)cc2)cc1,0,0,True,98
1185,CCOc1cc(S(=O)(=O)OC)cc2c1C(=O)/C(=N\N(C)c1ccc(-c3nc4ccc(C)cc4s3)cc1)C(S(=O)(=O)OC)=C2,0,0,True,118
1186,O=S(=O)([O][Na])c1cc2cc(Nc3ccc4c(O)c(/N=N/c5ccccc5)c(S(=O)(=O)[O][Na])cc4c3)ccc2c(O)c1/N=N/c1ccccc1,0,0,True,76
1187,O=C(Nc1ccc2c(c1)C=C(S(=O)(=O)[O][Na])/C(=N/Nc1ccc(/N=N\c3ccc4cc(S(=O)(=O)[O][Na])cc(S(=O)(=O)[O][Na])c4c3)cc1)C2=O)Nc1ccc2c(c1)C=C(S(=O)(=O)[O][Na])/C(=N/Nc1ccc(/N=N\c3ccc4cc(S(=O)(=O)[O][Na])cc(S(=O)(=O)[O][Na])c4c3)cc1)C2=O,0,0,True,123
1188,Nc1ccc2c(c1)C=C(S(=O)(=O)[O][Na])/C(=N/Nc1ccc(-c3ccc(/N=N/c4ccc(O)c(C(=O)[O][Na])c4)cc3)cc1)C2=O,0,0,True,113
1189,Cc1cc(-c2ccc(/N=N/c3c(N)c(S(=O)(=O)[O][Na])cc4cc(S(=O)(=O)[O][Na])ccc34)c(C)c2)ccc1/N=N/c1c(N)ccc2cc(S(=O)(=O)[O][Na])ccc12,0,0,True,104
1190,O=C(Nc1ccc2c(c1)C=C(S(=O)(=O)[O][Na])/C(=N/Nc1ccc3c(S(=O)(=O)[O][Na])cccc3c1)C2=O)Nc1ccc2c(c1)C=C(S(=O)(=O)[O][Na])/C(=N/Nc1ccc3c(S(=O)(=O)[O][Na])cccc3c1)C2=O,0,0,True,103
1191,CCOc1ccc(/N=N/c2ccc(-c3ccc(N/N=C4\C(=O)C=Cc5cc(S(=O)(=O)[O][Na])cc(S(=O)(=O)[O][Na])c54)cc3)cc2)cc1,0,0,True,109
1192,CCOc1ccc(/N=N/c2ccc(-c3ccc(N/N=C4\C(=O)C=Cc5cc(S(=O)(=O)[O][Na])cc(S(=O)(=O)[O][Na])c54)c(C)c3)cc2C)cc1,0,0,True,121
1193,O=C(Nc1ccc2c(c1)C=C(S(=O)(=O)[O][Na])/C(=N/Nc1ccccc1)C2=O)Nc1ccc2c(c1)C=C(S(=O)(=O)[O][Na])/C(=N/Nc1ccc3cc(S(=O)(=O)[O][Na])ccc3c1)C2=O,0,0,True,109
1194,Cc1cc(-c2ccc(N/N=C3\C(=O)c4ccc(N)cc4C=C3S(=O)(=O)[O][Na])c(C)c2)ccc1/N=N/c1c(N)ccc2c(S(=O)(=O)[O][Na])cc(S(=O)(=O)[O][Na])cc12,0,0,True,135
1195,Nc1ccc2cc(S(=O)(=O)[O][Na])cc(O)c2c1/N=N/c1ccc(-c2ccc(/N=N/c3c(N)c(S(=O)(=O)[O][Na])cc4cc(S(=O)(=O)[O][Na])ccc34)cc2)cc1,0,0,True,109
1196,O=C1C=Cc2cccc(S(=O)(=O)[O][Na])c2/C1=N/Nc1ccc(-c2ccc(N/N=C3\C(=O)C=Cc4cccc(S(=O)(=O)[O][Na])c43)cc2)cc1,0,0,True,72
1197,Cc1ccc2nc(-c3ccc(N/N=C4/C=C(S(=O)(=O)[O][Na])c5ccccc5C4=O)cc3)sc2c1S(=O)(=O)[O][Na],0,0,True,104
1198,Nc1c(S(=O)(=O)[O][Na])cc2cc(S(=O)(=O)[O][Na])ccc2c1/N=N/c1ccc(-c2ccc(/N=N/c3c(N)c(S(=O)(=O)[O][Na])cc4cc(S(=O)(=O)[O][Na])ccc34)c(Cl)c2)cc1Cl,0,0,True,82
1199,Cc1ccc2nc(-c3ccc(N/N=C4\C(=O)c5c(cccc5S(=O)(=O)[O][Na])C=C4S(=O)(=O)[O][Na])cc3)sc2c1,0,0,True,107
1200,CNc1ccc2ccc(S(=O)(=O)[O][Na])cc2c1/N=N/c1ccc(NC(=O)Nc2ccc(/N=N/c3c(NC)ccc4ccc(S(=O)(=O)[O][Na])cc34)c(S(=O)(=O)[O][Na])c2)cc1S(=O)(=O)[O][Na],0,0,True,92
1201,O=C1/C(=N\Nc2cccc(/N=N/c3ccc(O)cc3O)c2)C(S(=O)(=O)[O][Na])=Cc2cc(/N=N/C3=CCC(O)C=C3O)ccc21,0,0,True,127
1202,Cc1cc(C)c2nc(-c3ccc(N/N=C4\C(=O)c5c(cccc5S(=O)(=O)[O][Na])C=C4S(=O)(=O)[O][Na])c(C)c3)sc2c1,0,0,True,112
1203,COC(=O)c1cc(/N=N/c2ccc(-c3ccc(N/N=C4\C(=O)c5ccc(O)cc5C=C4S(=O)(=O)[O][Na])cc3)cc2)ccc1O,0,0,True,112
1204,Nc1ccc2c(c1)C=C(S(=O)(=O)[O][Na])/C(=N/Nc1ccc(-c3ccc(/N=N/c4ccc(O)cc4S(=O)(=O)[O][Na])cc3)cc1)C2=O,0,0,True,113
1205,O=C(Nc1ccc2c(c1)C=C(S(=O)(=O)[O][Na])/C(=N/Nc1cccc3c(S(=O)(=O)[O][Na])cccc13)C2=O)Nc1ccc2c(c1)C=C(S(=O)(=O)[O][Na])/C(=N/Nc1cccc3c(S(=O)(=O)[O][Na])cccc13)C2=O,0,0,True,98
1206,COc1ccccc1N/N=C1/C(=O)c2ccc3nc(-c4cccc(N/N=C5/C=Cc6c(S(=O)(=O)[O][Na])cc(S(=O)(=O)[O][Na])c(N)c6C5=O)c4)[nH]c3c2C=C1S(=O)(=O)[O][Na],0,0,True,152
1207,Cc1cc(-c2ccc(/N=N/c3c(N)c(S(=O)(=O)[O][Na])cc4cc(S(=O)(=O)[O][Na])ccc34)c(C)c2)ccc1/N=N/c1c(N)c(S(=O)(=O)[O][Na])cc2cc(S(=O)(=O)[O][Na])ccc12,0,0,True,81
1208,O=C1/C(=N\Nc2cccc(-c3nc4ccc5c(c4[nH]3)C=C(S(=O)(=O)[O][Na])/C(=N/Nc3ccccc3)C5=O)c2)C=C(S(=O)(=O)[O][Na])c2ccccc21,0,0,True,129
1209,COC(=O)c1cc(/N=N/c2ccc(-c3ccc(N/N=C4\C(=O)c5ccc(NC(C)=O)cc5C=C4S(=O)(=O)[O][Na])cc3)cc2)cc(C)c1O,0,0,True,124
1210,O=C1C=Cc2cc(S(=O)(=O)[O][Na])ccc2/C1=N/Nc1cccc(-c2nc3ccc4c(c3[nH]2)C=C(S(=O)(=O)[O][Na])/C(=N/Nc2ccccc2)C4=O)c1,0,0,True,136
1211,Nc1ccc2c(c1)C=C(S(=O)(=O)[O][Na])/C(=N/Nc1ccc(-c3ccc(/N=N/c4c(N)c(S(=O)(=O)[O][Na])cc5cc(S(=O)(=O)[O][Na])ccc45)cc3)cc1)C2=O,0,0,True,128
1212,Nc1c(/N=N/c2ccc(-c3ccc(/N=N/c4cc(S(=O)(=O)[O][Na])c5ccccc5c4N)c(Cl)c3)cc2Cl)cc(S(=O)(=O)[O][Na])c2ccccc12,0,0,True,71
1213,Cc1ccccc1N/N=C1\C(=O)c2ccc(NC(=O)Nc3ccc4c(c3)C=C(S(=O)(=O)[O][Na])/C(=N/Nc3ccc(S(=O)(=O)[O][Na])cc3C)C4=O)cc2C=C1S(=O)(=O)[O][Na],0,0,True,105
1214,O=C(Nc1ccc(/N=N/c2ccc(O)c(C(=O)[O][Na])c2)cc1)c1ccc(/N=N/c2c(S(=O)(=O)[O][Na])cc3cc(NC(=O)c4ccccc4)ccc3c2O)cc1,0,0,True,125
1215,COc1ccccc1N/N=C1\C(=O)c2ccc(NC(=O)Nc3ccc(NC(C)=O)cc3)cc2C=C1S(=O)(=O)[O][Na],0,0,True,104
1216,CC(=O)Nc1ccc(NC(=O)Nc2ccc3c(c2)C=C(S(=O)(=O)[O][Na])/C(=N/Nc2ccccc2C)C3=O)cc1,0,0,True,102
1217,Cc1cc(-c2ccc(/N=N/c3c(N)ccc4cc(S(=O)(=O)[O][Na])ccc34)c(C)c2)ccc1/N=N/c1cc(S(=O)(=O)[O][Na])c2ccccc2c1N,0,0,True,110
1218,Cc1cc(-c2ccc(/N=N/c3cc(S(=O)(=O)[O][Na])c4ccccc4c3N)c(C)c2)ccc1/N=N/c1ccc(O)cc1O,0,0,True,89
1219,Cc1ccc2nc(-c3ccc4nc(-c5ccc(/N=N/c6cc(S(=O)(=O)[O][Na])c7ccccc7c6O)cc5)sc4c3)sc2c1S(=O)(=O)[O][Na],0,0,True,127
1220,COc1cc(-c2ccc(/N=N/c3cc(S(=O)(=O)[O][Na])c4ccccc4c3N)c(OC)c2)ccc1/N=N/c1cc(S(=O)(=O)[O][Na])c2ccccc2c1N,0,0,True,74
1221,C=c1ccc2cc(S(=O)(=O)[O][Na])ccc2/c1=C/Nc1ccc(-c2nc3ccc(-c4nc5ccc(C)c(S(=O)(=O)[O][Na])c5s4)cc3s2)cc1,0,0,True,131
1222,COc1ccccc1N/N=C1\C(=O)c2ccc(NC(=O)Nc3ccc4c(c3)C=C(S(=O)(=O)[O][Na])/C(=N/Nc3ccc5cc(S(=O)(=O)[O][Na])ccc5c3)C4=O)cc2C=C1S(=O)(=O)[O][Na],0,0,True,120
1223,Cc1ccccc1N/N=C1\C(=O)c2ccc(NC(=O)Nc3ccc4c(c3)C=C(S(=O)(=O)[O][Na])/C(=N/Nc3ccc5cc(S(=O)(=O)[O][Na])ccc5c3)C4=O)cc2C=C1S(=O)(=O)[O][Na],0,0,True,117
1224,Nc1ccc2c(c1)C=C(S(=O)(=O)[O][Na])/C(=N/Nc1ccc(-c3ccc(/N=N/c4c(N)ccc5cc(S(=O)(=O)[O][Na])ccc45)cc3)cc1)C2=O,0,0,True,124
1225,C=C(Nc1ccc(/N=N/c2c(N)ccc3cc(S(=O)(=O)[O][Na])cc(O)c23)c(S(=O)(=O)[O][Na])c1)Nc1ccc(/N=N/c2c(N)ccc3cc(S(=O)(=O)[O][Na])cc(O)c23)c(S(=O)(=O)[O][Na])c1,0,0,True,93
1226,COc1cc(/N=N/c2ccc(OC)c(S(=O)(=O)[O][Na])c2)c(C)cc1N,0,0,True,67
1227,CC(=O)Nc1ccc2c(c1)C=C(S(=O)(=O)[O][Na])/C(=N/Nc1cc(C)c(/N=N/c3ccc(Cl)cc3S(=O)(=O)[O][Na])cc1C)C2=O,0,0,True,115
1228,COc1cc(/N=N/c2cc(S(=O)(=O)[O][Na])cc3cc(S(=O)(=O)[O][Na])cc(O)c23)c(C)cc1NC(=O)Nc1cc(C)c(/N=N/c2cc(S(=O)(=O)[O][Na])cc3cc(S(=O)(=O)[O][Na])cc(O)c23)cc1OC,0,0,True,90
1229,CC(=O)Nc1ccc2c(c1)C=C(S(=O)(=O)[O][Na])/C(=N/Nc1ccc(/N=N/c3ccc(Cl)cc3S(=O)(=O)[O][Na])c(C)c1)C2=O,0,0,True,112
1230,O=C(Nc1ccc2c(c1)C=C(S(=O)(=O)[O][Na])/C(=N/Nc1ccc(/N=N\c3ccc(S(=O)(=O)[O][Na])cc3)cc1S(=O)(=O)[O][Na])C2=O)Nc1ccc2c(c1)C=C(S(=O)(=O)[O][Na])/C(=N/Nc1ccc(/N=N\c3ccc(S(=O)(=O)[O][Na])cc3)cc1S(=O)(=O)[O][Na])C2=O,0,0,True,110
1231,O=C(Nc1ccc2c(c1)C=C(S(=O)(=O)[O][Na])/C(=N\Nc1ccc(/N=N/c3ccc(S(=O)(=O)[O][Na])cc3)cc1)C2=O)c1ccccc1,0,0,True,110
1232,O=C(Nc1ccc2c(O)c(/N=N/c3cc(S(=O)(=O)[O][Na])ccc3O)c(S(=O)(=O)[O][Na])cc2c1)Nc1ccc2c(O)c(/N=N/c3cc(S(=O)(=O)[O][Na])ccc3O)c(S(=O)(=O)[O][Na])cc2c1,0,0,True,90
1233,O=C(NC1=CCC(/N=N/c2ccc(/N=N/c3ccc(S(=O)(=O)[O][Na])cc3)c3cc(S(=O)(=O)[O][Na])ccc23)C=C1)Nc1ccc(/N=N\c2ccc(/N=N/c3ccc(S(=O)(=O)[O][Na])cc3)c3cc(S(=O)(=O)[O][Na])ccc23)cc1,0,0,True,122
1234,Cc1cc(N/N=C2\C(=O)c3ccc(NC(=O)c4ccccc4)cc3C=C2S(=O)(=O)[O][Na])ccc1/N=N/c1ccc(S(=O)(=O)[O][Na])cc1C,0,0,True,117
1235,CC(=O)Nc1ccc2c(c1)C(=O)/C(=N\Nc1ccc(-c3ccc(/N=N/c4ccc(O)c(C(=O)[O][Na])c4)cc3)cc1)C(S(=O)(=O)[O][Na])=C2,0,0,True,119
1236,COc1ccc(S(=O)(=O)[O][Na])cc1/N=N/c1c(S(=O)(=O)[O][Na])cc2cc(Nc3nc(Nc4ccccc4)nc(Nc4cc(C)c(/N=N/c5cc(S(=O)(=O)[O][Na])cc6cc(S(=O)(=O)[O][Na])cc(O)c56)cc4OC)n3)ccc2c1O,0,0,True,165
1237,Cc1ccc2nc(-c3ccc(Nc4nc(Cl)nc(Nc5cc(S(=O)(=O)[O][Na])cc6cc(S(=O)(=O)[O][Na])c(/N=N/c7ccccc7C(=O)[O][Na])c(O)c56)n4)cc3)sc2c1S(=O)(=O)[O][Na],0,0,True,159
1238,Cc1cc(/N=N/c2ccc(S(=O)(=O)[O][Na])cc2)ccc1N/N=C1\C(=O)c2ccc(NC(=O)c3ccccc3)cc2C=C1S(=O)(=O)[O][Na],0,0,True,121
1239,NS(=O)(=O)c1ccc(O)c(/N=N/c2c(S(=O)(=O)[O][Na])cc3cc(NC(=O)Nc4ccc5c(O)c(/N=N/c6cc(S(N)(=O)=O)ccc6O)c(S(=O)(=O)[O][Na])cc5c4)ccc3c2O)c1,0,0,True,90
1240,O=C(Nc1ccc2c(O)c(/N=N/c3cc(S(=O)(=O)[O][Na])ccc3O)c(S(=O)(=O)[O][Na])cc2c1)Nc1ccc2c(O)c(/N=N/c3ccccc3C(=O)O)c(S(=O)(=O)[O][Na])cc2c1,0,0,True,109
1241,Nc1ccc2cc(S(=O)(=O)[O][Na])cc(O)c2c1/N=N/c1ccc(-c2ccc(/N=N/c3c(N)ccc4cc(S(=O)(=O)[O][Na])cc(O)c34)cc2)cc1,0,0,True,73
1242,CC(=O)Nc1cc(S(=O)(=O)[O][Na])cc2c1C(=O)/C(=N\Nc1ccc(-c3nc4c(C)cc(C)cc4s3)cc1C)C(S(=O)(=O)[O][Na])=C2,0,0,True,119
1243,O=C1/C(=N\Nc2ccccc2O)C(S(=O)(=O)[O][Na])=Cc2cc(Nc3ccc4c(c3)C=C(S(=O)(=O)[O][Na])/C(=N/Nc3ccccc3O)C4=O)ccc21,0,0,True,81
1244,O=C(Nc1ccc2c(c1)C=C(S(=O)(=O)[O][Na])/C(=N/Nc1ccccc1O)C2=O)Nc1ccc2c(c1)C=C(S(=O)(=O)[O][Na])/C(=N/Nc1ccccc1O)C2=O,0,0,True,86
1245,COc1cc(/N=N/c2c(S(=O)(=O)[O][Na])ccc3ccccc23)c(C)cc1N/N=C1\C(=O)c2ccc(Nc3ccccc3)cc2C=C1S(=O)(=O)[O][Na],0,0,True,136
1246,Nc1ccc2c(c1)C=C(S(=O)(=O)[O][Na])/C(=N/Nc1ccc(-c3ccc(N/N=C4\C(=O)c5ccc(N)cc5C=C4S(=O)(=O)[O][Na])cc3)cc1)C2=O,0,0,True,74
1247,COc1cc(-c2ccc(N/N=C3/C=C(S(=O)(=O)[O][Na])c4ccc(O)cc4C3=O)c(OC)c2)ccc1/N=N/c1cc(C)c(N)cc1N,0,0,True,120
1248,Cc1cc(N/N=C2\C(=O)c3ccc(N)c(S(=O)(=O)[O][Na])c3C=C2S(=O)(=O)[O][Na])c(C)cc1/N=N/c1ccccc1S(=O)(=O)[O][Na],0,0,True,109
1249,O=C1/C(=N\Nc2ccc(-c3ccc(N/N=C4\C(=O)c5ccc(S(=O)(=O)[O][Na])cc5C=C4S(=O)(=O)[O][Na])cc3)cc2)C(S(=O)(=O)[O][Na])=Cc2cc(Nc3ccccc3)ccc21,0,0,True,106
1250,Cc1cc(-c2ccc(N/N=C3/C=C(S(=O)(=O)[O][Na])c4ccccc4C3=O)c(C)c2)ccc1/N=N/c1cc(S(=O)(=O)[O][Na])c2ccccc2c1N,0,0,True,118
1251,O=C1C=Cc2ccccc2/C1=N/Nc1ccc(-c2ccc(N/N=C3\C(=O)c4c(cc(S(=O)(=O)[O][Na])cc4S(=O)(=O)[O][Na])C=C3S(=O)(=O)[O][Na])cc2)cc1,0,0,True,110
1252,Cc1cc(N/N=C2\C(=O)c3ccc(Nc4ccccc4)cc3C=C2S(=O)(=O)[O][Na])c(C)cc1/N=N/c1cc(S(=O)(=O)[O][Na])c2cccc(S(=O)(=O)[O][Na])c2c1,0,0,True,137
1253,Nc1ccc2c(c1)C=C(S(=O)(=O)[O][Na])/C(=N/Nc1ccc(-c3ccc(N/N=C4\C(=O)c5ccc(S(=O)(=O)[O][Na])cc5C=C4S(=O)(=O)[O][Na])cc3)cc1)C2=O,0,0,True,92
1254,Cc1cc(-c2ccc(N/N=C3/C=Cc4c(cccc4S(=O)(=O)[O][Na])C3=O)c(C)c2)ccc1N/N=C1/C=C(S(=O)(=O)[O][Na])c2ccccc2C1=O,0,0,True,104
1255,O=S(=O)(Cc1ccc2c(O)c(/N=N/c3ccc(-c4ccc(/N=N/c5cc(S(=O)(=O)[O][Na])c6ccccc6c5O)cc4)cc3)c(S(=O)(=O)[O][Na])cc2c1)[O][Na],0,0,True,113
1256,COc1cc(/N=N/c2cccc(S(=O)(=O)[O][Na])c2)c(C)cc1N/N=C1\C(=O)c2ccc(Nc3ccccc3)cc2C=C1S(=O)(=O)[O][Na],0,0,True,128
1257,COc1cc(/N=N/c2cc(S(=O)(=O)[O][Na])c3cccc(S(=O)(=O)[O][Na])c3c2)c(C)cc1N/N=C1\C(=O)c2ccc(Nc3ccccc3)cc2C=C1S(=O)(=O)[O][Na],0,0,True,142
1258,O=C1C=Cc2cccc(S(=O)(=O)[O][Na])c2/C1=N/Nc1ccc(-c2ccc(N/N=C3\C(=O)c4c(cccc4S(=O)(=O)[O][Na])C=C3S(=O)(=O)[O][Na])cc2)cc1,0,0,True,100
1259,COc1cc(-c2ccc(/N=N/c3c(N)ccc4cc(S(=O)(=O)[O][Na])cc(O)c34)c(OC)c2)ccc1/N=N/c1c(N)ccc2cc(S(=O)(=O)[O][Na])cc(O)c12,0,0,True,84
1260,O=C(CNc1ccc2c(c1)C=C(S(=O)(=O)[O][Na])/C(=N/Nc1ccc(-c3ccc(N/N=C4\C(=O)c5ccc(NCC(=O)[O][Na])cc5C=C4S(=O)(=O)[O][Na])cc3)cc1)C2=O)[O][Na],0,0,True,90
1261,COc1cc(/N=N/c2ccc(C)cc2S(=O)(=O)[O][Na])c(C)cc1N/N=C1\C(=O)c2ccc(Nc3ccccc3)cc2C=C1S(=O)(=O)[O][Na],0,0,True,124
1262,Cc1ccc(/N=N/c2cc(C)c(N/N=C3\C(=O)c4ccc(Nc5ccccc5)cc4C=C3S(=O)(=O)[O][Na])cc2C)c(S(=O)(=O)[O][Na])c1,0,0,True,119
1263,Nc1ccc2cc(S(=O)(=O)[O][Na])cc(O)c2c1/N=N/c1ccc(-c2ccc(N/N=C3/C=C(S(=O)(=O)[O][Na])c4ccccc4C3=O)cc2)cc1,0,0,True,122
1264,O=C1/C(=N\Nc2ccc(-c3ccc(N/N=C4/C=C(S(=O)(=O)[O][Na])c5ccccc5C4=O)cc3)cc2)C=C(S(=O)(=O)[O][Na])c2ccccc21,0,0,True,67
1265,NS(=O)(=O)c1ccc(O)c(/N=N/c2c(S(=O)(=O)[O][Na])cc3cc(Nc4ccccc4)ccc3c2O)c1,0,0,True,96
1266,O=C(Nc1cc(O)c(/N=N/c2c(O)ccc3cc(S(=O)(=O)[O-])ccc23)cc1S(=O)(=O)[O-])Nc1cc(O)c(/N=N/c2c(O)ccc3cc(S(=O)(=O)[O-])ccc23)cc1S(=O)(=O)[O-].[NH4+].[NH4+].[NH4+].[NH4+],0,0,True,83
1267,CNS(=O)(=O)c1ccc(O)c(/N=N/c2c(S(=O)(=O)[O][Na])cc3cc(Nc4ccc5c(O)c(/N=N/c6cc(S(=O)(=O)NC)ccc6O)c(S(=O)(=O)[O][Na])cc5c4)ccc3c2O)c1,0,0,True,91
1268,Cc1ccccc1/N=N/c1ccc(/N=N/c2c(S(=O)(=O)[O][Na])cc3cc(N)ccc3c2O)c2ccc(S(=O)(=O)[O][Na])cc12,0,0,True,105
1269,O=S(=O)([O][Na])c1ccc2c(c1)Cc1cc3c(cc1-2)N=c1c(Cl)c2c(c(Cl)c1O3)=Nc1cc3c(cc1O2)Cc1cc(S(=O)(=O)[O][Na])ccc1-3,0,0,True,84
1270,O=S(=O)([O][Na])c1ccc(O)c(/N=N/c2c(S(=O)(=O)[O][Na])cc3cc(Nc4ccccc4)ccc3c2O)c1,0,0,True,96
1271,Cc1cc(N/N=C2\C(=O)c3ccc(Nc4ccccc4)cc3C=C2S(=O)(=O)[O][Na])c(C)cc1/N=N/c1cc(S(=O)(=O)[O][Na])cc2cc(S(=O)(=O)[O][Na])cc(O)c12,0,0,True,138
1272,Nc1ccc2cc(S(=O)(=O)[O][Na])cc(O)c2c1/N=N/c1ccc(NC(=O)Nc2ccc(/N=N/C3C(=O)c4cccc(Nc5ccccc5)c4C=C3S(=O)(=O)[O][Na])c(S(=O)(=O)[O][Na])c2)cc1S(=O)(=O)[O][Na],0,0,True,152
1273,COc1cc(/N=N/c2ccc(S(=O)(=O)[O][Na])cc2)ccc1N/N=C1\C(=O)c2ccc(NC(=O)c3ccccc3)cc2C=C1S(=O)(=O)[O][Na],0,0,True,124
1274,COc1cc(/N=N/c2ccc(S(=O)(=O)[O][Na])cc2)c(C)cc1N/N=C1\C(=O)c2ccc(NC(=O)c3ccccc3)cc2C=C1S(=O)(=O)[O][Na],0,0,True,131
1275,NS(=O)(=O)c1ccc(O)c(/N=N/c2c(S(=O)(=O)[O][Na])cc3cc(Nc4ccc5c(O)c(/N=N/c6cc(S(N)(=O)=O)ccc6O)c(S(=O)(=O)[O][Na])cc5c4)ccc3c2O)c1,0,0,True,86
1276,Cc1cc(C)c(/N=N/c2cc(C)c(N/N=C3\C(=O)c4ccc(Nc5ccccc5)cc4C=C3S(=O)(=O)[O][Na])cc2C)c(S(=O)(=O)[O][Na])c1,0,0,True,122
1277,COc1cc(/N=N/c2c(C)cc(C)cc2S(=O)(=O)[O][Na])c(C)cc1N/N=C1\C(=O)c2ccc(NC(=O)c3ccc(N)cc3)cc2C=C1S(=O)(=O)[O][Na],0,0,True,137
1278,Cc1cc(N/N=C2\C(=O)c3ccc4nc(-c5ccc(N)cc5)sc4c3C=C2S(=O)(=O)[O][Na])ccc1/N=N/c1ccc(Cl)cc1S(=O)(=O)[O][Na],0,0,True,135
1279,O=C1/C(=N\Nc2ccc(-c3ccc(N/N=C4/C=Cc5c(cccc5S(=O)(=O)[O][Na])C4=O)c(C(=O)[O][Na])c3)cc2C(=O)[O][Na])C(S(=O)(=O)[O][Na])=Cc2cc(Nc3ccccc3)ccc21,0,0,True,136
1280,COc1cc(-c2ccc(NC(=O)C(=O)[O][Na])c(OC)c2)ccc1N/N=C1\C(=O)c2ccc(Nc3ccccc3)cc2C=C1S(=O)(=O)[O][Na],0,0,True,123
1281,COc1ccc(Nc2ccc3c(c2)C=C(S(=O)(=O)[O][Na])/C(=N/Nc2ccc(NC(=O)Nc4ccc(N/N=C5\C(=O)c6ccc(Nc7ccc(OC)cc7)cc6C=C5S(=O)(=O)[O][Na])c(OCC(=O)[O][Na])c4)cc2OCC(=O)[O][Na])C3=O)cc1,0,0,True,123
1282,O=C(Nc1ccc(N/N=C2\C(=O)c3ccc(Nc4ccccc4)cc3C=C2S(=O)(=O)[O][Na])c(C(=O)[O][Na])c1)Nc1ccc(N/N=C2\C(=O)c3ccc(Nc4ccccc4)cc3C=C2S(=O)(=O)[O][Na])c(C(=O)[O][Na])c1,0,0,True,108
1283,O=C1C=Cc2cc(S(=O)(=O)[O][Na])cc(S(=O)(=O)[O][Na])c2/C1=N/Nc1ccc(-c2ccc(N/N=C3\C(=O)c4ccc(Nc5ccccc5)cc4C=C3S(=O)(=O)[O][Na])cc2)cc1,0,0,True,128
1284,O=C(Nc1ccc2c(O)c(/N=N/c3c(O)cc(S(=O)(=O)[O][Na])c4ccccc34)c(S(=O)(=O)[O][Na])cc2c1)Nc1ccc2c(O)c(/N=N/c3c(O)cc(S(=O)(=O)[O][Na])c4ccccc34)c(S(=O)(=O)[O][Na])cc2c1,0,0,True,93
1285,Nc1ccc(/N=N/c2ccc(-c3ccc(N/N=C4\C(=O)c5c(N)cc(S(=O)(=O)[O][Na])cc5C=C4S(=O)(=O)[O][Na])cc3)cc2)c(N)c1,0,0,True,110
1286,O=C(Nc1ccc2c(O)c(/N=N/c3ccccc3O)c(S(=O)(=O)[O][Na])cc2c1)Nc1ccc2c(O)c(/N=N/c3ccccc3O)c(S(=O)(=O)[O][Na])cc2c1,0,0,True,81
1287,O=C([O][Na])c1cc(/N=N/c2ccc(-c3ccc(/N=N/c4ccc(O)c(C(=O)[O][Na])c4)cc3)cc2)ccc1O,0,0,True,53
1288,Cc1ccc2nc(-c3ccc4nc(-c5ccc(/N=N/c6ccc(O)c(C(=O)[O][Na])c6)cc5)sc4c3)sc2c1S(=O)(=O)[O][Na],0,0,True,119
1289,O=S(=O)([O][Na])c1cc(/N=N/c2ccc(/C=C/c3ccc(-n4nc5cc(S(=O)(=O)[O][Na])c6ccccc6c5n4)cc3S(=O)(=O)[O][Na])c(S(=O)(=O)[O][Na])c2)ccc1/C=C/c1ccc(-n2nc3cc(S(=O)(=O)[O][Na])c4ccccc4c3n2)cc1S(=O)(=O)[O][Na],0,0,True,99
1290,COc1cc(/N=N/c2cccc(S(=O)(=O)[O][Na])c2)ccc1NC(=O)Nc1ccc(/N=N/c2ccc3cc(S(=O)(=O)[O][Na])cc(S(=O)(=O)[O][Na])c3c2)cc1,0,0,True,120
1291,COc1cc(/N=N/c2cccc(S(=O)(=O)[O][Na])c2)ccc1NC(=O)Nc1ccc(/N=N/c2ccc3cc(S(=O)(=O)[O][Na])cc(S(=O)(=O)[O][Na])c3c2)cc1C,0,0,True,121
1292,Cc1ccc2nc(-c3ccc4nc(C5C(=O)c6ccccc6C5=O)ccc4c3)sc2c1S(=O)(=O)[O][Na],0,0,True,100
1293,CCOc1ccc(/N=N/c2ccc(/C=C/c3ccc(/N=N/c4ccc(OCC)cc4)cc3S(=O)(=O)[O][Na])c(S(=O)(=O)[O][Na])c2)cc1,0,0,True,66
1294,COc1cc(/N=N/c2cccc(S(=O)(=O)[O][Na])c2)ccc1NC(=O)Nc1ccc(/N=N/c2cccc(S(=O)(=O)[O][Na])c2)cc1OC,0,0,True,72
1295,Cc1ccc2nc(-c3ccc(/N=N/C4C(=O)N=NC4C)cc3)sc2c1S(=O)(=O)[O][Na],0,0,True,89
1296,Cc1[nH]c2cc(S(=O)(=O)[O][Na])ccc2c1/N=N/c1ccc(NC(=O)Nc2ccc(/N=N/c3c(C)[nH]c4ccc(S(=O)(=O)[O][Na])cc34)cc2)cc1,0,0,True,102
1297,Cc1nn(-c2ccc(/C=C/c3ccc(Nc4nc(Nc5ccc(/C=C/c6ccc(-n7nc(C)c(/N=N/c8ccc(S(=O)(=O)[O][Na])cc8C(=O)O)c7O)cc6S(=O)(=O)[O][Na])c(S(=O)(=O)[O][Na])c5)nc(N5CCOCC5)n4)cc3S(=O)(=O)[O][Na])c(S(=O)(=O)[O][Na])c2)c(O)c1/N=N/c1ccccc1C(=O)O,0,0,True,160
1298,COc1cc(/N=N/c2cccc(S(=O)(=O)[O][Na])c2)c(C)cc1NC(=O)Nc1cc(C)c(/N=N/c2cccc(S(=O)(=O)[O][Na])c2)cc1OC,0,0,True,78
1299,CC(=O)C(/N=N/c1ccc(-c2nc3ccc(C)c(S(=O)(=O)[O][Na])c3s2)cc1)C(=O)Nc1cccc(S(N)(=O)=O)c1,0,0,True,113
1300,COc1cc(/N=N/c2cc(S(=O)(=O)[O][Na])c3cccc(S(=O)(=O)[O][Na])c3c2)c(C)cc1Nc1nc(Nc2cc(C)c(/N=N/c3cc(S(=O)(=O)[O][Na])c4cccc(S(=O)(=O)[O][Na])c4c3)cc2OC)[nH]c(=O)n1,0,0,True,116
1301,COc1cc(/N=N/c2cccc(S(=O)(=O)[O][Na])c2)ccc1Nc1nc(NCCO)nc(Nc2ccc(/N=N/c3cccc(S(=O)(=O)[O][Na])c3)cc2OC)n1,0,0,True,91
1302,Cc1ccc2nc(-c3ccc(/N=N/C4C(=O)NC(=O)NC4=O)cc3)sc2c1S(=O)(=O)[O][Na],0,0,True,91
1303,Cc1ccc2nc(-c3ccc4nc(-c5ccc(/N=N/c6c(C)nn(-c7ccccc7)c6O)cc5)sc4c3)sc2c1S(=O)(=O)[O][Na],0,0,True,131
1304,COc1cc(S(=O)(=O)[O][Na])c(C)cc1NC(=O)/C(=N\Nc1ccc(-c2nc3ccc(C)c(S(=O)(=O)[O][Na])c3s2)cc1)C(C)=O,0,0,True,116
1305,CC(=O)Nc1cc(Nc2nc(Cl)nc(N3CCN(c4nc(Cl)nc(Nc5ccc(/N=N/c6cc(S(=O)(=O)[O][Na])c7cccc(S(=O)(=O)[O][Na])c7c6)c(NC(C)=O)c5)n4)CC3)n2)ccc1/N=N/c1cc(S(=O)(=O)[O][Na])c2cccc(S(=O)(=O)[O][Na])c2c1,0,0,True,122
1306,CCOC(=O)/C(=N/Nc1ccc(-c2nc3ccc(-c4nc5ccc(C)c(S(=O)(=O)[O][Na])c5s4)cc3s2)cc1)C(C)=O,0,0,True,118
1307,COc1cc(/N=N/c2ccc(OC)c(S(=O)(=O)[O][Na])c2)c(C)cc1NC(=O)Nc1ccc(/N=N/c2ccc(O)c(C(=O)[O][Na])c2)cc1,0,0,True,113
1308,CC(=O)/C(=N/Nc1ccc(-c2nc3ccc(C(=O)[O][Na])c(S(=O)(=O)[O][Na])c3s2)cc1)C(=O)Nc1ccccc1,0,0,True,106
1309,Cc1cc(-c2ccc(/N=N/c3ccc(O)c(C(=O)[O][Na])c3)c(C)c2)ccc1/N=N/c1ccc(O)c(C(=O)[O][Na])c1,0,0,True,62
1310,Cc1cc(/N=N/c2ccc(-c3ccc(/N=N/c4cc(C)c(O)c(C(=O)[O][Na])c4)cc3)cc2)cc(C(=O)[O][Na])c1O,0,0,True,58
1311,CC(=O)/C(=N/Nc1ccc(-c2nc3ccc(-c4nc5ccc(C)c(S(=O)(=O)[O][Na])c5s4)cc3s2)cc1)C(=O)Nc1ccccc1,0,0,True,124
1312,O=C([O][Na])c1cc(/N=N/c2ccc(-c3ccc(/N=N/Nc4ccc(S(=O)(=O)[O][Na])cc4)cc3)cc2)ccc1O,0,0,True,85
1313,Cc1c(/N=N/c2cc([N+](=O)[O-])c(N)cc2N)cc(S(=O)(=O)[O][Na])cc1/N=N/c1cc([N+](=O)[O-])c(N)cc1N,0,0,True,64
1314,O=C(Nc1ccc(/N=N/c2ccc(O)c(C(=O)[O][Na])c2)cc1)Nc1ccc(/N=N/c2ccc(O)c(C(=O)[O][Na])c2)cc1,0,0,True,62
1315,COc1ccccc1NC(O)/C(=N\Nc1ccc(-c2nc3ccc(C)c(S(=O)(=O)[O][Na])c3s2)cc1S(=O)(=O)OC)C(C)=O,0,0,True,122
1316,Cc1ccc2nc(-c3ccc(/N=N/c4ccc(-c5nc6ccc(C)c(S(=O)(=O)[O][Na])c6s5)cc4)cc3)sc2c1S(=O)(=O)[O][Na],0,0,True,70
1317,Cc1ccc2nc(-c3ccc4nc(-c5ccc(N=Nc6ccc(-c7nc8ccc(-c9nc%10ccc(C)c(S(=O)(=O)[O][Na])c%10s9)cc8s7)cc6)cc5)sc4c3)sc2c1S(=O)(=O)[O][Na],0,0,True,95
1318,CC(=O)Nc1cc(NC(=O)Nc2ccc(/N=N/c3ccc(S(=O)(=O)[O][Na])cc3)c(NC(C)=O)c2)ccc1/N=N/c1ccc(S(=O)(=O)[O][Na])cc1,0,0,True,74
1319,Cc1cc(NC(=O)Nc2ccc(/N=N/c3ccc(C(=O)Nc4cc(S(=O)(=O)[O][Na])cc(C(=O)[O][Na])c4O)cc3)c(C)c2)ccc1/N=N/c1ccc(C(=O)Nc2cc(S(=O)(=O)[O][Na])cc(C(=O)[O][Na])c2O)cc1,0,0,True,101
1320,COc1cc(/N=N/c2cc(S(=O)(=O)[O][Na])c3cccc(S(=O)(=O)[O][Na])c3c2)c(C)cc1NC(=O)Nc1cc(C)c(/N=N/c2cc(S(=O)(=O)[O][Na])c3cccc(S(=O)(=O)[O][Na])c3c2)cc1OC,0,0,True,92
1321,Cc1nn(-c2ccc(/C=C\c3ccc(NC(=O)Nc4ccc(/C=C\c5ccc(-n6nc(C)c(/N=N\c7ccccc7C(=O)O)c6O)cc5S(=O)(=O)[O][Na])c(S(=O)(=O)[O][Na])c4)cc3S(=O)(=O)[O][Na])c(S(=O)(=O)[O][Na])c2)c(O)c1/N=N\c1ccccc1C(=O)O,0,0,True,117
1322,O=S(=O)([O][Na])c1cc(/N=N/c2ccc(O)cc2)ccc1/C=C/c1ccc(/N=N/c2ccc(O)cc2)cc1S(=O)(=O)[O][Na],0,0,True,58
1323,COc1cc(/N=N/c2ccc(S(=O)(=O)[O][Na])cc2)c(C)cc1NC(=O)Nc1ccc(/N=N/c2ccc(O)c(C(=O)[O][Na])c2)cc1,0,0,True,108
1324,COc1cc(/N=N/c2ccc(Cl)c(S(=O)(=O)[O][Na])c2)c(C)cc1NC(=O)Nc1ccc(/N=N/c2ccc(O)c(C(=O)[O][Na])c2)cc1,0,0,True,117
1325,COc1cc(/N=N/c2cccc(S(=O)(=O)[O][Na])c2)ccc1NC(=O)Nc1ccc(/N=N/c2ccc(O)c(C(=O)[O][Na])c2)cc1,0,0,True,107
1326,Cc1cc(-c2ccc(/N=N/c3cc(C)c(O)c(C(=O)[O][Na])c3)c(C)c2)ccc1/N=N/c1cc(C)c(O)c(C(=O)[O][Na])c1,0,0,True,63
1327,COc1cc(/N=N/c2cccc(C(=O)[O][Na])c2)ccc1NC(=O)Nc1ccc(/N=N/c2cccc(C(=O)[O][Na])c2)cc1OC,0,0,True,69
1328,O=C1C(c2ccc3c(ccc4cc(S(=O)(=O)[O][Na])c(S(=O)(=O)[O][Na])cc43)n2)=C(O)c2ccccc21,0,0,True,84
1329,Cc1cc(NC(=O)Nc2ccc(/N=N/c3cc(S(=O)(=O)[O][Na])c4cccc(S(=O)(=O)[O][Na])c4c3)c(C)c2)ccc1/N=N/c1cc(S(=O)(=O)[O][Na])c2cccc(S(=O)(=O)[O][Na])c2c1,0,0,True,87
1330,Cc1cc(NC(=O)Nc2cc(C)c(/N=N/c3cc(S(=O)(=O)[O][Na])c4cccc(S(=O)(=O)[O][Na])c4c3)cc2C)c(C)cc1/N=N/c1cc(S(=O)(=O)[O][Na])c2cccc(S(=O)(=O)[O][Na])c2c1,0,0,True,87
1331,CC(=O)Nc1cc(NC(=O)Nc2ccc(/N=N/c3ccc4cccc(S(=O)(=O)[O][Na])c4c3)c(NC(C)=O)c2)ccc1/N=N/c1ccc2cccc(S(=O)(=O)[O][Na])c2c1,0,0,True,93
1332,Cc1ccc2nc(-c3ccc4nc(-c5ccc(N)cc5)sc4c3)sc2c1S(=O)(=O)[O][Na],0,0,True,90
1333,Cc1ccc2nc(-c3ccc4nc(-c5ccc6nc(-c7ccc(N)cc7)sc6c5)sc4c3)sc2c1S(=O)(=O)[O][Na],0,0,True,95
1334,Nc1ccc(C(=O)Nc2ccc(NC(=O)c3ccc(/N=N\c4ccc(C(=O)Nc5ccc(NC(=O)c6ccc(/N=N\c7ccc(C(=O)Nc8ccc(NC(=O)c9ccc(N)cc9)cc8S(=O)(=O)[O][Na])cc7)cc6)c(S(=O)(=O)[O][Na])c5)cc4)cc3)c(S(=O)(=O)[O][Na])c2)cc1,0,0,True,81
1335,Nc1ccc(C(=O)Nc2ccc(C(=O)Nc3ccc(/C=C/c4ccc(NC(=O)c5ccc(N)cc5)cc4S(=O)(=O)[O][Na])c(S(=O)(=O)[O][Na])c3)cc2)cc1,0,0,True,74
1336,Nc1cccc(-n2nc(C(=O)[O][Na])c(/N=N/c3ccc(C(=O)Nc4ccc(/N=N/c5ccc(O)c(C(=O)[O][Na])c5)cc4)cc3)c2O)c1,0,0,True,115
1337,COc1cc(/N=N/c2cc(N)ccc2S(=O)(=O)[O][Na])c(C)cc1NC(=O)Nc1cc(C)c(/N=N/C2C=C(N)C=CC2S(=O)(=O)[O][Na])cc1OC,0,0,True,110
1338,COc1ccc(S(=O)(=O)[O][Na])cc1NC(=O)/C(=N\Nc1ccc(NC(=O)Nc2ccc(N/N=C(/C(C)=O)C(=O)Nc3ccc(S(=O)(=O)[O][Na])cc3)c(C(=O)[O][Na])c2)cc1C(=O)[O][Na])C(C)=O,0,0,True,111
1339,CC1=NN(c2ccc(-c3ccc(NC(=O)Nc4ccc(-c5ccc(N6N=C/C(=N/Nc7ccc(S(=O)(=O)[O][Na])cc7C(=O)[O][Na])C6=O)cc5)cc4)cc3)cc2)C(=O)/C1=N\Nc1ccc(S(=O)(=O)[O][Na])cc1C(=O)[O][Na],0,0,True,133
1340,O=C([O][Na])c1cc(/N=N/c2ccc(/C=C/c3ccc(/N=N/c4ccc(O)c(C(=O)[O][Na])c4)cc3S(=O)(=O)[O][Na])c(S(=O)(=O)[O][Na])c2)ccc1O,0,0,True,69
1341,O=C([O][Na])c1cc(/N=N/c2ccc(CCc3ccc(/N=N/c4ccc(O)c(C(=O)[O][Na])c4)cc3S(=O)(=O)[O][Na])c(S(=O)(=O)[O][Na])c2)ccc1O,0,0,True,70
1342,O=C([O][Na])c1cc(/N=N/c2ccc(Sc3ccc(/N=N/c4ccc(O)c(C(=O)[O][Na])c4)cc3S(=O)(=O)[O][Na])c(S(=O)(=O)[O][Na])c2)ccc1O,0,0,True,70
1343,COS(=O)(=O)c1c(C)ccc2nc(-c3ccc(N/N=C(/C(C)=O)C(=O)Nc4ccccc4)cc3)sc12,0,0,True,101
1344,COc1cc(/N=N/c2cc(S(=O)(=O)[O][Na])c3cccc(S(=O)(=O)[O][Na])c3c2)c(C)cc1Nc1nc(O)nc(Nc2cc(C)c(/N=N/c3cc(S(=O)(=O)[O][Na])c4cccc(S(=O)(=O)[O][Na])c4c3)cc2OC)n1,0,0,True,103
1345,Cc1cc(Nc2nc(NCCO)nc(Nc3ccc(/N=N/c4cc(S(=O)(=O)[O][Na])c5cccc(S(=O)(=O)[O][Na])c5c4)c(C)c3)n2)ccc1/N=N/c1cc(S(=O)(=O)[O][Na])c2cccc(S(=O)(=O)[O][Na])c2c1,0,0,True,105
1346,Cc1ccc2nc(-c3ccc(/N=N/Nc4ccc(-c5nc6ccc(C)c(S(=O)(=O)[O][Na])c6s5)cc4)cc3)sc2c1S(=O)(=O)[O][Na],0,0,True,88
1347,Nc1ccc(/N=N/c2ccc(N)c3ccccc23)cc1,0,0,True,50
1348,COc1cc(/N=N/c2ccc(N)cc2)c(C)cc1N,0,0,True,52
1349,COc1cc(/N=N/c2ccc(C)cc2)c(OC)cc1N,0,0,True,51
1350,COc1cc(N)ccc1/N=N/c1ccc(N)cc1,0,0,True,46
1351,COc1cc(/N=N/c2ccc(N)cc2)c(OC)cc1N,0,0,True,50
1352,COc1cc(/N=N/c2ccc([N+](=O)[O-])cc2)c(OC)cc1N,0,0,True,58
1353,CN(C)c1ccc(/N=N/c2ccc(N)cc2)cc1,0,0,True,35
1354,Nc1ccc(/N=N/c2cccc3ccccc23)c2ccccc12,0,0,True,54
1355,COc1cc(N)ccc1/N=N/c1ccc(N(CCO)CCO)cc1C,0,0,True,65
1356,COc1cc(-c2ccc(N)c(OC)c2)ccc1N,0,0,True,29
1357,CN(C)c1ccc(/N=N/c2ccc(N)cc2Cl)cc1,0,0,True,50
1358,Nc1ccc(/N=N/c2ccc(N(CCO)CCO)cc2)cc1,0,0,True,44
1359,Nc1ccc(N)c2c1C(=O)c1c(N)ccc(N)c1C2=O,0,0,True,21
1360,CCN(CC(O)CO)c1ccc(/N=N/c2ncc([N+](=O)[O-])s2)c(C)c1,0,0,True,78
1361,Nc1ccc(O)c2c1C(=O)c1c(O)ccc(Nc3ccccc3)c1C2=O,0,0,True,62
1362,CCN(CCC#N)c1ccc(/N=N/c2ncc([N+](=O)[O-])s2)c(C)c1,0,0,True,77
1363,Cc1cc(N(CCO)CCO)ccc1/N=N/c1ncc([N+](=O)[O-])s1,0,0,True,69
1364,N=C1C=C(Br)C(=O)c2c(N)ccc(O)c21,0,0,True,44
1365,CC(=O)Nc1ccc(Nc2ccc(O)c3c2C(=O)c2ccccc2C3=O)cc1,0,0,True,67
1366,COc1cc(N=Nc2ccc([N+](=O)[O-])cc2)c(OC)cc1N,0,0,True,58
1367,Nc1ccc(O)c2c1C(=O)c1c(O)c(-c3ccc(O)cc3)cc(N)c1C2=O,0,0,True,65
1368,COc1ccc(-c2cc(N)c3c(c2O)C(=O)c2c(N)ccc(O)c2C3=O)cc1,0,0,True,71
1369,Nc1ccc(O)c2c1C(=O)c1c(Nc3ccccc3)ccc(O)c1C2=O,0,0,True,62
1370,COCCOC(=O)CCNc1cc(NC(C)=O)c(/N=N/c2c(Br)cc([N+](=O)[O-])cc2[N+](=O)[O-])cc1OC,0,0,True,106
1371,CCN(CCC(=O)OC)c1ccc(/N=N/c2ncc([N+](=O)[O-])s2)c(C)c1,0,0,True,81
1372,CCCC(=O)Nc1cc(NCCOCCC#N)c(OC)cc1/N=N/c1c(Cl)cc([N+](=O)[O-])cc1[N+](=O)[O-],0,0,True,109
1373,Cc1cc(-c2cc(O)c3c(c2N)C(=O)c2c(O)ccc(N)c2C3=O)ccc1O,0,0,True,69
1374,CC(=O)Nc1cc(N(CCO)CCOCCO)ccc1/N=N/c1c(Br)cc([N+](=O)[O-])cc1C#N,0,0,True,103
1375,COc1cc(/N=N/c2c(Cl)cc([N+](=O)[O-])cc2[N+](=O)[O-])c(NC(C)=O)cc1N(CCOC(C)=O)Cc1ccccc1,0,0,True,110
1376,COc1cc(/N=N/c2c(Br)cc([N+](=O)[O-])cc2[N+](=O)[O-])c(NC(C)=O)cc1N(CCOC(C)=O)Cc1ccccc1,0,0,True,112
1377,CC(C)Nc1ccc(NC(C)C)c2c1C(=O)c1ccccc1C2=O,0,0,True,37
1378,CCOc1cc(/N=N/c2c(Br)cc([N+](=O)[O-])cc2[N+](=O)[O-])c(NC(C)=O)cc1N(CCOC(=O)OC)CCOC(=O)OC,0,0,True,102
1379,CNc1ccc(NC)c2c1C(=O)c1ccccc1C2=O,0,0,True,33
1380,CCOc1cc(/N=N/c2c(Br)cc([N+](=O)[O-])cc2[N+](=O)[O-])c(NC(C)=O)cc1N(CCC(=O)OC)CCC(=O)OC,0,0,True,98
1381,CCCCOCCn1c(=N)c2c(N)c3c(=O)c4ccccc4c(=O)c3c(N)c2c1=O,0,0,True,73
1382,Nc1ccc(O)c2c1C(=O)c1c(O)c(-c3ccc(COc4ccccc4)cc3)cc(N)c1C2=O,0,0,True,88
1383,Cc1cc(O)ccc1-c1cc(N)c2c(c1O)C(=O)c1c(N)ccc(O)c1C2=O,0,0,True,70
1384,CCOc1ccc(-c2cc(N)c3c(c2O)C(=O)c2c(N)ccc(O)c2C3=O)cc1,0,0,True,75
1385,COc1cc(/N=N/c2c(Br)cc([N+](=O)[O-])cc2[N+](=O)[O-])c(NC(C)=O)cc1NCC(O)COc1ccccc1,0,0,True,112
1386,COCC(O)CNc1cc(NCC(O)COc2ccccc2)c(OC)cc1/N=N/c1c(Br)cc([N+](=O)[O-])cc1[N+](=O)[O-],0,0,True,113
1387,CCN(CCC(=O)OC)c1ccc(/N=N/c2snc3ccc([N+](=O)[O-])cc23)cc1,0,0,True,92
1388,COc1ccc2nc(/N=N/c3cc4c(c5cccc(O)c35)NCC(O)C4)sc2c1,0,0,True,101
1389,CCOC(=O)Oc1ccc(-c2cc(N)c3c(c2O)C(=O)c2c(N)ccc(O)c2C3=O)cc1,0,0,True,85
1390,CCN(CC)c1ccc(/N=N/c2c(C#N)cc([N+](=O)[O-])cc2C#N)c(NC(C)=O)c1,0,0,True,74
1391,Nc1ccc(O)c2c1C(=O)c1c(O)c(Oc3ccc(O)cc3)cc(N)c1C2=O,0,0,True,70
1392,COc1ccc(Oc2cc(N)c3c(c2O)C(=O)c2c(N)ccc(O)c2C3=O)cc1,0,0,True,74
1393,Oc1ccc(/N=N/c2ccc(/N=N/c3ccccc3)c3ccccc23)cc1,0,0,True,49
1394,COc1cc(/N=N/c2c(Br)cc([N+](=O)[O-])cc2[N+](=O)[O-])c(NC(C)=O)cc1N(CCO)CCO,0,0,True,90
1395,COc1cc(/N=N/c2c(Br)cc([N+](=O)[O-])cc2[N+](=O)[O-])c(NC(C)=O)cc1N(C(=O)CCCO)C(=O)CCCO,0,0,True,96
1396,Nc1c2c(=O)c3ccccc3c(=O)c2c(N)c2c(=O)n(CCO)c(=O)c12,0,0,True,47
1397,CCCCOC(=O)CCn1c(=O)c2c(N)c3c(=O)c4ccccc4c(=O)c3c(N)c2c1=O,0,0,True,70
1398,O=C1c2ccccc2C(=O)c2c(Nc3ccccc3)ccc(O)c21,0,0,True,57
1399,Cc1ccc(Nc2ccc(Nc3ccc(C)cc3)c3c2C(=O)c2ccccc2C3=O)cc1,0,0,True,47
1400,Cc1ccc(Nc2ccc(O)c3c2C(=O)c2ccccc2C3=O)cc1,0,0,True,61
1401,Nc1cc2c(=O)c3cc(Br)ccc3[nH]c2c2c1C(=O)c1ccccc1C2=O,0,0,True,74
1402,CCC(=O)Nc1cc(N(CC)CC)ccc1/N=N/c1c(Br)cc([N+](=O)[O-])cc1C#N,0,0,True,86
1403,CCC(C)Nc1ccc(N)c2c1C(=O)c1c(O)ccc([N+](=O)O)c1C2=O,0,0,True,72
1404,Nc1ccc(Nc2ccccc2)c2c1C(=O)c1ccccc1C2=O,0,0,True,57
1405,Nc1ccc(O)c2c1C(=O)c1c(O)ccc(Nc3ccc(Cl)cc3)c1C2=O,0,0,True,65
1406,CCCCn1c(=N)c2c(N)c3c(=O)c4ccccc4c(=O)c3c(N)c2c1=O,0,0,True,62
1407,CCCCC(O)Cn1c(=N)c2c(N)c3c(=O)c4ccccc4c(=O)c3c(N)c2c1=O,0,0,True,73
1408,COCCCn1c(=N)c2c(N)c3c(=O)c4ccccc4c(=O)c3c(N)c2c1=O,0,0,True,67
1409,N=C1C=C(Br)C(=O)c2c(N)cc(Br)c(O)c21,0,0,True,46
1410,CCN(CCC(=O)OCCOC)c1cc(NC(C)=O)c(/N=N/c2c(Br)cc([N+](=O)[O-])cc2[N+](=O)[O-])cc1OC,0,0,True,108
1411,C=CCN(Cc1ccccc1)c1ccc(/N=N/c2c(Br)cc([N+](=O)[O-])cc2C#N)c(NC(C)=O)c1,0,0,True,104
1412,C=CCN(CCC(=O)OC)c1cc(NC(C)=O)c(/N=N/c2c(Br)cc([N+](=O)[O-])cc2[N+](=O)[O-])cc1OC,0,0,True,101
1413,C=CCN(Cc1ccccc1)c1cc(NC(C)=O)c(/N=N/c2c(Br)cc([N+](=O)[O-])cc2C#N)cc1OC,0,0,True,107
1414,CCOCCOc1ccc(-c2cc(N)c3c(c2O)C(=O)c2c(N)ccc(O)c2C3=O)cc1,0,0,True,87
1415,CNc1ccc(O)c2c1C(=O)c1ccccc1C2=O,0,0,True,47
1416,CCN(CC)c1cc(NC(C)=O)c(/N=N/c2c(I)cc([N+](=O)[O-])cc2C#N)cc1OC,0,0,True,89
1417,CCN(CC)c1ccc(/N=N/c2c(I)cc([N+](=O)[O-])cc2C#N)c(NC(C)=O)c1,0,0,True,84
1418,O=C1c2ccccc2C(=O)c2c(NCCO)ccc(NCCO)c21,0,0,True,42
1419,CNc1ccc(Nc2ccccc2)c2c1C(=O)c1ccccc1C2=O,0,0,True,53
1420,COCCN(CCOC)c1ccc(/N=N/c2c(Br)cc([N+](=O)[O-])cc2C#N)c(NC(C)=O)c1,0,0,True,93
1421,N#CCCN(CCOC(=O)c1ccccc1)c1ccc(/N=N/c2ccc([N+](=O)[O-])cc2)cc1,0,0,True,81
1422,Cc1cc(N(CCC#N)CCOC(=O)c2ccccc2)ccc1/N=N/c1ccc([N+](=O)[O-])cc1Cl,0,0,True,99
1423,COCCNc1cc(NC(C)=O)c(/N=N/c2c(Cl)cc([N+](=O)[O-])cc2[N+](=O)[O-])cc1OCCOC,0,0,True,97
1424,CNc1ccc(O)c2c1C(=O)c1c(O)ccc(NC)c1C2=O,0,0,True,35
1425,COCCN(CCC(C)OC)c1ccc(/N=N/c2c(Cl)cc([N+](=O)[O-])cc2C#N)c(NC(C)=O)c1,0,0,True,107
1426,COCCN(CCOC)c1cc(NC(C)=O)c(/N=N/c2c(Cl)cc([N+](=O)[O-])cc2C#N)cc1OC,0,0,True,95
1427,O=C1c2c(O)ccc(Nc3ccc(CCO)cc3)c2C(=O)c2c([N+](=O)[O-])ccc(O)c21,0,0,True,77
1428,COCCNc1cc(NC(C)=O)c(/N=N/c2c(Cl)cc([N+](=O)[O-])cc2C#N)cc1OCCOC,0,0,True,102
1429,COCCOc1cc(/N=N/c2c(Cl)cc([N+](=O)[O-])cc2C#N)c(NC(C)=O)cc1N(CCOC)CCOC,0,0,True,103
1430,Nc1c(C(=O)NCCO)cc(Nc2ccccc2)c2c1C(=O)c1ccccc1C2=O,0,0,True,75
1431,COc1cc(/N=N/c2c(Br)cc([N+](=O)[O-])cc2[N+](=O)[O-])c(NC(C)=O)cc1NCCC#N,0,0,True,94
1432,CCN(CCC#N)c1cc(NC(C)=O)c(/N=N/c2c(Br)cc([N+](=O)[O-])cc2[N+](=O)[O-])cc1OC,0,0,True,99
1433,CCN(CC)c1cc(NC(C)=O)c(/N=N/c2c(Br)cc([N+](=O)[O-])cc2[N+](=O)[O-])cc1OC,0,0,True,85
1434,CCNc1cc(NC(C)=O)c(/N=N/c2c(Br)cc([N+](=O)[O-])cc2[N+](=O)[O-])cc1OC,0,0,True,83
1435,CC(=O)OCCN(CCOC(C)=O)c1ccc(/N=N/c2ncc([N+](=O)[O-])s2)cc1,0,0,True,72
1436,CC(=O)OCCN(CCOC(C)=O)c1ccc(/N=N/c2c(C#N)cc([N+](=O)[O-])cc2C#N)c(C)c1,0,0,True,79
1437,CC(=O)OCCN(CCOC(C)=O)c1ccc(/N=N/c2ncc([N+](=O)[O-])s2)c(C)c1,0,0,True,78
1438,CC(O)Oc1ccc(Nc2ccc(O)c3c2C(=O)c2ccccc2C3=O)cc1,0,0,True,71
1439,Nc1ccc(O)c2c1C(=O)c1c(O)c(OC(=O)c3ccccc3)cc(N)c1C2=O,0,0,True,74
1440,CNc1ccc(NCCO)c2c1C(=O)c1ccccc1C2=O,0,0,True,52
1441,COCCN(CCOC)c1cc(NC(C)=O)c(/N=N/c2c(Br)cc([N+](=O)[O-])cc2[N+](=O)[O-])cc1OC,0,0,True,93
1442,CCN(Cc1ccccc1)c1ccc(/N=N/c2c(C#N)cc([N+](=O)[O-])cc2[N+](=O)[O-])c(NC(C)=O)c1,0,0,True,99
1443,CCCCn1c(=O)c2c(N)c3c(=O)c4ccccc4c(=O)c3c(N)c2c1=O,0,0,True,51
1444,COc1cc(Nc2nc(Nc3ccccc3)nc(NC(C)C)n2)c2c(c1N)C(=O)c1ccccc1C2=O,0,0,True,91
1445,CCN(CC)c1ccc(/N=N/c2c(Br)cc([N+](=O)[O-])c3cnsc23)c(NC(=O)COc2ccccc2)c1,0,0,True,111
1446,CCC(=O)Nc1cc2c(cc1/N=N/c1c(Br)cc([N+](=O)[O-])cc1[N+](=O)[O-])C(C)CC(C)(C)N2CC,0,0,True,100
1447,CCOCCOCCN(CC)c1ccc(/N=N/c2c(C#N)cc([N+](=O)[O-])cc2C#N)c(NC(C)=O)c1,0,0,True,98
1448,CCC(=O)Nc1cc2c(cc1/N=N/c1c(C#N)cc([N+](=O)[O-])cc1[N+](=O)[O-])C(C)CC(C)(C)N2CC,0,0,True,103
1449,CCN(CC)c1ccc(/N=N/c2ncc([N+](=O)[O-])s2)cc1,0,0,True,58
1450,CNc1ccc(NCCOCCO)c2c1C(=O)c1ccccc1C2=O,0,0,True,64
1451,COCCCNc1ccc(/N=N/c2ccc([N+](=O)[O-])cc2C)c2c(O)cccc12,0,0,True,88
1452,Cc1cc(N)c2c(c1O)C(=O)c1c(O)ccc(N)c1C2=O,0,0,True,55
1453,CCCCCCN(CCCCCC)c1ccc(/C=C2/C(=C(C#N)C#N)c3ccccc3S2(=O)=O)c(C)c1,0,0,True,91
1454,CCOC(=O)c1cc([N+](=O)[O-])sc1/N=N/c1ccc(N(C(=O)CC(C)=O)C(=O)CC(C)=O)cc1C,0,0,True,86
1455,CCCCn1nnc(-c2c(N)c3c(c(N)c2C#N)C(=O)c2ccccc2C3=O)n1,0,0,True,79
1456,CCCCN(CCCc1ccccc1)c1ccc(C2=C(C#N)C(=C(C#N)C#N)NC2=O)cc1,0,0,True,84
1457,CCN(CC)c1ccc(/N=N/c2c(C#N)cc([N+](=O)[O-])cc2C#N)c(C)c1,0,0,True,65
1458,O=C1c2ccccc2C(=O)c2c(NCCCO)ccc(NCCO)c21,0,0,True,52
1459,O=[N+]([O-])c1ccc(/N=N/c2cc3c(c4cccc(O)c24)NCC(O)C3)c(Cl)c1,0,0,True,86
1460,NOS(=O)c1cccc(Nc2ccc(O)c3c2C(=O)c2c(O)ccc(N)c2C3=O)c1,0,0,True,79
1461,CNc1cc(C(N)=O)c(N)c2c1C(=O)c1ccccc1C2=O,0,0,True,56
1462,Nc1ccc(O)c2c1C(=O)c1c(Nc3ccc(CCO)cc3)ccc(O)c1C2=O,0,0,True,72
1463,O=C1c2c(O)ccc([N+](=O)[O-])c2C(=O)c2c(O)ccc(Nc3ccccc3)c21,0,0,True,67
1464,Nc1ccc(O)c2c1C(=O)c1c(O)c(Br)cc(N)c1C2=O,0,0,True,55
1465,NC(=O)c1cc(NC2CCCCC2)c2c(c1N)C(=O)c1ccccc1C2=O,0,0,True,69
1466,COCCCn1c(=O)c2c(N)c3c(=O)c4ccccc4c(=O)c3c(N)c2c1=O,0,0,True,56
1467,COc1ccc(Nc2ccc(Nc3ccc(OC)cc3)c3c2C(=O)c2ccccc2C3=O)cc1,0,0,True,52
1468,COc1ccc(Nc2ccc(Nc3ccc(O)cc3)c3c2C(=O)c2ccccc2C3=O)cc1,0,0,True,62
1469,COc1ccc(Nc2ccc(O)c3c2C(=O)c2ccccc2C3=O)cc1CCO,0,0,True,81
1470,O=C1c2c(O)ccc(O)c2C(=O)c2c(NCCO)ccc(NCCO)c21,0,0,True,43
1471,CCOc1cc(/N=N/c2c(Br)cc([N+](=O)[O-])cc2[N+](=O)[O-])c(NC(C)=O)cc1N(CCOC(C)=O)CCOC(C)=O,0,0,True,99
1472,CCOc1cc(/N=N/c2c(Cl)cc([N+](=O)[O-])cc2[N+](=O)[O-])c(NC(C)=O)cc1N(CCOC(C)=O)CCOC(C)=O,0,0,True,98
1473,O=C1c2c(O)ccc(Nc3ccccc3)c2C(=O)c2c([N+](=O)[O-])ccc(O)c21,0,0,True,67
1474,O=C1c2ccccc2C(=O)c2c(Nc3cccc(CO)c3)ccc(O)c21,0,0,True,68
1475,Nc1ccc(O)c2c1C(=O)c1c(N)cc(Br)c(O)c1C2=O,0,0,True,55
1476,Nc1ccc(O)c2c1C(=O)c1c(O)ccc([N+](=O)[O-])c1C2=O,0,0,True,52
1477,O=[N+]([O-])c1cc(Cl)c(/N=N/c2ccc(NCCO)c3ccccc23)c([N+](=O)[O-])c1,0,0,True,82
1478,COc1ccc(Nc2ccc(N)c3c2C(=O)c2ccccc2C3=O)cc1,0,0,True,65
1479,COc1cc(/N=N/c2c(Br)cc([N+](=O)[O-])cc2[N+](=O)[O-])c(NC(C)=O)cc1N(CCO)CCC#N,0,0,True,101
1480,Nc1c(OCCCCCCO)cc(O)c2c1C(=O)c1ccccc1C2=O,0,0,True,70
1481,Cc1cc(O)c2c(c1N)C(=O)c1c(O)ccc(N)c1C2=O,0,0,True,55
1482,O=[N+]([O-])c1cc(Cl)c(/N=N/c2ccc(N(CCCO)CCCO)cc2Cl)c(Cl)c1,0,0,True,69
1483,COC(=O)OCCN(CCOC(=O)OC)c1ccc(/N=N/c2c(Cl)cc([N+](=O)[O-])cc2Cl)c(C)c1,0,0,True,82
1484,COC(=O)OCCN(CCOC(=O)OC)c1ccc(/N=N/c2c(Cl)cc([N+](=O)[O-])cc2Cl)cc1,0,0,True,78
1485,COCCNc1cc(NCCOC)c(/N=N\c2cccc3c2C(=O)c2ccccc2C3=O)c(C)c1C#N,0,0,True,96
1486,Cc1cc(N(C)CCO)ccc1/N=N/c1c(Cl)cc([N+](=O)[O-])cc1Cl,0,0,True,69
1487,O=C(O)c1cc([N+](=O)[O-])c(Nc2ccc(Nc3ccccc3)cc2)c([N+](=O)[O-])c1,0,0,True,56
1488,O=[N+]([O-])c1cc(Cl)c(/N=N/c2ccc(N(CCO)CCO)cc2Cl)c(Br)c1,0,0,True,70
1489,N=c1cc/c(=N\c2ccc(OCc3ccccc3)cc2)c2c(=O)ccc(=O)c1=2,0,0,True,74
1490,CNc1ccc(Nc2ccc(N)cc2)c2c1C(=O)c1ccccc1C2=O,0,0,True,59
1491,O=C1c2c(O)ccc(O)c2C(=O)c2c(Nc3ccccc3)ccc(Nc3ccccc3)c21,0,0,True,47
1492,O=C1c2ccccc2C(=O)c2c(Nc3ccccc3)ccc(Nc3ccccc3)c21,0,0,True,42
1493,CCN(CC)c1ccc(/N=N/c2sc([N+](=O)[O-])cc2[N+](=O)[O-])c(NC(C)=O)c1,0,0,True,76
1494,O=[N+]([O-])c1ccc(/N=N/c2ccc(Nc3ccccc3)cc2)cc1,0,0,True,50
1495,CCN(CCO)c1ccc(/N=N/c2ccc(S(N)(=O)=O)cc2)cc1,0,0,True,53
1496,Cc1ccc2c(c1N)C(=O)c1ccccc1C2=O,0,0,True,46
1497,O=C(OCCSc1cc(O)c2c(c1O)C(=O)c1ccccc1C2=O)c1ccccc1,0,0,True,78
1498,COC(=O)CCN(CCC(=O)OC)c1ccc(/N=N/c2ccc(C(=O)OC)cc2)c(NC(C)=O)c1,0,0,True,81
1499,CCN(Cc1ccccc1)c1ccc(/N=N/c2ccc(S(C)(=O)=O)cc2Cl)c(NC(C)=O)c1,0,0,True,89
1500,O=[N+]([O-])c1ccc(/N=N/c2ccc(NCCO)c(Cl)c2)cc1,0,0,True,62
1501,COc1ccc(Nc2ccc(Cl)cc2[N+](=O)[O-])cc1,0,0,True,52
1502,CC(=O)OCCN(CCOC(C)=O)c1ccc(/N=N/c2ccc([N+](=O)[O-])cc2)c(Cl)c1,0,0,True,72
1503,CCN(CCO)c1ccc(/N=N/c2cc(Cl)c([N+](=O)[O-])cc2Cl)cc1,0,0,True,70
1504,O=[N+]([O-])c1cc(Cl)c(/N=N/c2ccc(N(CCO)CCO)cc2)c(Cl)c1,0,0,True,63
1505,COc1cc(/N=N/c2ccccc2)c(C)cc1/N=N/c1ccc(O)cc1,0,0,True,63
1506,COc1c(C)cc(/N=N/c2ccccc2)cc1N=Nc1ccc(O)cc1,0,0,True,65
1507,COc1cc(/N=N/c2ccc([N+](=O)[O-])cc2)c(C)cc1/N=N/c1ccc(O)cc1,0,0,True,71
1508,CCN(CCC#N)c1ccc(/N=N/c2ccc([N+](=O)[O-])cc2)cc1,0,0,True,59
1509,COc1cc(/N=N/c2ccc([N+](=O)[O-])cc2)ccc1/N=N/c1ccc(O)cc1,0,0,True,69
1510,Nc1ccc(/N=N/c2ccc([N+](=O)[O-])cc2)cc1,0,0,True,38
1511,CC(=O)OCCN(CCC#N)c1ccc(/N=N/c2c(Cl)cc([N+](=O)[O-])cc2Cl)cc1,0,0,True,83
1512,CC(=O)OCCN(CCC#N)c1ccc(/N=N/c2ccc([N+](=O)[O-])cc2)cc1,0,0,True,71
1513,COCCCN1C(=O)c2ccc3c(=O)n4c5cc(C)ccc5nc4c4ccc(c2c34)C1=O,0,0,True,95
1514,CCCCN(CCC#N)c1ccc(/N=N/c2ccc([N+](=O)[O-])cc2)cc1,0,0,True,65
1515,CCN(CCC#N)c1ccc(/N=N/c2c(Cl)cc([N+](=O)[O-])cc2Cl)cc1,0,0,True,71
1516,COc1cc(/N=N/c2ccc(OCCO)cc2)c(C)cc1/N=N/c1ccc(O)cc1,0,0,True,76
1517,N#CCCNc1ccc(/N=N/c2c(Cl)cc([N+](=O)[O-])cc2Cl)c(Cl)c1,0,0,True,70
1518,COc1ccc(NC(=O)c2cc3ccccc3c(/N=N/c3ccccc3)c2O)cc1,0,0,True,83
1519,N#CCCN(CCC#N)c1ccc(/N=N/c2ccc([N+](=O)[O-])cc2Cl)cc1,0,0,True,67
1520,N#CCCN(CCOC(=O)Nc1ccccc1)c1ccc(/N=N/c2ccc([N+](=O)[O-])cc2)cc1,0,0,True,87
1521,CN(CCO)c1ccc(/N=N/c2c(Cl)cc([N+](=O)[O-])cc2Cl)cc1,0,0,True,65
1522,CCN(CCC#N)c1ccc(/N=N/c2c(Cl)cc(S(=O)(=O)N(C)C)cc2Cl)cc1,0,0,True,72
1523,CCN(CCO)c1ccc(/N=N/c2c(Cl)cc(S(=O)(=O)N(C)C)cc2Cl)cc1,0,0,True,68
1524,CC(=O)OCCN(CCOC(C)=O)c1ccc(/N=N/c2ccc(/N=N/c3ccc([N+](=O)[O-])cc3)c(Cl)c2)cc1,0,0,True,85
1525,CCN(CCC#N)c1ccc(/N=N/c2ccc(S(C)(=O)=O)cc2Cl)c(C)c1,0,0,True,75
1526,Cc1cc(/N=N/c2ccc(/N=N/c3ccc(O)c(C)c3)c(Cl)c2)ccc1O,0,0,True,51
1527,Cc1cc(/N=N/c2ccc(/N=N/c3ccc(O)cc3C)cc2)ccc1O,0,0,True,55
1528,CC1=NN(c2ccccc2)C(=N)/C1=N\Nc1ccc([N+](=O)[O-])cc1[N+](=O)[O-],0,0,True,78
1529,Cc1cc(N(CCC#N)CCN2C(=O)C=CC2=O)ccc1/N=N/c1ccc([N+](=O)[O-])cc1,0,0,True,89
1530,CN(CCC#N)c1ccc(/N=N/c2c(Br)cc([N+](=O)[O-])cc2Br)cc1,0,0,True,70
1531,Cc1cc(N(CCC#N)CCOC(=O)c2ccccc2)ccc1/N=N/c1c(Cl)cc([N+](=O)[O-])cc1Cl,0,0,True,101
1532,CC(=O)Nc1ccc(/N=N/c2ccc(/N=N/c3ccc(O)cc3)cc2C)cc1,0,0,True,66
1533,N#CCCN(CCC#N)c1ccc(/N=N/c2c(Cl)cc([N+](=O)[O-])cc2Cl)cc1,0,0,True,66
1534,Cc1cc(/N=N/c2ccc([N+](=O)[O-])cc2)c(C)cc1N,0,0,True,53
1535,CC1=NN(c2ccccc2)C(=O)/C1=N\Nc1ccc(/N=N/c2ccccc2)cc1,0,0,True,72
1536,N#CCCN(CCOC(=O)Cc1ccccc1)c1ccc(/N=N/c2ccc([N+](=O)[O-])cc2)cc1,0,0,True,87
1537,N#CCCN(CCO)c1ccc(/N=N/c2c(Cl)cc([N+](=O)[O-])cc2Cl)cc1,0,0,True,73
1538,CC(=O)OCCN(CCOC(C)=O)c1ccc(/N=N/c2c(Cl)cc([N+](=O)[O-])cc2Cl)cc1,0,0,True,73
1539,N#CCCOCCN(CCC#N)c1ccc(/N=N/c2ccc([N+](=O)[O-])cc2)cc1,0,0,True,72
1540,CC(=O)OCCN(CCOC(C)=O)c1ccc(/N=N/c2c(Cl)cc([N+](=O)[O-])cc2Cl)c(Cl)c1,0,0,True,75
1541,CCN(CCC#N)c1ccc(/N=N/c2cc(Cl)c(S(=O)(=O)N(C)C)cc2Cl)cc1,0,0,True,77
1542,O=[N+]([O-])c1ccc(Nc2ccc(/N=N/c3c(Cl)cc([N+](=O)[O-])cc3Cl)cc2)cc1,0,0,True,63
1543,CCN(CCO)c1ccc(/N=N/c2ccc([N+](=O)[O-])cc2)cc1,0,0,True,54
1544,CCN(CCC#N)c1ccc(/N=N/c2ccc([N+](=O)[O-])cc2Cl)cc1,0,0,True,72
1545,COC(=O)CCN(CCC#N)c1ccc(/N=N/c2ccc([N+](=O)[O-])cc2Cl)cc1,0,0,True,85
1546,N#Cc1cc([N+](=O)[O-])ccc1/N=N/c1ccc(N(CCO)CCO)cc1,0,0,True,69
1547,CCN(CCO)c1ccc(/N=N/c2ccc(S(C)(=O)=O)cc2Cl)c(C)c1,0,0,True,70
1548,COc1cc(N)c2c(c1N)C(=O)c1ccccc1C2=O,0,0,True,51
1549,CC(=O)OCCN(CCOC(C)=O)c1ccc(/N=N/c2ccc([N+](=O)[O-])cc2OC(C)=O)cc1,0,0,True,78
1550,CCN(CCC#N)c1ccc(/N=N/c2nc3ccc(S(C)(=O)=O)cc3s2)cc1,0,0,True,85
1551,O=[N+]([O-])c1cc(Br)c(/N=N/c2ccc(N(CCO)CCO)cc2Cl)c(Br)c1,0,0,True,68
1552,Cc1cc(N(CCO)CCO)ccc1/N=N/c1ccc(S(N)(=O)=O)cc1C,0,0,True,58
1553,Nc1ccc(Sc2nc3ccccc3s2)c2c1C(=O)c1ccccc1C2=O,0,0,True,72
1554,CN(C)S(=O)(=O)c1cccc2c(/N=N/c3ccc([N+](=O)[O-])cc3)c(N)ccc12,0,0,True,74
1555,Nc1ccc2c(S(N)(=O)=O)cccc2c1/N=N/c1ccc([N+](=O)[O-])cc1,0,0,True,67
1556,C#CCCN(CCOC(=O)c1ccccc1)c1ccc(/N=N/c2ccc([N+](=O)[O-])cc2Cl)cc1,0,0,True,95
1557,C#CCCN(CCO)c1ccc(/N=N/c2ccc([N+](=O)[O-])cc2O)cc1C,0,0,True,77
1558,COC(=O)CCc1ccc(Oc2cc(O)c3c(c2N)C(=O)c2ccccc2C3=O)c(C)c1,0,0,True,85
1559,C#CCCN(CCO)c1ccc(/N=N/c2ccc([N+](=O)[O-])cc2Cl)c(C)c1,0,0,True,76
1560,Cc1cc(N(CCO)CCO)ccc1/N=N/c1ccc([N+](=O)[O-])cc1Cl,0,0,True,66
1561,Cc1cc(N(CCO)CCO)ccc1/N=N/c1c(C)cc([N+](=O)[O-])cc1Br,0,0,True,70
1562,CCN(CCO)c1ccc(/N=N/c2ccc([N+](=O)[O-])cc2Cl)cc1,0,0,True,67
1563,CSc1ccc(Oc2cc(O)c3c(c2N)C(=O)c2ccccc2C3=O)cc1,0,0,True,69
1564,C#Cc1cc([N+](=O)[O-])ccc1/N=N/c1ccc(N(CCC(=O)OC)CCC(=O)OC)cc1,0,0,True,80
1565,CC(=O)OCCN(CCOC(C)=O)c1ccc(/N=N/c2ccc([N+](=O)[O-])cc2)c(NC(=O)c2ccccc2)c1,0,0,True,96
1566,CCN(CCC#N)c1ccc(/N=N/c2nc3ccc([N+](=O)[O-])cc3s2)c(C)c1,0,0,True,90
1567,CS(=O)(=O)c1ccc2nc(/N=N/c3ccc(N(CCO)CCC#N)cc3)sc2c1,0,0,True,90
1568,CC(=O)OCCN(CCOC(C)=O)c1ccc(/N=N/c2ccc([N+](=O)[O-])cc2C)c(NC(=O)c2ccccc2)c1,0,0,True,95
1569,Cc1ccccc1/N=N/c1ccc(/N=N/c2c(O)ccc3ccccc23)c(C)c1,0,0,True,73
1570,CCN(CCC#N)c1ccc(/N=N/c2nc3ccc([N+](=O)[O-])cc3s2)cc1,0,0,True,86
1571,COc1ccc(Oc2cc(O)c3c(c2N)C(=O)c2ccccc2C3=O)cc1,0,0,True,66
1572,Nc1ccc(O)c2c1C(=O)c1ccccc1C2=O,0,0,True,43
1573,CC(=O)OCCN(C)S(=O)(=O)c1ccc2c(/N=N/c3ccc(/N=N/c4ccccc4)cc3)c(O)ccc2c1,0,0,True,97
1574,CCN(CCC#N)c1ccc(/N=N/c2nc3cc(Cl)c(Cl)c(Cl)c3s2)c(C)c1,0,0,True,87
1575,CCN(CCC#N)c1ccc(/N=N/c2nc3ccc(Cl)c(Cl)c3s2)c(C)c1,0,0,True,85
1576,CCC(=O)OOCCN(CCC#N)c1ccc(/N=N/c2nc3ccc([N+](=O)[O-])cc3s2)cc1,0,0,True,108
1577,Cc1cc(N(CCO)CCC#N)ccc1/N=N/c1nc2ccccc2s1,0,0,True,82
1578,CC(=O)Nc1cc(N(CCO)CCC#N)ccc1/N=N/c1ccc([N+](=O)[O-])cc1Cl,0,0,True,86
1579,CC(=O)OCCN(CCOC(C)=O)c1ccc(/N=N/c2ccc([N+](=O)[O-])cc2)c(C)c1,0,0,True,74
1580,Cc1cc(N(CCO)CCO)ccc1/N=N/c1ccc([N+](=O)[O-])cc1O,0,0,True,66
1581,N#CCCN(CCOC(=O)COc1ccccc1)c1ccc(/N=N/c2ccc([N+](=O)[O-])cc2C#N)cc1,0,0,True,108
1582,Nc1c(Oc2ccc(O)cc2)cc(O)c2c1C(=O)c1ccccc1C2=O,0,0,True,63
1583,CCOC(=O)Oc1ccc(Oc2cc(O)c3c(c2N)C(=O)c2ccccc2C3=O)cc1,0,0,True,79
1584,CCCCCCCCc1ccc(Oc2cc(O)c3c(c2N)C(=O)c2ccccc2C3=O)cc1,0,0,True,86
1585,CCC(=O)Nc1cc(N(CCOC(C)=O)CCOC(C)=O)ccc1/N=N/c1ccc([N+](=O)[O-])cc1Cl,0,0,True,88
1586,CC(=O)Nc1cc(N(CCOC(C)=O)CCOC(C)=O)ccc1/N=N/c1ccc([N+](=O)[O-])cc1Cl,0,0,True,83
1587,Cc1cc([N+](=O)[O-])ccc1/N=N/c1ccc(N(CCC#N)CCOCCC#N)cc1,0,0,True,85
1588,Cc1cc(N(CCO)CCO)ccc1/N=N/c1ccc([N+](=O)[O-])cc1,0,0,True,65
1589,CC(=O)OCCN(CCC#N)c1ccc(/N=N/c2nc3ccc([N+](=O)[O-])cc3s2)cc1,0,0,True,98
1590,CCN(CCC#N)c1ccc(/N=N/C2Nc3ccc([N+](=O)[O-])cc3S2)c(OC)c1,0,0,True,99
1591,CCN(CCC#N)c1ccc(/N=N/c2nc3c(Br)cc(Br)cc3s2)cc1,0,0,True,82
1592,N#CCCN(CCc1ccccc1)c1ccc(/N=N/c2ccc([N+](=O)[O-])cc2Br)cc1,0,0,True,85
1593,N#CCCN(CCc1ccccc1)c1ccc(/N=N/c2ccc([N+](=O)[O-])cc2C#N)cc1,0,0,True,88
1594,COCCCn1c(=O)c2cc(OC)c3sc4ccccc4c4c([N+](=O)[O-])cc(c1=O)c2c34,0,0,True,95
1595,CCN(CC)c1ccc2cc(-c3cc4ccccc4c(=O)[nH]3)c(=O)oc2c1,0,0,True,78
1596,CC(=O)OCCN(CCC#N)c1ccc(/N=N/c2ccc([N+](=O)[O-])cc2C#N)c(C)c1,0,0,True,88
1597,Cc1ccc(OC(=O)Oc2ccc(Oc3cc(O)c4c(c3N)C(=O)c3ccccc3C4=O)cc2)cc1,0,0,True,81
1598,O=[N+]([O-])c1ccc(/N=N/c2ccc(N(CCO)CCO)cc2)cc1,0,0,True,50
1599,CC(=O)Oc1ccc(Oc2cc(O)c3c(c2N)C(=O)c2ccccc2C3=O)cc1,0,0,True,69
1600,Nc1c(OCCCc2ccccc2)cc(O)c2c1C(=O)c1ccccc1C2=O,0,0,True,72
1601,Nc1c(OCCc2ccccc2)cc(O)c2c1C(=O)c1ccccc1C2=O,0,0,True,70
1602,CCOC(=O)c1n[nH]c(O)c1C1=Nc2cccc3cccc1c23,0,0,True,70
1603,CCOCC(CNc1ccc(/N=N/c2ccc([N+](=O)[O-])cc2Cl)c(NC(C)=O)c1)OC(C)=O,0,0,True,93
1604,CCOCC(O)CN(CC(O)COCC)c1ccc(/N=N/c2ccc([N+](=O)[O-])cc2Cl)c(NC(C)=O)c1,0,0,True,90
1605,Cc1cc(Cl)cc2c1C(=O)/C(=C1/Sc3c(Cl)cc(Cl)c(C)c3C1=O)S2,0,0,True,64
1606,CCN(CC(O)CO)c1ccc(/N=N/c2ccc([N+](=O)[O-])cc2)cc1,0,0,True,60
1607,COc1ccc(NC(=O)c2cc3ccccc3c(/N=N/c3ccc(C)cc3)c2O)cc1,0,0,True,86
1608,CC(=O)Nc1cc(N(CCC#N)CCOC(C)=O)ccc1/N=N/c1ccc([N+](=O)[O-])cc1Cl,0,0,True,93
1609,C#Cc1cc([N+](=O)[O-])ccc1/N=N/c1ccc(N(CCC#N)CCOC(=O)C(C)C)cc1,0,0,True,93
1610,C#Cc1cc([N+](=O)[O-])ccc1/N=N/c1ccc(N(CCC#N)CCOC(C)=O)cc1,0,0,True,89
1611,CCN(CCC#N)c1ccc(/N=N/c2nc3ccc(Cl)cc3s2)c(NC(C)=O)c1,0,0,True,97
1612,Nc1c(Oc2ccc(Br)cc2)cc(O)c2c1C(=O)c1ccccc1C2=O,0,0,True,64
1613,CCN(CC)c1ccc(/N=N/c2ccc(S(C)(=O)=O)cc2Cl)c(NC(C)=O)c1,0,0,True,72
1614,O=C1c2ccccc2C(=O)c2c(Nc3ccccc3)cccc21,0,0,True,52
1615,CCOc1ccccc1NC(=O)c1cc2ccccc2c(/N=N/c2ccc(Cl)cc2C)c1O,0,0,True,97
1616,COCCCC1C(=O)c2cccc3c(O)c(/N=N/c4cccc(Cl)c4)cc(c23)C1=O,0,0,True,92
1617,C#CCCN(SCC)c1ccc(/N=N/c2nc(CC)cs2)cc1,0,0,True,69
1618,C#CCCN(SCC)c1ccc(/N=N/c2nc(CCC(=O)OC)cs2)cc1,0,0,True,89
1619,C#CCCN(SCCC(=O)OC)c1ccc(/N=N/c2nc(CCC(=O)OC)cs2)cc1,0,0,True,94
1620,C#CCCN(SCCC(=O)OC)c1ccc(/N=N/c2nc(CC)cs2)cc1,0,0,True,85
1621,N#CCCN(CCOc1ccccc1)c1ccc(/N=N/c2ccc([N+](=O)[O-])cc2)c(Cl)c1,0,0,True,91
1622,CCOC(=O)CCN(CCC(=O)OCC)c1ccc(/N=N/c2ccc([N+](=O)[O-])cc2Cl)c(NC(C)=O)c1,0,0,True,89
1623,CCOCCOCCN(CCC#N)c1ccc(/N=N/c2ccc([N+](=O)[O-])cc2Cl)c(NC(C)=O)c1,0,0,True,103
1624,CCN(CC)c1cccc2cc3c(oc12)c(C#N)c(=N)n1c2ccccc2nc31,0,0,True,88
1625,COC(=O)CCN(CCC(=O)OC)c1ccc(/N=N/c2ccc([N+](=O)[O-])cc2)c(NC(C)=O)c1,0,0,True,83
1626,Cc1c(C#N)c(NCCO)nc(NCCCOCCOc2ccccc2)c1/N=N/c1ccc([N+](=O)[O-])cc1C#N,0,0,True,117
1627,Cc1c(C#N)c(NCCCOCCOc2ccccc2)nc(NCCCOCCOc2ccccc2)c1/N=N/c1ccc([N+](=O)[O-])cc1C#N,0,0,True,115
1628,Cc1c(C#N)c(NCCO)nc(NCCO)c1/N=N/c1ccc([N+](=O)[O-])cc1C#N,0,0,True,81
1629,Cc1c(C#N)c(NCCCOCCOc2ccccc2)nc(NCCO)c1/N=N/c1ccc([N+](=O)[O-])cc1C#N,0,0,True,120
1630,COC(=O)COc1ccc(Oc2cc(O)c3c(c2N)C(=O)c2ccccc2C3=O)cc1,0,0,True,80
1631,CCOC(=O)COc1ccc(Oc2cc(O)c3c(c2N)C(=O)c2ccccc2C3=O)cc1,0,0,True,84
1632,O=C1c2ccccc2C(=O)c2c(NCCO)cccc21,0,0,True,51
1633,O=[N+]([O-])c1ccc(/N=N/c2ccc(N(CCO)CCO)cc2)c(Cl)c1,0,0,True,63
1634,COc1c(-c2ccccc2)c(=O)c2ccc3sc4ccccc4c4ccc1c2c34,0,0,True,80
1635,COc1c(-c2ccccc2)c(=O)c2ccc3c4ccccc4sc4ccc1c2c43,0,0,True,80
1636,CCN(CCN1C(=O)CCC1=O)c1ccc(/N=N/c2ccc([N+](=O)[O-])cc2Cl)c(NC(C)=O)c1,0,0,True,93
1637,CCN(CCN1C(=O)CCC1=O)c1ccc(/N=N/c2ccc([N+](=O)[O-])cc2)c(NC(C)=O)c1,0,0,True,92
1638,COc1cc(/N=N/c2ccc([N+](=O)[O-])cc2)c(C)cc1N,0,0,True,60
1639,C#Cc1cc([N+](=O)[O-])ccc1/N=N/c1ccc(N(CCOC(=O)OCC)CCOC(=O)OCC)cc1Cl,0,0,True,88
1640,CC(=O)Nc1cccc2ccc(O)c(/N=N/c3ccc([N+](=O)[O-])cc3)c12,0,0,True,73
1641,CCCN(CCC)c1ccc(/N=N/c2nnc(SCC)s2)c(NC(C)=O)c1,0,0,True,80
1642,CCSc1nnc(/N=N/c2ccc(N(CC)Cc3ccccc3)cc2NC(C)=O)s1,0,0,True,94
1643,CCNc1cc(NC(C)=O)c(/N=N/c2nnc(SCC)s2)cc1C,0,0,True,77
1644,CCCN(CCC)c1ccc(/N=N/c2c(C#N)cc(C)cc2C#N)c(NS(=O)OC)c1,0,0,True,77
1645,C#Cc1cc([N+](=O)[O-])ccc1/N=N/c1ccc(N(CCOC(C)=O)CCOC(C)=O)cc1NC(C)=O,0,0,True,89
1646,CCCOc1ccc(C2=c3cc4c(cc3CC2=O)=C(c2ccccc2)C(=O)O4)cc1,0,0,True,87
1647,O=C1c2ccccc2SC1C1Sc2ccccc2C1=O,0,0,True,31
1648,CCOC(COC(C)=O)Oc1ccc(C2=c3cc4c(cc3OC2=O)=C(c2ccccc2)C(=O)O4)cc1,0,0,True,82
1649,COc1cc(O)c2c(c1N)C(=O)c1ccccc1C2=O,0,0,True,53
1650,COc1cc([N+](=O)[O-])ccc1/N=N/c1ccc(N(C)C)cc1,0,0,True,59
1651,N#CCCN(CCO)c1ccc(/N=N/c2ccc([N+](=O)[O-])cc2Cl)cc1,0,0,True,74
1652,COCCOCCOc1cc(O)c2c(c1N)C(=O)c1ccccc1C2=O,0,0,True,71
1653,CC(=O)OCCN(CCC#N)c1ccc(/N=N/c2ccc([N+](=O)[O-])cc2Cl)cc1,0,0,True,84
1654,Nc1c(OCCO)cc(O)c2c1C(=O)c1ccccc1C2=O,0,0,True,60
1655,COc1ccc2nc(/N=N/c3ccc(N(CCO)CCO)cc3)sc2c1,0,0,True,77
1656,CCOCCOc1cc(O)c2c(c1N)C(=O)c1ccccc1C2=O,0,0,True,68
1657,NS(=O)(=O)c1ccc(/N=N/c2ccc(NCCO)c3ccccc23)cc1,0,0,True,70
1658,Nc1c(Oc2ccccc2)cc(O)c2c1C(=O)c1ccccc1C2=O,0,0,True,61
1659,Nc1ccc(/N=N/c2ccc([N+](=O)[O-])cc2)c(N)c1,0,0,True,48
1660,CCOc1ccc2nc(/N=N/c3ccc(N(CCO)CCO)cc3)sc2c1,0,0,True,82
1661,CCN(CCC#N)c1ccc(/N=N/c2ccc([N+](=O)[O-])cc2Cl)c(C)c1,0,0,True,74
1662,O=[N+]([O-])c1ccc(/N=N/c2ccc(N(CCO)CCO)cc2Cl)cc1,0,0,True,63
1663,Nc1cc(SCCO)c(N)c2c1C(=O)c1ccccc1C2=O,0,0,True,58
1664,CCN(CCC#N)c1ccc(/N=N/c2ccc([N+](=O)[O-])cc2C#N)cc1,0,0,True,75
1665,CC(=O)Nc1cc(N(CCOC(C)=O)CCOC(C)=O)ccc1/N=N/c1ccc([N+](=O)[O-])cc1,0,0,True,82
1666,CCC(=O)Nc1cc(N(CCOC(C)=O)CCOC(C)=O)ccc1/N=N/c1ccc([N+](=O)[O-])cc1,0,0,True,86
1667,Nc1c(Oc2ccc(Cl)cc2)cc(O)c2c1C(=O)c1ccccc1C2=O,0,0,True,65
1668,CCN(CCOC(C)=O)c1ccc(/N=N/c2ccc([N+](=O)[O-])cc2S(C)(=O)=O)cc1,0,0,True,81
1669,CCN(CCO)c1ccc(/N=N/c2ccc([N+](=O)[O-])cc2[N+](=O)[O-])cc1,0,0,True,69
1670,CC(=O)OCCN(CCOC(C)=O)c1ccc(/N=N/c2ccc([N+](=O)[O-])cc2C#N)cc1,0,0,True,79
1671,COc1cc(NS(=O)(=O)c2ccc(C)cc2)c2c(c1N)C(=O)c1ccccc1C2=O,0,0,True,73
1672,CCN(CCO)c1ccc(/N=N/c2nc3ccc(S(C)(=O)=O)cc3s2)c(C)c1,0,0,True,86
1673,CCN(CCC#N)c1ccc(/N=N/c2nc3ccc(S(C)(=O)=O)cc3s2)c(C)c1,0,0,True,91
1674,CNc1cccc2c1C(=O)c1ccccc1C2=O,0,0,True,42
1675,COC(=O)CCN(CCC#N)c1ccc(/N=N/c2ccc([N+](=O)[O-])cc2C#N)cc1,0,0,True,88
1676,C=S(=C)(NCCCOCC)c1ccc(Oc2cc(O)c3c(c2N)C(=O)c2ccccc2C3=O)cc1,0,0,True,97
1677,N#CCCN(CCO)c1ccc(/N=N/c2ccc([N+](=O)[O-])cc2[N+](=O)[O-])cc1,0,0,True,76
1678,CCN(CCO)c1ccc(/N=N/c2ccc([N+](=O)[O-])cc2)c(C)c1,0,0,True,68
1679,Nc1ccc(N)c2c1C(=O)c1ccccc1C2=O,0,0,True,30
1680,CCCCN(CCO)c1ccc(/N=N/c2ccc([N+](=O)[O-])cc2[N+](=O)[O-])cc1,0,0,True,75
1681,CCCCN(CCO)c1ccc(/N=N/c2ccc([N+](=O)[O-])cc2[N+](=O)[O-])c(C)c1,0,0,True,77
1682,Nc1c(Br)cc(O)c2c1C(=O)c1ccccc1C2=O,0,0,True,48
1683,CCCCN(CCO)c1ccc(/N=N/c2c(Br)cc([N+](=O)[O-])cc2[N+](=O)[O-])c(C)c1,0,0,True,84
1684,Nc1c(Oc2ccccc2)c(Oc2ccccc2)c(N)c2c1C(=O)c1ccccc1C2=O,0,0,True,45
1685,Nc1c(Cl)c(Cl)c(N)c2c1C(=O)c1ccccc1C2=O,0,0,True,34
1686,CC(=O)OCCN(CCOC(C)=O)c1ccc(/N=N/c2ccc([N+](=O)[O-])cc2C#N)c(C)c1,0,0,True,80
1687,CCOCCCNS(=O)(=O)c1ccc(Sc2cc(O)c3c(c2N)C(=O)c2ccccc2C3=O)cc1,0,0,True,96
1688,Nc1c(SCCO)cc(O)c2c1C(=O)c1ccccc1C2=O,0,0,True,60
1689,Nc1c(Cl)c(Oc2ccccc2)c(N)c2c1C(=O)c1ccccc1C2=O,0,0,True,57
1690,CNc1ccc(N)c2c1C(=O)c1ccccc1C2=O,0,0,True,47
1691,Cc1cc(N(CCO)CCO)ccc1/N=N/c1nc2ccc(S(C)(=O)=O)cc2s1,0,0,True,84
1692,Cc1cc(NCCC#N)ccc1Oc1cc(N)c2c(c1N)C(=O)c1ccccc1C2=O,0,0,True,84
1693,N#CCCN(CCc1ccccc1)c1ccc(/N=N/c2ncc([N+](=O)[O-])s2)cc1,0,0,True,84
1694,CCN(CCC#N)c1ccc(/N=N/c2ccc([N+](=O)[O-])cc2C#N)c(C)c1,0,0,True,76
1695,COc1cc(/N=N/c2c(Cl)cc([N+](=O)[O-])cc2Cl)c(NC(C)=O)cc1N(CCOC(C)=O)CCOC(C)=O,0,0,True,89
1696,CC(=O)Nc1ccc(N)c2c1C(=O)c1ccccc1C2=O,0,0,True,53
1697,O=C(Nc1ccc(O)c2c1C(=O)c1c(O)ccc(NC(=O)c3ccccc3)c1C2=O)c1ccccc1,0,0,True,52
1698,CCN(CC)c1ccc(/N=N/c2ccc([N+](=O)[O-])cc2C#N)c(NC(=O)CCl)c1,0,0,True,82
1699,C=CCN(CC=C)c1ccc(/N=N/c2ccc([N+](=O)[O-])cc2C#N)c(NC(C)=O)c1,0,0,True,84
1700,CCC(C)N1CC(O)Cc2cc(/N=N/c3c(Br)cc([N+](=O)[O-])cc3[N+](=O)[O-])c(C)cc21,0,0,True,94
1701,COCCN(CCOC)c1ccc(/N=N/c2ccc([N+](=O)[O-])cc2C#N)c(NC(C)=O)c1,0,0,True,87
1702,Nc1ccc(N)c2c1C(=O)c1cccc([N+](=O)[O-])c1C2=O,0,0,True,50
1703,CC(=O)Nc1cc(N(CCOC(C)=O)CCOC(C)=O)ccc1/N=N/c1ccc([N+](=O)[O-])cc1[N+](=O)[O-],0,0,True,85
1704,CCN(CC)c1ccc(/N=N/c2c(Br)cc([N+](=O)[O-])cc2[N+](=O)[O-])c(NC(C)=O)c1,0,0,True,79
1705,O=[N+]([O-])c1ccc(Nc2ccc(O)cc2)c([N+](=O)[O-])c1,0,0,True,50
1706,Cn1c(=O)c(/N=N/c2ccc([N+](=O)[O-])cc2)c(O)c2ccccc21,0,0,True,65
1707,CCOC(=O)c1ccc(/N=N/c2c(C(=O)OCC)nn(-c3ccccc3)c2O)cc1,0,0,True,79
1708,CC1=C(CN)C(O)=NC(=O)C1/N=N/c1ccc(S(=O)(=O)N(C)C)cc1,0,0,True,69
1709,Cc1cc(O)ccc1/N=N/c1ccc(/N=N/c2ccc(O)cc2)c(Cl)c1,0,0,True,61
1710,C=C1c2ccc3c4c(ccc(c24)C(=C)N1CCCOC)-c1ccccc1S3,0,0,True,77
1711,O=[N+]([O-])c1cc(Cl)c(/N=N/c2ccc(N3C=CS(=O)(=O)C=C3)cc2)c(Cl)c1,0,0,True,65
1712,CCN(Cc1ccccc1)c1ccc(/C=C(\CN)C(=O)OCCN(C)C)cc1,0,0,True,76
1713,Cc1ccc(N2C(=O)c3cccc4c(N)ccc(c34)C2=O)c(C)c1,0,0,True,64
1714,Cc1c(/N=N/c2cccc(OS(=O)(=O)c3ccccc3)c2)c(O)n(C)c(=O)c1CN,0,0,True,86
1715,CCN(CCSc1nc2ccccc2s1)c1ccc(C=C(CN)CN)c(C)c1,0,0,True,85
1716,CCn1c(O)c(/N=N/c2ccccc2[N+](=O)[O-])c(C)c(CN)c1=O,0,0,True,69
1717,O=c1c2ccccc2[nH]c2c([N+](=O)[O-])ccc(Sc3ccccc3)c12,0,0,True,71
1718,COc1ccc(/N=N/c2c(O)nc(=O)n(C)c2O)c([N+](=O)[O-])c1,0,0,True,69
1719,O=C1OC(c2ccccc2)=N/C1=C/c1ccc(/C=C2/N=C(c3ccccc3)OC2=O)cc1,0,1,False,49
1720,CCOC(=O)Nc1cc(N(CCOCCCN)CCOCCCN)c(OC)cc1/N=N/c1c(Cl)cc([N+](=O)[O-])cc1[N+](=O)[O-],0,0,True,112
1721,CCOC(=O)Nc1cc(NCCOCCCN)c(OC)cc1/N=N/c1c(Cl)cc([N+](=O)[O-])cc1[N+](=O)[O-],0,0,True,108
1722,CCn1c(O)c(/N=N/c2ccc(C(=O)OCCOCCOC)cc2)c(C)c(CN)c1=O,0,0,True,88
1723,O=C(Nc1cccc2c1C(=O)c1ccccc1C2=O)c1cccc(C(=O)Nc2cccc3c2C(=O)c2ccccc2C3=O)c1,0,0,True,60
1724,COc1ccc2c3c(cccc13)C(=O)c1ccccc1-2,0,0,True,55
1725,Cc1c(/N=N/c2cc(Cl)ccc2Cl)c(O)[nH]c(=O)c1CN,0,0,True,64
1726,CC(C)Nc1nc(N(C)C)nc2c1nnc1c3cc([N+](=O)[O-])ccc3nn21,0,1,False,86
1727,O=[N+]([O-])c1ccc(Nc2ccccc2)c([N+](=O)[O-])c1,0,0,True,47
1728,CC1=NN(c2ccccc2)C(=O)C1/N=N/c1ccccc1,0,0,True,57
1729,O=C1c2ccccc2C(=O)C1c1nc2ccccc2cc1O,0,0,True,53
1730,O=C1c2ccccc2C(=O)C1c1nc2ccccc2c(Br)c1O,0,0,True,56
1731,COc1ccc2c3c1cccc3c(=O)n1c3cc(C)ccc3nc21,0,0,True,76
1732,NCCCN(CCCN)c1ccc(/N=N/c2c(Cl)cc([N+](=O)[O-])cc2Cl)cc1,0,0,True,64
1733,COCCCn1c(O)c(/N=N/c2ccc(OC(=O)OCc3ccccc3)cc2)c(C)c(CN)c1=O,0,0,True,104
1734,Cc1ccc(Nc2cc(Cl)ccc2[N+](=O)[O-])cc1,0,0,True,49
1735,COCCCN1C(=O)c2ccc3c(=O)n4c(nc5cccc(CN)c54)c4ccc(c2c34)C1=O,0,0,True,96
1736,COc1ccc2nc3c4ccc(NC(C)=O)c5cccc(c(=O)n3c2c1)c54,0,0,True,86
1737,CCN(CC)c1ccc2cc(-c3nc4ccccc4[nH]3)c(=O)oc2c1,0,0,True,74
1738,CCN(CC)c1ccc2cc(-c3nc4cc(C)ccc4o3)c(=O)oc2c1,0,0,True,73
1739,CCN(CC)c1ccc2cc(-c3nc4ccccc4c(=O)[nH]3)c(=O)oc2c1,0,0,True,79
1740,COc1ccc2oc3ccc4c(=O)n(CC(C)=O)c(=O)c5ccc(c2c1)c3c45,0,0,True,77
1741,O=c1c2ccccc2[nH]c2c([N+](=O)[O-])cccc12,0,1,False,52
1742,CCn1c(O)c(/N=N/c2ccc(Cl)cc2[N+](=O)[O-])c(C)c(CN)c1=O,0,0,True,75
1743,CC(=O)/C(=N\Nc1cccc2c1C(=O)c1ccccc1C2=O)C(=O)Nc1ccccc1,0,0,True,75
1744,COc1ccc(NC(=O)C(/N=N\c2ccccc2-c2nc(-c3ccccc3)no2)C(C)=O)c(OC)c1,0,0,True,104
1745,O=[N+]([O-])c1ccccc1Nc1ccc(Cl)cc1,0,0,True,44
1746,CCOC(=O)COC(=O)c1ccc(/N=N/c2c(C)c(CN)c(=O)n(C)c2O)cc1,0,0,True,82
1747,Oc1ccc(/N=N/c2ccc(/N=N/c3ccccc3)cc2)cc1,0,0,True,35
1748,CCCCn1c(O)c(/N=N/c2ccc(C(=O)OCc3ccccc3)cc2)c(C)c(CN)c1=O,0,0,True,96
1749,CCN(CC)c1ccc2cc(-c3nc4cc(Cl)ccc4o3)c(=O)oc2c1,0,0,True,74
1750,Cc1c(/N=N/c2ccc(Cl)c(Cl)c2)c(O)n(C)c(=O)c1CN,0,0,True,65
1751,CCNc1ccc2cc(-c3nc4cc(Cl)ccc4o3)c(=O)oc2c1,0,0,True,75
1752,O=[N+]([O-])c1cc(Cl)ccc1Nc1ccccc1,0,0,True,45
1753,CC(=O)Nc1ccc(/N=N/c2cc(C)ccc2O)cc1,0,0,True,55
1754,CCCCN(CCCl)c1ccc(/C=C(\CN)C(=O)OCC)cc1,0,0,True,66
1755,NS(=O)(=O)c1ccc(Nc2ccccc2)c([N+](=O)[O-])c1,0,0,True,50
1756,CCOc1ccc(Nc2ccc(S(N)(=O)=O)cc2[N+](=O)[O-])cc1,0,0,True,63
1757,CC(C)CNS(=O)(=O)c1ccc(Nc2ccccc2)c([N+](=O)[O-])c1,0,0,True,65
1758,CN(C)c1ccc(C=C2Nc3ccccc3C2=O)cc1,0,0,True,53
1759,Oc1nc2ccccc2c(O)c1/N=N/c1ccccc1,0,0,True,53
1760,O=[N+]([O-])c1cc(S(=O)(=O)Nc2ccccc2)ccc1Nc1ccccc1,0,0,True,60
1761,CCN(CCCOONc1ccccc1)c1ccc(C(C#N)C#N)c(C)c1,0,0,True,79
1762,Cn1c(=O)c(/N=N/c2cccc([N+](=O)[O-])c2)c(O)c2ccccc21,0,0,True,71
1763,Cc1ccc(O)c(/N=N/c2ccc(NC(=O)c3ccccc3)cc2)c1,0,0,True,68
1764,CCCC(=O)Nc1cccc2c1C(=O)c1cccc3snc-2c13,0,0,True,73
1765,O=c1[nH]c2ccccc2c(O)c1/N=N/c1ccc(/N=N/c2ccccc2)cc1,0,0,True,59
1766,CC(=O)CCN1C(=O)c2ccc3c(=O)n4c5ccc(Cl)cc5nc4c4ccc(c2c34)C1=O,0,0,True,89
1767,CCCCNS(=O)(=O)c1ccc(Nc2ccccc2)c([N+](=O)[O-])c1,0,0,True,68
1768,Nc1ccc(Cc2ccc(N)c([N+](=O)[O-])c2)cc1[N+](=O)[O-],0,0,True,36
1769,COC(=O)c1ccc(N=Nc2c(C)nn(-c3ccccc3)c2O)cc1,0,0,True,71
1770,CCOC(=O)/C(=C/c1ccc(N(C)c2ccc(OCC)cc2)cc1)CN,0,0,True,65
1771,COCCCN1C(=O)c2ccc3c(=O)n4c5cc(CN)ccc5nc4c4ccc(c2c34)C1=O,0,0,True,100
1772,O=C1c2ccccc2C(=O)C1C1Nc2ccccc2C(Br)C1O,0,0,True,56
1773,O=C(Nc1cccc2c1C(=O)c1cccc3snc-2c13)c1ccccc1,0,0,True,75
1774,CC1=NN(C2C=CS(=O)(=O)C=C2)C(=O)C1/N=N/c1ccc([N+](=O)[O-])cc1Cl,0,0,True,79
1775,CCNC(=O)c1ccc2c(c1)C(=O)C(c1nc3ccccc3cc1O)C2=O,0,0,True,81
1776,CN(C)C(=O)c1ccc2c(c1)C(=O)C(c1nc3ccccc3cc1O)C2=O,0,0,True,76
1777,Oc1ccc(/N=N/c2ccc(/N=N/c3ccc(O)cc3)cc2)cc1,0,0,True,25
1778,Cc1cc(/N=N/c2ccc(/N=N/c3ccccc3)cc2)ccc1O,0,0,True,45
1779,O=[N+]([O-])c1ccc(Nc2ccc(/N=N\c3ccc(O)c(-c4ccccc4)c3)cc2)c([N+](=O)[O-])c1,0,0,True,84
1780,COc1ccc2c(c1)nc1c3cccc4cccc(c(=O)n21)c43,0,0,True,70
1781,Cc1cc(/N=N\c2ccc(Nc3ccc(NS(=O)(=O)c4ccccc4)cc3[N+](=O)[O-])cc2)ccc1O,0,0,True,91
1782,O=c1c2ccccc2c2cc3nc4ccccc4c(=O)n3c3cccc1c23,0,0,True,72
1783,CC1=C(/N=N/c2ccc(C)cc2[N+](=O)[O-])C(=O)N=N1,0,0,True,53
1784,CCN(CC)c1ccc2oc(=O)c(-c3nc4ccccc4[nH]3)cc2c1,0,0,True,75
1785,NC(=O)C(/N=N/c1ccccc1[N+](=O)[O-])=C1Nc2ccccc2N1,0,0,True,60
1786,CC1=NN(c2ccccc2)C(=O)C1/N=N/c1ccc(C(=O)OCc2ccccc2)cc1,0,0,True,86
1787,CN1C(=O)C(/N=N/c2ccc(Cl)cc2[N+](=O)[O-])C(=O)N(c2ccccc2)C1=O,0,0,True,78
1788,CCOc1ccc(Nc2ccc(S(=O)(=O)N(C)C)cc2[N+](=O)[O-])cc1,0,0,True,67
1789,Cc1cc2c(cc1C=C(CN)CN)C(C)CC(C)(C)N2CCOC(=O)Nc1ccccc1,0,0,True,97
1790,C=C(OCCOC)/C(=C/c1ccc(N(CCC)CCC(=O)OOCC)cc1)CN,0,0,True,85
1791,Nc1ccc(Nc2ccc([N+](=O)[O-])cc2[N+](=O)[O-])cc1,0,0,True,50
1792,CCN(CCOOCc1ccccc1)c1ccc(C=C(CN)CN)c(C)c1,0,1,False,76
1793,COCCOc1nc(Nc2cccc3c2C(=O)c2ccccc2C3=O)nc(OCCOC)n1,0,0,True,74
1794,CCN(CCOC(=O)c1ccc(C(=O)OC)cc1)c1ccc(C=C(CN)CN)c(C)c1,0,0,True,79
1795,Oc1ccc2ccccc2c1/N=N/c1ccccc1,0,0,True,50
1796,CC1=NN(CCOC(=O)Nc2ccccc2)C(=O)/C1=N\Nc1ccc([N+](=O)[O-])cc1Cl,0,0,True,100
1797,O=C1C=Cc2ccccc2/C1=N/Nc1cc(S(=O)(=O)[O][Na])cc(N/N=C2\C(=O)C=Cc3ccccc32)c1O,0,0,True,71
1798,Nc1ccc2c(O)c(/N=N/c3cc([N+](=O)[O-])ccc3O)c(S(=O)(=O)[O][Na])cc2c1/N=N/c1ccccc1C(=O)[O][Na],0,0,True,107
1799,O=C1C=C(S(=O)(=O)[O][Na])c2cc([N+](=O)[O-])ccc2/C1=N/Nc1ccc2ccccc2c1O,0,0,True,94
1800,O=C1c2ccccc2C(=O)c2c(Nc3ccc(S(=O)(=O)[O][Na])cc3)c(Nc3ccc(S(=O)(=O)[O][Na])cc3)cc(O)c21,0,0,True,77
1801,O=C1C=Cc2ccccc2/C1=N/Nc1cc(S(=O)(=O)[O][Na])cc([N+](=O)[O-])c1O,0,0,True,83
1802,O=C1C=Cc2ccccc2/C1=N/Nc1ccc(/N=N/c2cc(S(=O)(=O)[O][Na])cc(S(=O)(=O)[O][Na])c2O)c2ccccc12,0,0,True,109
1803,O=C1C=Cc2ccccc2/C1=N/Nc1cc([N+](=O)[O-])cc([N+](=O)[O-])c1O,0,0,True,73
1804,O=C1C=Cc2ccccc2/C1=N/Nc1cc(S(=O)(=O)[O][Na])cc(N/N=C2\C(=O)C=Cc3cc(S(=O)(=O)[O][Na])ccc32)c1O,0,0,True,90
1805,O=C1/C(=N\Nc2cc(Cl)cc([N+](=O)[O-])c2O)C=Cc2c1cccc2S(=O)(=O)[O][Na],0,0,True,86
1806,CC(=O)Nc1cccc2c1/C(=N/Nc1cc(Cl)cc(S(=O)(=O)[O][Na])c1O)C(=O)C=C2,0,0,True,89
1807,O=C([O][Na])c1cc(/N=N/c2ccc(/N=N/c3cc(S(=O)(=O)[O][Na])c4ccccc4c3O)c3ccccc23)ccc1O,0,0,True,90
1808,O=C([O][Na])c1cc(/N=N/c2ccc(/N=N/c3c(O)c(S(=O)(=O)[O][Na])cc4cc(S(=O)(=O)[O][Na])ccc34)c3cc(S(=O)(=O)[O][Na])ccc23)ccc1O,0,0,True,114
1809,O=[N+]([O-])c1cc(S(=O)(=O)[O][Na])cc(/N=N/c2ccc3c(O)cccc3c2O)c1O,0,0,True,76
1810,O=[N+]([O-])c1ccc(O)c(/N=N/c2c(S(=O)(=O)[O][Na])cc3cc(Nc4ccccc4)ccc3c2O)c1,0,0,True,99
1811,O=C([O][Na])c1cc(/N=N/c2ccc(/N=N/c3ccc4c(S(=O)(=O)[O][Na])cccc4c3O)c3ccccc23)ccc1O,0,0,True,95
1812,CCOC(=O)Nc1cc(S(=O)(=O)[O][Na])cc2ccc(O)c(/N=N/c3cc(Cl)cc(Cl)c3O)c12,0,0,True,96
1813,O=[N+]([O-])c1cc(Cl)cc(/N=N/c2cc3c(O)cc(Nc4ccccc4)cc3cc2S(=O)(=O)[O][Na])c1O,0,0,True,101
1814,O=S(=O)([O][Na])c1cc(Cl)cc(/N=N/c2ccc3c(O)cccc3c2O)c1O,0,0,True,73
1815,Nc1ccc2c(O)c(/N=N/c3ccc(/N=N/c4cccc5c(O)cc(S(=O)(=O)[O][Na])cc45)c4ccc(S(=O)(=O)[O][Na])cc34)c(S(=O)(=O)[O][Na])cc2c1,0,0,True,116
1816,O=C1/C(=N\Nc2cc(S(=O)(=O)[O][Na])ccc2O)C=Cc2c(O)cccc21,0,0,True,76
1817,O=[N+]([O-])c1ccc(/N=N/c2c(S(=O)(=O)[O][Na])cc3cc(S(=O)(=O)[O][Na])cc(O)c3c2O)cc1,0,0,True,79
1818,CC1=C/C(=C(\c2cc(C)c(O)c(C(=O)O)c2)c2c(Cl)cccc2Cl)C=C(C(=O)O)C1=O,0,0,True,71
1819,CN(C)c1ccc2nc3c(C(=O)O)cc(O)c(O)c3[o+]c2c1.[Cl-],0,0,True,69
1820,O=S(=O)([O][Na])c1cc(O)c2c(O)c(/N=N/c3cc(Cl)ccc3O)c(S(=O)(=O)[O][Na])cc2c1,0,0,True,78
1821,CCN(CC)c1ccc2nc3c(C(N)=O)cc(O)c(O)c3[o+]c2c1.[Cl-],0,0,True,74
1822,CC(=O)Nc1cc(S(=O)(=O)[O][Na])cc2cc(S(=O)(=O)[O][Na])c(/N=N/c3cc(Cl)ccc3O)c(O)c12,0,0,True,89
1823,O=C1c2c(O)cc(O)c(O)c2C(=O)c2c(O)c(S(=O)(=O)[O][Na])c(O)c(O)c21,0,0,True,56
1824,O=C1c2c(O)c(O)c(S(=O)(=O)[O][Na])c(O)c2C(=O)c2c(O)c(O)c(S(=O)(=O)[O][Na])c(O)c21,0,0,True,37
1825,Nc1ccc2c(c1O)C(=O)c1c(O)ccc(O)c1C2=O,0,0,True,46
1826,O=C1c2cc(S(=O)(=O)[O][Na])ccc2C(=O)c2c1c(O)c(O)c1nc(S(=O)(=O)[O][Na])ccc21,0,0,True,81
1827,O=C([O][Na])C1=CC(=C(c2cc(C(=O)[O][Na])c(O)c3ccccc23)c2cc(C(=O)[O][Na])c(O)c3ccccc23)c2ccccc2C1=O,0,0,True,75
1828,CC1=C/C(=C(\c2cc(C)c(O)c(C(=O)O)c2)c2c(Cl)ccc(S(=O)(=O)[O][Na])c2Cl)C=C(C(=O)O)C1=O,0,0,True,86
1829,CC1=C/C(=C(\c2cc(C)c(O)c(C(=O)O)c2)c2ccccc2S(=O)(=O)[O][Na])C=C(C(=O)O)C1=O,0,0,True,79
1830,O=S(=O)([O][Na])c1ccc(O)c(/N=N/c2c(S(=O)(=O)[O][Na])cc3cc(S(=O)(=O)[O][Na])cc(O)c3c2O)c1,0,0,True,79
1831,O=C1c2c(O)cc(O)c(O)c2C(=O)c2c(O)cc(O)c(O)c21,0,0,True,30
1832,CN(C)c1ccc(Nc2c(O)c(O)c3c(c2C(N)=O)Nc2ccc(N(C)C)cc2O3)cc1,0,0,True,86
1833,COC(=O)c1c(Nc2ccc(N(C)C)cc2)c(O)c(O)c2c1Nc1ccc(N(C)C)cc1O2,0,0,True,86
1834,CCN(CC)c1ccc(Nc2c(O)c(O)c3c(c2C(=O)OC)Nc2ccc(N(CC)CC)cc2O3)cc1,0,0,True,93
1835,CCN(CC)c1ccc(Nc2c(O)c(O)c3c(c2C(N)=O)Nc2ccc(N(CC)CC)cc2O3)cc1,0,0,True,91
1836,C[NH+](C)c1ccc2c(c1)Oc1c(O)c(O)cc(C(N)=O)c1N2.[Cl-],0,0,True,70
1837,CC(=O)Nc1cc(/N=N/c2c(O)ccc3ccccc23)c(O)c(S(=O)(=O)[O][Na])c1,0,0,True,82
1838,Nc1c(S(=O)(=O)[O][Na])cc(S(=O)(=O)[O][Na])c2ccc(/N=N/c3c(O)c(Cl)cc(Cl)c3Cl)c(O)c12,0,0,True,84
1839,CN(C)c1ccc2nc3c(C(N)=O)cc(O)c(O)c3[o+]c2c1.[Cl-],0,0,True,70
1840,CC1=C/C(=C(\c2cc(C)c(O)c(C(=O)[O][Na])c2)c2c(Cl)ccc(Cl)c2Cl)C=C(C(=O)[O][Na])C1=O,0,0,True,80
1841,COc1ccc(CS(=O)(=O)c2ccc(O)c(C(=O)[O][Na])c2)cc1Nc1cc(S(=O)(=O)[O][Na])c(N)c2c1C(=O)c1ccccc1C2=O,0,0,True,115
1842,O=C1c2c(O)ccc(O)c2C(=O)c2c(O)c(O)cc(O)c21,0,0,True,41
1843,CN(C)c1ccc2nc3c4cc(S(=O)(=O)[O][Na])ccc4c(=O)c(O)c-3sc2c1,0,0,True,88
1844,Cc1ccc(C(=O)O)cc1C(=C1C=CC(=[N+](C)C)C=C1)c1ccc(N(C)C)cc1.[Cl-],0,0,True,66
1845,O=[N+]([O-])c1cc(O)c(/N=N/c2c(S(=O)(=O)[O][Na])cc3cc(S(=O)(=O)[O][Na])cc(O)c3c2O)cc1Cl,0,0,True,86
1846,CC1=C/C(=C(\c2cc(C)c(O)c(C(=O)O)c2)c2ccc([N+](=O)[O-])cc2Cl)C=C(C(=O)O)C1=O,0,0,True,81
1847,CN(C)c1ccc2nc3c(Nc4cccc(S(=O)(=O)[O-])c4)cc(=O)c(O)c-3oc2c1.[NH4+],0,0,True,94
1848,CN(C)c1ccc2nc3cc(Nc4ccc(S(=O)(=O)[O][Na])cc4)c(=O)c(O)c-3oc2c1,0,0,True,94
1849,O=S(=O)([O][Na])c1cc(O)c2c(O)c(/N=N/c3ccc(/N=N/c4c(O)ccc5ccccc45)cc3)c(S(=O)(=O)[O][Na])cc2c1,0,0,True,95
1850,O=S(=O)([O][Na])c1ccc(/N=N/c2ccc3c(S(=O)(=O)[O][Na])cccc3c2O)c2ccccc12,0,0,True,72
1851,O=S(=O)([O][Na])c1ccc(/N=N/c2cc(S(=O)(=O)[O][Na])c3ccccc3c2O)c2ccccc12,0,0,True,69
1852,O=S(=O)([O][Na])c1cc(O)c2c(O)c(/N=N/c3ccccc3)c(S(=O)(=O)[O][Na])cc2c1,0,0,True,71
1853,O=S(=O)([O][Na])c1cc(O)c2c(O)c(/N=N/c3ccc(S(=O)(=O)[O][Na])c4ccccc34)c(S(=O)(=O)[O][Na])cc2c1,0,0,True,86
1854,Nc1c(/N=N/c2ccccc2)c(S(=O)(=O)[O][Na])cc2cc(S(=O)(=O)[O][Na])c(/N=N/c3cccc([N+](=O)[O-])c3)c(O)c12,0,0,True,95
1855,O=S(=O)([O][Na])c1cc(Cl)cc(/N=N/c2ccc3c(S(=O)(=O)[O][Na])cccc3c2O)c1O,0,0,True,76
1856,Nc1cc(N)c(/N=N/c2cccc3c(S(=O)(=O)[O][Na])cccc23)cc1/N=N/c1cc([N+](=O)[O-])ccc1O.[Na],0,0,True,91
1857,Nc1cc(NCC(=O)[O][Na])c(/N=N/c2cc([N+](=O)[O-])cc([N+](=O)[O-])c2O)cc1Cl.[Na],0,0,True,82
1858,Nc1ccc(/N=N/c2cc([N+](=O)[O-])cc([N+](=O)[O-])c2O)c(N)c1.[Na],0,0,True,58
1859,Nc1ccc(/N=N/c2cc(S(=O)(=O)[O][Na])ccc2O)c(N)c1,0,0,True,59
1860,Nc1cc(N)c(Oc2ccc3cc(S(=O)(=O)[O][Na])ccc3c2)cc1/N=N/c1cc([N+](=O)[O-])ccc1O,0,0,True,98
1861,O=C([O][Na])c1cc(/N=N/c2ccc(S(=O)(=O)[O][Na])cc2)cc(/N=N/c2ccc([N+](=O)[O-])cc2)c1O,0,0,True,81
1862,CC(C)(C)c1ccc(O)c(/N=N/c2cc([N+](=O)[O-])cc(S(=O)(=O)[O][K])c2[O][K])c1,0,0,True,73
1863,O=[N+]([O-])c1cc(/N=N/c2c(O)ccc3oc4ccccc4c23)c(O)c(S(=O)(=O)[O][Na])c1,0,0,True,92
1864,Cc1ccc(O)c(/N=N/c2cc(S(=O)(=O)[O][Na])cc([N+](=O)[O-])c2O)c1,0,0,True,68
1865,Nc1cc(N)c(Oc2ccc(C(=O)[O][Na])cc2)cc1/N=N/c1cc([N+](=O)[O-])cc(Cl)c1O,0,0,True,88
1866,CC1=C/C(=C(/c2cc(C)c(O)c(C(=O)O)c2)c2c(C)nn(-c3ccccc3)c2O)C=C(C(=O)O)C1=O,0,0,True,89
1867,Nc1ccc(/N=N/c2cc(S(=O)(=O)[O][Na])cc([N+](=O)[O-])c2O)c(N)c1,0,0,True,67
1868,Nc1cc(N)c(/N=N/c2ccc(/N=N/c3ccc(O)c(C(=O)[O][Na])c3)c3ccc(S(=O)(=O)[O][Na])cc23)cc1/N=N/c1ccc(/N=N/c2ccc(O)c(C(=O)[O][Na])c2)c2ccc(S(=O)(=O)[O][Na])cc12,0,0,True,96
1869,Cc1cc(/N=N/c2cc([N+](=O)[O-])cc([N+](=O)[O-])c2O)c(N)cc1N.[Na],0,0,True,61
1870,O=C([O][Na])c1ccccc1/N=N/c1c(S(=O)(=O)[O][Na])cc2ccc(Nc3ccccc3)cc2c1O,0,0,True,95
1871,O=S(=O)([O][Na])c1cc(/N=N/c2ccc(O)c(O)c2O)cc(S(=O)(=O)[O][Na])c1O,0,0,True,56
1872,O=C1c2ccccc2C(=O)c2c1cc(O)c(O)c2O,0,0,True,46
1873,Nc1cc(N)c(/N=N/c2cc([N+](=O)[O-])cc([N+](=O)[O-])c2O)cc1Cl,0,0,True,60
1874,Oc1ccc(/N=N/c2ccc(O)c(O)c2O)cc1,0,0,True,41
1875,Cc1ccc(O)c(/N=N/c2cc([N+](=O)[O-])cc([N+](=O)[O-])c2O)c1.[Na],0,0,True,59
1876,Nc1cc([N+](=O)[O-])cc(/N=N/c2c(O)ccc3cc(S(=O)(=O)[O][Na])ccc23)c1O,0,0,True,84
1877,CC1NN(c2ccccc2)C(=O)/C1=N\Nc1ccc2ccc(O)c(/N=N/c3cc(S(=O)(=O)[O][Na])ccc3O)c2c1,0,0,True,118
1878,Cc1cc(C)c(O)c(/N=N/c2cc([N+](=O)[O-])cc([N+](=O)[O-])c2O)c1,0,0,True,56
1879,Nc1cc(N)c(/N=N/c2cc([N+](=O)[O-])ccc2O)cc1/N=N/c1ccc(S(=O)(=O)[O][Na])cc1,0,0,True,78
1880,O=C([O][Na])c1cc(/N=N/c2cccc3ccc(S(=O)(=O)[O][Na])cc23)cc(/N=N/c2ccc([N+](=O)[O-])cc2)c1O,0,0,True,102
1881,O=[N+]([O-])c1ccc(O)c(/N=N/c2ccc3c(S(=O)(=O)[O][Na])cccc3c2O)c1,0,0,True,79
1882,Nc1cc(N)c(S(=O)(=O)[O][Na])cc1/N=N/c1cc([N+](=O)[O-])cc(S(=O)(=O)[O][Na])c1O,0,0,True,71
1883,Cc1cc(/N=N/c2c(O)ccc3ccccc23)c(O)cc1/N=N/c1ccc(S(=O)(=O)[O][Na])cc1,0,0,True,90
1884,Nc1c(/N=N/c2cc(Cl)ccc2Cl)c(S(=O)(=O)[O][Na])cc2cc(S(=O)(=O)[O][Na])c(/N=N/c3cccc4ccccc34)c(O)c12,0,0,True,104
1885,O=C([O][Na])c1cc(/N=N/c2ccc(/N=N/c3cc(S(=O)(=O)[O][Na])c4cccc(O)c4c3O)c3ccccc23)ccc1O,0,0,True,97
1886,O=C([O][Na])c1c(O)ccc(/N=N/c2ccc(/N=N/c3cc(S(=O)(=O)[O][Na])c4cccc(O)c4c3O)c3ccccc23)c1O,0,0,True,94
1887,CN(C)c1ccc(C(=C2C=CC(=[N+](C)C)C=C2)c2ccc(C(=O)O)cc2)cc1.[Cl-],0,0,True,56
1888,Nc1ccc(S(=O)(=O)[O][Na])c2ccc(/N=N/c3cc([N+](=O)[O-])cc([N+](=O)[O-])c3O)c(O)c12,0,0,True,83
1889,Cc1cc(/N=N/c2c(O)ccc3ccccc23)c(O)cc1/N=N/c1ccc(Cl)c(S(=O)(=O)[O][Na])c1,0,0,True,97
1890,Nc1cc(S(=O)(=O)[O][Na])cc2cc(S(=O)(=O)[O][Na])c(/N=N/c3cc([N+](=O)[O-])ccc3O)c(O)c12,0,0,True,88
1891,O=C1c2ccccc2C(=O)c2c1ccc1ncccc21,0,0,True,54
1892,CC1=C/C(=C(\c2cc(C)c(O)c(C(=O)O)c2)c2cc(N/N=C3\C(=O)N(c4ccccc4)N=C3C)ccc2Cl)C=C(C(=O)O)C1=O,0,0,True,116
1893,O=c1cc2c(=O)c3ccccc3c3c4ccc(O)c(O)c4oc(c1O)c23,0,0,True,70
1894,Cc1cc(/C(=C2/C=CC(N(C)C)CC2)c2ccc(N(C)C)cc2)ccc1C(=O)O.[Cl-],0,0,True,69
1895,Nc1ccc2ccccc2c1/N=N/c1cc([N+](=O)[O-])cc([N+](=O)[O-])c1O,0,0,True,70
1896,O=C(Nc1cccc2ccc(O)c(/N=N/c3cc([N+](=O)[O-])cc(S(=O)(=O)[O][Na])c3O)c12)c1ccccc1,0,0,True,101
1897,Nc1cc(S(=O)(=O)[O][Na])cc2cc(S(=O)(=O)[O][Na])c(/N=N/c3cc(Cl)ccc3O)c(O)c12,0,0,True,82
1898,Cc1ccc(O)c(/N=N/C2=C(O)C3C(N)=CC=C(S(=O)(=O)[O][Na])C3C=C2)c1[N+](=O)[O-],0,0,True,90
1899,O=C([O][Na])C1=C/C(=C(\c2ccccc2)c2cc(C(=O)[O][Na])c(O)c3ccccc23)c2ccccc2C1=O,0,0,True,85
1900,Cc1ccc(Nc2ccc(S(=O)(=O)[O][Na])c3ccc(/N=N/c4c(O)c(Cl)cc(Cl)c4Cl)c(O)c23)cc1,0,0,True,99
1901,Nc1cc(S(=O)(=O)[O][Na])cc2cc(S(=O)(=O)[O][Na])c(/N=N/c3cc([N+](=O)[O-])cc([N+](=O)[O-])c3O)c(O)c12,0,0,True,89
1902,O=C1C=Cc2ccccc2/C1=N/O,0,0,True,37
1903,CC(=O)Nc1cc(S(=O)(=O)[O][Na])cc2cc(S(=O)(=O)[O][Na])c(/N=N/c3cc([N+](=O)[O-])ccc3O)c(O)c12,0,0,True,95
1904,O=[N+]([O-])c1cc(Cl)c(O)c(/N=N/c2cc(S(=O)(=O)[O][Na])c3cccc4c3c2NN=N4)c1,0,0,True,95
1905,O=C([O][Na])c1cc(/N=N/c2ccc([N+](=O)[O-])cc2)ccc1O,0,0,True,58
1906,Cc1cc(/N=N/c2ccc(/N=N/c3ccc(S(=O)(=O)[O][Na])cc3)cc2)cc(C(=O)[O][Na])c1O,0,0,True,68
1907,O=C1c2ccccc2C(=O)c2c1cc([N+](=O)[O-])c(O)c2O,0,0,True,53
1908,O=C([O][Na])c1cc(/N=N/c2ccc([N+](=O)[O-])cc2S(=O)(=O)[O][Na])ccc1O,0,0,True,73
1909,Cc1ccc(C(=O)Nc2ccc(O)c(C(=O)[O][Na])c2)cc1/N=N/c1c(O)ccc2c(S(=O)(=O)[O][Na])cc(S(=O)(=O)[O][Na])cc12,0,0,True,112
1910,O=C([O][Na])c1cc(/N=N/c2ccc([N+](=O)[O-])cc2Cl)ccc1O,0,0,True,65
1911,O=C([O][Na])c1cc(/N=N/c2ccc(/N=N/c3cc(C(=O)[O][Na])c(O)c(S(=O)(=O)[O][Na])c3)cc2)cc(S(=O)(=O)[O][Na])c1O,0,0,True,57
1912,O=S(=O)([O][Na])c1ccc(Cl)cc1/N=N/c1ccc(O)c2ncccc12,0,0,True,73
1913,CC1=NN(c2ccc(S(=O)(=O)[O][Na])cc2)C(=O)/C1=N\Nc1cc([N+](=O)[O-])ccc1O,0,0,True,89
1914,CC1=NN(c2ccc(S(=O)(=O)[O][Na])cc2)C(=O)/C1=N\Nc1cc(S(=O)(=O)[O][Na])cc([N+](=O)[O-])c1O,0,0,True,92
1915,CC1=NN(c2ccccc2)C(=O)/C1=N\Nc1cc(S(=O)(=O)[O][Na])ccc1O,0,0,True,81
1916,CC1=NN(c2cccc(Cl)c2)C(=O)/C1=N\Nc1cc([N+](=O)[O-])cc(S(=O)(=O)[O][Na])c1O,0,0,True,95
1917,O=C([O][Na])c1cc(/N=N/c2ccc(/N=N/c3ccc(S(=O)(=O)[O][Na])cc3)cc2)ccc1O,0,0,True,62
1918,O=C1c2ccccc2C(=O)c2c1ccc(O)c2O,0,0,True,43
1919,CCN(CC)c1ccc2c(-c3ccccc3C(=O)O)c3cc(C(=O)O)c(=O)cc-3oc2c1,0,0,True,82
1920,CC1=NN(c2ccccc2)C(=O)/C1=N\Nc1cc(C)cc(S(=O)(=O)[O][Na])c1O,0,0,True,80
1921,O=C1c2ccc(O)cc2C(=O)c2c1cc(S(=O)(=O)[O][Na])c(O)c2O,0,0,True,61
1922,CCN(C(=O)c1ccc(/N=N/c2c(S(=O)(=O)[O][Na])cc3c(S(=O)(=O)[O][Na])ccc(NC(=O)c4ccccc4)c3c2O)cc1)c1ccc2ccccc2c1,0,0,True,127
1923,Nc1ccc2cc(S(=O)(=O)[O][Na])cc(O)c2c1/N=N/c1cc(S(=O)(=O)[O][Na])ccc1S(=O)(=O)c1ccc(O)c(C(=O)[O][Na])c1,0,0,True,106
1924,CCN(CC)c1ccc2c(-c3cc(C(=O)O)c(O)cc3C(=O)[O-])c3ccc(=[N+](CC)CC)cc-3oc2c1,0,0,True,99
1925,Cc1ccc(S(=O)(=O)Nc2cc(N)c(C)cc2/N=N/c2cc([N+](=O)[O-])cc([N+](=O)[O-])c2O)cc1,0,0,True,85
1926,CCN(CC)c1ccc(C(=C2C=CC(=[N+](CC)CC)C=C2)c2cc(N)cc(C(=O)[O-])c2O)cc1,0,0,True,79
1927,O=C1c2ccccc2C(=O)c2c1cc(S(=O)(=O)[O][Na])c(O)c2O,0,0,True,55
1928,CCCCN1C(O)=C(/N=N/c2cc(Cl)cc(S(=O)(=O)[O][Na])c2O)C(O)=C2C=CC=CC21,0,0,True,92
1929,Cc1ccc(O)c(N=Nc2ccccc2C(=O)[O][Na])c1,0,0,True,56
1930,O=[N+]([O-])c1ccc(O)c(/N=N/c2c(O)ccc3cc(S(=O)(=O)[O][Na])ccc23)c1,0,0,True,78
1931,CC1=NN(c2ccc(S(=O)(=O)Nc3cccc(C(=O)[O][Na])c3)cc2)C(=O)/C1=N\Nc1ccc([N+](=O)[O-])cc1O,0,0,True,113
1932,O=C1c2cc(O)ccc2C(=O)c2c1ccc(O)c2O,0,0,True,49
1933,CC1=NN(c2ccc(S(=O)(=O)[O][Na])cc2Cl)C(=O)/C1=N\Nc1cc(Cl)cc(S(=O)(=O)[O][Na])c1O,0,0,True,93
1934,O=[N+]([O-])c1ccc(O)c(/N=N/c2c(O)c(S(=O)(=O)[O][Na])cc3cc(S(=O)(=O)[O][Na])ccc23)c1,0,0,True,86
1935,O=C1c2ccc(O)c(O)c2C(=O)c2cccc(O)c21,0,0,True,48
1936,CC1=NN(c2ccccc2)C(=O)/C1=N\Nc1c(O)cc(S(=O)(=O)[O][Na])c2cc([N+](=O)[O-])ccc12,0,0,True,103
1937,CC(=O)Nc1cc(S(=O)(=O)[O][Na])cc2cc(S(=O)(=O)[O][Na])c(/N=N/c3cccc(C(=O)N(C)c4cc(C(=O)[O][Na])c(O)c(S(=O)(=O)[O][Na])c4)c3)c(O)c12,0,0,True,120
1938,Nc1ccc2cc(S(=O)(=O)[O][Na])cc(O)c2c1/N=N/c1ccc(-c2ccc(/N=N/c3ccc(O)c(C(=O)[O][Na])c3)cc2)cc1,0,0,True,96
1939,O=[N+]([O-])c1ccc(O)c(/N=N/c2ccc(O)cc2O)c1,0,0,True,51
1940,O=C([O][Na])c1ccccc1N/N=C1/C(O)=CC=C2C=C(S(=O)(=O)[O][Na])C=CC21,0,0,True,84
1941,CN(c1ccc2cc(S(=O)(=O)[O][Na])c(/N=N/c3ccc(/N=N/c4ccc(S(=O)(=O)[O][Na])cc4)cc3S(=O)(=O)[O][Na])c(O)c2c1)S(=O)(=O)c1ccc(O)c(C(=O)[O][Na])c1,0,0,True,128
1942,CN(c1ccc2cc(/N=N/c3ccc(/N=N/c4ccc(S(=O)(=O)[O][Na])cc4)cc3S(=O)(=O)[O][Na])c(S(=O)(=O)[O][Na])cc2c1)S(=O)(=O)c1ccc(O)c(C(=O)[O][Na])c1,0,0,True,125
1943,O=[N+]([O-])c1cc(S(=O)(=O)[O][Na])cc(/N=N/c2ccc(O)cc2O)c1O,0,0,True,65
1944,CC1=NN(c2ccccc2)C(=O)/C1=N\Nc1c(O)cc(S(=O)(=O)[O][Na])c2ccccc12,0,0,True,89
1945,NC(=O)C1=NN(c2ccccc2)C(=O)/C1=N\Nc1cc(Cl)cc(S(=O)(=O)[O][Na])c1O,0,0,True,88
1946,CC1=NN(c2ccccc2)C(=O)/C1=N\Nc1c(O)cc(S(=O)(=O)[O][Na])c2cc(Cl)ccc12,0,0,True,97
1947,O=C([O][Na])c1ccccc1/N=N/c1c(O)ccc2cc(S(=O)(=O)Nc3ccccc3C(=O)[O][Na])ccc12,0,0,True,94
1948,CCN(CC)c1ccc2c(-c3ccccc3C(=O)[O][Na])c3cc(S(=O)(=O)[O][Na])c(=O)cc-3oc2c1,0,0,True,96
1949,O=[N+]([O-])c1cc(/N=N/c2ccc(O)c(CO[O][Na])c2)ccc1-c1ccc(/N=N/c2cccc(S(=O)[O][Na])c2)cc1,0,0,True,104
1950,COc1cc(/N=N/c2cc([N+](=O)[O-])c(O)c(S(=O)(=O)[O][Na])c2)c(C)cc1/N=N/c1cc(C)c(O)c(C(=O)[O][Na])c1,0,0,True,101
1951,O=C([O][Na])c1ccccc1/N=N/c1c(O)c(S(=O)[O][Na])cc2cc(S(=O)[O][Na])ccc12,0,0,True,83
1952,Cc1ccc(S(=O)(=O)Nc2cccc(C(=O)Nc3ccc(/N=N/c4c(N)ccc5cc(C(=O)[O][Na])cc(O)c45)c(S(=O)(=O)[O][Na])c3)c2)cc1C(=O)[O][Na],0,0,True,141
1953,CC1=NN(c2ccc(S(=O)(=O)[O][Na])cc2)C(=O)/C1=N\Nc1cc(C)cc([N+](=O)[O-])c1O,0,0,True,88
1954,O=C([O][Na])c1cc(/N=N/c2cccc([N+](=O)[O-])c2)ccc1O,0,0,True,61
1955,O=C([O][Na])c1cc(/N=N/c2ccc(S(=O)(=O)[O][Na])cc2)ccc1O,0,0,True,58
1956,Nc1ccc(/N=N/c2ccc(O)c(C(=O)[O][Na])c2)cc1,0,0,True,53
1957,CC(=O)Nc1ccc(/N=N/c2ccc(O)c(C(=O)[O][Na])c2)cc1,0,0,True,61
1958,O=C([O][Na])c1cc(/N=N/c2ccc(Sc3ccc(/N=N/c4ccc(O)c(C(=O)[O][Na])c4)cc3)cc2)ccc1O,0,0,True,57
1959,O=C([O][Na])c1cc(/N=N/c2ccccc2)ccc1O,0,0,True,51
1960,O=C([O][Na])c1cc(/N=N/c2ccc3cc(S(=O)(=O)[O][Na])cc(S(=O)(=O)[O][Na])c3c2)ccc1O,0,0,True,80
1961,O=C([O][Na])c1cc(/N=N/c2ccc(-c3ccc(/N=N/c4ccc(O)c(C(=O)[O][Na])c4)cc3[N+](=O)[O-])c([N+](=O)[O-])c2)ccc1O,0,0,True,62
1962,O=C([O][Na])c1cc(/N=N/c2cc(Cl)c(S(=O)(=O)[O][Na])cc2Cl)ccc1O,0,0,True,69
1963,O=C([O][Na])c1cc(/N=N/c2ccc(-c3ccc(/N=N/c4ccc(O)c(C(=O)[O][Na])c4)cc3S(=O)(=O)[O][Na])c(S(=O)(=O)[O][Na])c2)ccc1O,0,0,True,65
1964,Cc1cc(/N=N/c2ccc(S(=O)(=O)[O][Na])cc2)cc(C(=O)[O][Na])c1O,0,0,True,64
1965,CC1=NN(c2ccccc2)C(=O)/C1=N\Nc1ccc(S(=O)(=O)Nc2ccccc2C(=O)[O][Na])cc1C(=O)[O][Na],0,0,True,102
1966,Nc1c(S(=O)(=O)[O][Na])cc2c3c(cccc13)C(=O)N(c1ccc(O)c(C(=O)[O][Na])c1)C2=O,0,0,True,89
1967,CC1=NN(c2c(C)cc(S(=O)(=O)[O][Na])cc2Cl)C(=O)/C1=N\Nc1ccc(C)c(S(=O)(=O)Nc2cc(Cl)cc(S(=O)(=O)[O][Na])c2O)c1,0,0,True,113
1968,O=C([O][Na])c1cc(/N=N/c2ccc(-c3ccc(O)cc3)cc2)ccc1O,0,0,True,61
1969,CCOc1ccc(/N=N/c2ccc(O)c(C(=O)[O][Na])c2)cc1,0,0,True,61
1970,O=C([O][Na])c1cc(/N=N/c2cc(S(=O)(=O)[O][Na])c3cccc(S(=O)(=O)[O][Na])c3c2)ccc1O,0,0,True,80
1971,Cc1nn(-c2cc(S(=O)(=O)[O][Na])ccc2S(=O)(=O)c2ccc(O)c(C(=O)[O][Na])c2)c(O)c1/N=N/c1ccccc1S(=O)(=O)[O][Na],0,0,True,111
1972,O=C([O][Na])c1cc(/N=N/c2ccc(-c3ccc(/N=N/c4ccc(O)c(C(=O)[O][Na])c4)cc3[N+](=O)[O-])cc2)ccc1O,0,0,True,77
1973,O=C([O][Na])c1cc(/N=N/c2ccc(O)c(C(=O)[O][Na])c2)ccc1O,0,0,True,39
1974,COc1ccc(/N=N/c2ccc(O)c(C(=O)[O][Na])c2)cc1S(=O)(=O)[O][Na],0,0,True,66
1975,O=C([O][Na])c1cc(/N=N/c2ccccc2C(=O)[O][Na])ccc1O,0,0,True,57
1976,Cc1cc(S(=O)(=O)[O][Na])ccc1/N=N/c1ccc(O)c(C(=O)[O][Na])c1,0,0,True,69
1977,Nc1cc(N)c(/N=N/c2cc([N+](=O)[O-])ccc2O)cc1N=Nc1ccc(S(=O)(=O)[O][Na])cc1,0,0,True,78
1978,CC1=NN(c2ccc(S(=O)(=O)[O][Na])cc2)C(=O)/C1=N\Nc1ccccc1C(=O)[O][Na],0,0,True,86
1979,Cc1cc(/N=N/c2cc(Cl)c(S(=O)(=O)[O][Na])cc2Cl)cc(C(=O)[O][Na])c1O,0,0,True,73
1980,CCN(CC)c1ccc(/C(=C2/C=C(C)C(=O)C(C(=O)[O][Na])=C2)c2cc(C)c(O)c(C(=O)[O][Na])c2)cc1,0,0,True,84
1981,CC1=C/C(=C(/c2ccc(Nc3cccc(Cl)c3C)cc2)c2cc(C)c(O)c(C(=O)O)c2)C=C(C(=O)O)C1=O,0,0,True,92
1982,CC1=C/C(=C(/c2ccc(Nc3cc(Cl)ccc3C)cc2)c2cc(C)c(O)c(C(=O)O)c2)C=C(C(=O)O)C1=O,0,0,True,88
1983,Cc1cc(/N=N/c2c(S(=O)(=O)[O][Na])cc3cc(S(=O)(=O)[O][Na])cc(N(C)S(=O)(=O)c4ccc(O)c(C(=O)[O][Na])c4)c3c2O)c(C)cc1/N=N/c1ccccc1S(=O)(=O)[O][Na],0,0,True,124
1984,Cc1cc(C(c2ccc(N(C)C)cc2)c2cc(C)c(O)c(C(=O)O)c2)cc(C(=O)O)c1O,0,0,True,54
1985,CC1=CC(=C(c2cc(C)c(O)c(C(=O)O)c2)c2cc(C)c(O)c(C(=O)O)c2)C=C(C(=O)O)C1=O,0,0,True,56
1986,Cc1cc(/C(=C2/C=CC(=O)C(C(=O)O)=C2)c2ccc(O)c(C(=O)O)c2)cc(C(=O)O)c1O,0,0,True,73
1987,CC1=C/C(=C(/c2ccc(Nc3ccc(C)cc3)cc2)c2cc(C)c(O)c(C(=O)O)c2)C=C(C(=O)O)C1=O,0,0,True,81
1988,O=C([O][Na])c1ccccc1/N=N/c1cc(S(=O)(=O)[O][Na])c2ccccc2c1O,0,0,True,70
1989,Cc1cc(C(c2ccc(NCCS(=O)(=O)[O][Na])c(C)c2)c2cc(C)c(O)c(C(=O)O)c2)ccc1NCCS(=O)(=O)[O][Na],0,0,True,77
1990,O=C(O)c1ccccc1-c1c2ccc(=O)c(O)c-2oc2c(O)c(O)ccc12,0,0,True,72
1991,O=C1c2ccc(O)c(O)c2C(=O)c2c(O)ccc(O)c21,0,0,True,43
1992,CCN(CC)c1ccc(/C(=C2/C=C(C)C(=O)C(C(=O)O)=C2)c2cc(C)c(O)c(C(=O)O)c2)c(Cl)c1,0,0,True,83
1993,Cc1c(O)cc(/N=N/c2c(O)ccc3ccccc23)cc1S(=O)(=O)[O][Na],0,0,True,75
1994,CC1=C/C(=C(\c2cc(C)c(O)c(C(=O)O)c2)c2c(C)cc(O)c(C(=O)O)c2C)C=C(C(=O)O)C1=O,0,0,True,76
1995,O=C(O)C1=CC(=C(c2ccc(O)c(C(=O)O)c2)c2ccc(O)c(C(=O)O)c2)C=CC1=O,0,0,True,55
1996,O=S(=O)([O][Na])c1cc(Cl)cc(/N=N/c2cc(S(=O)(=O)[O][Na])c3ccccc3c2O)c1O,0,0,True,69
1997,O=S(=O)([O][Na])c1ccc(O)c(/N=N/c2c(O)ccc3ccccc23)c1,0,0,True,70
1998,COC(=O)c1cc(O)c(O)c2[o+]c3cc(N(C)C)ccc3nc12.[Cl-],0,0,True,72
1999,CNc1cc2c(cc1C)Nc1c(C(N)=O)cc(O)c(O)c1O2,0,0,True,70
2000,Cc1cc(C(c2ccc(N(C)C)cc2)c2ccc(N(C)C)cc2)cc(C(=O)O)c1O,0,0,True,54
2001,CCCCN(CCS(=O)(=O)[O][Na])c1ccc(C(c2ccc(N(CCCC)CCS(=O)(=O)[O][Na])cc2)c2cc(C)c(O)c(C(=O)[O][Na])c2)cc1,0,0,True,87
2002,Cc1c(Nc2cc(S(=O)(=O)[O][Na])c(N)c3c2C(=O)c2ccccc2C3=O)c(C)c(S(=O)(=O)[O][Na])c(C)c1Nc1nc(F)nc(F)c1Cl,0,0,True,106
2003,Nc1c(/N=N/c2cc(S(=O)(=O)[O][Na])ccc2S(=O)(=O)[O][Na])c(S(=O)(=O)[O][Na])cc2cc(S(=O)(=O)[O][Na])c(/N=N/c3cc(Nc4nc(Cl)nc(Cl)n4)ccc3S(=O)(=O)[O][Na])c(O)c12,0,0,True,118
2004,Nc1nc(Cl)nc(Nc2cc(S(=O)(=O)[O][Na])cc3cc(S(=O)(=O)[O][Na])c(/N=N/c4cc(S(=O)(=O)[O][Na])c5cccc(S(=O)(=O)[O][Na])c5c4O)c(O)c23)n1,0,0,True,119
2005,O=C(O)c1cc(S(=O)(=O)[O][Na])ccc1N/N=C(\N=N\c1cc(S(=O)(=O)[O][Na])cc(Nc2nc(Cl)nc(Nc3cc(S(=O)(=O)[O][Na])c(Nc4nc(Cl)nc(Nc5cccc(S(=O)(=O)[O][Na])c5)n4)cc3S(=O)(=O)[O][Na])n2)c1O)c1ccccc1,0,0,True,146
2006,Nc1c(/N=N/c2cc(Nc3nc(Cl)nc(Nc4cccc(S(=O)(=O)[O][Na])c4)n3)ccc2S(=O)(=O)[O][Na])c(S(=O)(=O)[O][Na])cc2cc(S(=O)(=O)[O][Na])c(/N=N/c3cc(Nc4nc(Cl)nc(Nc5cccc(S(=O)(=O)[O][Na])c5)n4)ccc3S(=O)(=O)[O][Na])c(O)c12,0,0,True,123
2007,Nc1c(/N=N/c2cc(S(=O)(=O)[O][Na])ccc2S(=O)(=O)[O][Na])c(S(=O)(=O)[O][Na])cc2cc(S(=O)(=O)[O][Na])c(/N=N/c3cccc(P(=O)(O)O)c3)c(O)c12,0,0,True,108
2008,O=C([O-])c1ccc[n+](-c2nc(NCCNc3ccc4c(c3S(=O)(=O)[O][Na])Oc3c(Cl)c5c(c(Cl)c3=N4)Oc3c(ccc(NCCNc4nc(Nc6cc(S(=O)(=O)[O][Na])ccc6S(=O)(=O)[O][Na])nc(-[n+]6cccc(C(=O)[O-])c6)n4)c3S(=O)(=O)[O][Na])N=5)nc(Nc3cc(S(=O)(=O)[O][Na])ccc3S(=O)(=O)[O][Na])n2)c1,0,0,True,144
2009,Nc1c(S(=O)(=O)[O][Na])cc(Nc2cccc(S(=O)(=O)CCOS(=O)(=O)[O][Na])c2)c2c1C(=O)c1ccccc1C2=O,0,0,True,98
2010,Nc1c(/N=N/c2ccc(S(=O)(=O)[O][Na])cc2)c(S(=O)(=O)[O][Na])cc2cc(S(=O)(=O)[O][Na])c(/N=N/c3cc(Nc4nc(Cl)nc(Nc5ccc(S(=O)(=O)CCOS(=O)(=O)[O][Na])cc5)n4)ccc3S(=O)(=O)[O][Na])c(O)c12,0,0,True,147
2011,Nc1c(S(=O)(=O)[O][Na])cc(Nc2ccc(S(=O)(=O)[O][Na])c(Nc3nc(Cl)nc(Nc4ccc(S(=O)(=O)[O][Na])cc4)n3)c2)c2c1C(=O)c1ccccc1C2=O,0,0,True,115
2012,CC(=O)Nc1cc(S(=O)(=O)[O][Na])cc2cc(S(=O)(=O)[O][Na])c(/N=N/c3cc(S(=O)(=O)CCOS(=O)(=O)[O][Na])ccc3O)c(O)c12,0,0,True,109
2013,Cc1nc(F)nc(Nc2ccc(S(=O)(=O)[O][Na])c(/N=N/c3c(S(=O)(=O)[O][Na])cc4cc(S(=O)(=O)[O][Na])c(/N=N/c5cc(S(=O)(=O)[O][Na])ccc5S(=O)(=O)[O][Na])c(N)c4c3O)c2)c1Cl,0,0,True,124
2014,CCN(c1cccc(S(=O)(=O)CCOS(=O)(=O)[O][Na])c1)c1nc(Cl)nc(Nc2ccc(S(=O)(=O)[O][Na])c(/N=N/c3c(S(=O)(=O)[O][Na])cc4cc(S(=O)(=O)[O][Na])c(/N=N/c5ccc(S(=O)(=O)CCOS(=O)(=O)[O][Na])cc5)c(N)c4c3O)c2)n1,0,0,True,169
2015,O=C([O-])c1ccc[n+](-c2nc(Nc3cc(S(=O)(=O)[O][Na])ccc3Cl)nc(Nc3cc(S(=O)(=O)[O][Na])cc(/N=N/C(=N\Nc4cc(S(=O)(=O)[O][Na])ccc4C(=O)O)c4ccccc4)c3O)n2)c1,0,0,True,145
2016,Nc1c(/N=N/c2cc(Nc3nc(Cl)nc(Nc4cccc(S(=O)(=O)CCOS(=O)(=O)[O][Na])c4)n3)ccc2S(=O)(=O)[O][Na])c(S(=O)(=O)[O][Na])cc2cc(S(=O)(=O)[O][Na])c(/N=N/c3ccc4c(S(=O)(=O)[O][Na])cccc4c3S(=O)(=O)[O][Na])c(O)c12,0,0,True,169
2017,Nc1c(/N=N\c2ccc(S(=O)(=O)CCOS(=O)(=O)[O][Na])cc2)c(S(=O)(=O)[O][Na])cc2cc(S(=O)(=O)[O][Na])c(/N=N/c3cc(Nc4nc(F)nc(F)c4Cl)ccc3S(=O)(=O)[O][Na])c(O)c12,0,0,True,142
2018,Nc1nc(Cl)nc(Nc2cc(S(=O)(=O)[O][K])cc3cc(S(=O)(=O)[O][K])c(/N=N/c4c(O)cc(S(=O)(=O)[O][K])c5ccccc45)c(O)c23)n1,0,0,True,114
2019,Nc1c(N=Nc2ccc(C(=O)NCCS(=O)(=O)CCOS(=O)(=O)[O][Na])cc2)c(S(=O)(=O)[O][Na])cc2cc(S(=O)(=O)[O][Na])c(N=Nc3ccc(S(=O)(=O)CCOS(=O)(=O)[O][Na])cc3)c(O)c12,0,0,True,130
2020,C=C(C)C(=O)OCCc1ccc(Nc2ccc(Nc3ccc(CCOC(=O)C(=C)C)cc3)c3c2C(=O)c2ccccc2C3=O)cc1,0,0,True,73
2021,C=C(C)C(=O)OCCNc1ccc(NCCOC(=O)C(=C)C)c2c1C(=O)c1ccccc1C2=O,0,0,True,59
2022,COc1ccc(S(=O)(=O)CCOS(=O)(=O)[O][Na])cc1/N=N/c1c(S(=O)(=O)[O][Na])cc2cc(S(=O)(=O)[O][Na])c(/N=N\c3ccc(S(=O)(=O)CCOS(=O)(=O)[O][Na])cc3)c(N)c2c1O,0,0,True,122
2023,Cc1cc(/N=N/c2c(S(=O)(=O)[O][Na])cc3c(S(=O)(=O)[O][Na])cc(Nc4nc(Cl)nc(Nc5ccc(C=Cc6ccc(Nc7nc(Cl)nc(Nc8cc(S(=O)(=O)[O][Na])c9cc(S(=O)(=O)[O][Na])c(/N=N/c%10cc(C)c(/N=N/c%11cc(S(=O)(=O)[O][Na])ccc%11S(=O)(=O)[O][Na])cc%10O)c(O)c9c8)n7)cc6S(=O)(=O)[O][Na])c(S(=O)(=O)[O][Na])c5)n4)cc3c2O)c(O)cc1/N=N/c1cc(S(=O)(=O)[O][Na])ccc1S(=O)(=O)[O][Na],0,0,True,155
2024,Nc1nc(Cl)nc(Nc2cc(S(=O)(=O)[O][Na])cc3c2C(=O)/C(=N\Nc2ccc(Nc4ccc(N/N=C5\C(=O)c6c(cc(S(=O)(=O)[O][Na])cc6Nc6nc(N)nc(Cl)n6)C=C5S(=O)(=O)[O][Na])cc4S(=O)(=O)[O][Na])cc2)C(S(=O)(=O)[O][Na])=C3)n1,0,0,True,127
2025,Nc1c(S(=O)(=O)[O][Na])cc(Nc2ccc(S(=O)(=O)CCOS(=O)(=O)[O][Na])cc2C(=O)[O][Na])c2c1C(=O)c1ccccc1C2=O,0,0,True,108
2026,Nc1c(S(=O)(=O)[O][Na])cc(Nc2ccc(NC(=O)c3ccc4nc(Cl)c(Cl)nc4c3)c(S(=O)(=O)[O][Na])c2)c2c1C(=O)c1ccccc1C2=O,0,0,True,118
2027,Nc1c(S(=O)(=O)[O][Na])cc(Nc2ccc(S(=O)(=O)[O][Na])c(Nc3nc(Cl)nc(Cl)n3)c2)c2c1C(=O)c1ccccc1C2=O,0,0,True,97
2028,Cc1cc(/N=N/c2c(S(=O)(=O)[O][Na])cc3cc(N(C)c4nc(N)nc(Cl)n4)ccc3c2O)c(O)cc1/N=N/c1cc(S(=O)(=O)[O][Na])ccc1S(=O)(=O)[O][Na],0,0,True,132
2029,Cc1c(Nc2nc(Cl)nc(Nc3cccc(S(=O)(=O)[O][Na])c3)n2)c(C)c(S(=O)(=O)[O][Na])c(C)c1Nc1cc(S(=O)(=O)[O][Na])c(N)c2c1C(=O)c1ccccc1C2=O,0,0,True,122
2030,Nc1c(S(=O)(=O)[O][Na])cc(Nc2ccc(S(=O)(=O)[O][Na])c(Nc3nc(Cl)nc(Nc4cccc(S(=O)(=O)[O][Na])c4)n3)c2)c2c1C(=O)c1ccccc1C2=O,0,0,True,119
2031,Cc1c(NC(=O)C(Br)CBr)c(C)c(S(=O)(=O)[O][Na])c(C)c1Nc1cc(S(=O)(=O)[O][Na])c(N)c2c1C(=O)c1ccccc1C2=O,0,0,True,101
2032,O=C1c2ccccc2C(=O)c2c(NCC(O)CCl)ccc(NCC(O)CCl)c21,0,0,True,46
2033,C=C(Br)C(=O)Nc1ccc(Nc2cc(S(=O)(=O)[O][Na])c(N)c3c2C(=O)c2ccccc2C3=O)c(S(=O)(=O)[O][Na])c1,0,0,True,94
2034,CCOc1nc(Cl)nc(Nc2c(C)c(Nc3cc(S(=O)(=O)[O][Na])c(N)c4c3C(=O)c3ccccc3C4=O)c(C)c(S(=O)(=O)[O][Na])c2C)n1,0,0,True,112
2035,O=S(=O)([O][Na])c1cc(Nc2nc(Cl)nc(Cl)n2)c2c(O)c(/N=N/c3ccc(Nc4ccccc4)c(S(=O)(=O)[O][Na])c3)c(S(=O)(=O)[O][Na])cc2c1,0,0,True,113
2036,Nc1c(S(=O)(=O)[O][Na])cc(Nc2ccc(Nc3nc(F)nc(F)c3Cl)cc2S(=O)(=O)[O][Na])c2c1C(=O)c1ccccc1C2=O,0,0,True,104
2037,O=S(=O)([O][Na])c1ccc(/N=N/c2ccc(/N=N/c3ccc(Nc4nc(Cl)nc(Nc5ccc(S(=O)(=O)[O][Na])cc5)n4)c4ccc(S(=O)(=O)[O][Na])cc34)c(S(=O)(=O)[O][Na])c2)cc1,0,0,True,126
2038,O=C(O)c1ccccc1/N=N/c1c(S(=O)(=O)[O][Na])cc2cc(Nc3nc(Cl)nc(Cl)n3)ccc2c1O,0,0,True,98
2039,Cc1cc(/N=N/c2c(S(=O)(=O)[O][Na])ccc3c(S(=O)(=O)[O][Na])cc(S(=O)(=O)[O][Na])cc23)c(C)cc1/N=N/c1ccc(Nc2nc(N)nc(Cl)n2)c2ccc(S(=O)(=O)[O][Na])cc12,0,0,True,130
2040,Cc1cc(/N=N/c2ccc(Nc3nc(Cl)nc(Cl)n3)c3c(S(=O)(=O)[O][Na])cccc23)c(C)cc1/N=N/c1cc(S(=O)(=O)[O][Na])ccc1S(=O)(=O)[O][Na],0,0,True,110
2041,Cc1cc(Nc2nc(F)nc(C)c2Cl)ccc1/N=N/c1ccc(/N=N/c2cc(S(=O)(=O)[O][Na])c3cc(S(=O)(=O)[O][Na])cc(S(=O)(=O)[O][Na])c3c2)c2cc(S(=O)(=O)[O][Na])ccc12,0,0,True,130
2042,CC(=O)Nc1cc(Nc2nc(Cl)nc(Nc3cc(S(=O)(=O)[O][Na])ccc3S(=O)(=O)[O][Na])n2)ccc1/N=N/c1cc(C)c(/N=N/c2cc(S(=O)(=O)[O][Na])ccc2S(=O)(=O)[O][Na])cc1C,0,0,True,125
2043,Cc1cc(Nc2nc(F)nc(Nc3cc(S(=O)(=O)[O][Na])ccc3S(=O)(=O)[O][Na])n2)ccc1/N=N/c1ccc(/N=N/c2cc(S(=O)(=O)[O][Na])c3cc(S(=O)(=O)[O][Na])cc(S(=O)(=O)[O][Na])c3c2)c2cc(S(=O)(=O)[O][Na])ccc12,0,0,True,145
2044,O=[S](=O)([Na])OCCS(=O)(=O)c1ccc(Nc2nc(Cl)nc(Nc3ccc(/N=N/c4ccc(/N=N/c5cc(S(=O)(=O)[O][Na])c6cccc(S(=O)(=O)[O][Na])c6c5)c5ccc(S(=O)(=O)[O][Na])cc45)c4ccc(S(=O)(=O)[O][Na])cc34)n2)cc1,0,0,True,163
2045,O=C(O)c1ccccc1/N=N/c1c(S(=O)(=O)[O][Na])cc2cc(Nc3nc(Cl)nc(Nc4ccc(/C=C/c5ccc([N+](=O)[O-])cc5S(=O)(=O)[O][Na])c(S(=O)(=O)[O][Na])c4)n3)ccc2c1O,0,0,True,141
2046,O=C(O)c1ccccc1/N=N/c1c(S(=O)(=O)[O][Na])cc2cc(Nc3nc(Cl)nc(Nc4ccc(S(=O)(=O)CCO[S](=O)(=O)[Na])cc4)n3)ccc2c1O,0,0,True,131
2047,Nc1c(S(=O)(=O)[O][Na])cc(Nc2ccc(/N=N/c3ccc(Nc4nc(Cl)nc(Cl)n4)cc3S(=O)(=O)[O][Na])cc2)c2c1C(=O)c1ccccc1C2=O,0,0,True,118
2048,O=S(=O)([O][Na])c1ccccc1/N=N/c1c(S(=O)(=O)[O][Na])cc2cc(Nc3nc(Cl)nc(Cl)n3)ccc2c1O,0,0,True,95
2049,CC(=O)Nc1ccc(S(=O)(=O)[O][Na])c(N)c1/N=N/c1ccc(S(=O)(=O)CCOS(=O)(=O)[O][Na])cc1,0,0,True,87
2050,O=C(Nc1cc(S(=O)(=O)[O][Na])cc2cc(S(=O)(=O)[O][Na])c(/N=N/c3ccccc3S(=O)(=O)[O][Na])c(O)c12)c1ccc2nc(Cl)c(Cl)nc2c1,0,0,True,117
2051,CC(=O)Nc1cc(Nc2nc(N)nc(Cl)n2)ccc1/N=N/c1cc(S(=O)(=O)[O][Na])c2cc(S(=O)(=O)[O][Na])cc(S(=O)(=O)[O][Na])c2c1,0,0,True,112
2052,O=S(=O)([O][Na])OCCS(=O)(=O)c1ccc(Nc2nc(Cl)nc(Nc3ccc4c(O)c(/N=N/c5ccc6c(S(=O)(=O)[O][Na])cccc6c5S(=O)(=O)[O][Na])c(S(=O)(=O)[O][Na])cc4c3)n2)cc1,0,0,True,143
2053,Cc1cc(S(=O)(=O)[O][Na])c(/N=N/c2c(S(=O)(=O)[O][Na])cc3cc(Nc4nc(Cl)nc(Cl)n4)ccc3c2O)cc1S(=O)(=O)[O][Na],0,0,True,103
2054,C=CS(=O)(=O)c1ccc(OC)c(/N=N/c2c(O)ccc3cc(S(=O)(=O)[O][Na])cc(S(=O)(=O)[O][Na])c23)c1,0,0,True,90
2055,CN(c1ccc2c(O)c(/N=N/c3ccc4c(S(=O)(=O)[O][Na])cccc4c3S(=O)(=O)[O][Na])c(S(=O)(=O)[O][Na])cc2c1)c1nc(N)nc(Cl)n1,0,0,True,119
2056,O=C(O)C1=NN(c2ccc(S(=O)(=O)O)cc2)C(=O)/C1=N\Nc1ccc(Nc2nc(Cl)nc(Cl)n2)cc1S(=O)(=O)O,0,0,True,98
2057,CC(=O)Nc1ccc2cc(S(=O)(=O)[O][Na])c(/N=N/c3ccc(S(=O)(=O)CCOS(=O)(=O)[O][Na])cc3)c(O)c2c1,0,0,True,101
2058,NC(=O)Nc1ccc2c(O)c(/N=N/c3cc(Nc4nc(Cl)nc(Nc5ccccc5S(=O)(=O)[O][Na])n4)ccc3S(=O)(=O)[O][Na])c(S(=O)(=O)[O][Na])cc2c1,0,0,True,125
2059,O=S(=O)([O][Na])c1ccc(S(=O)(=O)[O][Na])c(/N=N/c2c(S(=O)(=O)[O][Na])cc3cc(Nc4nc(Cl)nc(Nc5ccc(C=Cc6ccc(Nc7nc(Cl)nc(Nc8ccc9c(O)c(/N=N/c%10cc(S(=O)(=O)[O][Na])ccc%10S(=O)(=O)[O][Na])c(S(=O)(=O)[O][Na])cc9c8)n7)cc6S(=O)(=O)[O][Na])c(S(=O)(=O)[O][Na])c5)n4)ccc3c2O)c1,0,0,True,124
2060,C=C(Br)C(=O)Nc1ccc(/N=N/c2c(N)ccc3cc(S(=O)(=O)[O][Na])ccc23)c(S(=O)(=O)[O][Na])c1,0,0,True,96
2061,Cc1cc(N(CCO)CCO)ccc1/N=N/c1cccc(S(=O)(=O)NCC(O)CCl)c1,0,0,True,87
2062,C=CC(=O)Nc1ccc(N2N=C(C)/C(=N/Nc3ccc([N+](=O)[O-])cc3C(=O)[O][Na])C2=O)cc1,0,0,True,99
2063,Cc1cc(/N=N/c2ccc(Nc3nc(N)nc(Cl)n3)c3c(S(=O)(=O)[O][Na])cccc23)c(C)cc1/N=N/c1cc(S(=O)(=O)[O][Na])ccc1S(=O)(=O)[O][Na],0,0,True,115
2064,Nc1nc(Cl)nc(Nc2ccc3c(O)c(/N=N/c4ccc5ccccc5c4S(=O)(=O)[O][Na])c(S(=O)(=O)[O][Na])cc3c2)n1,0,0,True,113
2065,CN(c1ccc2c(O)c(/N=N/c3ccc4c(S(=O)(=O)[O][Na])cccc4c3S(=O)(=O)[O][Na])c(S(=O)(=O)[O][Na])cc2c1)c1nc(Cl)nc(Cl)n1,0,0,True,114
2066,CN(c1ccc2c(O)c(/N=N/c3ccccc3S(=O)(=O)[O][Na])c(S(=O)(=O)[O][Na])cc2c1)c1nc(Cl)nc(Nc2cccc(S(=O)(=O)[O][Na])c2)n1,0,0,True,128
2067,O=C1/C(=N\Nc2ccc3c(S(=O)(=O)[O][Na])cccc3c2S(=O)(=O)[O][Na])C(S(=O)(=O)[O][Na])=Cc2cc(Nc3nc(F)nc(F)c3Cl)ccc21,0,0,True,124
2068,NC(=O)Nc1cc(Nc2nc(F)nc(F)c2Cl)ccc1/N=N/c1ccc(S(=O)(=O)[O][Na])cc1S(=O)(=O)[O][Na],0,0,True,96
2069,CC(=O)Nc1ccc2cc(S(=O)(=O)[O][Na])c(/N=N/c3cccc(S(=O)(=O)CCOS(=O)(=O)[O][Na])c3)c(O)c2c1,0,0,True,108
2070,CC(=O)Nc1ccc2c(O)c(/N=N/c3ccc(S(=O)(=O)CCOS(=O)(=O)[O][Na])cc3)c(S(=O)(=O)[O][Na])cc2c1,0,0,True,99
2071,CC(=O)Nc1ccc2c(O)c(/N=N/c3ccc(S(=O)(=O)CCOS(=O)(=O)O)cc3)c(S(=O)(=O)O)cc2c1,0,0,True,92
2072,N#CNc1nc(Cl)nc(Nc2ccc3c(O)c(/N=N/c4ccc(S(=O)(=O)CCOS(=O)(=O)[O][Na])cc4)c(S(=O)(=O)[O][Na])cc3c2)n1,0,0,True,123
2073,O=S(=O)([O][Na])c1cc(Nc2nc(Cl)nc(Nc3ccc4c(O)c(/N=N/c5ccc6c(S(=O)(=O)[O][Na])cccc6c5S(=O)(=O)[O][Na])c(S(=O)(=O)[O][Na])cc4c3)n2)cc(-c2ccc(Nc3nc(Cl)nc(Nc4ccc5c(O)c(/N=N/c6ccc7c(S(=O)(=O)[O][Na])cccc7c6S(=O)(=O)[O][Na])c(S(=O)(=O)[O][Na])cc5c4)n3)cc2S(=O)(=O)[O][Na])c1,0,0,True,150
2074,Cc1cc(S(=O)(=O)[O][Na])c(/N=N/c2c(S(=O)(=O)[O][Na])cc3cc(Nc4nc(F)nc(F)c4Cl)ccc3c2O)cc1S(=O)(=O)[O][Na],0,0,True,110
2075,Cc1ccccc1Nc1nc(F)nc(Nc2ccc(/N=N/c3cc4c(S(=O)(=O)[O][Na])cc(S(=O)(=O)[O][Na])cc4cc3S(=O)(=O)[O][Na])c(NC(N)=O)c2)n1,0,0,True,126
2076,O=S(=O)([O][Na])c1cc(Nc2nc(Cl)nc(Cl)n2)c2c(O)c(/N=N/c3ccccc3S(=O)(=O)[O][Na])c(S(=O)(=O)[O][Na])cc2c1,0,0,True,96
2077,Cc1cc(N(CCO)CCO)ccc1/N=N/c1ccc(S(=O)(=O)NCCCl)cc1Cl,0,0,True,77
2078,O=C([O][Na])c1ccc(/N=N/c2c(S(=O)(=O)[O][Na])cc3cc(S(=O)(=O)[O][Na])cc(Nc4nc(Cl)nc(Nc5ccc(S(=O)(=O)CCOS(=O)(=O)[O][Na])cc5)n4)c3c2O)cc1,0,0,True,137
2079,O=C([O][Na])c1ccc(/N=N/c2c(S(=O)(=O)[O][Na])cc3cc(S(=O)(=O)[O][Na])cc(Nc4nc(Cl)nc(Cl)n4)c3c2O)cc1,0,0,True,99
2080,O=S(=O)([O][Na])c1cc(S(=O)(=O)[O][Na])c2cc(/N=N/c3c(S(=O)(=O)[O][Na])cc4cc(Nc5nc(F)nc(F)c5Cl)ccc4c3O)c(S(=O)(=O)[O][Na])cc2c1,0,0,True,117
2081,Nc1nc(Cl)nc(Nc2cc(S(=O)(=O)[O][Na])cc3cc(CS(=O)(=O)[O][Na])c(/N=N/c4ccccc4S(=O)(=O)[O][Na])c(O)c23)n1,0,0,True,112
2082,O=S(=O)([O][Na])c1cc(Nc2nc(Cl)nc(Nc3ccc(Nc4nc(Cl)nc(Nc5cc(S(=O)(=O)[O][Na])cc6cc(S(=O)(=O)[O][Na])c(/N=N/c7ccccc7S(=O)(=O)[O][Na])c(O)c56)n4)cc3)n2)c2c(O)c(/N=N\c3ccccc3S(=O)(=O)[O][Na])c(S(=O)(=O)[O][Na])cc2c1,0,0,True,109
2083,Nc1ccc(/C=C/c2ccc(Nc3nc(Cl)nc(Nc4cc(S(=O)(=O)[O][Na])cc5cc(S(=O)(=O)[O][Na])c(/N=N/c6ccccc6)c(O)c45)n3)cc2S(O)(O)[O][Na])c(S(=O)(=O)[O][Na])c1,0,0,True,141
2084,O=S(=O)([O][Na])c1cc(Nc2nc(Cl)nc(Nc3ccc(Nc4nc(Cl)nc(Nc5cc(S(=O)(=O)[O][Na])cc6cc(S(=O)(=O)[O][Na])c(/N=N/c7ccc8c(S(=O)(=O)[O][Na])cccc8c7S(=O)(=O)[O][Na])c(O)c56)n4)cc3)n2)c2c(O)c(N=Nc3ccc4c(S(=O)(=O)[O][Na])cccc4c3S(=O)(=O)[O][Na])c(S(=O)(=O)[O][Na])cc2c1,0,0,True,127
2085,O=S(=O)([O][Na])c1ccc(Nc2nc(Cl)nc(Nc3ccc(S(=O)(=O)[O][Na])c4cc(S(=O)(=O)[O][Na])c(/N=N/c5ccccc5S(=O)(=O)[O][Na])c(O)c34)n2)cc1,0,0,True,119
2086,O=S(=O)([O][Na])c1cc(Nc2nc(Cl)nc(Nc3ccc(/C=C/c4ccc(Nc5nc(Cl)nc(Nc6cc(S(=O)(=O)[O][Na])cc7cc(S(=O)(=O)[O][Na])c(/N=N/c8ccccc8)c(O)c67)n5)cc4S(=O)(=O)[O][Na])c(S(=O)(=O)[O][Na])c3)n2)c2c(O)c(/N=N/c3ccccc3)c(S(=O)(=O)[O][Na])cc2c1,0,0,True,122
2087,O=S(=O)([O][Na])c1cc(Nc2nc(Cl)nc(Cl)c2Cl)c2c(O)c(/N=N/c3ccccc3S(=O)(=O)[O][Na])c(S(=O)(=O)[O][Na])cc2c1,0,0,True,103
2088,O=C(Nc1cc(S(O)(O)[O][Na])cc2cc(S(=O)(=O)[O][Na])c(/N=N/c3ccc4cc(S(=O)(=O)CCOS(=O)(=O)[O][Na])ccc4c3S(O)(O)[O][Na])c(O)c12)c1ccccc1,0,0,True,136
2089,CCN(c1ccccc1)c1nc(Cl)nc(Nc2cc(S(=O)(=O)[O][Na])cc3cc(S(=O)(=O)[O][Na])c(/N=N/c4ccccc4S(=O)(=O)[O][Na])c(O)c23)n1,0,0,True,120
2090,O=S(=O)([O][Na])OCCS(=O)(=O)c1cccc(Nc2nc(Cl)nc(Nc3cc(S(O)(O)[O][Na])cc4cc(S(O)(O)[O][Na])c(/N=N/c5ccccc5S(=O)(=O)[O][Na])c(O)c34)n2)c1,0,0,True,145
2091,O=S(=O)([O][Na])OCCS(=O)(=O)c1cccc(Nc2nc(Cl)nc(Nc3cc(S(=O)(=O)[O][Na])cc4cc(S(=O)(=O)[O][Na])c(/N=N/c5ccc6c(S(=O)(=O)[O][Na])cccc6c5S(=O)(=O)[O][Na])c(O)c34)n2)c1,0,0,True,154
2092,O=S(=O)([O][Na])OCCS(=O)(=O)c1cccc(Nc2nc(Cl)nc(Nc3cc(S(=O)(=O)[O][Na])cc4cc(S(=O)(=O)[O][Na])c(/N=N/c5ccc6ccccc6c5S(=O)(=O)[O][Na])c(O)c34)n2)c1,0,0,True,152
2093,O=S([O][Na])OCCS(=O)(=O)c1ccc(/N=N/c2c(S(=O)(=O)[O][Na])cc3cc(S(=O)(=O)[O][Na])cc(Nc4nc(Cl)nc(Nc5cccc(S(=O)(=O)[O][Na])c5)n4)c3c2O)cc1,0,0,True,138
2094,O=S(=O)([O][Na])c1cc(Nc2nc(Cl)nc(Cl)n2)c2c(O)c(/N=N/c3ccccc3)c(S(=O)(=O)[O][Na])cc2c1,0,0,True,90
2095,Cc1nc(F)nc(Nc2cc(S(=O)(=O)[O][Na])cc3cc(S(=O)(=O)[O][Na])c(/N=N/c4ccccc4S(=O)(=O)[O][Na])c(O)c23)c1Cl,0,0,True,106
2096,CC(=O)Nc1cc(S(=O)(=O)[O][Na])cc2cc(S(=O)(=O)[O][Na])c(/N=N/c3ccc(C(=O)Nc4cccc(S(=O)(=O)COS(=O)(=O)[O][Na])c4)cc3)c(O)c12,0,0,True,121
2097,N#Cc1c(Cl)nc(Nc2cc(S(=O)(=O)[O][Na])cc3cc(S(=O)(=O)[O][Na])c(/N=N/c4ccc5c(S(=O)(=O)[O][Na])cccc5c4S(=O)(=O)[O][Na])c(O)c23)nc1Cl,0,0,True,121
2098,COc1ccc(S(=O)(=O)CCOS(=O)(=O)[O][Na])cc1/N=N/c1ccc2c(S(=O)(=O)[O][Na])cccc2c1O,0,0,True,99
2099,O=C(Nc1cc(S(=O)(=O)[O][Na])cc2cc(S(=O)(=O)[O][Na])c(/N=N/c3cc(Nc4nc(F)nc(Nc5ccc6ccccc6c5S(=O)(=O)[O][Na])n4)ccc3S(=O)(=O)[O][Na])c(O)c12)c1ccccc1,0,0,True,152
2100,O=C([O-])c1ccc[n+](-c2nc(Cc3ccc(Nc4nc(Nc5cc(S(=O)(=O)[O][Na])cc6c5C(=O)/C(=N\Nc5ccccc5S(=O)(=O)[O][Na])C(S(=O)(=O)[O][Na])=C6)nc(-[n+]5cccc(C(=O)[O-])c5)n4)cc3)nc(Nc3cc(S(=O)(=O)[O][Na])cc4c3C(=O)/C(=N\Nc3ccccc3S(=O)(=O)[O][Na])C(S(=O)(=O)[O][Na])=C4)n2)c1,0,0,True,165
2101,CC(=O)Nc1cc(S(=O)(=O)[O][Na])cc2cc(S(=O)(=O)[O][Na])c(/N=N/c3cc(Nc4nc(Cl)nc(Nc5cccc(S(=O)(=O)CCOS(=O)(=O)[O][Na])c5)n4)ccc3S(=O)(=O)[O][Na])c(O)c12,0,0,True,144
2102,COc1ccc(N/N=C2\C(=O)c3ccc(Nc4nc(Cl)nc(N(C)c5ccc(Cl)cc5)n4)cc3C=C2S(=O)(=O)[O][Na])c(S(=O)(=O)[O][Na])c1,0,0,True,132
2103,COc1cc(S(=O)(=O)[O][Na])c(/N=N/c2c(S(=O)(=O)[O][Na])cc3cc(Nc4nc(F)nc(Nc5ccccc5)n4)ccc3c2O)cc1S(=O)(=O)[O][Na],0,0,True,119
2104,O=S(=O)([O][Na])OCCS(=O)(=O)c1ccc(Nc2nc(Cl)nc(Nc3cc(S(=O)(=O)[O][Na])cc4cc(S(=O)(=O)[O][Na])c(/N=N/c5ccccc5S(=O)(=O)[O][Na])c(O)c34)n2)cc1,0,0,True,134
2105,COS(=O)(=O)c1cc(Nc2nc(Cl)nc(Nc3ccc(Nc4nc(Cl)nc(Nc5cc(S(=O)(=O)[O][Na])cc6cc(S(=O)(=O)[O][Na])c(/N=N/c7ccccc7S(=O)(=O)[O][Na])c(O)c56)n4)cc3)n2)c2c(O)c(/N=N/c3ccccc3S(=O)(=O)[O][Na])c(S(=O)(=O)[O][Na])cc2c1,0,0,True,117
2106,CN(c1ccccc1)c1nc(Cl)nc(Nc2cc(S(=O)(=O)[O][Na])cc3cc(S(=O)(=O)[O][Na])c(/N=N/c4ccccc4S(=O)(=O)[O][Na])c(O)c23)n1,0,0,True,118
2107,CCN(c1ccccc1)c1cc(Cl)cc(Nc2cc(S(=O)(=O)OC)cc3cc(S(=O)(=O)[O][Na])c(/N=N/c4ccccc4S(=O)(=O)[O][Na])c(O)c23)c1,0,0,True,124
2108,O=S(=O)([O][Na])OCCS(=O)(=O)c1ccc(Nc2nc(Cl)nc(Nc3cc(S(=O)(=O)[O][Na])cc4cc(S(=O)(=O)[O][Na])c(/N=N/c5ccc6c(S(=O)(=O)[O][Na])cccc6c5S(=O)(=O)[O][Na])c(O)c34)n2)cc1,0,0,True,151
2109,O=S(=O)([O][Na])OCCS(=O)(=O)c1ccc(Nc2nc(Cl)nc(Nc3cc(S(=O)(=O)[O][Na])cc4cc(S(=O)(=O)[O][Na])c(/N=N/c5ccc6ccccc6c5S(=O)(=O)[O][Na])c(O)c34)n2)cc1,0,0,True,147
2110,CCN(c1ccccc1)c1nc(Cl)nc(Nc2cc(S(=O)(=O)[O][Na])cc3cc(S(=O)(=O)[O][Na])c(/N=N/c4ccc(C)cc4S(=O)(=O)[O][Na])c(O)c23)n1,0,0,True,126
2111,O=S(=O)([O][Na])OCCS(=O)(=O)c1ccc(Nc2nc(Cl)nc(Nc3cc(S(=O)(=O)[O][Na])cc4cc(S(=O)(=O)[O][Na])c(/N=N/c5ccccc5)c(O)c34)n2)cc1,0,0,True,128
2112,O=C([O][Na])c1cc(S(=O)(=O)[O][Na])ccc1Nc1nc(Cl)nc(Nc2cc(S(=O)(=O)[O][Na])cc3cc(S(=O)(=O)[O][Na])c(/N=N/c4ccccc4S(=O)(=O)[O][Na])c(O)c23)n1,0,0,True,125
2113,O=C([O][Na])c1cc(S(=O)(=O)[O][Na])ccc1Nc1nc(Cl)nc(Nc2cc(S(=O)(=O)[O][Na])cc3c2C(=O)/C(=N/Nc2ccc4ccccc4c2S(=O)(=O)[O][Na])C(S(=O)(=O)[O][Na])=C3)n1,0,0,True,141
2114,COc1ccc(S(=O)(=O)CCS(=O)(=O)[O][Na])cc1/N=N/c1c(S(=O)(=O)OC)cc2cc(S(=O)(=O)OC)cc(NC(C)=O)c2c1O,0,0,True,110
2115,O=C(Nc1cc(S(=O)(=O)[O][Na])cc2cc(S(=O)(=O)[O][Na])c(/N=N/c3cc(Nc4nc(Cl)nc(Nc5ccc(S(=O)(=O)[O][Na])cc5)n4)ccc3S(=O)(=O)[O][Na])c(O)c12)c1ccccc1,0,0,True,135
2116,O=C(Nc1ccc(S(=O)(=O)[O][Na])c2cc(S(=O)(=O)[O][Na])c(/N=N/c3ccc4c(S(=O)(=O)[O][Na])cccc4c3S(=O)(=O)[O][Na])c(O)c12)c1ccc2nc(Cl)c(Cl)nc2c1,0,0,True,130
2117,COc1ccc(/N=N/c2c(S(=O)(=O)[O][Na])cc3cc(Nc4nc(Cl)nc(Nc5cccc(S(=O)(=O)[O][Na])c5)n4)ccc3c2O)c(S(=O)(=O)[O][Na])c1,0,0,True,121
2118,O=S(=O)([O][Na])c1ccc(O)c(/N=N/c2c(S(=O)(=O)[O][Na])cc3c(S(=O)(=O)[O][Na])c(Nc4nc(Cl)nc(Cl)n4)ccc3c2O)c1,0,0,True,102
2119,C=C(Br)C(=O)Nc1ccc(/N=N/c2c(NC)ccc3cc(S(=O)(=O)[O][Na])cc(O)c23)c(S(=O)(=O)[O][Na])c1,0,0,True,98
2120,O=S(=O)([O][Na])c1cccc(Nc2nc(Cl)nc(Nc3ccc4c(O)c(/N=N/c5cc(S(=O)(=O)[O][Na])ccc5O)c(S(=O)(=O)[O][Na])cc4c3)n2)c1,0,0,True,114
2121,CN(c1ccc(S(=O)(=O)[O][Na])c(N/N=C2\C(=O)c3c(cc(S(=O)(=O)[O][Na])cc3Nc3nc(Cl)nc(Nc4cccc(S(=O)(=O)[O][Na])c4)n3)C=C2S(=O)(=O)[O][Na])c1)c1nc(Cl)nc(Nc2cc(S(=O)(=O)[O][Na])ccc2S(=O)(=O)[O][Na])n1,0,0,True,159
2122,C=C(Br)C(=O)Nc1ccc(/N=N/c2c(N)ccc3cc(S(=O)(=O)[O][Na])ccc23)c(S(=O)(=O)c2ccc(C)c(S(=O)(=O)[O][Na])c2)c1,0,0,True,117
2123,CC(=O)Nc1ccc(/N=N/c2c(S(=O)(=O)[O][Na])cc3cc(Nc4nc(Cl)nc(Nc5ccccc5S(=O)(=O)[O][Na])n4)ccc3c2O)c(S(=O)(=O)[O][Na])c1,0,0,True,126
2124,O=S(=O)([O][Na])c1cc(Nc2nc(NCO)nc(NCO)n2)c2c(O)c(/N=N/c3ccccc3S(=O)(=O)[O][Na])c(S(=O)(=O)[O][Na])cc2c1,0,0,True,102
2125,O=S(=O)(Cc1cc2cc(S(=O)(=O)[O][Na])cc(Nc3nc(Cl)nc(Nc4cccc(S(=O)(=O)[O][Na])c4)n3)c2c(O)c1/N=N/c1cc(S(=O)(=O)[O][Na])cc(Cl)c1O)[O][Na],0,0,True,128
2126,O=S(=O)([O][Na])c1ccc(O)c(/N=N/c2c(S(=O)(=O)[O][Na])cc3cc(S(=O)(=O)[O][Na])cc(Nc4nc(Cl)nc(Oc5ccccc5)n4)c3c2O)c1,0,0,True,120
2127,O=S(=O)([O][Na])c1cc(S(=O)(=O)[O][Na])c2c(O)c(/N=N/c3ccc(Nc4nc(F)nc(F)c4Cl)cc3O)c(S(=O)(=O)[O][Na])cc2c1,0,0,True,106
2128,Cc1c(NC(=O)C(Br)CBr)c(C)c(S(=O)(=O)[O][Na])c(C)c1Nc1cc(Oc2ccc(C(C)(C)C)c(S(=O)(=O)[O][Na])c2)c(N)c2c1C(=O)c1ccccc1C2=O,0,0,True,129
2129,CC(=O)Nc1cc(S(=O)(=O)[O][Na])cc2cc(S(=O)(=O)[O][Na])c(/N=N/c3ccc(S(=O)(=O)CCOS(=O)(=O)[O][Na])cc3O)c(O)c12,0,0,True,108
2130,COc1ccc(/N=N/c2c(S(=O)(=O)[O][Na])cc3cc(S(=O)(=O)[O][Na])cc(Nc4nc(Cl)nc(Cl)n4)c3c2O)cc1,0,0,True,95
2131,CC1=NN(c2cc(Cl)c(S(=O)(=O)[O][Na])cc2Cl)C(=O)/C1=N\Nc1cc(Nc2nc(Cl)nc(Cl)n2)ccc1S(=O)(=O)[O][Na],0,0,True,108
2132,CC1=NN(c2cccc(S(=O)(=O)[O][Na])c2)C(=O)/C1=N\Nc1cc(Nc2nc(Cl)nc(Nc3ccc(-c4ccc(Nc5nc(Cl)nc(Nc6ccc(S(=O)(=O)[O][Na])c(N/N=C7\C(=O)N(c8cccc(S(=O)(=O)[O][Na])c8)N=C7C)c6)n5)cc4S(=O)(=O)[O][Na])c(S(=O)(=O)[O][Na])c3)n2)ccc1S(=O)(=O)[O][Na],0,0,True,126
2133,CC1=NN(c2ccc(S(=O)(=O)CCOS(=O)(=O)[O][Na])cc2)C(=O)/C1=N\Nc1cc(C(=O)[O][Na])c(Cl)cc1S(=O)(=O)[O][Na],0,0,True,114
2134,O=C([O][Na])c1nn(-c2ccc(S(=O)(=O)[O][Na])cc2)c(O)c1/N=N/c1cccc(P(=O)(O)O)c1,0,0,True,87
2135,Cc1nn(-c2cc(Cl)c(S(=O)(=O)[O][Na])cc2Cl)c(O)c1/N=N/c1cc(Nc2nc(Cl)nc(Nc3cc(C=Cc4ccc(Nc5nc(Cl)nc(Nc6ccc(S(=O)(=O)[O][Na])c(/N=N/c7c(C)nn(-c8cc(Cl)c(S(=O)(=O)[O][Na])cc8Cl)c7O)c6)n5)cc4S(=O)(=O)[O][Na])cc(S(=O)(=O)[O][Na])c3)n2)ccc1S(=O)(=O)[O][Na],0,0,True,158
2136,COc1ccc(S(=O)(=O)CCOS(=O)(=O)[O][Na])cc1N/N=C1\C(=O)N(c2c(C)cc(S(=O)(=O)[O][Na])cc2Cl)N=C1C,0,0,True,109
2137,NC(=O)Nc1cc(Nc2nc(Cl)nc(Nc3cccc(S(=O)(=O)CCOS(=O)(=O)[O][Na])c3)n2)ccc1/N=N/c1cc2c(S(=O)(=O)[O][Na])cc(S(=O)(=O)[O][Na])cc2cc1S(=O)(=O)[O][Na],0,0,True,144
2138,COc1cc(S(=O)(=O)CCOS(=O)(=O)[O][Na])c(C)cc1/N=N/c1c(C)nn(-c2ccc(S(=O)(=O)[O][Na])cc2)c1O,0,0,True,105
2139,CC(=O)Nc1ccc2c(c1)C=C(S(=O)(=O)[O][Na])/C(=N/Nc1ccc(S(=O)(=O)CCOS(=O)(=O)[O][Na])cc1)C2=O,0,0,True,102
2140,Cc1c(/N=N/c2cc(Nc3nc(Cl)nc(Nc4ccc(S(=O)(=O)CCOS(=O)(=O)[O][Na])cc4)n3)ccc2S(=O)(=O)[O][Na])c(O)n(C)c(=O)c1C(N)=O,0,0,True,131
2141,CC1=NN(c2cc(S(=O)(=O)[O][Na])c3cccc(S(=O)(=O)[O][Na])c3c2)C(=O)/C1=N\Nc1cc(Nc2nc(Cl)nc(Nc3cccc(S(=O)(=O)CCOS(=O)(=O)[O][Na])c3)n2)ccc1S(=O)(=O)[O][Na],0,0,True,155
2142,COc1cc(S(=O)(=O)CCOS(=O)(=O)[O][K])c(OC)cc1N/N=C1\C(=O)N(c2ccc(S(=O)(=O)[O][K])cc2)N=C1C,0,0,True,107
2143,C=CS(=O)(=O)CCOCCNc1nc(F)nc(Nc2ccc(/N=N\c3cc4c(S(=O)(=O)[O][Na])cc(S(=O)(=O)[O][Na])cc4cc3S(=O)(=O)[O][Na])c(NC(N)=O)c2)n1,0,0,True,142
2144,CC(=O)Nc1cc(Nc2nc(Cl)nc(Nc3cccc(S(=O)(=O)CCOS(=O)(=O)[O][Na])c3)n2)ccc1/N=N\c1cc2c(S(=O)(=O)[O][Na])cc(S(=O)(=O)[O][Na])cc2cc1S(=O)(=O)[O][Na],0,0,True,143
2145,CC(=O)Nc1cc(Nc2nc(Nc3cc(S(=O)(=O)[O][Na])ccc3S(=O)(=O)[O][Na])nc(-[n+]3cccc(C(=O)[O][Na])c3)n2)ccc1/N=N/c1ccc(/C=C/c2ccc([N+](=O)[O-])cc2S(=O)(=O)[O][Na])c(S(=O)(=O)[O][Na])c1.[OH-],0,0,True,162
2146,O=C([O][Na])C1=NN(c2ccc(S(=O)(=O)[O][Na])cc2)C(=O)/C1=N/Nc1cc(Nc2nc(Cl)nc(Nc3ccc(/C=C\c4ccc(Nc5nc(Cl)nc(Nc6ccc(S(=O)(=O)[O][Na])c(N/N=C7/C(=O)N(c8ccc(S(=O)(=O)[O][Na])cc8)N=C7C(=O)[O][Na])c6)n5)cc4S(=O)(=O)[O][Na])c(S(=O)(=O)[O][Na])c3)n2)ccc1S(=O)(=O)[O][Na],0,0,True,134
2147,CC1=NN(c2cccc(S(=O)(=O)[O][Na])c2)C(=O)/C1=N\Nc1cc(Nc2nc(Cl)nc(Nc3cc(S(=O)(=O)[O][Na])ccc3S(=O)(=O)[O][Na])n2)ccc1S(=O)(=O)[O][Na],0,0,True,126
2148,COc1ccc(S(=O)(=O)CCOS(=O)(=O)[O][Na])cc1N/N=C1\C(=O)N(c2ccc(S(=O)(=O)[O][Na])cc2)N=C1C,0,0,True,101
2149,CCn1c(O)c(/N=N/c2cc(Nc3cc(Cl)nc(Nc4ccc(S(=O)(=O)CCOS(=O)(=O)[O][K])cc4)n3)c(S(=O)(=O)[O][K])cc2S(=O)(=O)[O][K])c(C)c(C(N)=O)c1=O,0,0,True,144
2150,CC1=NN(c2cc(Cl)c(S(=O)(=O)[O][Na])cc2Cl)C(=O)/C1=N\Nc1cc(Nc2nc(Cl)nc(Nc3ccccc3)n2)ccc1S(=O)(=O)[O][Na],0,0,True,122
2151,CC1=NN(c2cc(Cl)c(S(=O)(=O)[O][Na])cc2Cl)C(=O)/C1=N\Nc1cc(Nc2nc(Cl)nc(Nc3ccc(S(=O)(=O)[O][Na])cc3)n2)ccc1S(=O)(=O)[O][Na],0,0,True,124
2152,Nc1cc(N)c(S(=O)(=O)[O][K])cc1/N=N/c1ccc(S(=O)(=O)CCOS(=O)(=O)[O][K])cc1,0,0,True,79
2153,Cc1nn(-c2cc(Cl)c(S(=O)(=O)[O][Na])cc2Cl)c(O)c1/N=N/c1cc(Nc2nc(Cl)nc(Nc3ccc(/C=C\c4ccc(Nc5nc(Cl)nc(Nc6ccc(S(=O)(=O)[O][Na])c(/N=N/c7c(C)nn(-c8cc(Cl)c(S(=O)(=O)[O][Na])cc8Cl)c7O)c6)n5)cc4S(=O)(=O)[O][Na])c(S(=O)(=O)[O][Na])c3)n2)ccc1S(=O)(=O)[O][Na],0,0,True,133
2154,O=C([O][Na])C1=NN(c2ccc(S(=O)(=O)[O][Na])cc2)C(=O)C1/N=N/c1ccc(C(=O)Nc2cccc(S(=O)(=O)CCOS(=O)(=O)[O][Na])c2)cc1,0,0,True,127
2155,Cc1cc(S(=O)(=O)[O][Na])ccc1N1N=C(C(=O)[O][Na])/C(=N/Nc2cc(NC(=O)c3ccc4nc(Cl)c(Cl)nc4c3)ccc2S(=O)(=O)[O][Na])C1=O,0,0,True,133
2156,CC(=O)Nc1cc(NC(=O)c2ccc3nc(Cl)c(Cl)nc3c2)ccc1/N=N/c1cc2ccc(S(=O)(=O)[O][Na])cc2cc1S(=O)(=O)[O][Na],0,0,True,123
2157,CC(=O)Nc1cc(Nc2nc(N)nc(Cl)n2)ccc1/N=N/c1cc(S(=O)(=O)[O][Na])c2cccc(S(=O)(=O)[O][Na])c2c1,0,0,True,113
2158,C=CS(=O)(=O)c1ccc(N2N=C(C)/C(=N/Nc3ccc4c(S(=O)(=O)[O][Na])cccc4c3S(=O)(=O)[O][Na])C2=O)cc1,0,0,True,105
2159,C=C(Br)C(=O)Nc1ccc(S(=O)(=O)[O][Na])c(N/N=C2\C(=O)N(c3cc(Cl)c(S(=O)(=O)[O][Na])cc3Cl)N=C2C)c1,0,0,True,104
2160,Cc1cc(Nc2nc(Cl)nc(Cl)n2)ccc1/N=N/c1cc(S(=O)(=O)[O][Na])c2cccc(S(=O)(=O)[O][Na])c2c1,0,0,True,97
2161,Cc1ccc(O)c(/N=N/c2ccc(Nc3nc(Cl)nc(N(CCO)CCO)n3)cc2)c1,0,0,True,86
2162,COc1cc(S(=O)(=O)CCOS(=O)(=O)[O][Na])c(OC)cc1NC(=O)C(/N=N/c1cc2c(S(=O)(=O)[O][Na])cc(S(=O)(=O)[O][Na])cc2cc1S(=O)(=O)[O][Na])=C(/C)O,0,0,True,122
2163,COc1cc(/N=N\c2cc(S(=O)(=O)[O][Na])c3cccc(S(=O)(=O)[O][Na])c3c2)c(C)cc1Nc1nc(Cl)nc(Nc2ccc(/C=C\c3ccc(Nc4nc(Cl)nc(Nc5cc(C)c(/N=N\c6cc(S(=O)(=O)[O][Na])c7cccc(S(=O)(=O)[O][Na])c7c6)cc5OC)n4)cc3S(=O)(=O)[O][Na])c(S(=O)(=O)[O][Na])c2)n1,0,0,True,132
2164,CCn1c(O)c(/N=N/c2cc(Nc3nc(Cl)nc(Nc4ccc(S(=O)(=O)[O][Na])c(Nc5nc(N)nc(Cl)n5)c4)n3)ccc2S(=O)(=O)[O][Na])c(C)c(C(N)=O)c1=O,0,0,True,133
2165,CCn1c(O)c(/N=N/c2cc(Nc3nc(Cl)nc(Cl)n3)c(S(=O)(=O)[O][Na])cc2S(=O)(=O)[O][Na])c(C)c(C(N)=O)c1=O,0,0,True,103
2166,Nc1nc(Cl)nc(Nc2ccc3c(O)c(/N=N/c4c(O)cc(S(=O)(=O)[O][Na])c5cc([N+](=O)[O-])ccc45)c(S(=O)(=O)[O][Na])cc3c2)n1,0,0,True,120
2167,O=C1c2cc([N+](=O)[O-])ccc2-c2c(S(=O)(=O)NCCOS(=O)(=O)[O][Na])cc3c4cc(S(=O)(=O)NCCOS(=O)(=O)[O][Na])c5c6c(ccc(c7ccc1c2c73)c64)C(=O)c1cc([N+](=O)[O-])ccc1-5,0,0,True,97
2168,Nc1nc(Cl)nc(Nc2ccc(S(=O)(=O)[O][Na])c(/N=N/c3c(S(=O)(=O)[O][Na])cc4cc(S(=O)(=O)[O][Na])c(/N=N/c5cc(S(=O)(=O)[O][Na])ccc5S(=O)(=O)[O][Na])c(N)c4c3O)c2)n1,0,0,True,122
2169,Cc1nc(F)nc(Nc2cc(Nc3nc(Cl)nc(Nc4cc(S(=O)(=O)[O][Na])cc5cc(S(=O)(=O)[O][Na])c(/N=N/c6cc(N)ccc6O)c(O)c45)n3)ccc2S(=O)(=O)[O][Na])c1Cl,0,0,True,147
2170,Cc1cc(Nc2nc(Cl)nc(Nc3cccc(S(=O)(=O)[O][Na])c3)n2)c(C)cc1/N=N/c1cc(S(=O)(=O)[O][Na])c(/N=N/c2c(S(=O)(=O)[O][Na])cc3cc(S(=O)(=O)[O][Na])cc(Nc4ccccc4)c3c2O)cc1S(=O)(=O)[O][Na],0,0,True,151
2171,Nc1c(/N=N/c2ccc(S(=O)(=O)CCOS(=O)(=O)[O][Na])cc2)c(S(=O)(=O)[O][Na])cc2cc(S(=O)(=O)[O][Na])c(/N=N\c3ccc(S(=O)(=O)CCOS(=O)(=O)[O][Na])cc3)c(O)c12,0,0,True,95
2172,Nc1nc(Cl)nc(Nc2cc(S(=O)(=O)[O][Na])cc3cc(S(=O)(=O)[O][Na])c(/N=N/c4cc([N+](=O)[O-])ccc4O)c(O)c23)n1,0,0,True,110
2173,CC1(C)Nc2cccc3c(/N=N/c4ccc(/N=N/c5ccccc5)c5ccccc45)ccc(c23)N1,0,0,True,76
2174,CCNc1ccc(/N=N/c2ccc(/N=N/c3ccccc3)c3ccccc23)c2ccccc12,0,0,True,63
2175,c1ccc(/N=c2\ccc3nc4cc5c(cc4n(-c4ccccc4)c-3c2)N(c2ccccc2)c2ccccc2N5)cc1,0,0,True,103
2176,c1ccc(/N=c2/cc3n(-c4ccccc4)c4cc5c(cc4nc-3cc2Nc2ccccc2)Nc2ccccc2N5c2ccccc2)cc1,0,0,True,114
2177,Cc1ccccc1Nc1ccc(Nc2ccccc2C)c2c1C(=O)c1ccccc1C2=O,0,0,True,47
2178,CNc1ccc(NC(C)C)c2c1C(=O)c1ccccc1C2=O,0,0,True,47
2179,Cc1cc(C)c(Nc2ccc(Nc3c(C)cc(C)cc3C)c3c2C(=O)c2ccccc2C3=O)c(C)c1,0,0,True,51
2180,CCNc1ccc(NCC)c2c1C(=O)c1ccccc1C2=O,0,0,True,38
2181,CNc1ccc(Nc2ccc(C)cc2)c2c1C(=O)c1ccccc1C2=O,0,0,True,57
2182,Cc1ccc(Nc2cc(Br)c(N)c3c2C(=O)c2ccccc2C3=O)cc1,0,0,True,65
2183,Cc1ccc(Nc2cc(C)c(N)c3c2C(=O)c2ccccc2C3=O)cc1,0,0,True,62
2184,CCCCCNc1ccc(NCCCCC)c2c1C(=O)c1ccccc1C2=O,0,0,True,48
2185,O=C1c2c(Nc3ccccc3)ccc(Nc3ccccc3)c2C(=O)c2c(Nc3ccccc3)ccc(Nc3ccccc3)c21,0,0,True,36
2186,CN(C)c1ccc(C(O)(c2ccc(N(C)C)cc2)c2ccc(N(C)c3ccccc3)c3ccccc23)cc1,0,0,True,67
2187,CCN(CC)c1ccc(/N=C2\C=CC(=O)c3ccccc32)cc1,0,0,True,58
2188,CCCCNc1ccc(NCCCC)c2c1C(=O)c1ccccc1C2=O,0,0,True,46
2189,CN(C)c1ccc(C(O)(c2ccc(N(C)C)cc2)c2ccc(Nc3ccccc3)c3ccccc23)cc1,0,0,True,67
2190,CCNc1ccc(C(O)(c2ccc(N(CC)CC)cc2)c2ccc(N(CC)CC)cc2)c2ccccc12,0,0,True,66
2191,CCCCC(CC)CNc1ccc(NCC(CC)CCCC)c2c1C(=O)c1ccccc1C2=O,0,0,True,56
2192,CCNc1ccc(C(O)(c2ccc(N(C)C)cc2)c2ccc(N(C)C)cc2)c2ccccc12,0,0,True,63
2193,CNc1ccc(Nc2cccc(C)c2)c2c1C(=O)c1ccccc1C2=O,0,0,True,61
2194,Cc1cccc(N=C2C=CC(=C(c3ccc(Nc4cccc(C)c4)cc3)c3ccc(Nc4cccc(C)c4)cc3)C=C2)c1,0,0,True,72
2195,Nc1cc(S(=O)(=O)O)c(O)c2c1C(=O)c1c(O)c(S(=O)(=O)O)cc(N)c1C2=O,0,0,True,39
2196,NC(=O)Cn1sc2ccccc2c1=O,0,0,True,42
2197,CCc1cc(C)cc(CC)c1Nc1ccc(Nc2c(CC)cc(C)cc2CC)c2c1C(=O)c1ccccc1C2=O,0,0,True,54
2198,Nc1ccc(/N=N/c2cccc3ccccc23)c(N)c1,0,0,True,52
2199,Cc1cc(/N=N/c2cccc3ccccc23)c(N)cc1N,0,0,True,56
2200,Oc1ccc(/N=N/c2ccccc2)c2ccccc12,0,0,True,47
2201,Oc1ccc(/N=N/c2cccc3ccccc23)c2ccccc12,0,0,True,54
2202,N#CC(/N=C/c1ccccc1O)=C(C#N)/N=C/c1ccccc1O,0,0,True,38
2203,O=C1c2ccccc2C(=O)c2c(Nc3ccc4c5c(cccc35)C(=O)c3ccccc3-4)cccc21,0,0,True,78
2204,CCOc1ccc2c(c1)nc1c3ccc4c(=O)n5c6ccc(OCC)cc6nc5c5ccc(c(=O)n21)c3c45,0,0,True,69
2205,Oc1ccc2ccccc2c1/C=N/c1ccccc1/N=C/c1c(O)ccc2ccccc12,0,0,True,50
2206,CN(C)c1ccc(C(O)(c2ccccc2)c2ccc(N(C)C)cc2)cc1,0,0,True,37
2207,CCCCc1ccc(Nc2ccc(Nc3ccc(CCCC)cc3)c3c2C(=O)c2c(O)ccc(O)c2C3=O)cc1,0,0,True,62
2208,CC(C)(C)c1ccc(Nc2ccc(Nc3ccc(C(C)(C)C)cc3)c3c2C(=O)c2c(O)ccc(O)c2C3=O)cc1,0,0,True,53
2209,Cc1ccc2c(c1)-c1c3ccccc3cc3c(C)ccc(c13)O2,0,0,True,70
2210,CC(C)COC(=O)c1ccc2c3cccc4c(C(=O)OCC(C)C)ccc(c5cccc1c52)c43,0,0,True,54
2211,Oc1ccc(/N=N/c2ccccc2)c(O)c1,0,0,True,41
2212,O=C1C2=C(CCCC2)C2=Nc3cccc4cccc(c34)N12,0,0,True,64
2213,Cc1ccccc1/N=N/c1ccc(/N=N/c2ccc(O)cc2)c(C)c1,0,0,True,57
2214,Nc1ccc(/N=N/c2ccc(/N=N/c3ccccc3)cc2)c2ccccc12,0,0,True,55
2215,CN(C)c1ccc2cc3ccc(N(C)C)cc3nc2c1,0,1,False,35
2216,O=C(O)c1ccccc1-c1c2ccc(=O)c([N+](=O)[O-])c-2oc2c([N+](=O)[O-])c(O)ccc12,0,0,True,78
2217,O=C(O)c1cc2c(c(Br)c1O)Oc1c(cc(C(=O)O)c(O)c1Br)C21OC(=O)c2cccc(Br)c21,0,0,True,69
2218,O=C(O)c1cc2c(-c3c(Br)cccc3C(=O)O)c3cc(C(=O)O)c(=O)c(Br)c-3oc2c(Br)c1O,0,0,True,82
2219,O=C1OC2(c3ccccc31)c1cc(I)c(O)c(Br)c1Oc1c2cc(I)c(O)c1Br,0,0,True,63
2220,O=C(O)c1ccccc1-c1c2cc(I)c(=O)c(Br)c-2oc2c(Br)c(O)c(I)cc12,0,0,True,79
2221,Cc1ccccc1/N=N/c1c(O)ccc2ccccc12,0,0,True,54
2222,Nc1ccc(/N=N/c2ccccc2)c(N)c1,0,0,True,39
2223,Cc1ccc(/N=N/c2ccc(O)c(/N=N/c3ccc(C)cc3C)c2O)c(C)c1,0,0,True,54
2224,Cc1cc(/N=N/c2ccccc2)c(N)cc1N,0,0,True,44
2225,C/C(O)=C(/N=N/c1cc([N+](=O)[O-])ccc1O)C(=O)Nc1ccccc1,0,0,True,67
2226,CC1=NN(c2ccccc2)C(=O)/C1=N\Nc1cc([N+](=O)[O-])cc(S(=O)(=O)O)c1O,0,0,True,84
2227,CC1=NN(c2ccccc2)C(=O)/C1=N\Nc1cc(Cl)cc(S(=O)(=O)O)c1O,0,0,True,77
2228,O=C1c2ccccc2C2=Nc3cccc4cccc(c34)N12,0,0,True,61
2229,O=c1c2ccccc2c2ccc3sc4ccccc4c4ccc1c2c34,0,0,True,65
2230,Cc1ccc(/N=N/c2c(O)ccc3ccccc23)c(C)c1,0,0,True,59
2231,Oc1ccc2ccccc2c1/N=N/c1ccc2ccccc2c1,0,0,True,60
2232,O=C1c2ccccc2C(=O)c2c(O)ccc(O)c21,0,0,True,30
2233,COc1ccccc1N/N=C1/C(=O)C=Cc2ccccc21,0,0,True,62
2234,CC1=NN(c2ccccc2)C(=O)/C1=N\Nc1ccc([N+](=O)[O-])cc1O,0,0,True,75
2235,O=C(Cc1cc(Nc2ccccc2)c2ncnc3c2c1C(=O)c1ccccc1-3)c1cc(Cl)ccc1Cl,0,0,True,100
2236,COc1cc([N+](=O)[O-])ccc1/N=N/c1c(O)ccc2ccccc12,0,0,True,72
2237,O=C1c2c(Cl)c(Cl)c(Cl)c(Cl)c2C2=Nc3cccc4cccc(c34)N12,0,0,True,67
2238,O=C1c2ccccc2C(=O)c2c(Nc3ccc(S(=O)(=O)c4ccccc4)cc3)cccc21,0,0,True,68
2239,O=C(O)c1c(Cl)c(Cl)c(Cl)c(Cl)c1-c1c2cc(I)c(=O)c(I)c-2oc2c(I)c(O)c(I)cc12,0,0,True,84
2240,COc1ccc(C(=O)Nc2ccccc2)cc1/N=N/c1c(O)cc(C(=O)Nc2ccc(Cl)cc2OC)c2ccccc12,0,0,True,111
2241,C=c1cc2c3ccccc3c(=O)c3c(NC4CCCCC4)ccc(c3-2)n1C,0,0,True,81
2242,CCCCCCCc1cc2ccccc2c(/N=N/c2ccc(/N=N/c3ccc(C)cc3)c(C)c2)c1O,0,0,True,97
2243,CC(C)Nc1cccc2c1C(=O)c1ccccc1C2=O,0,0,True,46
2244,COc1ccc(C)cc1/N=N/c1c(O)ccc2ccccc12,0,0,True,64
2245,Cc1cc(Br)c(Nc2ccc(O)c3c2C(=O)c2ccccc2C3=O)c(Br)c1,0,0,True,67
2246,O=c1c2cccc3cccc(c32)c2nc3cccc4cccc(c43)n12,0,0,True,64
2247,COc1cc(C(c2ccccc2)c2ccc(/N=N/c3c(O)ccc4ccccc34)c(OC)c2)ccc1/N=N/c1c(O)ccc2ccccc12,0,0,True,80
2248,CCNc1ccc2ccccc2c1/N=N/c1ccc(/N=N/c2ccccc2)cc1,0,0,True,66
2249,CCN(CC)c1ccc2cc3c(oc2c1)c(C#N)c(=O)n1c2ccccc2nc31,0,0,True,93
2250,CCN(CC)c1ccc2cc3c(oc2c1)c(C#N)c(=N)n1c2ccccc2nc31,0,1,False,89
2251,CCN(CCOCCCCC(C)C)c1ccc(/N=N/c2ccc([N+](=O)[O-])cc2[N+](=O)[O-])c(C)c1,0,0,True,92
2252,Cc1ccccc1/N=N/c1ccc(O)c2ccccc12,0,0,True,49
2253,O=C1c2cccc(NC3CCCCC3)c2C(=O)c2cccc(NC3CCCCC3)c21,0,0,True,47
2254,Cc1ccc(NC(=O)c2cc3ccccc3c(/N=N/c3c(C)ccc(Cl)c3O)c2O)c(C)c1,0,0,True,90
2255,Cc1cc(C(c2ccccc2C)c2cc(C)c(N/N=C3/C(=O)C=Cc4ccccc43)cc2C)c(C)cc1N/N=C1/C(=O)C=Cc2ccccc21,0,0,True,81
2256,Oc1ccc2ccccc2c1/N=N/c1ccc(/N=N/c2ccccc2)cc1,0,0,True,58
2257,CC(=O)c1c(-c2ccccc2)c(=O)c2ccc3sc4ccccc4c4ccc1c2c34,0,0,True,79
2258,CC(=O)c1c(-c2ccccc2)c(=O)c2ccc3c4ccccc4sc4ccc1c2c43,0,0,True,79
2259,Cc1cccc(/N=N/c2ccc(/N=N/c3c(O)ccc4ccccc34)cc2C)c1,0,0,True,78
2260,Cc1ccccc1/N=N/c1cc(C)c(/N=N/c2c(O)ccc3ccccc23)cc1C,0,0,True,68
2261,Cc1ccc(C)c(/N=N/c2cc(C)c(/N=N/c3c(O)ccc4ccccc34)cc2C)c1,0,0,True,71
2262,Nc1ccc(/N=N/c2ccc(/N=N/c3cccc4ccccc34)c3ccccc23)c2ccccc12,0,0,True,59
2263,CCOc1ccc(/N=N/c2ccc(O)c3ccccc23)cc1,0,0,True,61
2264,O=S(=O)(O)c1cc(S(=O)(=O)O)c2c(/N=N/c3ccc(/N=N/c4ccccc4)cc3)c(O)ccc2c1,0,0,True,75
2265,O=S(=O)(O)c1cc(S(=O)(=O)O)c2c(/N=N/c3ccc(/N=N/c4ccccc4)cc3)c(O)c(S(=O)(=O)O)cc2c1,0,0,True,76
2266,Oc1ccc2ccccc2c1/N=N/c1cccc2ccccc12,0,0,True,55
2267,O=C(O)c1ccccc1-c1c2cc(Cl)c(=O)c(Cl)c-2oc2c(Cl)c(O)c(Cl)cc12,0,0,True,79
2268,Oc1c(Cl)cc2c(c1Cl)Oc1c(cc(Cl)c(O)c1Cl)C21OC(O)c2ccccc21,0,1,False,61
2269,O=C(O)c1ccccc1-c1c2cc(Br)c(=O)c(Br)c-2oc2c(Br)c(O)c(Br)cc12,0,0,True,77
2270,COC(=O)c1ccccc1-c1c2cc(Br)c(=O)c(Br)c-2oc2c(Br)c([O][K])c(Br)cc12,0,0,True,87
2271,CCOC(=O)c1ccccc1-c1c2cc(Br)c(=O)c(Br)c-2oc2c(Br)c([O][K])c(Br)cc12,0,0,True,92
2272,O=C1OC2(c3c(Br)cccc31)c1c(Br)c(C(=O)O)c(O)c(Br)c1Oc1c(Br)c(O)c(C(=O)O)c(Br)c12,0,0,True,68
2273,O=C(O)c1cccc(Br)c1-c1c2c(Br)c(C(=O)O)c(=O)c(Br)c-2oc2c(Br)c(O)c(C(=O)O)c(Br)c12,0,0,True,82
2274,O=C(O)c1c(Cl)ccc(Cl)c1-c1c2cc(I)c(=O)c(I)c-2oc2c(I)c(O)c(I)cc12,0,0,True,83
2275,O=C(O)c1c(Cl)c(Cl)c(Cl)c(Cl)c1-c1c2cc(Br)c(=O)c(Br)c-2oc2c(Br)c(O)c(Br)cc12,0,0,True,82
2276,Nc1ccc2ccccc2c1/N=N/c1ccc([N+](=O)[O-])cc1,0,0,True,60
2277,O=C(O)c1ccccc1-c1c2ccc(=O)c(Br)c-2oc2c(Br)c(O)ccc12,0,0,True,75
2278,O=C(O)c1ccccc1-c1c2ccc(=O)c(I)c-2oc2c(I)c(O)ccc12,0,0,True,74
2279,COc1ccc(OC)c(/N=N/c2c(O)ccc3ccccc23)c1,0,0,True,67
2280,CCN(CC)S(=O)(=O)c1ccc(O)c(/N=N/c2c(O)nc3ccccc3c2O)c1,0,0,True,81
2281,Cc1ccccc1/N=c1\ccc2c(-c3ccccc3C(=O)O)c3ccc(Nc4ccccc4C)cc3oc-2c1,0,0,True,105
2282,Cc1ccc(Nc2cccc3c2C(=O)c2c(Nc4ccc(C)cc4)cccc2C3=O)cc1,0,0,True,50
2283,Cc1ccc(Nc2cccc3c2C(=O)c2cccc(Nc4ccc(C)cc4)c2C3=O)cc1,0,0,True,47
2284,Cc1cc(Br)c(Nc2ccc(Nc3c(Br)cc(C)cc3Br)c3c2C(=O)c2ccccc2C3=O)c(Br)c1,0,0,True,52
2285,NC1=C2C(=O)c3ccccc3C(=O)C2=C(N)CC1,0,0,True,32
2286,N#CC(/N=C/c1c(O)ccc2ccccc12)=C(C#N)/N=C/c1c(O)c(C(=O)O)cc2ccccc12,0,0,True,81
2287,c1ccc(C2=NN(c3ccccc3)C(c3ccccc3)C2)cc1,0,1,False,50
2288,O=C(O)c1ccccc1Nc1cccc2c1C(=O)c1ccccc1C2=O,0,0,True,59
2289,CN=C1C=CC(=C(c2ccc(N(C)C)cc2)c2ccc(N(C)C)cc2)C=C1,0,0,True,43
2290,CN(C)c1ccc(C(O)(c2ccc(N(C)C)cc2)c2ccc(N(C)C)cc2)cc1,0,0,True,28
2291,Nc1ccc(/N=N/c2ccccc2)cc1,0,0,True,32
2292,Cc1cc(/N=N/c2ccccc2)ccc1O,0,0,True,40
2293,CCCCCCCCCc1ccc(C)c(/N=N/c2ccc(-c3ccc(/N=N/c4cc(CCCCCCCCC)ccc4O)c(C)c3)cc2C)c1,0,0,True,87
2294,Cc1ccc(O)c(/N=N/c2ccccc2)c1,0,0,True,43
2295,O=C1C(=C2Nc3ccccc3C=C2O)C(=O)c2ccccc21,0,0,True,54
2296,CCCCNc1ccc2c3c(cccc13)C(=O)N(CCCC)C2=O,0,0,True,69
2297,Cc1ccc(O)c(/N=N/c2ccccc2C)c1,0,0,True,44
2298,CCN(CCOC(C)OCC(C)C)c1ccc(/N=N/c2ccccc2)cc1,0,0,True,68
2299,CCCCCCCCCCCCc1ccc(/N=N/c2c(O)ccc(/N=N/c3ccc(C)cc3C)c2O)cc1,0,0,True,90
2300,CCCCCCCCCCCCc1ccc(/N=N/c2c(O)ccc(/N=N/c3ccc(CCCCCCCCCCCC)cc3C)c2O)cc1,0,0,True,93
2301,COc1ccc(/C=C2/N=C(c3ccc(C4=N/C(=C/c5ccc(OC)cc5)C(=O)O4)cc3)OC2=O)cc1,0,0,True,57
2302,O=C1C(=C2C=Cc3ccccc3N2)C(=O)c2c(Cl)c(Cl)c(Cl)c(Cl)c21,0,0,True,55
2303,CC1=NN(c2ccccc2)C(=O)/C1=N\Nc1ccccc1,0,0,True,56
2304,O=C1c2cccc(Sc3ccccc3)c2C(=O)c2c(Sc3ccccc3)cccc21,0,0,True,47
2305,CCCCOCCCN1C(=O)c2ccc3c(=O)n4c5ccc(Cl)cc5nc4c4ccc(c2c34)C1=O,0,0,True,102
2306,O=C1c2ccccc2C(=O)c2c(Sc3ccccc3)cccc21,0,0,True,53
2307,O=C1C(=C2Nc3ccccc3C(Br)=C2O)C(=O)c2ccccc21,0,0,True,52
2308,CC1=NN(c2ccccc2)C(=O)/C1=N\Nc1ccc(C)cc1C,0,0,True,65
2309,O=C1c2cccc3c(N4CCOCC4)ccc(c23)C(=O)N1CCO,0,0,True,68
2310,COc1ccc2c3c(cccc13)-c1ccccc1C2=O,0,0,True,55
2311,CCOc1ccc2c(c1)nc1c3cccc4cccc(c(=O)n21)c43,0,0,True,75
2312,O=C(c1ccccc1)c1ccc2c3c1cccc3c(=O)n1c3ccccc3nc21,0,0,True,83
2313,O=C1c2cccc(Sc3ccccc3)c2C(=O)c2cccc(Sc3ccccc3)c21,0,0,True,44
2314,C/C(O)=C(/N=N/c1cc([N+](=O)[O-])cc(S(=O)(=O)O)c1O)C(=O)N(C)c1ccccc1,0,0,True,76
2315,CN(C)c1ccc(/N=N/c2ccccc2)cc1,0,0,True,35
2316,COc1ccccc1/N=N/c1ccc(O)c(C(=O)O)c1,0,0,True,56
2317,CC1=NN(c2ccccc2)C(=O)/C1=N\Nc1ccccc1C(=O)O,0,0,True,65
2318,CC1=NN(c2ccccc2)C(=O)/C1=N\Nc1ccc(C)c([N+](=O)[O-])c1,0,0,True,71
2319,Cc1cc(/N=N/c2ccccc2)cc(/N=N/c2ccccc2)c1O,0,0,True,50
2320,Cc1cc(C2(c3ccc(/N=N/c4cc(C5CCCCC5)ccc4O)c(C)c3)CCCCC2)ccc1/N=N/c1cc(C2CCCCC2)ccc1O,0,0,True,76
2321,Cc1cc(/N=N/c2ccccc2C)ccc1N,0,0,True,45
2322,Cc1ccc(O)c(/N=N/c2cc(C)c(C(c3ccccc3)c3cc(C)c(/N=N/c4cc(C)ccc4O)cc3C)cc2C)c1,0,0,True,65
2323,CCCCc1ccc(O)c(/N=N/c2ccc(C(c3ccc(/N=N/c4cc(CCCC)ccc4O)c(C)c3)C3CCCCC3)cc2C)c1,0,0,True,81
2324,O=C1C(=C2C=Cc3ccccc3N2)C(=O)c2ccccc21,0,0,True,49
2325,Cc1ccc2c(c1)C=CC(=C1C(=O)c3ccccc3C1=O)N2,0,0,True,57
2326,Nc1ccc(/N=N/c2ccccc2)c2ccccc12,0,0,True,47
2327,O=C(O)C1=NN(c2ccc(S(=O)(=O)O)cc2)C(=O)C1/N=N/c1ccc(S(=O)(=O)O)cc1,0,0,True,68
2328,Nc1ccc2ccccc2c1/N=N/c1ccccc1,0,0,True,50
2329,CCN(CC)c1ccc(/N=N/c2ccccc2)cc1,0,0,True,40
2330,OCCN(CCO)c1ccc(/N=N/c2ccccc2)cc1,0,0,True,44
2331,Cc1ccccc1/N=N/c1c(N)ccc2ccccc12,0,0,True,55
2332,Oc1ccc(/N=N/c2ccccc2)cc1,0,0,True,32
2333,COc1ccccc1N/N=C1\C(=O)N(c2ccccc2)N=C1C,0,0,True,66
2334,Oc1ccc(/N=N/c2cccc3ccccc23)cc1,0,0,True,50
2335,CCOc1ccc(/N=N/c2cc(C)ccc2O)cc1,0,0,True,54
2336,CC1=NN(c2ccccc2)C(=O)/C1=C/C1C(=O)N(c2ccccc2)N=C1C,0,1,False,64
2337,O=C1OC2(c3ccc(O)cc3Oc3cc(O)ccc32)c2ccccc21,0,0,True,56
2338,CCCCCCCCCCCCCCCCCCn1c(=O)c2ccc3sc4ccccc4c4ccc(c1=O)c2c34,0,0,True,83
2339,Nc1ccc(Nc2ccc(O)cc2)c2cc(S(=O)(=O)[O][Na])ccc12,0,0,True,67
2340,O=S(=O)([O][Na])c1ccc(Nc2ccc(Nc3ccc(O)cc3)cc2)cc1,0,0,True,46
2341,Nc1ccc2nc3c(Cl)c(Cl)c(=O)c(Cl)c-3oc2c1,0,0,True,60
2342,O=C1C=CC(=Nc2ccc(Nc3ccccc3)cc2)C=C1,0,0,True,51
2343,O=C1C=CC(=Nc2ccc(O)cc2)C=C1,0,0,True,37
2344,O=C(O)c1ccccc1Nc1ccc(Nc2ccc(O)cc2)cc1,0,0,True,51
2345,CC(=O)Nc1ccc(Nc2ccc(Nc3ccc(O)cc3)cc2)cc1,0,0,True,40
2346,Cc1cc(Nc2ccc(O)cc2)ccc1N,0,0,True,41
2347,CN(C)c1ccc(Nc2ccc(O)cc2)cc1,0,0,True,36
2348,Cc1c(S(=O)(=O)[O][Na])cc([N+](=O)[O-])c([N+](=O)[O-])c1C,0,0,True,44
2349,Cc1c([N+](=O)[O-])cc([N+](=O)[O-])cc1S(=O)(=O)[O][Na],0,0,True,44
2350,O=[N+]([O-])c1cc2cc([N+](=O)[O-])cc3c2c(c1)c1c2c4cc([N+](=O)[O-])cc5cc([N+](=O)[O-])cc(c54)c2c2c4ccc([N+](=O)[O-])c5c([N+](=O)[O-])ccc(c54)c2c31,0,1,False,57
2351,c1cc2cccc3c2c(c1)c1c2c4cccc5cccc(c54)c2c2c4cccc5cccc(c54)c2c31,0,1,False,25
2352,O=[N+]([O-])c1cc2cccc3c2c(c1)c1c3c2c3ccc([N+](=O)[O-])c4cccc(c43)c2c2c3cccc4c([N+](=O)[O-])ccc(c43)c12,0,0,True,74
2353,O=S(=O)([O][Na])c1cccc2c(Nc3ccc(O)cc3)ccc(Nc3ccccc3)c12,0,0,True,74
2354,Nc1ccc(Nc2ccc(O)cc2)c2ccccc12,0,0,True,49
2355,Oc1ccc(Nc2ccc3c4c(cccc24)N=CN3)cc1,0,0,True,65
2356,Cc1ccc(Nc2ccc(Nc3ccc(O)cc3)c3cccc(S(=O)(=O)O)c23)cc1,0,0,True,70
2357,Oc1ccc(Nc2ccccc2)cc1,0,0,True,31
2358,N#CSc1cccc(N2C(=O)c3ccc4c5ccc6c7c(ccc(c8ccc(c3c48)C2=O)c75)C(=O)N(c2cccc(SC#N)c2)C6=O)c1,0,0,True,62
2359,O=[N+]([O-])c1ccc(Nc2cc(Cl)ccc2O)c([N+](=O)[O-])c1,0,0,True,55
2360,Nc1ccc2nc3ccc(O)cc3nc2c1,0,0,True,44
2361,Cc1cc2nc3cc(Cl)c(O)c(Cl)c3nc2cc1N,0,0,True,58
2362,Cc1ccc2nc3c(Cl)c(Cl)c(=O)c(Cl)c-3sc2c1,0,0,True,60
2363,Cc1cc2nc3ccc(O)cc3nc2cc1N,0,0,True,50
2364,O=C(Nc1ccc2nc3c(Cl)c(Cl)c(=O)c(Cl)c-3oc2c1)c1cccc([N+](=O)[O-])c1,0,1,False,92
2365,[Na][O]c1c(-c2[nH]c3ccccc3c2[O][Na])[nH]c2ccccc12,0,0,True,34
2366,O=S(=O)([O][Na])Oc1c(-c2[nH]c3ccccc3c2OS(=O)(=O)[O][Na])[nH]c2ccccc12,0,0,True,44
2367,O=S(=O)([O][Na])Oc1c(-c2[nH]c3ccc(Br)c(Cl)c3c2OS(=O)(=O)[O][Na])[nH]c2ccc(Br)c(Cl)c12,0,0,True,54
2368,O=S(=O)([O][Na])Oc1c(Br)ccc2[nH]c(-c3[nH]c4ccccc4c3OS(=O)(=O)[O][Na])cc12,0,0,True,76
2369,O=S(=O)([O][Na])Oc1c(-c2[nH]c3c(Cl)cc(Cl)cc3c2OS(=O)(=O)[O][Na])[nH]c2c(Cl)cc(Cl)cc12,0,0,True,50
2370,O=S(=O)([O][Na])Oc1c(-c2[nH]c3c(Br)cc(Br)cc3c2OS(=O)(=O)[O][Na])[nH]c2c(Br)cc(Br)cc12,0,0,True,50
2371,O=S(=O)([O][Na])c1c2ccccc2c(O)c2c3c(c(Cl)cc12)Nc1c(c(Cl)cc2c(S(=O)(=O)[O][Na])c4ccccc4c(O)c12)N3,0,0,True,65
2372,O=S(=O)([O][Na])OC1c2ccccc2-c2ccc3s/c(=c4\sc5ccc6c7c(ccc4c57)C(OS(=O)(=O)[O][Na])c4ccccc4-6)c4ccc1c2c34,0,0,True,79
2373,COc1cc(Cl)c(C)c2c(OS(=O)(=O)[O][Na])c(-c3cc(Cl)c4ccccc4c3OS(=O)(=O)[O][Na])[nH]c12,0,0,True,85
2374,O=S(=O)([O][Na])Oc1c(-c2[nH]c3c(Br)cc(Br)c(Br)c3c2OS(=O)(=O)[O][Na])[nH]c2c(Br)cc(Br)cc12,0,0,True,77
2375,O=C1/C(=C2\Nc3ccc(Br)cc3C2=O)Nc2ccccc21,0,0,True,51
2376,O=C1/C(=C2\Nc3ccccc3C2=O)Nc2ccccc21,0,0,True,31
2377,O=c1c2ccccc2c(=O)c2c1ccc1[nH]c3c(ccc4c(=O)c5ccccc5c(=O)c43)[nH]c12,0,0,True,47
2378,O=c1c2ccccc2c(=O)c2c1cc(Br)c1[nH]c3c([nH]c12)c(Br)cc1c(=O)c2ccccc2c(=O)c13,0,0,True,50
2379,O=c1c2ccccc2c(=O)c2c1ccc1[nH]c3c(ccc4c(=O)c5ccc(O)cc5c(=O)c43)[nH]c12,0,0,True,67
2380,O=c1c2ccccc2c(=O)c2c1c(O)cc1[nH]c3c(cc(O)c4c(=O)c5ccccc5c(=O)c43)[nH]c12,0,0,True,51
2381,O=c1c2ccccc2c(=O)c2c1ccc1[nH]c3c(ccc4c(=O)c5cc(Cl)ccc5c(=O)c43)[nH]c12,0,0,True,68
2382,O=C1c2ccccc2-c2cc3c4c5c(cc6c7c(ccc(c8ccc1c2c84)c75)C(=O)c1ccccc1-6)OCCO3,0,0,True,65
2383,O=C1c2ccccc2-c2ccc3c4ccc5c6c(ccc(c7ccc1c2c73)c64)C(=O)c1ccccc1-5,0,0,True,48
2384,O=C1/C(=C2\Nc3ccc(Br)c(Cl)c3C2=O)Nc2ccc(Br)c(Cl)c21,0,0,True,40
2385,O=C(Nc1cc2c(=O)c3ccc(C(F)(F)F)cc3[nH]c2c2c1C(=O)c1ccccc1C2=O)c1ccccc1,0,0,True,92
2386,O=C1c2cc(Cl)ccc2-c2cc(Cl)c3c4c(Cl)cc5c6c(ccc(c7ccc1c2c73)c64)C(=O)c1cc(Cl)ccc1-5,0,0,True,61
2387,O=c1c2ccccc2c2ccc3c4c(ccc1c24)c1ccc2c(=O)c4ccccc4c4nn3c1c24,0,0,True,86
2388,COc1cc2c3c(ccc4c5c(OC)cc6c7c(ccc(c1c34)c75)C(=O)c1ccccc1-6)C(=O)c1ccccc1-2,0,0,True,59
2389,Nc1c(-c2nc3cc4c(cc3s2)C(=O)c2ccccc2C4=O)cc(NC(=O)c2cccc(C(F)(F)F)c2)c2c1C(=O)c1ccccc1C2=O,0,0,True,113
2390,Nc1c(-c2nc3cc4c(cc3s2)C(=O)c2ccccc2C4=O)cc(NC(=O)c2ccccc2)c2c1C(=O)c1ccccc1C2=O,0,0,True,104
2391,Nc1cc2c(=O)c3cc(Cl)cc(Cl)c3[nH]c2c2c1C(=O)c1ccccc1C2=O,0,0,True,71
2392,O=C1/C(=C2\Nc3ccc(Br)cc3C2=O)Nc2ccc(Br)cc21,0,0,True,37
2393,COc1cc(Cl)c(C)c2c1N/C(=C1/Sc3c(Cl)cc(Cl)cc3C1=O)C2=O,0,0,True,74
2394,O=C1/C(=C2\Nc3c(Br)cc(Cl)cc3C2=O)Nc2c(Br)cc(Cl)cc21,0,0,True,40
2395,CC1=C/C(=C2\Nc3c(Cl)c(C)c(Cl)c(C)c3C2=O)C(=O)c2ccccc21,0,0,True,67
2396,O=C1/C(=C2\Nc3c(Cl)cc(Cl)cc3C2=O)Nc2c(Cl)cc(Cl)cc21,0,0,True,37
2397,CCn1c2ccccc2c2cc(Nc3ccc(O)cc3)ccc21,0,1,False,65
2398,Oc1ccc(Nc2ccc3[nH]c4ccccc4c3c2)cc1,0,0,True,58
2399,O=C1/C(=C2\Nc3c(Br)cc(Br)c(Br)c3C2=O)Nc2c(Br)cc(Br)c(Br)c21,0,0,True,39
2400,O=C1/C(=C2\Nc3c(Br)cc(Br)cc3C2=O)Nc2c(Br)cc(Br)cc21,0,0,True,38
2401,O=c1c2ccccc2c(=O)c2c1cc(Cl)c1[nH]c3c([nH]c12)c(Cl)cc1c(=O)c2ccccc2c(=O)c13,0,0,True,50
2402,Nc1c(-c2nnc(-c3cc(NC(=O)c4ccccc4)c4c(c3N)C(=O)c3ccccc3C4=O)o2)cc(NC(=O)c2ccccc2)c2c1C(=O)c1ccccc1C2=O,0,0,True,78
2403,CC(C)c1cc2c3ccccc3c(=O)c3ccc4c5ccc6c(=O)c7ccc(Cl)cc7c7nn(c1c4c32)c5c67,0,0,True,103
2404,O=C1c2ccccc2-c2ccc3s/c(=c4\sc5ccc6c7c(ccc4c57)C(=O)c4ccccc4-6)c4ccc1c2c34,0,0,True,63
2405,COc1cc(Cl)c(C)c2c1N/C(=C1\C=C(Cl)c3ccccc3C1=O)C2=O,0,0,True,74
2406,C.O=S(=O)([O][Na])Oc1c(-c2sc3ccc4ccccc4c3c2OS(=O)(=O)[O][Na])sc2ccc3ccccc3c12,0,0,True,60
2407,C.COc1cc2c(OS(=O)(=O)[O][Na])c(-c3sc4ccc5ccccc5c4c3OS(=O)(=O)[O][Na])sc2c(Cl)c1Cl,0,0,True,98
2408,O=c1c2ccccc2c(=O)c2c1ccc1c2[nH]c2c3c(=O)c4ccccc4c(=O)c3c3[nH]c4c(ccc5c(=O)c6ccccc6c(=O)c54)c3c12,0,0,True,56
2409,O=C1c2ccccc2C(=O)c2c(Nc3ccc4c(=O)c5ccc6c7ccc8c(c7[nH]c7ccc(c4c3)c5c76)C(=O)c3ccccc3C8=O)cccc21,0,0,True,116
2410,CCOc1ccc2nc3c4ccc5c6c(ccc(c(=O)n3c2c1)c46)c(=O)n1c2cc(OCC)ccc2nc51,0,0,True,69
2411,CCOc1ccc2nc3c4ccc5c(=O)n6c7cc(OCC)ccc7nc6c6ccc(c(=O)n3c2c1)c4c56,0,0,True,69
2412,O=C1c2ccccc2C(=O)c2c1ccc1c2[nH]c2c1cc(Cl)c1[nH]c3c4c(=O)c5ccccc5c(=O)c4c4[nH]c5c(ccc6c(=O)c7ccccc7c(=O)c65)c4c3c(=O)c12,0,0,True,119
2413,O=c1c(Cl)c(Nc2ccc(Cl)cc2)c(=O)c2sc3cc(Cl)ccc3[nH]c1=2,0,0,True,72
2414,O=c1c2ccc3c(=O)n4c5cc(Cl)ccc5nc4c4ccc(c2c34)c2nc3ccc(Cl)cc3n12,0,0,True,60
2415,O=c1c2ccc3c4c(ccc(c24)c2nc4ccc(Cl)cc4n12)c(=O)n1c2cc(Cl)ccc2nc31,0,0,True,60
2416,O=C1C(Cl)=C(Nc2ccccc2)C(=O)C(Cl)=C1Nc1ccccc1,0,0,True,33
2417,COc1ccc(NC(=O)c2ccccc2)c2c(=O)c3ccc4c([nH]c5cc6c(=O)c7ccccc7c(=O)c6c(NC(=O)c6ccccc6)c54)c3c(=O)c12,0,0,True,115
2418,O=c1c2ccc3c([nH]c4c5c(=O)c6ccccc6c(=O)c5c5[nH]c6c(Cl)cc(Cl)cc6c(=O)c5c34)c2c(=O)c2cccc(N=COc3ccccc3)c12,0,0,True,118
2419,O=C(Nc1cccc2c(=O)c3c(ccc4c5cc(NC(=O)c6ccccc6)c6c(=O)c7ccccc7c(=O)c6c5[nH]c43)c(=O)c12)c1ccccc1,0,0,True,104
2420,O=C1c2ccccc2C(=O)c2c1ccc1c(=O)c3cc(-c4ccc5nc6cccc7c6c(c5c4)-c4ccccc4C7=O)ccc3[nH]c21,0,0,True,120
2421,O=C(Nc1cc2c([nH]c3ccc4c(c32)-c2cccc3cc5[nH]c6c7c(ccc6c5c-4c23)C(=O)c2ccccc2C7=O)c2c1C(=O)c1ccccc1C2=O)c1ccccc1,0,0,True,138
2422,O=c1c(Cl)c(Nc2ccccc2)c(=O)c2sc3ccccc3[nH]c1=2,0,0,True,69
2423,O=C1/C(=C2\Sc3ccc4ccccc4c3C2=O)Nc2c(Cl)cc(Cl)cc21,0,0,True,77
2424,O=c1c2cccc3c2-c(c2ccc(Cl)cc12)c1c2cccc4c2-c(c2ccc(Cl)cc2c4=O)c31,0,0,True,53
2425,C.O=C1/C(=C2\Sc3ccc4ccccc4c3C2=O)Sc2ccc3ccccc3c21,0,0,True,48
2426,O=C(Nc1cccc2c1C(=O)c1ccc3c([nH]c4cc5c(=O)c6c([nH]c5c(Cl)c43)c3c(=O)c4ccccc4c(=O)c3c3[nH]c4c(ccc5c(=O)c7c(NC(=O)c8ccccc8)cccc7c(=O)c54)c36)c1C2=O)c1ccccc1,0,0,True,158
2427,O=C(Nc1cc2c3ccc4c(=O)c5c(ccc6c7cc(NC(=O)c8ccccc8)c8c(=O)c9ccccc9c(=O)c8c7[nH]c65)c(=O)c4c3[nH]c2c2c(=O)c3ccccc3c(=O)c12)c1ccccc1,0,0,True,85
2428,O=C1c2ccccc2C(=O)c2c1ccc1c2[nH]c2ccc3c4ccc5[nH]c6c7ccccc7ccc6c5c4c(=O)c4ccc1c2c43,0,0,True,110
2429,O=C(Nc1cccc2c(=O)c3c(ccc4c5cc6c7c(c(=O)c8ccccc8c7c7c8cc9c%10ccc%11c(=O)c%12c(NC(=O)c%13ccccc%13)cccc%12c(=O)c%11c%10[nH]c9c9c(=O)c%10ccccc%10c(c89)c67)c5[nH]c43)c(=O)c12)c1ccccc1,0,0,True,106
2430,COc1cc2c3ccccc3c(OS(=O)(=O)[O][Na])c3ccc4c5ccc6c(OS(=O)(=O)[O][Na])c7ccccc7c7cc(OC)c(c1c4c32)c5c67,0,0,True,69
2431,COc1cc2c3cc(Br)ccc3c(OS(=O)(=O)[O][Na])c3ccc4c5ccc6c(OS(=O)(=O)[O][Na])c7ccc(Br)cc7c7cc(OC)c(c1c4c32)c5c67,0,0,True,75
2432,O=S(=O)([O][Na])Oc1cc(Cl)c2cc(Nc3ccccc3)c3c(OS(=O)(=O)[O][Na])cc(Cl)c4cc(Nc5ccccc5)c1c2c43,0,0,True,65
2433,CCOc1cc2c3ccccc3c(OS(=O)(=O)[O][Na])c3ccc4c5ccc6c(OS(=O)(=O)[O][Na])c7ccccc7c7cc(OCC)c(c1c4c32)c5c67,0,0,True,73
2434,COc1cc2c3c(ccc4c5ccc6c7c(cc(OC)c(c1c34)c75)-c1ccccc1C6=O)C(=O)c1ccccc1-2,0,0,True,61
2435,Nc1c(Cl)c2[nH]c3c([nH]c2c2c(=O)c4ccccc4c(=O)c12)c(Cl)c(N)c1c(=O)c2ccccc2c(=O)c13,0,0,True,52
2436,O=C1c2ccccc2C(=O)c2cc3c(Nc4cc5c(=O)c6cc(Cl)ccc6[nH]c5c5c4C(=O)c4ccccc4C5=O)nc(-c4ccccc4)nc3cc21,0,0,True,126
2437,O=C1c2ccccc2C(=O)c2c(Nc3ccc4c(c3)c(=O)c3ccc5c6ccc7c(c6[nH]c6ccc4c3c65)C(=O)c3ccccc3C7=O)cccc21,0,0,True,117
2438,O=C(Nc1cc2c3cc(NC(=O)c4ccc5c(c4)C(=O)c4ccccc4C5=O)c4c(=O)c5ccccc5c(=O)c4c3[nH]c2c2c(=O)c3ccccc3c(=O)c12)c1ccc2c(c1)C(=O)c1ccccc1C2=O,0,0,True,91
2439,COc1cc2c3c(ccc4c5ccc6c7c(cc(OC)c(c1c34)c75)-c1cc(Br)ccc1C6=O)C(=O)c1ccc(Br)cc1-2,0,0,True,66
2440,O=C1C(Cl)=C(Nc2ccc(Cl)cc2)C(=O)C(Cl)=C1Nc1ccc(Cl)cc1,0,0,True,34
2441,O=C1C(S)=C(Nc2ccccc2)C(=O)C(S)=C1Nc1ccccc1,0,0,True,32
2442,O=c1c2[nH]c3ccccc3sc2c(=O)c2[nH]c3ccccc3sc12,0,0,True,43
2443,O=C1c2ccccc2C(=O)c2c1ccc1c2[nH]c2ccc3c4ccccc4c(=O)c4ccc1c2c43,0,0,True,88
2444,CCOc1cc2c3c(ccc4c5ccc6c7c(cc(OCC)c(c1c34)c75)-c1ccccc1C6=O)C(=O)c1ccccc1-2,0,0,True,65
2445,O=C(Nc1cccc2c1C(=O)c1ccc3c([nH]c4ccc5c6ccccc6c(=O)c6ccc3c4c65)c1C2=O)c1ccccc1,0,0,True,113
2446,O=c1c2ccccc2c(=O)c2c1c(Nc1ccccc1)cc1[nH]c3c(cc(Nc4ccccc4)c4c(=O)c5ccccc5c(=O)c43)[nH]c12,0,0,True,62
2447,O=c1c2ccccc2c(=O)c2c1ccc1c2[nH]c2c3c(=O)c4c5[nH]c6c(ccc7c(=O)c8ccccc8c(=O)c76)c5c5c6ccc7c(=O)c8ccccc8c(=O)c7c6[nH]c5c4c(=O)c3c3[nH]c4c(ccc5c(=O)c6ccccc6c(=O)c54)c3c12,0,0,True,56
2448,O=C1c2ccccc2-c2ccc3c4c([N+](=O)[O-])cc5c6c(ccc(c7ccc1c2c73)c64)C(=O)c1ccccc1-5,0,0,True,84
2449,O=S(=O)([O][Na])Oc1c2cc(Br)ccc2c2ccc3c(OS(=O)(=O)[O][Na])c4cc(Br)ccc4c4ccc1c2c34,0,0,True,55
2450,O=c1c2ccccc2c(=O)c2c1ccc1c3ccc4c(=O)c5c(ccc6c7ccc8c(OS(=O)(=O)[O][Na])c9ccccc9c(OS(=O)(=O)[O][Na])c8c7[nH]c65)c(=O)c4c3[nH]c12,0,0,True,90
2451,O=S(=O)([O][Na])Oc1c2cccc(Br)c2c2cc3ccc4c(OS(=O)(=O)[O][Na])c5cccc(Br)c5c5cc6ccc1c2c6c3c45,0,0,True,66
2452,O=c1c2cc(Br)c3cccc4c(=O)c5cc(Br)c6cccc1c6c5-c2c34,0,0,True,43
2453,O=S(=O)([O][Na])Oc1c2cccc3c(Br)cc4c(OS(=O)(=O)[O][Na])c5cccc6c(Br)cc1c(c65)c4c32,0,0,True,54
2454,O=S(=O)([O][Na])OC1c2ccccc2-c2cc3ccc4c5c(cc6ccc1c2c6c35)-c1cc(Br)c(Br)c(Br)c1C4OS(=O)(=O)[O][Na],0,0,True,99
2455,CCOc1ccc2c(OS(=O)(=O)[O][Na])c(-c3sc4cc(OCC)ccc4c3OS(=O)(=O)[O][Na])sc2c1,0,0,True,60
2456,O=S(=O)([O][Na])Oc1c2ccccc2c2cc3ccc4c(OS(=O)(=O)[O][Na])c5ccccc5c5cc6ccc1c2c6c3c45,0,0,True,58
2457,O=C1c2cc(Br)ccc2-c2ccc3c4c(ccc1c24)-c1ccc(Br)cc1C3=O,0,0,True,43
2458,O=c1c2ccccc2c(=O)c2c1ccc1c3ccc4c(=O)c5c(ccc6c7ccc8c(=O)c9ccccc9c(=O)c8c7[nH]c65)c(=O)c4c3[nH]c12,0,0,True,50
2459,O=C(Nc1cccc2c1C(=O)c1cccc(NC(=O)c3ccc4[nH]c5c6c(ccc5c(=O)c4c3)C(=O)c3ccccc3C6=O)c1C2=O)c1ccccc1,0,0,True,109
2460,O=c1c2cccc(Br)c2c2cc3ccc4c(=O)c5cccc(Br)c5c5cc6ccc1c2c6c3c45,0,0,True,54
2461,O=c1c2ccccc2c2cc3ccc4c(=O)c5c(Br)c(Br)c(Br)cc5c5cc6ccc1c2c6c3c45,0,0,True,78
2462,CCOc1ccc2c(c1)S/C(=C1\Sc3cc(OCC)ccc3C1=O)C2=O,0,0,True,49
2463,O=c1c2ccc3c4c(ccc(c24)c2nc4ccccc4n12)c(=O)n1c2ccccc2nc31,0,0,True,55
2464,O=c1c2ccccc2c2cc3ccc4c(=O)c5ccccc5c5cc6ccc1c2c6c3c45,0,0,True,48
2465,O=S(=O)([O][Na])Oc1c2cc(Cl)ccc2c2ccc3c4ccc5c(OS(=O)(=O)[O][Na])c6cc(Cl)ccc6c6ccc(c7ccc1c2c73)c4c56,0,0,True,61
2466,Cc1cc(Cl)cc2c(OS(=O)(=O)[O][Na])c(-c3sc4c(C)cc(Cl)cc4c3OS(=O)(=O)[O][Na])sc12,0,0,True,54
2467,Cc1cc(Cl)c(C)c2c(OS(=O)(=O)[O][Na])c(-c3sc4c(C)cc(Cl)c(C)c4c3OS(=O)(=O)[O][Na])sc12,0,0,True,57
2468,Cc1c2ccccc2cc2c(OS(=O)(=O)[O][Na])c(-c3sc4ccccc4c3OS(=O)(=O)[O][Na])sc12,0,0,True,79
2469,O=S(=O)([O][Na])Oc1c(-c2sc3c(Cl)c(Cl)c(Cl)cc3c2OS(=O)(=O)[O][Na])[nH]c2c(Cl)cc(Cl)cc12,0,0,True,82
2470,COc1cc2ccc3c(OS(=O)(=O)[O][Na])c4cc(OC)cc5ccc6c(OS(=O)(=O)[O][Na])c(c1)c2c3c6c54,0,0,True,59
2471,CCOc1cc2ccc3c(OS(=O)(=O)[O][Na])c4cc(OCC)cc5ccc6c(OS(=O)(=O)[O][Na])c(c1)c2c3c6c54,0,0,True,64
2472,Cc1cc(Cl)cc2sc(-c3[nH]c4c(Cl)cc(Cl)cc4c3OS(=O)(=O)[O][Na])c(OS(=O)(=O)[O][Na])c12,0,0,True,82
2473,O=S(=O)([O][Na])Oc1c2ccccc2c2ccc3c4ccc5c(OS(=O)(=O)[O][Na])c6cc(Br)ccc6c6ccc(c7ccc1c2c37)c4c56,0,0,True,77
2474,O=C1c2cc(Cl)ccc2-c2ccc3c4ccc5c6c(ccc(c7ccc1c2c73)c64)-c1ccc(Cl)cc1C5=O,0,0,True,53
2475,O=C1c2ccccc2-c2ccc3c4ccc5c6c(ccc(c7ccc1c2c73)c64)-c1ccccc1C5=O,0,0,True,48
2476,O=C1c2ccc3c(=O)c4ccccc4[nH]c3c2C(=O)c2ccc3c(=O)c4ccccc4[nH]c3c21,0,0,True,54
2477,O=C1c2ccccc2C(=O)c2c1c(Cl)cc1c(=O)c3cc(Cl)cc(Cl)c3[nH]c21,0,0,True,68
2478,O=C(Nc1ccc(Nc2ccc3c(c2)C(=O)c2ccccc2C3=O)c2c1C(=O)c1ccccc1C2=O)c1ccccc1,0,0,True,86
2479,COc1ccc(C(=O)Nc2ccc(O)c3c2C(=O)c2c(O)ccc(NC(=O)c4ccc(OC)cc4)c2C3=O)cc1,0,0,True,59
2480,C=c1/c(=C2\Nc3c(Cl)cc(Cl)cc3C2=O)sc2c(Cl)cc(Cl)c(C)c12,0,0,True,73
2481,Cc1cc(Nc2cccc(Cl)c2)cc2sc3c(Cl)c(=O)c(Cl)c(Cl)c-3nc12,0,0,True,83
2482,Cc1cc(Cl)cc2c1S/C(=C1/Sc3c(C)cc(Cl)cc3C1=O)C2=O,0,0,True,40
2483,Cc1cc(Cl)c(C)c2c1S/C(=C1/Sc3c(C)cc(Cl)c(C)c3C1=O)C2=O,0,0,True,42
2484,O=C1/C(=C2\Sc3c(cc4ccccc4c3Cl)C2=O)Sc2ccccc21,0,0,True,68
2485,O=C1/C(=C2\Sc3c(cc(Cl)c(Cl)c3Cl)C2=O)Nc2c(Cl)cc(Cl)cc21,0,0,True,67
2486,COc1cc2ccc3c4c2c(c1)c(=O)c1ccc2cc(OC)cc(c3=O)c2c1-4,0,1,False,50
2487,CCOc1cc2ccc3c4c2c(c1)c(=O)c1ccc2cc(OCC)cc(c3=O)c2c1-4,0,1,False,54
2488,Cc1cc(Cl)cc2c1C(=O)/C(=C1\Nc3c(Cl)cc(Cl)cc3C1=O)S2,0,0,True,67
2489,O=C1c2ccccc2-c2ccc3c4ccc5c6c(ccc(c7ccc1c2c37)c64)-c1ccc(Br)cc1C5=O,0,0,True,69
2490,O=S(=O)([O][Na])OC1c2ccccc2-c2nc3ccc4c5c(nc6ccc1c2c6c35)-c1ccccc1C4OS(=O)(=O)[O][Na],0,0,True,66
2491,O=S(=O)([O][Na])Oc1c2ccc3nc(-c4ccccc4)sc3c2c(OS(=O)(=O)[O][Na])c2ccc3nc(-c4ccccc4)sc3c12,0,0,True,67
2492,O=C(Nc1cccc2c(OS(=O)(=O)[O][Na])c3c(NC(=O)c4ccccc4)cccc3c(OS(=O)(=O)[O][Na])c12)c1ccccc1,0,0,True,62
2493,O=S(=O)([O][Na])Oc1c2ccccc2c2ccc3c(OS(=O)(=O)[O][Na])c4ccccc4c4ccc1c2c34,0,0,True,49
2494,O=S(=O)([O][Na])OC1C=C(Nc2ccc(Cl)cc2)C(OS(=O)(=O)[O][Na])C=C1Nc1ccc(Cl)cc1,0,0,True,49
2495,O=C(Nc1cccc2c(OS(=O)(=O)[O][Na])c3ccccc3c(OS(=O)(=O)[O][Na])c12)c1ccc(-c2ccccc2)cc1,0,0,True,84
2496,C/C(O)=C(/N=N/c1cccc2c(OS(=O)(=O)[O][Na])c3ccccc3c(OS(=O)(=O)[O][Na])c12)C(=O)Nc1ccc(Cl)cc1,0,0,True,95
2497,O=c1c2ccccc2c2nc3ccc4c(=O)c5ccccc5c5nc6ccc1c2c6c3c45,0,0,True,51
2498,O=C(Nc1cccc2c1C(=O)c1cccc(NC(=O)c3ccc(-c4ccc(/N=N\c5ccc(-c6ccc(C(=O)Nc7cccc8c7C(=O)c7cccc(NC(=O)c9ccccc9)c7C8=O)cc6)cc5)cc4)cc3)c1C2=O)c1ccccc1,0,0,True,77
2499,O=C1c2ccccc2C(=O)c2c1ccc1nc(-c3ccc(-c4nc5ccc6c(c5s4)C(=O)c4ccccc4C6=O)cc3)sc21,0,0,True,64
2500,O=C(Nc1cccc2c1C(=O)c1cccc(NC(=O)c3ccccc3)c1C2=O)C(=O)Nc1cccc2c1C(=O)c1cccc(NC(=O)c3ccccc3)c1C2=O,0,0,True,59
2501,O=C(Nc1cccc2c1C(=O)c1cccc(NC(=O)c3ccc(C(=O)Nc4cccc5c4C(=O)c4cccc(NC(=O)c6ccccc6)c4C5=O)cc3)c1C2=O)c1ccccc1,0,0,True,55
2502,O=C(Nc1cccc2c1C(=O)c1cccc(NC(=O)c3cccc(C(=O)Nc4cccc5c4C(=O)c4cccc(NC(=O)c6ccccc6)c4C5=O)c3)c1C2=O)c1ccccc1,0,0,True,61
2503,O=C1c2ccccc2C(=O)c2cc(-c3nc4cc5sc(-c6ccc7c(c6)C(=O)c6ccccc6C7=O)nc5cc4s3)ccc21,0,0,True,63
2504,O=C1c2ccc3nc(-c4ccccc4)sc3c2C(=O)c2ccc3nc(-c4ccccc4)sc3c21,0,0,True,56
2505,O=C1c2ccccc2C(=O)c2c(NC(=O)c3ccc4c5c(ncnc35)-c3ccccc3C4=O)cccc21,0,0,True,91
2506,O=C1c2ccccc2C(=O)c2c1c1c3nc4ccccc4nc3c3cccc4c3c1n2S4(=O)=O,0,0,True,87
2507,O=c1c2ccccc2c(=O)c2c1ccc1c3ccc4c(=O)c5ccccc5c(=O)c4c3[nH]c12,0,0,True,44
2508,O=C(Nc1ccc2ncnc3c2c1C(=O)c1ccccc1-3)c1ccc(Cl)cc1,0,0,True,81
2509,O=C(Nc1cccc2c1C(=O)c1cccc(NC(=O)c3ccccc3)c1C2=O)c1ccccc1,0,0,True,49
2510,O=C(Nc1cccc2c1C(=O)c1cccc3ncnc-2c13)c1cc(Cl)ccc1Cl,0,0,True,85
2511,O=C(Nc1cccc2c1C(=O)c1ccccc1C2=O)c1ccc(-c2ccc(/N=N/c3ccc(-c4ccc(C(=O)Nc5cccc6c5C(=O)c5ccccc5C6=O)cc4)cc3)cc2)cc1,0,0,True,78
2512,O=C1c2ccccc2-c2ccc3c4c(ccc1c24)-c1ccccc1C3=O,0,0,True,37
2513,O=C1c2ccccc2C(=O)c2c(Nc3nc(Nc4cccc5c4C(=O)c4ccccc4C5=O)nc(-c4ccccc4)n3)cccc21,0,0,True,67
2514,O=C1C=C(Nc2ccc(Cl)cc2)C(=O)C=C1Nc1ccc(Cl)cc1,0,0,True,35
2515,O=C1c2ccccc2C(=O)c2cc(-c3nc4ccc(-c5ccc6nc(-c7ccc8c(c7)C(=O)c7ccccc7C8=O)sc6c5)cc4s3)ccc21,0,0,True,72
2516,O=S(=O)([O][Na])Oc1c(-c2sc3c(ccc4cccc(Cl)c43)c2OS(=O)(=O)[O][Na])[nH]c2ccc(Br)cc12,0,0,True,97
2517,Cc1cccc2c1[nH]c1c3ccc(-c4[nH]c5ccccc5c4OS(=O)(=O)[O][Na])c(OS(=O)(=O)[O][Na])c3ccc21,0,0,True,92
2518,O=S(=O)([O][Na])Oc1c(-c2sc3c(ccc4cccc(Cl)c43)c2OS(=O)(=O)[O][Na])[nH]c2ccccc12,0,0,True,88
2519,O=c1c2ccccc2c2nn3c4ccc5c6ccc7[nH]c8c(ccc9c(OS(=O)(=O)[O][Na])c%10ccccc%10c(OS(=O)(=O)[O][Na])c98)c7c6c(=O)c6ccc(c7ccc1c2c73)c4c65,0,0,True,147
2520,O=C1/C(=C2\Sc3c(ccc4cccc(Cl)c34)C2=O)Nc2ccc(Br)cc21,0,0,True,82
2521,Nc1ccc2c(c1)C(=O)c1ccc3c4ccc5c6c(ccc(c7ccc-2c1c37)c64)-c1ccc(N)cc1C5=O,0,0,True,53
2522,Cc1cccc2c1[nH]c1c3c(ccc12)C(=O)/C(=C1\Nc2ccccc2C1=O)C=C3,0,0,True,85
2523,O=C1c2ccccc2C(=O)c2c1ccc1c2[nH]c2ccc3c4ccc5[nH]c6c7c(ccc6c5c4c(=O)c4ccc1c2c43)C(=O)c1ccccc1C7=O,0,0,True,99
2524,O=C(Nc1cc2c3cc(NC(=O)c4ccccc4)c4c(=O)c5ccccc5c(=O)c4c3[nH]c2c2c(=O)c3ccccc3c(=O)c12)c1ccccc1,0,0,True,68
2525,O=C(Nc1ccc(Nc2ccc(NC(=O)c3ccccc3)c3c2C(=O)c2ccccc2C3=O)c2c1C(=O)c1ccccc1C2=O)c1ccccc1,0,0,True,59
2526,O=C(Nc1cccc2c1C(=O)c1cccc(Nc3cc4c5c6c3cccc6c(=O)c3cc(Nc6ccc(NC(=O)c7ccccc7)c7c6C(=O)c6ccccc6C7=O)c6cccc(c4=O)c6c3-5)c1C2=O)c1ccccc1,0,0,True,116
2527,Cc1c(Nc2ccc(NC(=O)c3ccccc3)c3c2C(=O)c2ccccc2C3=O)cc2c(c1Nc1ccc(NC(=O)c3ccccc3)c3c1C(=O)c1ccccc1C3=O)C(=O)c1ccccc1C2=O,0,0,True,97
2528,O=C1/C(=C2/Sc3c(ccc4cccc(Cl)c34)C2=O)Nc2ccccc21,0,0,True,75
2529,O=C1c2ccccc2C(=O)c2c1ccc1c2[nH]c2ccc3c4ccc5c6c(ccc(c(=O)c3c21)c46)c1ccc2c(=O)c3ccccc3c3nn5c1c23,0,0,True,137
2530,CCn1nc2c(-c3ccc4c5c(n(CC)nc35)-c3ccccc3C4=O)ccc3c2c1-c1ccccc1C3=O,0,0,True,60
2531,O=C1c2ccc3c(=O)n4c5ccccc5nc4c4ccc(c2c34)C2=Nc3ccccc3C12.O=c1c2ccc3c4c(ccc(c24)c2nc4ccccc4n12)c(=O)n1c2ccccc2nc31,0,0,True,106
2532,Nc1c(/C=N/N=C/c2ccc3c(c2N)C(=O)c2ccccc2C3=O)ccc2c1C(=O)c1ccccc1C2=O,0,0,True,56
2533,O=C(Nc1cccc2c1C(=O)c1c(NC(=O)c3ccccc3)ccc(NC(=O)c3ccccc3)c1C2=O)c1ccccc1,0,0,True,63
2534,Nc1c(-c2nc3cc4c(cc3s2)C(=O)c2ccccc2C4=O)ccc2c1C(=O)c1ccccc1C2=O,0,0,True,81
2535,Nc1c(C(=O)Nc2ccc(NC(=O)c3ccc4c(c3N)C(=O)c3ccccc3C4=O)c3c2C(=O)c2ccccc2C3=O)ccc2c1Cc1ccccc1C2=O,0,0,True,103
2536,CN(C)S(=O)(=O)c1ccc(C(=O)Nc2ccc(NC(=O)c3ccccc3)c3c2C(=O)c2ccccc2C3=O)cc1,0,0,True,70
2537,CCOc1cc2c(cc1Br)C(=O)/C(=C1\Sc3cc(OCC)c(Br)cc3C1=O)S2,0,0,True,51
2538,COc1ccc(Nc2nc(N)nc(Nc3ccc(OC)c4c3C(=O)c3ccccc3C4=O)n2)c2c1C(=O)c1ccccc1C2=O,0,0,True,65
2539,COc1ccc(N2C(=O)c3ccc4c5ccc6c7c(ccc(c8ccc(c3c48)C2=O)c75)C(=O)N(c2ccc(OC)cc2)C6=O)cc1,0,0,True,53
2540,Nc1c(-c2nnc(-c3ccc4c(c3N)C(=O)c3ccccc3C4=O)o2)ccc2c1C(=O)c1ccccc1C2=O,0,0,True,58
2541,O=C1c2ccc3c4ccc5c6c(ccc(c7ccc(c2c37)C(=O)N1c1ccc(Cl)cc1)c64)C(=O)N(c1ccc(Cl)cc1)C5=O,0,0,True,49
2542,O=C1C=C(Nc2ccc(Cl)cc2)C(=O)c2ccccc21,0,0,True,50
2543,O=C1c2ccccc2-c2n[nH]c3c(-c4ccc5c6c(n[nH]c46)-c4ccccc4C5=O)ccc1c23,0,0,True,55
2544,O=C1c2ccccc2C(=O)c2c1ccc1c(=O)c3c(ccc4ccccc43)[nH]c21,0,0,True,79
2545,O=c1c2ccc3c(I)ccc4c(=O)c5cc(Br)c6cccc1c6c5-c2c34,0,0,True,71
2546,O=C1c2ccccc2C(=O)c2c1ccc1c(=O)c3c(Cl)cc(Cl)c(Oc4ccccc4)c3[nH]c21,0,0,True,89
2547,O=C1c2ccccc2C(=O)c2c1c(Cl)cc1c(=O)c3c(Cl)c(Cl)c(Cl)c(Cl)c3[nH]c21,0,0,True,72
2548,O=C1/C(=C2\Sc3ccccc3C2=O)Sc2ccccc21,0,0,True,31
2549,O=C(Nc1ccc(NC(=O)c2ccccc2)c2c1C(=O)c1ccccc1C2=O)c1ccccc1,0,0,True,48
2550,Nc1nc(-c2ccc(NC(=O)c3ccccc3)c3c2C(=O)c2ccccc2C3=O)nc(-c2ccc(NC(=O)c3ccccc3)c3c2C(=O)c2ccccc2C3=O)n1,0,0,True,75
2551,O=C1/C(=c2/c(=O)c3cccc4cccc2c43)Sc2ccccc21,0,0,True,61
2552,O=C1/C(=C2\Sc3cc(Cl)ccc3C2=O)Sc2cc(Cl)ccc21,0,0,True,37
2553,O=C1c2ccc(Nc3cccc4c3C(=O)c3ccccc3C4=O)cc2C(=O)c2ccc(Nc3cccc4c3C(=O)c3ccccc3C4=O)cc21,0,0,True,64
2554,COC(=O)c1ccn2cc(-c3ccc(OC)cc3)nc2c1,1,1,True,66
2555,COC(=O)c1ccn2c(N)c(-c3ccc(OC)cc3)nc2c1,1,1,True,67
2556,COC(=O)c1ccn2c(NC3CCCCC3)c(-c3ccc(OC)cc3)nc2c1,1,1,True,81
2557,COC(=O)c1cccc2nc(-c3ccc(OC)cc3)c(NC3CCCCC3)n12,1,1,True,78
2558,COc1ccc(-c2nc3ncccn3c2NC2CCCCC2)cc1,1,1,True,74
2559,COc1ccc(-c2nc3cnccn3c2NC2CCCCC2)cc1,1,1,True,70
2560,COc1ccc(-c2nc3ccccn3c2NC2CCCCC2)cc1,1,1,True,68
2561,COc1ccc(-c2nc3cc(CO)ccn3c2NC2CCCCC2)cc1,1,1,True,77
2562,COc1ccc(-c2nc3cc(Cl)ccn3c2NC2CCCCC2)cc1,1,1,True,73
2563,COc1ccc(-c2nc3cc(C#N)ccn3c2NC2CCCCC2)cc1,1,1,True,78
2564,CCCCCCc1nc2cc(C(=O)OC)ccn2c1NC1CCCCC1,1,1,True,85
2565,CCCCCCCCc1nc2cc(C(=O)OC)ccn2c1NC1CCCCC1,1,1,True,88
2566,CCCCCCCCc1nc2cnccn2c1NC1CCCCC1,1,1,True,74
2567,COC(=O)c1ccn2c(NC3CCCCC3)c(-c3ccc(Br)cc3)nc2c1,1,1,True,82
2568,COC(=O)c1ccn2c(NC3CCCCC3)c(-c3cccc(OC)c3)nc2c1,1,1,True,87
2569,COC(=O)c1ccn2c(NC3CCCCC3)c(-c3ccc(-n4ccnc4)cc3)nc2c1,1,1,True,94
2570,COC(=O)c1ccn2c(NC3CCCCC3)c(-c3cccn3C)nc2c1,1,1,True,82
2571,COC(=O)c1ccn2c(NC3CCCCC3)c(-c3ccc(OC)cc3O)nc2c1,1,1,True,87
2572,COC(=O)c1ccn2c(NC3CCCCC3)c(-c3ccc(Cl)o3)nc2c1,1,1,True,84
2573,COC(=O)c1ccn2c(NC3CCCCC3)c(-c3c[nH]cn3)nc2c1,1,1,True,84
2574,COC(=O)c1ccn2c(NC3CCCCC3)c(-c3ccc(S(=O)(=O)O)o3)nc2c1,1,1,True,88
2575,COC(=O)c1ccn2c(NC3CCCCC3)c(-c3ccc(O)cc3O)nc2c1,1,1,True,84
2576,COC(=O)c1ccn2c(NC3CCCCC3)c(-c3ccc(C)o3)nc2c1,1,1,True,82
2577,COC(=O)c1ccn2c(NC3CCCCC3)c(-c3ccc(C)o3)[n+](C)c2c1,1,1,True,84
2578,Cc1ccc(-c2nc3cnccn3c2NC2CCCCC2)o1,1,1,True,70
2579,COC(=O)c1ccn2c(NC3CCCCC3)c(-c3ccccc3S(=O)(=O)O)nc2c1,1,1,True,89
2580,COC(=O)c1ccn2c(NC3CCCCC3)c(/C(C)=C/c3ccccc3)nc2c1,1,1,True,90
2581,COC(=O)c1ccn2c(NC3CCCCC3)c(/C=C/c3ccco3)nc2c1,1,1,True,90
2582,COC(=O)c1ccn2c(NC3CCCCC3)c(/C=C/c3ccc(OC)cc3)nc2c1,1,1,True,90
2583,COc1ccc(/C=C/c2nc3cnccn3c2NC2CCCCC2)cc1,1,1,True,81
2584,COC(=O)c1ccn2c(NC3CCCCC3)c(/C=C/c3ccc(N(C)C)cc3)nc2c1,1,1,True,92
2585,CN(C)c1ccc(/C=C/c2nc3cnccn3c2NC2CCCCC2)cc1,1,1,True,81
2586,COC(=O)c1ccn2c(Nc3ccc(F)cc3)c(/C=C/c3ccc(OC)cc3)nc2c1,1,1,True,90
2587,COC(=O)c1ccn2c(NCCN3CCOCC3)c(/C=C/c3ccc(OC)cc3)nc2c1,1,1,True,101
2588,COC(=O)c1ccn2c(NC(C)(C)C)c(/C=C/c3ccc(OC)cc3)nc2c1,1,1,True,80
2589,COC(=O)c1ccn2c(NCC(=O)OC(C)(C)C)c(/C=C/c3ccc(OC)cc3)nc2c1,1,1,True,93
2590,COC(=O)CNc1c(/C=C/c2ccc(OC)cc2)nc2cc(C(=O)OC)ccn12,1,1,True,86
2591,COC(=O)c1ccn2c(NCc3ccccc3)c(/C=C/c3ccc(OC)cc3)nc2c1,1,1,True,93
2592,COC(=O)c1ccn2c(NC(C)C)c(/C=C/c3ccc(OC)cc3)nc2c1,1,1,True,79
2593,CCCN(CCC)C(=O)CNc1c(-c2ccc(C)o2)nc2cc(C(=O)OC)ccn12,1,1,True,88
2594,CCCN(CCC)C(=O)CNc1c(/C=C/c2ccc(OC)cc2)nc2cc(C(=O)OC)ccn12,1,1,True,97
2595,CCCN(CCC)C(=O)CNc1c(-c2ccc(Cl)cc2)nc2cc(C(=O)OC)ccn12,1,1,True,88
2596,CCCN(CCC)C(=O)CNc1c(-c2ccc(C)cc2O)nc2cc(C(=O)OC)ccn12,1,1,True,90
2597,CCCN(CCC)C(=O)CNc1c(-c2ccc(Cl)cc2)nc2cc(C#N)ccn12,1,1,True,86
2598,N#Cc1ccn2c(N)c(-c3ccc(Cl)cc3)nc2c1,1,1,True,58
2599,COC(=O)c1ccnc(N)c1,1,1,True,33
2600,COC(=O)c1cccc(N)n1,1,1,True,31
2601,Nc1ncccn1,1,0,False,14
2602,Nc1cnccn1,1,1,True,18
2603,COc1cc(/C=C/c2cc(C)c3n2[B-](F)(F)[N+]2=CC=CC2=C3)cc(OC)c1OC,1,1,True,80
2604,Cc1cc(/C=C/c2ccc(OCc3ccccc3)c(OCc3ccccc3)c2)n2c1C=C1C=CC=[N+]1[B-]2(F)F,1,1,True,105
2605,Cc1cc(/C=C/c2ccc(-c3ccccc3)cc2)n2c1C=C1C=CC=[N+]1[B-]2(F)F,1,1,True,83
2606,Cc1cc(/C=C/c2c3ccccc3cc3ccccc23)n2c1C=C1C=CC=[N+]1[B-]2(F)F,1,1,True,85
2607,COc1ccc(/C=C/c2cc(C)c3n2[B-](F)(F)[N+]2=CC=CC2=C3)cc1OCc1ccccc1,1,1,True,104
2608,Cc1cc(/C=C/c2ccc(-n3ccnc3)cc2)n2c1C=C1C=CC=[N+]1[B-]2(F)F,1,1,True,91
2609,Cc1cccc(/C=C/c2cc(C)c3n2[B-](F)(F)[N+]2=CC=CC2=C3)c1,1,1,True,77
2610,Cc1cc(/C=C/c2cc(F)ccc2F)n2c1C=C1C=CC=[N+]1[B-]2(F)F,1,1,True,79
2611,Cc1cc(/C=C/c2cccc(Br)c2)n2c1C=C1C=CC=[N+]1[B-]2(F)F,1,1,True,78
2612,Cc1cc(/C=C/c2ccc(Cl)cc2)n2c1C=C1C=CC=[N+]1[B-]2(F)F,1,1,True,76
2613,COc1cc(/C=C/c2cc(C)c3n2[B-](F)(F)[N+]2=CC=CC2=C3)cc(O)c1O,1,1,True,86
2614,Cc1cc(/C=C/c2ccc(C#N)cc2)n2c1C=C1C=CC=[N+]1[B-]2(F)F,1,1,True,80
2615,Cc1cc(/C=C/c2cc(C)c3n2[B-](F)(F)[N+]2=CC=CC2=C3)cc(C)c1Oc1ccccc1,1,1,True,91
2616,CSc1ccc(/C=C/c2cc(C)c3n2[B-](F)(F)[N+]2=CC=CC2=C3)cc1,1,1,True,78
2617,Cc1cc(/C=C/c2ccc(C(C)C)cc2)n2c1C=C1C=CC=[N+]1[B-]2(F)F,1,1,True,79
2618,Cc1cc(/C=C/c2cccc(Oc3ccccc3)c2)n2c1C=C1C=CC=[N+]1[B-]2(F)F,1,1,True,93
2619,Cc1cc(/C=C/c2ccco2)n2c1C=C1C=CC=[N+]1[B-]2(F)F,1,1,True,76
2620,Cc1cc(/C=C/c2cccc3ccccc23)n2c1C=C1C=CC=[N+]1[B-]2(F)F,1,1,True,87
2621,COc1ccccc1/C=C/C=C/c1cc(C)c2n1[B-](F)(F)[N+]1=CC=CC1=C2,1,1,True,85
2622,Cc1cc(/C=C/c2ccccc2)n2c1C=C1C=CC=[N+]1[B-]2(F)F,1,1,True,73
2623,COc1cc(/C=C/c2cc(C)c3n2[B-](F)(F)[N+]2=CC=CC2=C3)cc(Cl)c1O,1,1,True,89
2624,Cc1cc(/C=C/c2ccc(-c3cccs3)s2)n2c1C=C1C=CC=[N+]1[B-]2(F)F,1,1,True,90
2625,COc1ccc(/C=C/c2cc(C)c3n2[B-](F)(F)[N+]2=CC=CC2=C3)c2ccccc12,1,1,True,89
2626,Cc1ccc(O)c(/C=C/c2cc(C)c3n2[B-](F)(F)[N+]2=CC=CC2=C3)c1,1,1,True,79
2627,Cc1ccc2ccccc2c1/C=C/c1cc(C)c2n1[B-](F)(F)[N+]1=CC=CC1=C2,1,1,True,89
2628,Cc1cc(/C=C/c2ccc3ccccc3n2)n2c1C=C1C=CC=[N+]1[B-]2(F)F,1,1,True,89
2629,Cc1cc(/C=C/c2ccc(C)c3ccccc23)n2c1C=C1C=CC=[N+]1[B-]2(F)F,1,1,True,85
2630,Cc1cc(/C=C/c2csc3ccccc23)n2c1C=C1C=CC=[N+]1[B-]2(F)F,1,1,True,88
2631,COc1ccc(/C=C/c2cc(C)c3n2[B-](F)(F)[N+]2=CC=CC2=C3)c(Cl)c1O,1,1,True,88
2632,Cc1cc(/C=C/c2ccccc2-c2ccccc2)n2c1C=C1C=CC=[N+]1[B-]2(F)F,1,1,True,86
2633,CC(=O)Oc1ccc(/C=C/c2cc(C)c3n2[B-](F)(F)[N+]2=CC=CC2=C3)cc1,1,1,True,85
2634,COc1ccc(Oc2cccc(/C=C/c3cc(C)c4n3[B-](F)(F)[N+]3=CC=CC3=C4)c2)cc1,1,1,True,98
2635,Cc1cc(/C=C/c2cc(C(C)(C)C)ccc2O)n2c1C=C1C=CC=[N+]1[B-]2(F)F,1,1,True,86
2636,COc1cc(/C=C/C=C/c2cc(C)c3n2[B-](F)(F)[N+]2=CC=CC2=C3)ccc1OC(C)=O,1,1,True,100
2637,CCCCCCOc1ccc(/C=C/c2cc(C)c3n2[B-](F)(F)[N+]2=CC=CC2=C3)cc1,1,1,True,97
2638,CCCCOc1ccc(/C=C/c2cc(C)c3n2[B-](F)(F)[N+]2=CC=CC2=C3)cc1,1,1,True,90
2639,C=CCOc1ccc(/C=C/c2cc(C)c3n2[B-](F)(F)[N+]2=CC=CC2=C3)cc1,1,1,True,89
2640,CCOC(OCC)c1ccc(/C=C/c2cc(C)c3n2[B-](F)(F)[N+]2=CC=CC2=C3)cc1,1,1,True,89
2641,Cc1cc(/C=C/c2ccnc3ccccc23)n2c1C=C1C=CC=[N+]1[B-]2(F)F,1,1,True,90
2642,Cc1cc(/C=C/c2ccc(OCc3ccc(Br)cc3)cc2)n2c1C=C1C=CC=[N+]1[B-]2(F)F,1,1,True,99
2643,CCOc1ccc(/C=C/c2cc(C)c3n2[B-](F)(F)[N+]2=CC=CC2=C3)cc1OCC,1,1,True,90
2644,COc1ccc(Br)cc1/C=C/c1cc(C)c2n1[B-](F)(F)[N+]1=CC=CC1=C2,1,1,True,83
2645,Cc1cc(/C=C/c2cc(Cl)cc(Cl)c2O)n2c1C=C1C=CC=[N+]1[B-]2(F)F,1,1,True,82
2646,Cc1cc(/C=C/c2cc(C(C)(C)C)cc(C=O)c2O)n2c1C=C1C=CC=[N+]1[B-]2(F)F,1,1,True,90
2647,COc1ccc2ccccc2c1/C=C/c1cc(C)c2n1[B-](F)(F)[N+]1=CC=CC1=C2,1,1,True,93
2648,COc1ccc(/C=C/c2cc(C)c3n2[B-](F)(F)[N+]2=CC=CC2=C3)cc1OC,1,1,True,84
2649,CCOc1ccc(/C=C/c2cc(C)c3n2[B-](F)(F)[N+]2=CC=CC2=C3)cc1OC,1,1,True,92
2650,Cc1cc(/C=C/c2ccc([N+](=O)[O-])c(O)c2)n2c1C=C1C=CC=[N+]1[B-]2(F)F,1,1,True,88
2651,Cc1cc(/C=C/c2ccc(-c3ccccc3)s2)n2c1C=C1C=CC=[N+]1[B-]2(F)F,1,1,True,91
2652,Cc1cc(/C=C/c2c(C)c(C)c(C)c(C)c2C)n2c1C=C1C=CC=[N+]1[B-]2(F)F,1,1,True,73
2653,Cc1cc(/C=C/c2ccc(OC(F)(F)F)cc2)n2c1C=C1C=CC=[N+]1[B-]2(F)F,1,1,True,84
2654,Cc1cc(/C=C/c2ccc(/C=C/c3ccccc3)cc2)n2c1C=C1C=CC=[N+]1[B-]2(F)F,1,1,True,81
2655,Cc1cc(/C=C/c2ccoc2)n2c1C=C1C=CC=[N+]1[B-]2(F)F,1,1,True,76
2656,Cc1cc(/C=C/c2nccn2C)n2c1C=C1C=CC=[N+]1[B-]2(F)F,1,1,True,77
2657,Cc1cc(/C=C/c2cc(Br)ccc2O)n2c1C=C1C=CC=[N+]1[B-]2(F)F,1,1,True,81
2658,Cc1cc(/C=C/OC(C)(C)C)n2c1C=C1C=CC=[N+]1[B-]2(F)F,1,1,True,70
2659,Cc1cc(/C=C/c2ccc3c(c2)-c2ccccc2C3)n2c1C=C1C=CC=[N+]1[B-]2(F)F,1,1,True,99
2660,CCCc1ccc(/C=C/c2cc(C)c3n2[B-](F)(F)[N+]2=CC=CC2=C3)cc1,1,1,True,83
2661,Cc1cc(/C=C/c2cnc[nH]2)n2c1C=C1C=CC=[N+]1[B-]2(F)F,1,1,True,77
2662,COc1cc(OC)c(/C=C/c2cc(C)c3n2[B-](F)(F)[N+]2=CC=CC2=C3)c(OC)c1,1,1,True,81
2663,COc1cccc(/C=C/c2cc(C)c3n2[B-](F)(F)[N+]2=CC=CC2=C3)c1OC,1,1,True,85
2664,Cc1cc(/C=C/C=C(c2ccccc2)c2ccccc2)n2c1C=C1C=CC=[N+]1[B-]2(F)F,1,1,True,82
2665,Cc1cc(/C=C/c2ccc(-c3ccccn3)cc2)n2c1C=C1C=CC=[N+]1[B-]2(F)F,1,1,True,92
2666,Cc1cc(/C=C/c2ccc3c4c(cccc24)CC3)n2c1C=C1C=CC=[N+]1[B-]2(F)F,1,1,True,93
2667,Cc1cc(/C=C/c2ccc(OCc3ccccc3)cc2)n2c1C=C1C=CC=[N+]1[B-]2(F)F,1,1,True,97
2668,COc1cc(/C=C/c2cc(C)c3n2[B-](F)(F)[N+]2=CC=CC2=C3)cc(OC)c1OC(C)=O,1,1,True,88
2669,COc1ccc2[nH]cc(/C=C/c3cc(C)c4n3[B-](F)(F)[N+]3=CC=CC3=C4)c2c1,1,1,True,98
2670,COc1cc(/C=C/c2cc(C)c3n2[B-](F)(F)[N+]2=CC=CC2=C3)cc(OC)c1O,1,1,True,82
2671,COc1cccc(/C=C/c2cc(C)c3n2[B-](F)(F)[N+]2=CC=CC2=C3)c1O,1,1,True,86
2672,Cc1cc(/C=C/c2cc(C(C)(C)C)cc(C(C)(C)C)c2O)n2c1C=C1C=CC=[N+]1[B-]2(F)F,1,1,True,87
2673,COc1cc(/C=C/c2cc(C)c3n2[B-](F)(F)[N+]2=CC=CC2=C3)cc(I)c1O,1,1,True,89
2674,Cc1cc(/C=C/c2ccc(Br)s2)n2c1C=C1C=CC=[N+]1[B-]2(F)F,1,1,True,76
2675,Cc1cc(/C=C/c2ccc(Oc3ccccc3)cc2)n2c1C=C1C=CC=[N+]1[B-]2(F)F,1,1,True,90
2676,Cc1cc(/C=C/c2cc(I)cc(I)c2O)n2c1C=C1C=CC=[N+]1[B-]2(F)F,1,1,True,81
2677,Cc1cc(/C=C/c2ccc(O)c(Br)c2)n2c1C=C1C=CC=[N+]1[B-]2(F)F,1,1,True,82
2678,Cc1cc(/C=C/c2cccc(O)c2)n2c1C=C1C=CC=[N+]1[B-]2(F)F,1,1,True,79
2679,Cc1cc(C)c(/C=C/c2cc(C)c3n2[B-](F)(F)[N+]2=CC=CC2=C3)c(C)c1,1,1,True,74
2680,COc1ccc(/C=C/c2cc(C)c3n2[B-](F)(F)[N+]2=CC=CC2=C3)cc1,1,1,True,79
2681,CC(=O)Nc1ccc(/C=C/c2cc(C)c3n2[B-](F)(F)[N+]2=CC=CC2=C3)cc1,1,1,True,85
2682,COc1cc(/C=C/c2cc(C)c3n2[B-](F)(F)[N+]2=CC=CC2=C3)ccc1OC(=O)OC(C)(C)C,1,1,True,102
2683,Cc1cc(/C=C/c2cc(Cl)ccc2O)n2c1C=C1C=CC=[N+]1[B-]2(F)F,1,1,True,82
2684,Cc1cc(/C=C/c2cc(O)ccc2O)n2c1C=C1C=CC=[N+]1[B-]2(F)F,1,1,True,80
2685,Cc1cc(/C=C/c2cccc(O)c2O)n2c1C=C1C=CC=[N+]1[B-]2(F)F,1,1,True,81
2686,CCOc1cccc(/C=C/c2cc(C)c3n2[B-](F)(F)[N+]2=CC=CC2=C3)c1O,1,1,True,90
2687,Cc1cc(/C=C/c2ccc(OC(=O)OC(C)(C)C)cc2)n2c1C=C1C=CC=[N+]1[B-]2(F)F,1,1,True,94
2688,Cc1cc(/C=C/c2ccccc2OCC(=O)O)n2c1C=C1C=CC=[N+]1[B-]2(F)F,1,1,True,93
2689,Cc1cc(/C=C/c2ccc(O)c([N+](=O)[O-])c2)n2c1C=C1C=CC=[N+]1[B-]2(F)F,1,1,True,87
2690,COc1ccc(/C=C/c2cc(C)c3n2[B-](F)(F)[N+]2=CC=CC2=C3)cc1O,1,1,True,85
2691,Cc1cc(/C=C/c2cc([N+](=O)[O-])ccc2O)n2c1C=C1C=CC=[N+]1[B-]2(F)F,1,1,True,88
2692,Cc1cc(/C=C/c2[nH]cnc2C)n2c1C=C1C=CC=[N+]1[B-]2(F)F,1,1,True,77
2693,Cc1ccc(/C=C/c2cc(C)c3n2[B-](F)(F)[N+]2=CC=CC2=C3)o1,1,1,True,75
2694,Cc1cc(/C=C/c2ccc3ccccc3c2)n2c1C=C1C=CC=[N+]1[B-]2(F)F,1,1,True,86
2695,Cc1cc(/C=C/c2ccc3c(c2)OCO3)n2c1C=C1C=CC=[N+]1[B-]2(F)F,1,1,True,90
2696,CCCOc1ccc(/C=C/c2cc(C)c3n2[B-](F)(F)[N+]2=CC=CC2=C3)cc1,1,1,True,87
2697,Cc1cc(/C=C/c2ccc(C=O)cc2)n2c1C=C1C=CC=[N+]1[B-]2(F)F,1,1,True,77
2698,Cc1ccccc1/C=C/c1cc(C)c2n1[B-](F)(F)[N+]1=CC=CC1=C2,1,1,True,75
2699,Cc1cc(/C=C/c2ccc(Cl)cc2Cl)n2c1C=C1C=CC=[N+]1[B-]2(F)F,1,1,True,80
2700,Cc1cc(/C=C/C=C/c2ccccc2)n2c1C=C1C=CC=[N+]1[B-]2(F)F,1,1,True,79
2701,Cc1cc(/C=C/c2ccc(O)cc2)n2c1C=C1C=CC=[N+]1[B-]2(F)F,1,1,True,76
2702,Cc1cc(/C=C/c2ccc(C(F)(F)F)cc2)n2c1C=C1C=CC=[N+]1[B-]2(F)F,1,1,True,79
2703,Cc1cc(/C=C/c2ccc(OCCCN(C)C)cc2)n2c1C=C1C=CC=[N+]1[B-]2(F)F,1,1,True,96
2704,CCOc1cc(/C=C/c2cc(C)c3n2[B-](F)(F)[N+]2=CC=CC2=C3)ccc1OC,1,1,True,92
2705,Cc1cc(/C=C/c2ccc(O)c3ccccc23)n2c1C=C1C=CC=[N+]1[B-]2(F)F,1,1,True,88
2706,Cc1cc(/C=C/c2cccc(Cl)c2Cl)n2c1C=C1C=CC=[N+]1[B-]2(F)F,1,1,True,80
2707,Cc1cc(/C=C/c2ccc(C(C)(C)C)cc2)n2c1C=C1C=CC=[N+]1[B-]2(F)F,1,1,True,78
2708,COc1ccc(Oc2ccc(/C=C/c3cc(C)c4n3[B-](F)(F)[N+]3=CC=CC3=C4)cc2)cc1,1,1,True,91
2709,COC(=O)c1ccc(-c2ccc(/C=C/c3cc(C)c4n3[B-](F)(F)[N+]3=CC=CC3=C4)cc2)cc1,1,1,True,96
2710,Cc1cc(/C=C/c2cc(Br)cs2)n2c1C=C1C=CC=[N+]1[B-]2(F)F,1,1,True,73
2711,Cc1cc(/C=C/c2ccc(Cl)c(Cl)c2)n2c1C=C1C=CC=[N+]1[B-]2(F)F,1,1,True,79
2712,Cc1cc(/C=C/c2c[nH]c3ccc(Br)cc23)n2c1C=C1C=CC=[N+]1[B-]2(F)F,1,1,True,93
2713,COc1cccc(/C=C/c2cc(C)c3n2[B-](F)(F)[N+]2=CC=CC2=C3)c1,1,1,True,83
2714,Cc1cc(/C=C/c2ccc(B(O)O)cc2)n2c1C=C1C=CC=[N+]1[B-]2(F)F,1,1,True,80
2715,Cc1cc(/C=C/c2ccc(C=O)s2)n2c1C=C1C=CC=[N+]1[B-]2(F)F,1,1,True,78
2716,Cc1cc(/C=C/c2ccccc2O)n2c1C=C1C=CC=[N+]1[B-]2(F)F,1,1,True,78
2717,Cc1cc(/C=C/c2ccccc2C(=O)O)n2c1C=C1C=CC=[N+]1[B-]2(F)F,1,1,True,83
2718,COc1ccc(/C=C/c2cc(C)c3n2[B-](F)(F)[N+]2=CC=CC2=C3)c(O)c1,1,1,True,84
2719,Cc1cc(/C=C/c2ccc(O)c(O)c2O)n2c1C=C1C=CC=[N+]1[B-]2(F)F,1,1,True,80
2720,COc1ccc(-c2ccc(/C=C/c3cc(C)c4n3[B-](F)(F)[N+]3=CC=CC3=C4)o2)cc1Cl,1,1,True,103
2721,COc1ccccc1/C=C/c1cc(C)c2n1[B-](F)(F)[N+]1=CC=CC1=C2,1,1,True,80
2722,Cc1cc(/C=C/c2ccc(-c3cncnc3)cc2)n2c1C=C1C=CC=[N+]1[B-]2(F)F,1,1,True,89
2723,Cc1cc(/C=C/c2cc(O)cc(O)c2)n2c1C=C1C=CC=[N+]1[B-]2(F)F,1,1,True,74
2724,C=CCOc1ccccc1/C=C/c1cc(C)c2n1[B-](F)(F)[N+]1=CC=CC1=C2,1,1,True,91
2725,Cc1cc(C)c(/C=C/c2cc(C)c3n2[B-](F)(F)[N+]2=CC=CC2=C3)[nH]1,1,1,True,74
2726,COc1ccc(/C=C/c2cc(C)c3n2[B-](F)(F)[N+]2=CC=CC2=C3)c(OC)c1,1,1,True,85
2727,Cc1cc(/C=C/c2ccccc2Cl)n2c1C=C1C=CC=[N+]1[B-]2(F)F,1,1,True,78
2728,Cc1ccc(/C=C/c2cc(C)c3n2[B-](F)(F)[N+]2=CC=CC2=C3)cc1,1,1,True,74
2729,COc1cc(/C=C/c2cc(C)c3n2[B-](F)(F)[N+]2=CC=CC2=C3)cc(OC)c1,1,1,True,78
2730,Cc1cc(/C=C/c2ccccc2OCc2ccccc2)n2c1C=C1C=CC=[N+]1[B-]2(F)F,1,1,True,97
2731,COC(=O)c1ccc(/C=C/c2cc(C)c3n2[B-](F)(F)[N+]2=CC=CC2=C3)cc1,1,1,True,86
2732,COc1cc(Cl)c(/C=C/c2cc(C)c3n2[B-](F)(F)[N+]2=CC=CC2=C3)c(Cl)c1O,1,1,True,90
2733,Cc1cc(/C=C/c2ccccc2P(c2ccccc2)c2ccccc2)n2c1C=C1C=CC=[N+]1[B-]2(F)F,1,1,True,90
2734,COc1cc(Br)cc(/C=C/c2cc(C)c3n2[B-](F)(F)[N+]2=CC=CC2=C3)c1OC,1,1,True,87
2735,Cc1cc(/C=C/c2cccc3c2OCO3)n2c1C=C1C=CC=[N+]1[B-]2(F)F,1,1,True,90
2736,Cc1ccc(/C=C/c2cc(C)c3n2[B-](F)(F)[N+]2=CC=CC2=C3)s1,1,1,True,74
2737,Cc1cc(/C=C/c2ccc(I)cc2)n2c1C=C1C=CC=[N+]1[B-]2(F)F,1,1,True,76
2738,Cc1cc(/C=C/c2ccc(CO)o2)n2c1C=C1C=CC=[N+]1[B-]2(F)F,1,1,True,82
2739,COc1ccc(F)cc1/C=C/c1cc(C)c2n1[B-](F)(F)[N+]1=CC=CC1=C2,1,1,True,84
2740,Cc1cc(/C=C/c2ccccc2OC(F)F)n2c1C=C1C=CC=[N+]1[B-]2(F)F,1,1,True,86
2741,COc1c(Br)cc(Br)cc1/C=C/c1cc(C)c2n1[B-](F)(F)[N+]1=CC=CC1=C2,1,1,True,85
2742,COc1cc(/C=C/c2cc(C)c3n2[B-](F)(F)[N+]2=CC=CC2=C3)cc(I)c1OC,1,1,True,88
2743,Cc1cccc(C)c1/C=C/c1cc(C)c2n1[B-](F)(F)[N+]1=CC=CC1=C2,1,1,True,74
2744,Cc1cc(/C=C/c2cc(F)cc(C(F)(F)F)c2)n2c1C=C1C=CC=[N+]1[B-]2(F)F,1,1,True,84
2745,COc1ccc(F)c(/C=C/c2cc(C)c3n2[B-](F)(F)[N+]2=CC=CC2=C3)c1,1,1,True,85
2746,COc1cc(OC)c(/C=C/c2cc(C)c3n2[B-](F)(F)[N+]2=CC=CC2=C3)cc1Br,1,1,True,86
2747,Cc1cc(/C=C/c2ccc(-c3cccc(C(=O)O)c3)cc2)n2c1C=C1C=CC=[N+]1[B-]2(F)F,1,1,True,94
2748,Cc1ccc(/C=C/c2cc(C)c3n2[B-](F)(F)[N+]2=CC=CC2=C3)cc1F,1,1,True,78
2749,COc1ccc([N+](=O)[O-])cc1/C=C/c1cc(C)c2n1[B-](F)(F)[N+]1=CC=CC1=C2,1,1,True,92
2750,CCc1ccccc1/C=C/c1cc(C)c2n1[B-](F)(F)[N+]1=CC=CC1=C2,1,1,True,81
2751,CCc1ccc(/C=C/c2cc(C)c3n2[B-](F)(F)[N+]2=CC=CC2=C3)cc1[N+](=O)[O-],1,1,True,90
2752,Cc1cc(/C=C/c2cc(C(F)(F)F)cc(Cl)c2F)n2c1C=C1C=CC=[N+]1[B-]2(F)F,1,1,True,88
2753,COc1cccc(F)c1/C=C/c1cc(C)c2n1[B-](F)(F)[N+]1=CC=CC1=C2,1,1,True,85
2754,Cc1ccc(/C=C/c2cc(C)c3n2[B-](F)(F)[N+]2=CC=CC2=C3)cc1[N+](=O)[O-],1,1,True,85
2755,Cc1cc(/C=C/c2cccc(Br)c2O)n2c1C=C1C=CC=[N+]1[B-]2(F)F,1,1,True,83
2756,Cc1cc(/C=C/c2cc(F)ccc2Br)n2c1C=C1C=CC=[N+]1[B-]2(F)F,1,1,True,81
2757,COc1cc(/C=C/c2cc(C)c3n2[B-](F)(F)[N+]2=CC=CC2=C3)cc(Br)c1OC,1,1,True,87
2758,COc1ccc(/C=C/c2cc(C)c3n2[B-](F)(F)[N+]2=CC=CC2=C3)cc1Br,1,1,True,85
2759,COc1ccc(/C=C/c2cc(C)c3n2[B-](F)(F)[N+]2=CC=CC2=C3)c(Br)c1O,1,1,True,89
2760,Cc1cc(/C=C/c2c(Br)ccc3c2OCO3)n2c1C=C1C=CC=[N+]1[B-]2(F)F,1,1,True,95
2761,CCCCc1ccc(/C=C/c2cc(C)c3n2[B-](F)(F)[N+]2=CC=CC2=C3)cc1,1,1,True,87
2762,Cc1cc(/C=C/c2cc(Br)cc3c2OCO3)n2c1C=C1C=CC=[N+]1[B-]2(F)F,1,1,True,93
2763,Cc1ccc(/C=C/c2cc(C)c3n2[B-](F)(F)[N+]2=CC=CC2=C3)c(Br)c1,1,1,True,80
2764,COc1cc(/C=C/c2cc(C)c3n2[B-](F)(F)[N+]2=CC=CC2=C3)ccc1OCCBr,1,1,True,96
2765,Cc1cc(/C=C/c2ccc(F)c(Br)c2)n2c1C=C1C=CC=[N+]1[B-]2(F)F,1,1,True,81
2766,Cc1cc(/C=C/c2ccc(O)cc2Cl)n2c1C=C1C=CC=[N+]1[B-]2(F)F,1,1,True,82
2767,Cc1cc(/C=C/c2cc3ccccc3nc2Cl)n2c1C=C1C=CC=[N+]1[B-]2(F)F,1,1,True,94
2768,COc1ccc(/C=C/c2cc(C)c3n2[B-](F)(F)[N+]2=CC=CC2=C3)cc1Cl,1,1,True,85
2769,COc1cc(Cl)cc(/C=C/c2cc(C)c3n2[B-](F)(F)[N+]2=CC=CC2=C3)c1O,1,1,True,88
2770,Cc1cc(/C=C/c2ccc(Oc3ccc(Cl)cc3)cc2)n2c1C=C1C=CC=[N+]1[B-]2(F)F,1,1,True,90
2771,Cc1cc(/C=C/c2c(F)cccc2Cl)n2c1C=C1C=CC=[N+]1[B-]2(F)F,1,1,True,82
2772,COc1cccc(/C=C/c2cc(C)c3n2[B-](F)(F)[N+]2=CC=CC2=C3)c1Cl,1,1,True,86
2773,COc1cc(Cl)cc(/C=C/c2cc(C)c3n2[B-](F)(F)[N+]2=CC=CC2=C3)c1OC,1,1,True,87
2774,Cc1cc(/C=C/c2cccc(O)c2Cl)n2c1C=C1C=CC=[N+]1[B-]2(F)F,1,1,True,83
2775,Cc1cc(/C=C/c2ccc(-c3cccc(Cl)c3)o2)n2c1C=C1C=CC=[N+]1[B-]2(F)F,1,1,True,98
2776,Cc1cccc(Cl)c1/C=C/c1cc(C)c2n1[B-](F)(F)[N+]1=CC=CC1=C2,1,1,True,79
2777,Cc1ccc(/C=C/c2cc(C)c3n2[B-](F)(F)[N+]2=CC=CC2=C3)cc1Cl,1,1,True,79
2778,Cc1cc(/C=C/c2ccc(Oc3cccc(Cl)c3)cc2)n2c1C=C1C=CC=[N+]1[B-]2(F)F,1,1,True,97
2779,Cc1cc(/C=C/c2cccc(Cl)c2O)n2c1C=C1C=CC=[N+]1[B-]2(F)F,1,1,True,81
2780,Cc1cc(/C=C/c2c(F)ccc(F)c2Cl)n2c1C=C1C=CC=[N+]1[B-]2(F)F,1,1,True,80
2781,COc1cc(/C=C/c2cc(C)c3n2[B-](F)(F)[N+]2=CC=CC2=C3)cc(Cl)c1OC,1,1,True,87
2782,Cc1cc(/C=C/c2ccc(F)cc2Cl)n2c1C=C1C=CC=[N+]1[B-]2(F)F,1,1,True,80
2783,Cc1cc(/C=C/c2ccc(F)c(Cl)c2)n2c1C=C1C=CC=[N+]1[B-]2(F)F,1,1,True,81
2784,Cc1cc(/C=C/C2=CCCCC2)n2c1C=C1C=CC=[N+]1[B-]2(F)F,1,1,True,78
2785,COc1cccc(Oc2ccccc2/C=C/c2cc(C)c3n2[B-](F)(F)[N+]2=CC=CC2=C3)c1,1,1,True,100
2786,Cc1cc(/C=C/c2cccc(Oc3ccc(Cl)c(Cl)c3)c2)n2c1C=C1C=CC=[N+]1[B-]2(F)F,1,1,True,99
2787,Cc1ccc(Oc2ccc(/C=C/c3cc(C)c4n3[B-](F)(F)[N+]3=CC=CC3=C4)cc2)cc1,1,1,True,88
2788,COc1cc2ccccc2c(/C=C/c2cc(C)c3n2[B-](F)(F)[N+]2=CC=CC2=C3)c1OC,1,1,True,98
2789,Cc1cc(/C=C/c2ccc(C(F)(F)F)cc2C(F)(F)F)n2c1C=C1C=CC=[N+]1[B-]2(F)F,1,1,True,86
2790,Cc1cc(/C=C/c2cccc(I)c2)n2c1C=C1C=CC=[N+]1[B-]2(F)F,1,1,True,78
2791,COc1cc(F)c(/C=C/c2cc(C)c3n2[B-](F)(F)[N+]2=CC=CC2=C3)cc1OC,1,1,True,84
2792,Cc1cc(/C=C/c2ccc(Oc3ccc(C=O)cc3)cc2)n2c1C=C1C=CC=[N+]1[B-]2(F)F,1,1,True,90
2793,Cc1cc(/C=C/c2cc(I)ccc2F)n2c1C=C1C=CC=[N+]1[B-]2(F)F,1,1,True,80
2794,COc1cc(/C=C/c2cc(C)c3n2[B-](F)(F)[N+]2=CC=CC2=C3)cc(O)c1OC,1,1,True,88
2795,Cc1cc(/C=C/c2cccc(Oc3cc(Cl)cc(Cl)c3)c2)n2c1C=C1C=CC=[N+]1[B-]2(F)F,1,1,True,98
2796,Cc1cc(/C=C/c2cccc(C(C)(C)C)c2O)n2c1C=C1C=CC=[N+]1[B-]2(F)F,1,1,True,85
2797,COc1ccc(/C=C/c2cc(C)c3n2[B-](F)(F)[N+]2=CC=CC2=C3)c(C)c1C,1,1,True,83
2798,Cc1cc(/C=C/c2ccc(F)c(Oc3ccccc3)c2)n2c1C=C1C=CC=[N+]1[B-]2(F)F,1,1,True,97
2799,COc1cc(/C=C/c2cc(C)c3n2[B-](F)(F)[N+]2=CC=CC2=C3)ccc1F,1,1,True,85
2800,Cc1cc(/C=C/c2cc(C)c3n2[B-](F)(F)[N+]2=CC=CC2=C3)ccc1O,1,1,True,79
2801,COc1cccc(/C=C/c2cc(C)c3n2[B-](F)(F)[N+]2=CC=CC2=C3)c1F,1,1,True,85
2802,Cc1cc(/C=C/c2cccc([N+](=O)[O-])c2O)n2c1C=C1C=CC=[N+]1[B-]2(F)F,1,1,True,88
2803,CCOc1ccc(/C=C/c2cc(C)c3n2[B-](F)(F)[N+]2=CC=CC2=C3)c(OCC)c1,1,1,True,93
2804,CCOc1cccc(/C=C/c2cc(C)c3n2[B-](F)(F)[N+]2=CC=CC2=C3)c1OCC,1,1,True,90
2805,Cc1cc(/C=C/c2cc(F)ccc2O)n2c1C=C1C=CC=[N+]1[B-]2(F)F,1,1,True,81
2806,Cc1cc(/C=C/c2ccc(-c3ccccc3)o2)n2c1C=C1C=CC=[N+]1[B-]2(F)F,1,1,True,91
2807,CCOc1c(/C=C/c2cc(C)c3n2[B-](F)(F)[N+]2=CC=CC2=C3)cccc1OC,1,1,True,91
2808,Cc1cc(/C=C/c2ccc(Oc3ccc(F)cc3)cc2)n2c1C=C1C=CC=[N+]1[B-]2(F)F,1,1,True,90
2809,CCOc1cccc(/C=C/c2cc(C)c3n2[B-](F)(F)[N+]2=CC=CC2=C3)c1,1,1,True,88
2810,Cc1cc(/C=C/c2ccc(C(F)(F)F)cc2F)n2c1C=C1C=CC=[N+]1[B-]2(F)F,1,1,True,83
2811,COc1c(/C=C/c2cc(C)c3n2[B-](F)(F)[N+]2=CC=CC2=C3)cc(C(C)(C)C)cc1C(C)(C)C,1,1,True,91
2812,Cc1cc(/C=C/c2ccc(OC(F)F)cc2)n2c1C=C1C=CC=[N+]1[B-]2(F)F,1,1,True,84
2813,Cc1cc(/C=C/c2cc(OCc3ccccc3)cc(OCc3ccccc3)c2)n2c1C=C1C=CC=[N+]1[B-]2(F)F,1,1,True,97
2814,Cc1cc(/C=C/c2ccc3c(c2)OC(F)(F)O3)n2c1C=C1C=CC=[N+]1[B-]2(F)F,1,1,True,91
2815,CSc1ccccc1/C=C/c1cc(C)c2n1[B-](F)(F)[N+]1=CC=CC1=C2,1,1,True,81
2816,COc1ccc(/C=C/c2cc(C)c3n2[B-](F)(F)[N+]2=CC=CC2=C3)cc1C,1,1,True,81
2817,Cc1cc(/C=C/c2cc(F)c(F)cc2F)n2c1C=C1C=CC=[N+]1[B-]2(F)F,1,1,True,76
2818,Cc1cc(/C=C/[C@@H](C)c2ccccc2)n2c1C=C1C=CC=[N+]1[B-]2(F)F,1,1,True,79
2819,Cc1cc(/C=C/c2ccsc2C=O)n2c1C=C1C=CC=[N+]1[B-]2(F)F,1,1,True,82
2820,Cc1cc(/C=C/c2c3ccccc3c(C)c3ccccc23)n2c1C=C1C=CC=[N+]1[B-]2(F)F,1,1,True,83
2821,Cc1cc(/C=C/c2ccccc2Oc2ccc(F)cc2)n2c1C=C1C=CC=[N+]1[B-]2(F)F,1,1,True,95
2822,COc1c(Br)cc(/C=C/c2cc(C)c3n2[B-](F)(F)[N+]2=CC=CC2=C3)c(O)c1Br,1,1,True,87
2823,Cc1cc(C)c(/C=C/c2cc(C)c3n2[B-](F)(F)[N+]2=CC=CC2=C3)cc1C,1,1,True,74
2824,Cc1cc(/C=C/c2cccc(OC(F)(F)C(F)F)c2)n2c1C=C1C=CC=[N+]1[B-]2(F)F,1,1,True,92
2825,Cc1cc(/C=C/c2cc(OC(F)(F)F)ccc2O)n2c1C=C1C=CC=[N+]1[B-]2(F)F,1,1,True,91
2826,COc1ccc(/C=C/c2cc(C)c3n2[B-](F)(F)[N+]2=CC=CC2=C3)c(OC)c1C,1,1,True,86
2827,Cc1cc(/C=C/c2cc(C(F)(F)F)ccc2F)n2c1C=C1C=CC=[N+]1[B-]2(F)F,1,1,True,85
2828,Cc1cccc(/C=C/c2cc(C)c3n2[B-](F)(F)[N+]2=CC=CC2=C3)c1C,1,1,True,77
2829,COc1ccc(/C=C/c2cc(C)c3n2[B-](F)(F)[N+]2=CC=CC2=C3)cc1[N+](=O)[O-],1,1,True,92
2830,Cc1cc(/C=C/c2ncc[nH]2)n2c1C=C1C=CC=[N+]1[B-]2(F)F,1,1,True,77
2831,Cc1cc(/C=C/c2ccc(I)o2)n2c1C=C1C=CC=[N+]1[B-]2(F)F,1,1,True,76
2832,Cc1ccc(F)c(/C=C/c2cc(C)c3n2[B-](F)(F)[N+]2=CC=CC2=C3)c1Cl,1,1,True,82
2833,Cc1cc(/C=C/c2ccc(N3CCCCC3)c([N+](=O)[O-])c2)n2c1C=C1C=CC=[N+]1[B-]2(F)F,1,1,True,100
2834,Cc1cc(/C=C/c2ccc(N3CCCC3)c([N+](=O)[O-])c2)n2c1C=C1C=CC=[N+]1[B-]2(F)F,1,1,True,98
2835,Cc1cc(/C=C/c2cccc(C#N)c2)n2c1C=C1C=CC=[N+]1[B-]2(F)F,1,1,True,83
2836,COc1ccc(/C=C/c2cc(C)c3n2[B-](F)(F)[N+]2=CC=CC2=C3)c(F)c1,1,1,True,84
2837,Cc1cc(C)cc(/C=C/c2cc(C)c3n2[B-](F)(F)[N+]2=CC=CC2=C3)c1,1,1,True,73
2838,COc1ccc(/C=C/c2cc(C)c3n2[B-](F)(F)[N+]2=CC=CC2=C3)c(I)c1O,1,1,True,88
2839,Cc1cc(/C=C/c2ccc(SC(F)(F)F)cc2)n2c1C=C1C=CC=[N+]1[B-]2(F)F,1,1,True,83
2840,Cc1cc(/C=C/c2ccccc2OC(F)(F)F)n2c1C=C1C=CC=[N+]1[B-]2(F)F,1,1,True,86
2841,COc1cc(O)c(/C=C/c2cc(C)c3n2[B-](F)(F)[N+]2=CC=CC2=C3)c(OC)c1,1,1,True,89
2842,Cc1cc(/C=C/c2ccc(Br)o2)n2c1C=C1C=CC=[N+]1[B-]2(F)F,1,1,True,76
2843,Cc1cc(/C=C/c2cc3ccccc3o2)n2c1C=C1C=CC=[N+]1[B-]2(F)F,1,1,True,86
2844,Cc1cc(/C=C/c2ccsc2)n2c1C=C1C=CC=[N+]1[B-]2(F)F,1,1,True,75
2845,Cc1ccc(/C=C/c2cc(C)c3n2[B-](F)(F)[N+]2=CC=CC2=C3)c(C)c1,1,1,True,77
2846,Cc1cc(/C=C/c2ccc(-c3ccc(Cl)cc3)o2)n2c1C=C1C=CC=[N+]1[B-]2(F)F,1,1,True,94
2847,COc1ccc(/C=C/c2cc(C)c3n2[B-](F)(F)[N+]2=CC=CC2=C3)c(Cl)c1OC,1,1,True,89
2848,Cc1cc(/C=C/c2ccc(C(=O)O)cc2O)n2c1C=C1C=CC=[N+]1[B-]2(F)F,1,1,True,85
2849,Cc1cc(/C=C/c2c[nH]c3ccccc23)n2c1C=C1C=CC=[N+]1[B-]2(F)F,1,1,True,88
2850,C=CC[C@H](/C=C(/C=C/c1cc(C)c2n1[B-](F)(F)[N+]1=CC=CC1=C2)CC)CC,1,1,True,85
2851,Cc1cc(/C=C/c2ccc(N(C)C)c3ccccc23)n2c1C=C1C=CC=[N+]1[B-]2(F)F,1,1,True,91
2852,Cc1cc(/C=C/c2ccc(OCc3ccc(F)cc3)cc2)n2c1C=C1C=CC=[N+]1[B-]2(F)F,1,1,True,99
2853,Cc1cc(/C=C/c2c(C)[nH]c3ccccc23)n2c1C=C1C=CC=[N+]1[B-]2(F)F,1,1,True,87
2854,Cc1cc(/C=C/c2cc(C)c3n2[B-](F)(F)[N+]2=CC=CC2=C3)sc1C,1,1,True,73
2855,Cc1cc(/C=C/c2ccc(S(C)(=O)=O)cc2)n2c1C=C1C=CC=[N+]1[B-]2(F)F,1,1,True,81
2856,Cc1cccc(/C=C/c2cc(C)c3n2[B-](F)(F)[N+]2=CC=CC2=C3)n1,1,1,True,79
2857,Cc1cc(/C=C/c2cccc(C=O)c2)n2c1C=C1C=CC=[N+]1[B-]2(F)F,1,1,True,80
2858,Cc1cc(/C=C/c2cc(Cl)cc(Cl)c2)n2c1C=C1C=CC=[N+]1[B-]2(F)F,1,1,True,75
2859,Cc1cc(/C=C/c2ccc(-c3ccccc3Cl)o2)n2c1C=C1C=CC=[N+]1[B-]2(F)F,1,1,True,96
2860,Cc1cc(/C=C/c2ccc(Br)cc2F)n2c1C=C1C=CC=[N+]1[B-]2(F)F,1,1,True,80
2861,COc1cc(/C=C/c2cc(C)c3n2[B-](F)(F)[N+]2=CC=CC2=C3)c(Br)c(Br)c1O,1,1,True,90
2862,CCOc1cc(/C=C/c2cc(C)c3n2[B-](F)(F)[N+]2=CC=CC2=C3)ccc1O,1,1,True,91
2863,COC(=O)c1cc(OC)cc(OC)c1/C=C/c1cc(C)c2n1[B-](F)(F)[N+]1=CC=CC1=C2,1,1,True,96
2864,CC(/C=C/c1cc(C)c2n1[B-](F)(F)[N+]1=CC=CC1=C2)=C\c1ccccc1,1,1,True,82
2865,Cc1cc(/C=C/c2cccc(B(O)O)c2)n2c1C=C1C=CC=[N+]1[B-]2(F)F,1,1,True,83
2866,Cc1cc(/C=C/c2ccccc2B(O)O)n2c1C=C1C=CC=[N+]1[B-]2(F)F,1,1,True,80
2867,Cc1cc(/C=C/c2cc([N+](=O)[O-])ccc2F)n2c1C=C1C=CC=[N+]1[B-]2(F)F,1,1,True,88
2868,Cc1cc(/C=C/c2cc(Cl)ccc2Cl)n2c1C=C1C=CC=[N+]1[B-]2(F)F,1,1,True,80
2869,Cc1cc(/C=C/c2ccc(Br)cc2)n2c1C=C1C=CC=[N+]1[B-]2(F)F,1,1,True,75
2870,Cc1cc(/C=C/c2cc(Cl)cc(Cl)c2Cl)n2c1C=C1C=CC=[N+]1[B-]2(F)F,1,1,True,81
2871,Cc1cc(/C=C/c2cc(Br)cc(Br)c2)n2c1C=C1C=CC=[N+]1[B-]2(F)F,1,1,True,74
2872,Cc1cc(/C=C/c2ccc[nH]2)n2c1C=C1C=CC=[N+]1[B-]2(F)F,1,1,True,76
2873,Cc1cc(/C=C/C2CCCCC2)n2c1C=C1C=CC=[N+]1[B-]2(F)F,1,1,True,76
2874,Cc1cc(/C=C/C=C/c2ccco2)n2c1C=C1C=CC=[N+]1[B-]2(F)F,1,1,True,82
2875,Cc1cc(/C=C/C#Cc2ccccc2)n2c1C=C1C=CC=[N+]1[B-]2(F)F,1,1,True,83
2876,Cc1cc(/C=C/c2cccs2)n2c1C=C1C=CC=[N+]1[B-]2(F)F,1,1,True,75
2877,Cc1cc(/C=C/c2ccc(-c3ccccc3)c(F)c2)n2c1C=C1C=CC=[N+]1[B-]2(F)F,1,1,True,92
2878,Cc1cc(/C=C/c2cc(Cl)cc(Br)c2O)n2c1C=C1C=CC=[N+]1[B-]2(F)F,1,1,True,84
2879,Cc1cc(/C=C/c2ccc(-c3ccc([N+](=O)[O-])cc3)o2)n2c1C=C1C=CC=[N+]1[B-]2(F)F,1,1,True,101
2880,Cc1cc(/C=C/c2ccc(-c3ccc(Br)cc3)o2)n2c1C=C1C=CC=[N+]1[B-]2(F)F,1,1,True,92
2881,CCOc1ccc(/C=C/c2cc(C)c3n2[B-](F)(F)[N+]2=CC=CC2=C3)cc1,1,1,True,84
2882,Cc1cc(/C=C/c2c(C)nn(C)c2C)n2c1C=C1C=CC=[N+]1[B-]2(F)F,1,1,True,76
2883,Cc1cc(/C=C/c2cccc(C(=O)O)c2)n2c1C=C1C=CC=[N+]1[B-]2(F)F,1,1,True,85
2884,Cc1cc(/C=C/c2cccc3cccnc23)n2c1C=C1C=CC=[N+]1[B-]2(F)F,1,1,True,90
2885,Cc1cc(/C=C/c2cccc(Oc3ccc(C(C)(C)C)cc3)c2)n2c1C=C1C=CC=[N+]1[B-]2(F)F,1,1,True,101
2886,Cc1cc(/C=C/c2ccc(Cl)c(F)c2)n2c1C=C1C=CC=[N+]1[B-]2(F)F,1,1,True,81
2887,Cc1cc(/C=C/c2cc3ccccc3c3ccccc23)n2c1C=C1C=CC=[N+]1[B-]2(F)F,1,1,True,91
2888,CC1=CC(C)=[N+]2C1=Cc1ccc(/C=C/c3ccc(Br)cc3)n1[B-]2(F)F,1,1,True,72
2889,C#Cc1ccc(/C=C/c2ccc3n2[B-](F)(F)[N+]2=C(C)C=C(C)C2=C3)cc1,1,1,True,77
2890,CC1=CC(C)=[N+]2C1=Cc1ccc(/C=C/c3ccc(CO)cc3)n1[B-]2(F)F,1,1,True,77
2891,CC1=CC(C)=[N+]2C1=Cc1ccc(/C=C/c3ccc(CCl)cc3)n1[B-]2(F)F,1,1,True,77
2892,CC1=CC(C)=[N+]2C1=Cc1ccc(/C=C/c3ccccc3)n1[B-]2(F)F,1,1,True,71
2893,COc1ccc(/C=C/c2ccc3n2[B-](F)(F)[N+]2=C(C)C=C(C)C2=C3)cc1,1,1,True,77
2894,COc1cccc(/C=C/c2ccc3n2[B-](F)(F)[N+]2=C(C)C=C(C)C2=C3)c1,1,1,True,82
2895,COc1cc(/C=C/c2ccc3n2[B-](F)(F)[N+]2=C(C)C=C(C)C2=C3)cc(OC)c1OC,1,1,True,81
2896,CC1=CC(C)=[N+]2C1=Cc1ccc(/C=C/c3c(C)noc3C)n1[B-]2(F)F,1,1,True,74
2897,COC(=O)c1oc(/C=C/c2ccc3n2[B-](F)(F)[N+]2=C(C)C=C(C)C2=C3)nc1C,1,1,True,91
2898,CC1=CC(C)=[N+]2C1=Cc1ccc(/C=C/c3cccc4ccccc34)n1[B-]2(F)F,1,1,True,85
2899,COC(=O)c1ccc(/C=C/c2ccc3n2[B-](F)(F)[N+]2=C(C)C=C(C)C2=C3)cc1,1,1,True,83
2900,CC1=CC(C)=[N+]2C1=Cc1ccc(/C=C/C=C/c3ccccc3)n1[B-]2(F)F,1,1,True,78
2901,C1=C2B(Nc3ccccc31)OB1Nc3ccccc3C=C1C(c1ccccc1)=C2c1ccccc1,1,1,True,54
2902,Cc1ccc(C2=C(c3ccc(C)cc3)C3=Cc4ccccc4NB3OB3Nc4ccccc4C=C32)cc1,1,1,True,58
2903,Cc1cccc(C2=C(c3cccc(C)c3)C3=Cc4ccccc4NB3OB3Nc4ccccc4C=C32)c1,1,1,True,62
2904,COc1ccc(C2=C(c3ccc(OC)cc3)C3=Cc4ccccc4NB3OB3Nc4ccccc4C=C32)cc1,1,1,True,64
2905,Fc1ccc(C2=C(c3ccc(F)cc3)C3=Cc4ccccc4NB3OB3Nc4ccccc4C=C32)cc1,1,1,True,59
2906,Clc1ccc(C2=C(c3ccc(Cl)cc3)C3=Cc4ccccc4NB3OB3Nc4ccccc4C=C32)cc1,1,1,True,60
2907,COc1ccc(C2=C(c3ccc(C(F)(F)F)cc3)C3=Cc4ccccc4NB3OB3Nc4ccccc4C=C32)cc1,1,1,True,78
2908,C1=C2B(OB3C(=Cc4ccccc4N3c3ccccc3)C(c3ccccc3)=C2c2ccccc2)N(c2ccccc2)c2ccccc21,1,1,True,61
2909,C1=C2B(OB3C(=Cc4ccccc4N3Cc3ccccc3)C(c3ccccc3)=C2c2ccccc2)N(Cc2ccccc2)c2ccccc21,1,1,True,67
2910,CCCCN1B2OB3C(=Cc4ccccc4N3CCCC)C(c3ccccc3)=C(c3ccccc3)C2=Cc2ccccc21,1,1,True,67
2911,Fc1ccc2c(c1)N(Cc1ccccc1)B1OB3C(=Cc4ccc(F)cc4N3Cc3ccccc3)C(c3ccccc3)=C(c3ccccc3)C1=C2,1,1,True,72
2912,Cc1ccc2c(c1)N(Cc1ccccc1)B1OB3C(=Cc4ccc(C)cc4N3Cc3ccccc3)C(c3ccccc3)=C(c3ccccc3)C1=C2,1,1,True,73
2913,Brc1ccc2c(c1)C=C1B(N2)OB2Nc3ccc(Br)cc3C=C2C(c2ccccc2)=C1c1ccccc1,1,1,True,61
2914,COc1ccc(-c2ccc3c(c2)C=C2B(N3)OB3Nc4ccc(Br)cc4C=C3C(c3ccccc3)=C2c2ccccc2)cc1,1,1,True,91
2915,COc1ccc(-c2ccc3c(c2)C=C2B(N3)OB3Nc4ccc(-c5ccc(OC)cc5)cc4C=C3C(c3ccccc3)=C2c2ccccc2)cc1,1,1,True,76
2916,c1ccc(-c2cc3cc4cc(-c5ccccc5)c5cccc6c5c4c4c3c3c(cccc23)NB4N6)cc1,1,1,True,64
2917,CCCCCCN1B2c3c4c(cc(-c5ccccc5)c5cccc1c54)cc1cc(-c4ccccc4)c4cccc(c4c31)N2CCCCCC,1,1,True,81
2918,CCCCCCCCCCCCN1B2c3c4c(cc(-c5ccccc5)c5cccc1c54)cc1cc(-c4ccccc4)c4cccc(c4c31)N2CCCCCCCCCCCC,1,1,True,87
2919,c1ccc2c(c1)-c1cccc3c1B1N2c2ccccc2N1c1ccccc1-3,1,1,True,44
2920,c1ccc2c(c1)-c1ccccc1N1B3c4c(cccc4-c4ccccc41)-c1ccccc1N32,1,1,True,43
2921,C1=C2B(Nc3ccccc31)c1ccccc1C(c1ccccc1)=C2c1ccccc1,1,1,True,67
2922,CC1(C)OB(c2ccc3c(c2)B2Nc4ccccc4C=C2C(c2ccccc2)=C3c2ccccc2)OC1(C)C,1,1,True,89
2923,C1=C2B(Nc3ccccc31)c1cc(N(c3ccccc3)c3ccccc3)ccc1C(c1ccccc1)=C2c1ccccc1,1,1,True,86
2924,C1=C2B(Nc3ccc(N(c4ccccc4)c4ccccc4)cc31)c1cc(N(c3ccccc3)c3ccccc3)ccc1C(c1ccccc1)=C2c1ccccc1,1,1,True,91
2925,CC(C)[Si](C#Cc1ccc2c(c1)C=C1B(N2)c2cc(C#C[Si](C(C)C)(C(C)C)C(C)C)ccc2C(c2ccccc2)=C1c1ccccc1)(C(C)C)C(C)C,1,1,True,99
2926,C1=C2B(Nc3ccc(-c4ccc5ccc6cccc7ccc4c5c67)cc31)c1cc(-c3ccc4ccc5cccc6ccc3c4c56)ccc1C(c1ccccc1)=C2c1ccccc1,1,1,True,115
2927,C1=C2B(Nc3ccccc31)c1cc(-c3ccc4c(c3)B3Nc5ccccc5C=C3C(c3ccccc3)=C4c3ccccc3)ccc1C(c1ccccc1)=C2c1ccccc1,1,1,True,75
2928,C1=C2B(Nc3ccccc31)c1cc(-c3ccc4c(c3)C=C3B(N4)c4cc(-c5ccc6c(c5)B5Nc7ccccc7C=C5C(c5ccccc5)=C6c5ccccc5)ccc4C(c4ccccc4)=C3c3ccccc3)ccc1C(c1ccccc1)=C2c1ccccc1,1,1,True,95
2929,C1=CB2C=Cc3c(ccc4ccccc34)N2C=C1,1,1,True,58
2930,BrC1=CC=CN2B1C=Cc1c2ccc2ccccc12,1,1,True,63
2931,C1=CN2B(C=Cc3c2ccc2ccccc32)C(c2ccccc2)=C1,1,1,True,72
2932,C(#Cc1ccccc1)C1=CC=CN2B1C=Cc1c2ccc2ccccc12,1,1,True,78
2933,C1=CN2B(C=Cc3c2ccc2ccccc32)C(N2CCOCC2)=C1,1,1,True,76
2934,C1=Cc2ccc3c4c2N(CCN4B(c2ccccc2)C=C3)B1c1ccccc1,1,1,True,46
2935,C1=Cc2ccc3c4c2N(CCN4B(c2ccccc2)C(c2ccccc2)=C3)B1c1ccccc1,1,1,True,81
2936,C1=C(c2ccccc2)B(c2ccccc2)N2CCN3B(c4ccccc4)C(c4ccccc4)=Cc4ccc1c2c43,1,1,True,55
2937,C1=Cc2ccc3c4c2N(CCN4B(c2ccccc2)C(/C=C/c2ccccc2)=C3)B1c1ccccc1,1,1,True,87
2938,C1=C(/C=C/c2ccccc2)B(c2ccccc2)N2CCN3B(c4ccccc4)C(/C=C/c4ccccc4)=Cc4ccc1c2c43,1,1,True,62
2939,CCCCCCc1cc2c(s1)-c1ccccc1N1B2c2cc(CCCCCC)sc2-c2ccccc21,1,1,True,68
2940,CCCCCCc1cc2c(s1)-c1ccccc1N1B2c2cc(CCCCCC)sc2-c2cc3c(cc21)-c1sc(CCCCCC)cc1B1c2cc(CCCCCC)sc2-c2ccccc2N13,1,1,True,80
2941,CCCCCCc1cc2c(s1)-c1ccccc1N1B2c2cc(CCCCCC)sc2-c2cc3c(cc21)-c1sc(CCCCCC)cc1B1c2cc(CCCCCC)sc2-c2cc4c(cc2N13)-c1sc(CCCCCC)cc1B1c2cc(CCCCCC)sc2-c2ccccc2N14,1,1,True,84
2942,CCCCCCc1cc2c(s1)-c1ccccc1N1B2c2cc(CCCCCC)sc2-c2cc3c(cc21)-c1sc(CCCCCC)cc1B1c2cc(CCCCCC)sc2-c2cc4c(cc2N13)-c1sc(CCCCCC)cc1B1c2cc(CCCCCC)sc2-c2cc3c(cc2N14)-c1sc(CCCCCC)cc1B1c2cc(CCCCCC)sc2-c2ccccc2N13,1,1,True,84
2943,c1ccc2c(c1)ccc1ccccc12,1,1,True,21
2944,B1Nc2ccccc2-c2ccccc21,1,1,True,37
2945,c1ccc(B2Nc3ccccc3-c3ccccc32)cc1,1,1,True,49
2946,CN1B(c2c(F)c(F)c(F)c(F)c2F)c2ccccc2-c2ccccc21,1,1,True,57
2947,CN1B(c2c(F)c(F)c(F)c(F)c2F)c2ccccc2-c2cc3ccccc3cc21,1,1,True,67
2948,CN1B(c2c(F)c(F)c(F)c(F)c2F)c2ccccc2-c2c1ccc1ccccc21,1,1,True,73
2949,CN1B(c2c(F)c(F)c(F)c(F)c2F)c2cc3c(cc2-c2ccccc21)B(c1c(F)c(F)c(F)c(F)c1F)N(C)c1ccccc1-3,1,1,True,57
2950,CC(C)[Si](C#Cc1c2ccccc2c(C#C[Si](C(C)C)(C(C)C)C(C)C)c2cc3c4c(sc3cc12)-c1cc2c(cc1NB4c1ccccc1)-c1sc3cc4c(C#C[Si](C(C)C)(C(C)C)C(C)C)c5ccccc5c(C#C[Si](C(C)C)(C(C)C)C(C)C)c4cc3c1B(c1ccccc1)N2)(C(C)C)C(C)C,1,1,True,94
2951,CC(C)c1cccc(C(C)C)c1N1B(c2ccccc2)N(c2c(C(C)C)cccc2C(C)C)C(c2ccccc2)=C1c1ccccc1,1,1,True,52
2952,Cc1cccc(C)c1C1=C(c2c(C)cccc2C)N(c2c(C(C)C)cccc2C(C)C)B(c2ccccc2)N1c1c(C(C)C)cccc1C(C)C,1,1,True,55
2953,CC(C)c1cccc(C(C)C)c1N1B(c2ccccc2)N(c2c(C(C)C)cccc2C(C)C)C(c2ccc(C(F)(F)F)cc2)=C1c1ccc(C(F)(F)F)cc1,1,1,True,63
2954,Cc1cc(C)c(N2B(c3ccccc3)N(c3c(C)cc(C)cc3C)C(c3ccccc3)=C2c2ccccc2)c(C)c1,1,1,True,52
2955,c1ccc(B2N(c3ccccc3)C(c3ccccc3)=C(c3ccccc3)N2c2ccccc2)cc1,1,1,True,42
2956,Cc1cc(C)c(B2N(c3c(C(C)C)cccc3C(C)C)C(c3ccccc3)=C(c3ccccc3)N2c2c(C(C)C)cccc2C(C)C)c(C)c1,1,1,True,61
2957,CC(C)c1cccc(C(C)C)c1N1B(c2ccc(B3N(c4c(C(C)C)cccc4C(C)C)C(c4ccc(C(F)(F)F)cc4)=C(c4ccc(C(F)(F)F)cc4)N3c3c(C(C)C)cccc3C(C)C)cc2)N(c2c(C(C)C)cccc2C(C)C)C(c2ccc(C(F)(F)F)cc2)=C1c1ccc(C(F)(F)F)cc1,1,1,True,60
2958,CC(C)c1cccc(C(C)C)c1N1C=CN(c2c(C(C)C)cccc2C(C)C)B1c1ccccc1,1,1,True,45
2959,c1cc2c3c(c1)-c1cccc4ccn(c14)B3n1ccc3cccc-2c31,1,1,True,49
2960,CC(C)(C)c1ccc2c(c1)c1cc(C(C)(C)C)cc3c1n2B1c2c-3cccc2-c2cc(C(C)(C)C)cc3c4cc(C(C)(C)C)ccc4n1c23,1,1,True,69
2961,CC(C)(C)c1cc2c3c(c1)-c1cccc4c1N(B3N1c3ccccc3Sc3cccc-2c31)c1ccccc1S4,1,1,True,70
2962,c1cc2c3c4c5c(cccc5cc3c1)-c1cccn1B4n1cccc1-2,1,1,True,52
2963,CCCc1ccc2c(c1)cc1n2B2c3c4c-1cccc4cc1cccc(c31)-c1cc3cc(CCC)ccc3n12,1,1,True,74
2964,CC(C)(C)c1cc2c3c(c1)c1cc(C(C)(C)C)cc4c1n3B1c3c-2cccc3-c2cc(C(C)(C)C)cc3c5cc(C(C)(C)C)cc-4c5n1c23,1,1,True,57
2965,c1ccc2c(c1)B1c3ccccc3-c3ccc4c5c3N1C1=C2c2ccccc2B(c2ccccc2-4)N15,1,1,True,53
2966,CC1=CB(c2ccccc2)N2B(c3ccccc3)C=C(C)c3cccc1c32,1,1,True,46
2967,CC1=CB(c2ccccc2)N2B(c3ccc(F)cc3)C=C(C)c3cccc1c32,1,1,True,59
2968,CC1=CB(c2ccccc2)N2B(c3ccc(C)cc3)C=C(C)c3cccc1c32,1,1,True,56
2969,CC1=CB(O)N2B(c3ccccc3)C=C(C)c3cccc1c32,1,1,True,56
2970,COc1ccc(C2=C(c3cc(OC)cc(OC)c3)C(c3ccc(OC)cc3)=[N+]3C2=Nc2c(-c4ccc(OC)cc4)c(-c4cc(OC)cc(OC)c4)c(-c4ccc(OC)cc4)n2[B-]3(F)F)cc1,1,1,True,106
2971,CCCCCCOc1ccc(C2=C(c3cc(OC)cc(OC)c3)C(c3ccc(OC)cc3)=[N+]3C2=Nc2c(-c4ccc(OCCCCCC)cc4)c(-c4cc(OC)cc(OC)c4)c(-c4ccc(OC)cc4)n2[B-]3(F)F)cc1,1,1,True,130
2972,CCCCCCOc1ccc(C2=C(c3ccc(C(C)(C)C)cc3)C(c3ccc(OC)cc3)=[N+]3C2=Nc2c(-c4ccc(OCCCCCC)cc4)c(-c4ccc(C(C)(C)C)cc4)c(-c4ccc(OC)cc4)n2[B-]3(F)F)cc1,1,1,True,128
2973,COc1ccc(C2=c3c(c4ccc(OC)cc4c4c(OC)cc(OC)cc34)=[N+]3C2=Nc2c(-c4ccc(OC)cc4)c4c5cc(OC)cc(OC)c5c5cc(OC)ccc5c4n2[B-]3(F)F)cc1,1,1,True,132
2974,CCCCCCOc1ccc(C2=c3c(c4ccc(OC)cc4c4c(OC)cc(OC)cc34)=[N+]3C2=Nc2c(-c4ccc(OCCCCCC)cc4)c4c5cc(OC)cc(OC)c5c5cc(OC)ccc5c4n2[B-]3(F)F)cc1,1,1,True,152
2975,CCCCCCOc1ccc(C2=c3c(c4ccc(OC)cc4c4cc(C(C)(C)C)ccc34)=[N+]3C2=Nc2c(-c4ccc(OCCCCCC)cc4)c4c5ccc(C(C)(C)C)cc5c5cc(OC)ccc5c4n2[B-]3(F)F)cc1,1,1,True,153
2976,c1ccc2c(c1)NB1Nc3ccccc3-c3cccc-2c31,1,1,True,39
2977,CCCCCCN1B2c3c(cccc3-c3ccccc3N2CCCCCC)-c2ccccc21,1,1,True,58
2978,c1cc2c3c(c1)-c1ccc4ccccc4c1NB3Nc1c-2ccc2ccccc12,1,1,True,54
2979,CCCCCCN1B2c3c(cccc3-c3cc(-c4ccccc4)ccc3N2CCCCCC)-c2cc(-c3ccccc3)ccc21,1,1,True,73
2980,CCCCCCN1B2c3c(cccc3-c3cc(-c4cccs4)ccc3N2CCCCCC)-c2cc(-c3cccs3)ccc21,1,1,True,77
2981,CCCCCCN1B2c3c(cccc3-c3cc4c(cc3N2CCCCCC)-c2cccc3c2B(N(CCCCCC)c2ccccc2-3)N4CCCCCC)-c2ccccc21,1,1,True,71
2982,Cc1ccc(C2=C(c3ccc(C)cc3)c3ccccc3B3Nc4ccccc4C=C32)cc1,1,1,True,72
2983,Fc1ccc(C2=C(c3ccc(F)cc3)c3ccccc3B3Nc4ccccc4C=C32)cc1,1,1,True,74
2984,FC(F)(F)c1ccc(C2=C(c3ccc(C(F)(F)F)cc3)c3ccccc3B3Nc4ccccc4C=C32)cc1,1,1,True,78
2985,CCCCC1=C(CCCC)c2ccccc2B2Nc3ccccc3C=C21,1,1,True,72
2986,Cc1ccc2c(c1)C(c1ccccc1)=C(c1ccccc1)C1=Cc3ccccc3NB12,1,1,True,73
2987,Fc1ccc2c(c1)C(c1ccccc1)=C(c1ccccc1)C1=Cc3ccccc3NB12,1,1,True,72
2988,C1=C2B(c3ccccc3C(c3ccccc3)=C2c2ccccc2)N(Cc2ccccc2)c2ccccc21,1,1,True,80
2989,CCCCN1B2C(=Cc3ccccc31)C(c1ccccc1)=C(c1ccccc1)c1ccccc12,1,1,True,78
2990,Cc1ccc2c(c1)N(Cc1ccccc1)B1C(=C2)C(c2ccccc2)=C(c2ccccc2)c2ccccc21,1,1,True,88
2991,COc1ccc(C2=C(c3ccc(OC)cc3)c3ccccc3B3C2=Cc2ccc(C)cc2N3Cc2ccccc2)cc1,1,1,True,98
2992,Fc1cccc2c1C=C1B(c3ccccc3C(c3ccccc3)=C1c1ccccc1)N2Cc1ccccc1,1,1,True,85
2993,C1=C2B(Nc3ccccc31)c1sccc1C(c1ccccc1)=C2c1ccccc1,1,1,True,71
2994,F[B-]1(F)N2C=CC=CC2=Nc2cccc[n+]21,1,1,True,53
2995,F[B-]1(F)n2cccc2C=C2C=CC=[N+]21,1,1,True,49
2996,[NH2+]=C1c2cccn2[B-](F)(F)n2cccc21,1,1,True,33
2997,NC1=C2C=CC=[N+]2[B-](F)(F)n2cccc21,1,1,True,52
2998,CNC1=C2C=CC=[N+]2[B-](F)(F)n2cccc21,1,1,True,56
2999,C#CCNC1=C2C=CC=[N+]2[B-](F)(F)n2cccc21,1,1,True,65
3000,C=CCNC1=C2C=CC=[N+]2[B-](F)(F)n2cccc21,1,1,True,65
3001,CN(C)C1=C2C=CC=[N+]2[B-](F)(F)n2cccc21,1,1,True,56
3002,Cc1cc(C)c(B2Nc3cccc4c3-n3c2ccc3B(c2c(C)cc(C)cc2C)N4)c(C)c1,1,1,True,56
3003,c1ccc(B2Nc3cccc4c3-n3c2ccc3B(c2ccccc2)N4)cc1,1,1,True,49
3004,CB1Nc2cccc3c2-n2c1ccc2B(C)N3,1,1,True,39
3005,B1Nc2cccc3c2-n2c1ccc2BN3,1,1,True,36
3006,CCCCc1ccc2cc3cc4ccccc4cc3cc2c1,1,1,True,52
3007,CCCCB1C=Cc2cc3cc4ccccc4cc3cc2N1,1,1,True,66
3008,c1ccc2cc3ccccc3cc2c1,1,1,True,16
3009,B1C=Cc2cc3ccccc3cc2N1,1,1,True,42
3010,B1C=Cc2cc3c(cc2N1)C=CBN3,1,1,True,28
3011,B1C=Cc2c(ccc3ccccc23)N1,1,1,True,44
3012,C1=Cc2c(ccc3ccccc23)NB1c1ccccc1,1,1,True,57
3013,B1C=Cc2ccc3ccccc3c2N1,1,1,True,44
3014,C1=Cc2ccc3ccccc3c2NB1c1ccccc1,1,1,True,57
3015,C1=CB2C=Cc3ccccc3N2C=C1,1,1,True,44
3016,C1=CB2C=Cc3cc4ccccc4cc3N2C=C1,1,1,True,55
3017,C1=Cc2ccccc2N2C=Cc3cc4ccccc4cc3B12,1,1,True,66
3018,C1=Cc2cc3ccccc3cc2N2C=Cc3cc4ccccc4cc3B12,1,1,True,68
3019,CN(CCO)c1ccc(/C=C/C(=O)c2ccc(NC(=O)Cc3ccccc3)cc2)cc1,1,1,True,83
3020,COC(=O)CCC(=O)Nc1ccc(C(=O)/C=C/c2ccc(N(C)CCO)cc2)cc1,1,1,True,81
3021,CN(CCO)c1ccc(/C=C/C(=O)c2ccc(NC(=O)c3c(F)cccc3F)cc2)cc1,1,1,True,82
3022,CN(CCO)c1ccc(/C=C/C(=O)c2ccc(NC(=O)c3ccc([N+](=O)[O-])cc3)cc2)cc1,1,1,True,85
3023,CCCCCC(=O)Nc1ccc(C(=O)/C=C/c2ccc(N(C)CCO)cc2)cc1,1,1,True,79
3024,C=CC(=O)Nc1ccc(C(=O)/C=C/c2ccc(N(C)CCO)cc2)cc1,1,1,True,72
3025,COCC(=O)Nc1ccc(C(=O)/C=C/c2ccc(N(C)CCO)cc2)cc1,1,1,True,76
3026,CCC(=O)Nc1ccc(C(=O)/C=C/c2ccc(N(C)CCO)cc2)cc1,1,1,True,71
3027,CN(CCO)c1ccc(/C=C/C(=O)c2ccc(NC(=O)C3CCC3)cc2)cc1,1,1,True,77
3028,Cc1ccc(F)c(C(=O)Nc2ccc(C(=O)/C=C/c3ccc(N(C)CCO)cc3)cc2)c1F,1,1,True,88
3029,CN(CCO)c1ccc(/C=C/C(=O)c2ccc(NC(=O)c3c(F)ccc(Cl)c3F)cc2)cc1,1,1,True,87
3030,CC(=O)Nc1ccc(C(=O)Nc2ccc(C(=O)/C=C/c3ccc(N(C)CCO)cc3)cc2)cc1,1,1,True,81
3031,CN(CCO)c1ccc(/C=C/C(=O)c2ccc(NC(=O)c3cccc(F)c3F)cc2)cc1,1,1,True,86
3032,CN(CCO)c1ccc(/C=C/C(=O)c2ccc(NC(=O)c3cc(I)ccc3F)cc2)cc1,1,1,True,88
3033,CN(CCO)c1ccc(/C=C/C(=O)c2ccc(NC(=O)c3cc([N+](=O)[O-])ccc3F)cc2)cc1,1,1,True,94
3034,CN(CCO)c1ccc(/C=C/C(=O)c2ccc(NC(=O)c3cc(F)cc(C(F)(F)F)c3)cc2)cc1,1,1,True,92
3035,CN(CCO)c1ccc(/C=C/C(=O)c2ccc(NC(=O)c3ccc(Br)cc3F)cc2)cc1,1,1,True,88
3036,CN(CCO)c1ccc(/C=C/C(=O)c2ccc(NC(=O)c3cc(F)ccc3F)cc2)cc1,1,1,True,86
3037,CN(CCO)c1ccc(/C=C/C(=O)c2ccc(NC(=O)/C=C/c3ccccc3Cl)cc2)cc1,1,1,True,90
3038,CN(CCO)c1ccc(/C=C/C(=O)c2ccc(NC(=O)c3cc(C(F)(F)F)ccc3Cl)cc2)cc1,1,1,True,93
3039,CN(CCO)c1ccc(/C=C/C(=O)c2ccc(NC(=O)c3ccc(-c4ccccc4F)o3)cc2)cc1,1,1,True,104
3040,COc1ccccc1C(=O)Nc1ccc(C(=O)/C=C/c2ccc(N(C)CCO)cc2)cc1,1,1,True,86
3041,CN(CCO)c1ccc(/C=C/C(=O)c2ccc(NC(=O)CCC3CCCC3)cc2)cc1,1,1,True,87
3042,CN(CCO)c1ccc(/C=C/C(=O)c2ccc(NC(=O)c3cc(F)c(F)cc3F)cc2)cc1,1,1,True,84
3043,CN(CCO)c1ccc(/C=C/C(=O)c2ccc(NC(=O)c3ccc(F)cc3C(F)(F)F)cc2)cc1,1,1,True,90
3044,Cc1cc(C(=O)Nc2ccc(C(=O)/C=C/c3ccc(N(C)CCO)cc3)cc2)ccc1F,1,1,True,86
3045,CN(CCO)c1ccc(/C=C/C(=O)c2ccc(NC(=O)c3ccc(Cl)cc3)cc2)cc1,1,1,True,80
3046,CN(CCO)c1ccc(/C=C/C(=O)c2ccc(NC(=O)Cc3ccc(F)cc3)cc2)cc1,1,1,True,86
3047,CCCCCCCCC(=O)Nc1ccc(C(=O)/C=C/c2ccc(N(C)CCO)cc2)cc1,1,1,True,87
3048,COc1cccc(C(=O)Nc2ccc(C(=O)/C=C/c3ccc(N(C)CCO)cc3)cc2)c1,1,1,True,89
3049,Cc1ccc(F)c(C(=O)Nc2ccc(C(=O)/C=C/c3ccc(N(C)CCO)cc3)cc2)c1Cl,1,1,True,90
3050,Cc1ccc(C(=O)Nc2ccc(C(=O)/C=C/c3ccc(N(C)CCO)cc3)cc2)cc1,1,1,True,79
3051,CCCCCCCCCC(=O)Nc1ccc(C(=O)/C=C/c2ccc(N(C)CCO)cc2)cc1,1,1,True,88
3052,COc1cc(C(=O)Nc2ccc(C(=O)/C=C/c3ccc(N(C)CCO)cc3)cc2)cc(Cl)n1,1,1,True,93
3053,CN(CCO)c1ccc(/C=C/C(=O)c2ccc(NC(=O)c3cncc(Br)c3)cc2)cc1,1,1,True,87
3054,CN(CCO)c1ccc(/C=C/C(=O)c2ccc(NC(=O)c3sc4ccccc4c3Cl)cc2)cc1,1,1,True,96
3055,CN(CCO)c1ccc(/C=C/C(=O)c2ccc(NC(=O)c3ccno3)cc2)cc1,1,1,True,84
3056,CN(CCO)c1ccc(/C=C/C(=O)c2ccc(NC(=O)c3c(C(F)(F)F)ccc(Cl)c3F)cc2)cc1,1,1,True,92
3057,CN(CCO)c1ccc(/C=C/C(=O)c2ccc(NC(=O)c3cc(Cl)ccc3F)cc2)cc1,1,1,True,87
3058,CN(CCO)c1ccc(/C=C/C(=O)c2ccc(NC(=O)COc3ccc(Cl)cc3)cc2)cc1,1,1,True,90
3059,CN(CCO)c1ccc(/C=C/C(=O)c2ccc(NC(=O)c3ccc(I)cc3)cc2)cc1,1,1,True,80
3060,COc1ccc(C(=O)Nc2ccc(C(=O)/C=C/c3ccc(N(C)CCO)cc3)cc2)cc1,1,1,True,83
3061,CC(C)c1ccc(C(=O)Nc2ccc(C(=O)/C=C/c3ccc(N(C)CCO)cc3)cc2)cc1,1,1,True,83
3062,CN(CCO)c1ccc(/C=C/C(=O)c2ccc(NC(=O)c3c(F)c(F)c(F)c(Br)c3F)cc2)cc1,1,1,True,89
3063,CCCCc1ccc(C(=O)Nc2ccc(C(=O)/C=C/c3ccc(N(C)CCO)cc3)cc2)cc1,1,1,True,89
3064,CN(CCO)c1ccc(/C=C/C(=O)c2ccc(NC(=O)c3sc4cc(F)ccc4c3Cl)cc2)cc1,1,1,True,103
3065,CN(CCO)c1ccc(/C=C/C(=O)c2ccc(NC(=O)C3CCCCC3)cc2)cc1,1,1,True,82
3066,CN(CCO)c1ccc(/C=C/C(=O)c2ccc(NC(=O)c3c(F)ccc(F)c3Cl)cc2)cc1,1,1,True,87
3067,CN(CCO)c1ccc(/C=C/C(=O)c2ccc(NC(=O)c3ccc(F)cc3)cc2)cc1,1,1,True,80
3068,CN(CCO)c1ccc(/C=C/C(=O)c2ccc(NC(=O)c3cccc(F)c3)cc2)cc1,1,1,True,85
3069,CN(CCO)c1ccc(/C=C/C(=O)c2ccc(NC(=O)c3ccc(-c4ccccc4)o3)cc2)cc1,1,1,True,97
3070,CN(CCO)c1ccc(/C=C/C(=O)c2ccc(NC(=O)c3ccc(F)c(Cl)c3)cc2)cc1,1,1,True,87
3071,CN(CCO)c1ccc(/C=C/C(=O)c2ccc(NC(=O)c3ccc(F)cc3F)cc2)cc1,1,1,True,86
3072,CSc1ncccc1C(=O)Nc1ccc(C(=O)/C=C/c2ccc(N(C)CCO)cc2)cc1,1,1,True,88
3073,CN(CCO)c1ccc(/C=C/C(=O)c2ccc(NC(=O)CCCCCCl)cc2)cc1,1,1,True,83
3074,CCOc1ccccc1C(=O)Nc1ccc(C(=O)/C=C/c2ccc(N(C)CCO)cc2)cc1,1,1,True,88
3075,CN(CCO)c1ccc(/C=C/C(=O)c2ccc(NC(=O)c3ccc([N+](=O)[O-])cc3Cl)cc2)cc1,1,1,True,92
3076,CN(CCO)c1ccc(/C=C/C(=O)c2ccc(NC(=O)c3ccc(C(F)(F)F)cc3F)cc2)cc1,1,1,True,91
3077,CN(CCO)c1ccc(/C=C/C(=O)c2ccc(NC(=O)c3cc(F)c(Cl)cc3Cl)cc2)cc1,1,1,True,88
3078,CN(CCO)c1ccc(/C=C/C(=O)c2ccc(NC(=O)CC3CCCC3)cc2)cc1,1,1,True,85
3079,Cc1ccccc1C(=O)Nc1ccc(C(=O)/C=C/c2ccc(N(C)CCO)cc2)cc1,1,1,True,81
3080,CN(CCO)c1ccc(/C=C/C(=O)c2ccc(NC(=O)c3ccc(Cl)cc3Cl)cc2)cc1,1,1,True,85
3081,Cc1onc(-c2ccccc2)c1C(=O)Nc1ccc(C(=O)/C=C/c2ccc(N(C)CCO)cc2)cc1,1,1,True,98
3082,CN(CCO)c1ccc(/C=C/C(=O)c2ccc(NC(=O)c3cc(C(F)(F)F)ccc3F)cc2)cc1,1,1,True,92
3083,CCCCCCOc1ccc(C(=O)Nc2ccc(C(=O)/C=C/c3ccc(N(C)CCO)cc3)cc2)cc1,1,1,True,99
3084,CN(CCO)c1ccc(/C=C/C(=O)c2ccc(NC(=O)c3ccc(-c4ccc(Cl)c([N+](=O)[O-])c4)o3)cc2)cc1,1,1,True,114
3085,COc1ccc(C(=O)Nc2ccc(C(=O)/C=C/c3ccc(N(C)CCO)cc3)cc2)cc1C(F)(F)F,1,1,True,94
3086,CN(CCO)c1ccc(/C=C/C(=O)c2ccc(NC(=O)c3cc(F)ccc3Cl)cc2)cc1,1,1,True,87
3087,CC(Oc1ccccc1)C(=O)Nc1ccc(C(=O)/C=C/c2ccc(N(C)CCO)cc2)cc1,1,1,True,90
3088,CN(CCO)c1ccc(/C=C/C(=O)c2ccc(NC(=O)c3cccc(Cl)c3F)cc2)cc1,1,1,True,88
3089,CN(CCO)c1ccc(/C=C/C(=O)c2ccc(NC(=O)c3cc(C(F)(F)F)cc(Cl)c3F)cc2)cc1,1,1,True,96
3090,CN(CCO)c1ccc(/C=C/C(=O)c2ccc(NC(=O)c3cccc(C(F)(F)F)c3F)cc2)cc1,1,1,True,91
3091,Cc1ccc(C(=O)Nc2ccc(C(=O)/C=C/c3ccc(N(C)CCO)cc3)cc2)cc1F,1,1,True,85
3092,CN(CCO)c1ccc(/C=C/C(=O)c2ccc(NC(=O)c3ccccc3F)cc2)cc1,1,1,True,83
3093,CCCCCCCCCCc1ccc(C(=O)Nc2ccc(C(=O)/C=C/c3ccc(N(C)CCO)cc3)cc2)cc1,1,1,True,100
3094,CN(CCO)c1ccc(/C=C/C(=O)c2ccc(NC(=O)c3ccc(-c4cccc([N+](=O)[O-])c4)o3)cc2)cc1,1,1,True,110
3095,Cc1ccc(F)cc1C(=O)Nc1ccc(C(=O)/C=C/c2ccc(N(C)CCO)cc2)cc1,1,1,True,87
3096,CN(CCO)c1ccc(/C=C/C(=O)c2ccc(NC(=O)c3ccc(F)c(C(F)(F)F)c3)cc2)cc1,1,1,True,90
3097,CCCCCCc1ccc(C(=O)Nc2ccc(C(=O)/C=C/c3ccc(N(C)CCO)cc3)cc2)cc1,1,1,True,94
3098,CN(CCO)c1ccc(/C=C/C(=O)c2ccc(NC(=O)c3c(F)cccc3C(F)(F)F)cc2)cc1,1,1,True,91
3099,CCOc1ccc2ccccc2c1C(=O)Nc1ccc(C(=O)/C=C/c2ccc(N(C)CCO)cc2)cc1,1,1,True,101
3100,Cc1ccc(C(=O)Nc2ccc(C(=O)/C=C/c3ccc(N(C)CCO)cc3)cc2)c(F)c1F,1,1,True,86
3101,CN(CCO)c1ccc(/C=C/C(=O)c2ccc(NC(=O)c3c(F)c(F)c(F)c(F)c3F)cc2)cc1,1,1,True,82
3102,COC(=O)CCCC(=O)Nc1ccc(C(=O)/C=C/c2ccc(N(C)CCO)cc2)cc1,1,1,True,84
3103,CN(CCO)c1ccc(/C=C/C(=O)c2ccc(NC(=O)c3cccc(Cl)c3)cc2)cc1,1,1,True,85
3104,CC(=O)OCC(=O)Nc1ccc(C(=O)/C=C/c2ccc(N(C)CCO)cc2)cc1,1,1,True,80
3105,Cc1cccc(C(=O)Nc2ccc(C(=O)/C=C/c3ccc(N(C)CCO)cc3)cc2)c1C,1,1,True,85
3106,CN(CCO)c1ccc(/C=C/C(=O)c2ccc(NC(=O)c3c(F)c(F)c(F)c(F)c3Br)cc2)cc1,1,1,True,89
3107,CN(CCO)c1ccc(/C=C/C(=O)c2ccc(NC(=O)c3ccc(F)c(Cl)c3F)cc2)cc1,1,1,True,89
3108,CCCCCCCCCc1ccc(C(=O)Nc2ccc(C(=O)/C=C/c3ccc(N(C)CCO)cc3)cc2)cc1,1,1,True,99
3109,Cc1cccc(C(=O)Nc2ccc(C(=O)/C=C/c3ccc(N(C)CCO)cc3)cc2)c1,1,1,True,84
3110,CC(=O)Oc1ccccc1C(=O)Nc1ccc(C(=O)/C=C/c2ccc(N(C)CCO)cc2)cc1,1,1,True,90
3111,Cc1ccc(Cl)c(C(=O)Nc2ccc(C(=O)/C=C/c3ccc(N(C)CCO)cc3)cc2)c1F,1,1,True,90
3112,CN(CCO)c1ccc(/C=C/C(=O)c2ccc(NC(=O)c3cc(Cl)cc(Cl)c3)cc2)cc1,1,1,True,82
3113,CN(CCO)c1ccc(/C=C/C(=O)c2ccc(NC(=O)c3ccc(-c4cc([N+](=O)[O-])ccc4Cl)o3)cc2)cc1,1,1,True,115
3114,CN(CCO)c1ccc(/C=C/C(=O)c2ccc(NC(=O)c3ccc(Cl)nc3)cc2)cc1,1,1,True,85
3115,CN(CCO)c1ccc(/C=C/C(=O)c2ccc(NC(=O)c3ccc(-c4ccccc4[N+](=O)[O-])o3)cc2)cc1,1,1,True,109
3116,CN(CCO)c1ccc(/C=C/C(=O)c2ccc(NC(=O)c3cnccn3)cc2)cc1,1,1,True,86
3117,CN(CCO)c1ccc(/C=C/C(=O)c2ccc(NC(=O)c3cccc(Cl)c3Cl)cc2)cc1,1,1,True,86
3118,CN(CCO)c1ccc(/C=C/C(=O)c2ccc(NC(=O)c3ccc(Br)cc3)cc2)cc1,1,1,True,80
3119,CN(CCO)c1ccc(/C=C/C(=O)c2ccc(NC(=O)c3cc(C(F)(F)F)cc(C(F)(F)F)c3)cc2)cc1,1,1,True,87
3120,CN(CCO)c1ccc(/C=C/C(=O)c2ccc(NC(=O)CCc3ccccc3)cc2)cc1,1,1,True,86
3121,CN(CCO)c1ccc(/C=C/C(=O)c2ccc(NC(=O)Cc3ccc(Cl)cc3)cc2)cc1,1,1,True,85
3122,CN(CCO)c1ccc(/C=C/C(=O)c2ccc(NC(=O)c3c(F)c(F)c(Cl)c(F)c3F)cc2)cc1,1,1,True,86
3123,CCCCOc1ccc(C(=O)Nc2ccc(C(=O)/C=C/c3ccc(N(C)CCO)cc3)cc2)cc1,1,1,True,92
3124,CN(CCO)c1ccc(/C=C/C(=O)c2ccc(NC(=O)c3cc(F)ccc3C(F)(F)F)cc2)cc1,1,1,True,91
3125,Cc1onc(-c2c(F)cccc2Cl)c1C(=O)Nc1ccc(C(=O)/C=C/c2ccc(N(C)CCO)cc2)cc1,1,1,True,106
3126,CN(CCO)c1ccc(/C=C/C(=O)c2ccc(NC(=O)c3ccc(-c4ccccc4)cc3)cc2)cc1,1,1,True,88
3127,CN(CCO)c1ccc(/C=C/C(=O)c2ccc(NC(=O)c3ccc(-c4ccc([N+](=O)[O-])cc4Cl)o3)cc2)cc1,1,1,True,114
3128,CN(CCO)c1ccc(/C=C/C(=O)c2ccc(NC(=O)c3ccc(Cl)c(Cl)c3)cc2)cc1,1,1,True,83
3129,CCCCC(CC)C(=O)Nc1ccc(C(=O)/C=C/c2ccc(N(C)CCO)cc2)cc1,1,1,True,85
3130,CCCc1ccc(C(=O)Nc2ccc(C(=O)/C=C/c3ccc(N(C)CCO)cc3)cc2)cc1,1,1,True,85
3131,CN(CCO)c1ccc(/C=C/C(=O)c2ccc(NC(=O)c3c(F)cccc3Cl)cc2)cc1,1,1,True,88
3132,CN(CCO)c1ccc(/C=C/C(=O)c2ccc(NC(=O)c3ccc(C(F)(F)F)c(F)c3)cc2)cc1,1,1,True,90
3133,CN(CCO)c1ccc(/C=C/C(=O)c2ccc(NC(=O)c3cccc(Br)c3)cc2)cc1,1,1,True,85
3134,CCCCCc1ccc(C(=O)Nc2ccc(C(=O)/C=C/c3ccc(N(C)CCO)cc3)cc2)cc1,1,1,True,92
3135,CN(CCO)c1ccc(/C=C/C(=O)c2ccc(NC(=O)c3ccccc3I)cc2)cc1,1,1,True,83
3136,CN(CCO)c1ccc(/C=C/C(=O)c2ccc(NC(=O)c3ccccc3Br)cc2)cc1,1,1,True,83
3137,CN(CCO)c1ccc(/C=C/C(=O)c2ccc(NC(=O)C3CC3)cc2)cc1,1,1,True,76
3138,CN(CCO)c1ccc(/C=C/C(=O)c2ccc(NC(=O)c3ccc(F)cc3Cl)cc2)cc1,1,1,True,87
3139,CN(CCO)c1ccc(/C=C/C(=O)c2ccc(NC(=O)c3cccnc3Cl)cc2)cc1,1,1,True,87
3140,CN(CCO)c1ccc(/C=C/C(=O)c2ccc(NC(=O)C3CCCC3)cc2)cc1,1,1,True,80
3141,Cc1occc1C(=O)Nc1ccc(C(=O)/C=C/c2ccc(N(C)CCO)cc2)cc1,1,1,True,81
3142,CN(CCO)c1ccc(/C=C/C(=O)c2ccc(NC(=O)c3cccn3C)cc2)cc1,1,1,True,83
3143,CCCCCCCc1ccc(C(=O)Nc2ccc(C(=O)/C=C/c3ccc(N(C)CCO)cc3)cc2)cc1,1,1,True,96
3144,CN(CCO)c1ccc(/C=C/C(=O)c2ccc(NC(=O)c3ccc([N+](=O)[O-])o3)cc2)cc1,1,1,True,90
3145,CN(CCO)c1ccc(/C=C/C(=O)c2ccc(NC(=O)c3cccs3)cc2)cc1,1,1,True,83
3146,CN(CCO)c1ccc(/C=C/C(=O)c2ccc(NC(=O)c3ccc(C(F)(F)F)cc3)cc2)cc1,1,1,True,82
3147,COc1cc(C(=O)Nc2ccc(C(=O)/C=C/c3ccc(N(C)CCO)cc3)cc2)cc(OC)c1OC,1,1,True,86
3148,CN(CCO)c1ccc(/C=C/C(=O)c2ccc(NC(=O)c3c(F)cc(F)cc3F)cc2)cc1,1,1,True,84
3149,CN(CCO)c1ccc(/C=C/C(=O)c2ccc(NC(=O)c3ccccc3Cl)cc2)cc1,1,1,True,82
3150,C=CCCC(=O)Nc1ccc(C(=O)/C=C/c2ccc(N(C)CCO)cc2)cc1,1,1,True,79
3151,CN(CCO)c1ccc(/C=C/C(=O)c2ccc(NC(=O)c3ccccc3)cc2)cc1,1,1,True,78
3152,CN(CCO)c1ccc(/C=C/C(=O)c2ccc(NC(=O)N3CCOCC3)cc2)cc1,1,1,True,85
3153,CN(CCO)c1ccc(/C=C/C(=O)c2ccc(NC(=O)/C=C/c3ccccc3)cc2)cc1,1,1,True,83
3154,COc1ccc(CCC(=O)Nc2ccc(C(=O)/C=C/c3ccc(N(C)CCO)cc3)cc2)cc1,1,1,True,93
3155,Cc1ccsc1C(=O)Nc1ccc(C(=O)/C=C/c2ccc(N(C)CCO)cc2)cc1,1,1,True,83
3156,CN(CCO)c1ccc(/C=C/C(=O)c2ccc(NC(=O)c3ccc(-c4cc(Cl)ccc4Cl)o3)cc2)cc1,1,1,True,106
3157,Cc1ccc(C(=O)Nc2ccc(C(=O)/C=C/c3ccc(N(C)CCO)cc3)cc2)c(Cl)n1,1,1,True,86
3158,CN(CCO)c1ccc(/C=C/C(=O)c2ccc(NC(=O)c3sc(Cl)c(Cl)c3Cl)cc2)cc1,1,1,True,84
3159,Cc1cc(C(=O)Nc2ccc(C(=O)/C=C/c3ccc(N(C)CCO)cc3)cc2)no1,1,1,True,85
3160,Cc1ccc(C(=O)Nc2ccc(C(=O)/C=C/c3ccc(N(C)CCO)cc3)cc2)o1,1,1,True,83
3161,C/C=C/C(=O)Nc1ccc(C(=O)/C=C/c2ccc(N(C)CCO)cc2)cc1,1,1,True,74
3162,CN(CCO)c1ccc(/C=C/C(=O)c2ccc(NC(=O)c3ccc(-c4ccc(F)cc4)o3)cc2)cc1,1,1,True,100
3163,CN(CCO)c1ccc(/C=C/C(=O)c2ccc(NC(=O)c3ccc(-c4cccc(Cl)c4Cl)o3)cc2)cc1,1,1,True,107
3164,CN(CCO)c1ccc(/C=C/C(=O)c2ccc(NC(=O)CCCCCBr)cc2)cc1,1,1,True,82
3165,CCCCCCCCCCCC(=O)Nc1ccc(C(=O)/C=C/c2ccc(N(C)CCO)cc2)cc1,1,1,True,89
3166,CN(CCO)c1ccc(/C=C/C(=O)c2ccc(NC(=O)c3cccc(I)c3)cc2)cc1,1,1,True,85
3167,CN(CCO)c1ccc(/C=C/C(=O)c2ccc(NC(=O)C(C)(C)C)cc2)cc1,1,1,True,72
3168,CCCCCCC(=O)Nc1ccc(C(=O)/C=C/c2ccc(N(C)CCO)cc2)cc1,1,1,True,83
3169,COc1ccc(OC)c(C(=O)Nc2ccc(C(=O)/C=C/c3ccc(N(C)CCO)cc3)cc2)c1,1,1,True,92
3170,CC(=O)OC(CC(=O)Nc1ccc(C(=O)/C=C/c2ccc(N(C)CCO)cc2)cc1)c1ccccc1,1,1,True,96
3171,CCCCCCCOc1ccc(C(=O)Nc2ccc(C(=O)/C=C/c3ccc(N(C)CCO)cc3)cc2)cc1,1,1,True,101
3172,CN(CCO)c1ccc(/C=C/C(=O)c2ccc(NC(=O)c3ccco3)cc2)cc1,1,1,True,82
3173,CN(CCO)c1ccc(/C=C/C(=O)c2ccc(NC(=O)c3cccnc3)cc2)cc1,1,1,True,84
3174,C=CCCCCCCC(=O)Nc1ccc(C(=O)/C=C/c2ccc(N(C)CCO)cc2)cc1,1,1,True,89
3175,CN(CCO)c1ccc(/C=C/C(=O)c2ccc(NC(=O)C3C=CCCC3)cc2)cc1,1,1,True,88
3176,O=S(=O)([O-])c1ccccc1C=Cc1ccc(-c2ccc(C=Cc3ccccc3S(=O)(=O)[O-])cc2)cc1.[Na+].[Na+],1,1,True,46
3177,C=C[C@H]1C[N@@]2CC[C@H]1C[C@H]2[C@H](O)c1ccnc2ccc(OC)cc12,1,1,True,80
3178,c1ccc(-n2nc3ccccc3n2)cc1,1,1,True,31
3179,O=C(c1ccccc1)c1nn(-c2ccccc2)nc1-c1ccccc1,1,1,True,56
3180,Oc1ccc2ccccc2c1-c1nn(-c2ccccc2)nc1C1=CCCCC1,1,1,True,78
3181,C=C(c1ccccc1)c1nn(-c2ccccc2)nc1-c1ccccc1,1,1,True,56
3182,c1ccc(-c2cnn(-c3ccccc3)n2)cc1,1,1,True,42
3183,c1ccc(Cc2nn(-c3ccccc3)nc2-c2ccccc2)cc1,1,1,True,54
3184,CC(c1ccccc1)c1nn(-c2ccccc2)nc1-c1ccccc1,1,1,True,56
3185,N#Cc1ccc(-n2ncc(-c3ccccc3)n2)cc1,1,1,True,53
3186,Fc1ccc(-n2ncc(-c3ccccc3)n2)cc1,1,1,True,50
3187,Clc1ccc(-n2ncc(-c3ccccc3)n2)cc1,1,1,True,49
3188,COc1ccc(-n2ncc(-c3ccccc3)n2)cc1,1,1,True,53
3189,O=[N+]([O-])c1ccc(-n2ncc(-c3ccccc3)n2)cc1,1,1,True,56
3190,O=C(c1ccccc1)c1ccc(-n2ncc(-c3ccccc3)n2)cc1,1,1,True,61
3191,c1ccc(-c2cnn(-c3ccncc3)n2)cc1,1,1,True,48
3192,c1ccc(-c2cnn(-c3ccccn3)n2)cc1,1,1,True,48
3193,c1ccc(-c2cnn(-c3cccc4ccccc34)n2)cc1,1,1,True,59
3194,Fc1ccc(-c2cnn(-c3ccccc3)n2)cc1,1,1,True,49
3195,N#Cc1ccc(-n2ncc(-c3ccc(F)cc3)n2)cc1,1,1,True,56
3196,Fc1ccc(-c2cnn(-c3ccc(F)cc3)n2)cc1,1,1,True,47
3197,Fc1ccc(-c2cnn(-c3ccc(Cl)cc3)n2)cc1,1,1,True,52
3198,COc1ccc(-n2ncc(-c3ccc(F)cc3)n2)cc1,1,1,True,56
3199,COc1ccc(-c2cnn(-c3ccccc3)n2)cc1,1,1,True,53
3200,COc1ccc(-c2cnn(-c3ccc(C#N)cc3)n2)cc1,1,1,True,60
3201,COc1ccc(-c2cnn(-c3ccc(F)cc3)n2)cc1,1,1,True,57
3202,COc1ccc(-c2cnn(-c3ccc(Cl)cc3)n2)cc1,1,1,True,56
3203,COc1ccc(-c2cnn(-c3ccc(OC)cc3)n2)cc1,1,1,True,51
3204,Clc1ccc(-c2cnn(-c3ccccc3)n2)cc1,1,1,True,49
3205,N#Cc1ccc(-n2ncc(-c3ccc(Cl)cc3)n2)cc1,1,1,True,56
3206,Fc1ccc(-n2ncc(-c3ccc(Cl)cc3)n2)cc1,1,1,True,53
3207,Clc1ccc(-c2cnn(-c3ccc(Cl)cc3)n2)cc1,1,1,True,46
3208,COc1ccc(-n2ncc(-c3ccc(Cl)cc3)n2)cc1,1,1,True,56
3209,C=C(c1ccccc1)c1nn(-c2ccc(-n3nc(C(=C)c4ccccc4)c(-c4ccccc4)n3)cc2)nc1-c1ccccc1,1,1,True,55
3210,COC(=O)C(CCCCNC(=O)Cc1ccc(-n2ncc(-c3ccccc3)n2)cc1)NC(=O)OC(C)(C)C,1,1,True,107
3211,CN(C)c1ccc(-n2ncc(-c3ccccc3)n2)cc1,1,1,True,54
3212,c1ccc(-c2cnn(-c3ccc(N(c4ccccc4)c4ccccc4)cc3)n2)cc1,1,1,True,59
3213,N#Cc1nn(-c2ccc(N(c3ccccc3)c3ccccc3)cc2)nc1-c1ccccc1,1,1,True,63
3214,CC(=O)c1nn(-c2ccc(N(c3ccccc3)c3ccccc3)cc2)nc1-c1ccccc1,1,1,True,65
3215,O=C(c1ccccc1)c1nn(-c2ccc(N(c3ccccc3)c3ccccc3)cc2)nc1-c1ccccc1,1,1,True,71
3216,CCOC(=O)c1nn(-c2ccc(N(c3ccccc3)c3ccccc3)cc2)nc1-c1ccccc1,1,1,True,72
3217,COc1ccc(-n2nc(C(=O)c3ccccc3)c(-c3ccccc3)n2)cc1,1,1,True,67
3218,CN(C)c1ccc(-n2nc(C(=O)c3ccccc3)c(-c3ccccc3)n2)cc1,1,1,True,66
3219,O=C(c1ccccc1)c1nn(-c2ccc(-n3c4ccccc4c4ccccc43)cc2)nc1-c1ccccc1,1,1,True,78
3220,O=C(c1ccc(F)cc1)c1nn(-c2ccc(N(c3ccccc3)c3ccccc3)cc2)nc1-c1ccccc1,1,1,True,79
3221,O=C(c1ccc(Cl)cc1)c1nn(-c2ccc(N(c3ccccc3)c3ccccc3)cc2)nc1-c1ccccc1,1,1,True,79
3222,O=C(c1ccc(Br)cc1)c1nn(-c2ccc(N(c3ccccc3)c3ccccc3)cc2)nc1-c1ccccc1,1,1,True,79
3223,O=C(c1nn(-c2ccc(N(c3ccccc3)c3ccccc3)cc2)nc1-c1ccccc1)c1c(F)c(F)c(F)c(F)c1F,1,1,True,80
3224,O=C(c1ccc2ccccc2c1)c1nn(-c2ccc(N(c3ccccc3)c3ccccc3)cc2)nc1-c1ccccc1,1,1,True,88
3225,C[Si](C)(C)c1ccc(-c2nn(-c3ccc(N(c4ccccc4)c4ccccc4)cc3)nc2C(=O)c2ccccc2)cc1,1,1,True,81
3226,O=C(c1ccccc1)c1cnn(-c2ccc(N(c3ccccc3)c3ccccc3)cc2)n1,1,1,True,65
3227,O=C(c1ccccc1)c1nn(-c2ccc(N(c3ccccc3)c3ccccc3)cc2)nc1-c1ccc(N(c2ccccc2)c2ccccc2)cc1,1,1,True,73
3228,O=C(c1ccccc1F)c1nn(-c2ccc(N(c3ccccc3)c3ccccc3)cc2)nc1-c1ccccc1,1,1,True,79
3229,O=C(c1nn(-c2ccc(N(c3ccccc3)c3ccccc3)cc2)nc1-c1ccccc1)c1c(F)cccc1F,1,1,True,79
3230,CC1=CC(C)=[N+]2C1=Cc1c(C)cc(C)n1[B-]2(F)F,1,1,True,51
3231,Cc1cc2c(o1)=CC1=Cc3cc4oc(C)cc4n3[B-](F)(F)[N+]=21,1,1,True,71
3232,Cc1cc2c(o1)=CC1=C(C(F)(F)F)c3cc4oc(C)cc4n3[B-](F)(F)[N+]=21,1,1,True,75
3233,COc1ccc(-c2cc3c(o2)=CC2=Cc4cc5oc(-c6ccc(OC)cc6)cc5n4[B-](F)(F)[N+]=32)cc1,1,1,True,93
3234,COc1ccc(-c2cc3c(o2)=CC2=C(C(F)(F)F)c4cc5oc(-c6ccc(OC)cc6)cc5n4[B-](F)(F)[N+]=32)cc1,1,1,True,97
3235,F[B-]1(F)n2c(cc3oc(-c4ccccc4)cc32)C=C2C=c3oc(-c4ccccc4)cc3=[N+]21,1,1,True,86
3236,COc1ccccc1-c1cc2c(o1)=CC1=Cc3cc4oc(-c5ccccc5OC)cc4n3[B-](F)(F)[N+]=21,1,1,True,96
3237,CC(C)c1ccc(-c2cc3c(o2)=CC2=Cc4cc5oc(-c6ccc(C(C)C)cc6)cc5n4[B-](F)(F)[N+]=32)cc1,1,1,True,94
3238,CC(C)c1ccccc1-c1cc2c(o1)=CC1=Cc3cc4oc(-c5ccccc5C(C)C)cc4n3[B-](F)(F)[N+]=21,1,1,True,95
3239,COc1ccc(OC)c(-c2cc3c(o2)=CC2=Cc4cc5oc(-c6cc(OC)ccc6OC)cc5n4[B-](F)(F)[N+]=32)c1,1,1,True,100
3240,COc1ccc(-c2cc3c(o2)=CC2=Cc4cc5oc(-c6ccc(OC)cc6OC)cc5n4[B-](F)(F)[N+]=32)c(OC)c1,1,1,True,99
3241,Cc1cc2c(o1)=CC1=Cc3c(C)cc(C)n3[B-](F)(F)[N+]=21,1,1,True,64
3242,Cc1cc2c(cc3n2[B-](F)(F)[N+]2=c4cc(-c5ccccc5)oc4=CC2=C3)o1,1,1,True,86
3243,COc1ccc(-c2cc3c(o2)=CC2=Cc4c(C)cc(C)n4[B-](F)(F)[N+]=32)c(OC)c1,1,1,True,91
3244,CC(=O)c1ccn2c3c(c(-c4ccc(N)cc4)c2c1)CN(CCCNC(=O)OC(C)(C)C)C3=O,1,1,True,98
3245,COc1ccc(-c2c3c(n4ccc(C(C)=O)cc24)C(=O)N(CCCNC(=O)OC(C)(C)C)C3)cc1,1,1,True,100
3246,CC(=O)c1ccn2c3c(c(-c4ccc(C)cc4)c2c1)CN(CCCNC(=O)OC(C)(C)C)C3=O,1,1,True,96
3247,CC(=O)c1ccn2c3c(c(-c4ccccc4)c2c1)CN(CCCNC(=O)OC(C)(C)C)C3=O,1,1,True,94
3248,CC(=O)c1ccn2c3c(c(-c4ccc(F)cc4)c2c1)CN(CCCNC(=O)OC(C)(C)C)C3=O,1,1,True,98
3249,CC(=O)c1ccn2c3c(c(-c4ccc(C(F)(F)F)cc4)c2c1)CN(CCCNC(=O)OC(C)(C)C)C3=O,1,1,True,101
3250,CC(=O)c1ccn2c3c(c(-c4ccc(C#N)cc4)c2c1)CN(CCCNC(=O)OC(C)(C)C)C3=O,1,1,True,102
3251,CC(=O)c1ccn2c3c(c(-c4ccc(C#N)c(C#N)c4)c2c1)CN(CCCNC(=O)OC(C)(C)C)C3=O,1,1,True,107
3252,CCCNc1ccc(C)c2c1=NC(C)(C)N=2,1,1,True,47
3253,CCCNc1ccc([N+](=O)[O-])c2n[nH]nc12,1,1,True,52
3254,CCCNc1ccc([N+](=O)[O-])c2nsnc12,1,1,True,53
3255,CCCNc1ccc([N+](=O)[O-])c2n[se]nc12,1,1,True,53
3256,CCCNc1ccc([N+](=O)[O-])c2c1=NC1(CCCCC1)N=2,1,1,True,64
3257,CCCNc1ccc([N+](=O)[O-])c2nonc12,1,1,True,53
3258,Cc1cc(-c2ccccc2)[o+]c2cc(N(C)C)ccc12,1,1,True,56
3259,CN(C)c1ccc2c(c1)OC(c1ccccc1)=C/C2=C/c1cc(-c2ccccc2)[o+]c2cc(N(C)C)ccc12,1,1,True,99
3260,CN(C)c1ccc2c(c1)OC(c1ccccc1)=C/C2=C\C=C\c1cc(-c2ccccc2)[o+]c2cc(N(C)C)ccc12,1,1,True,104
3261,CN(C)c1ccc2c(c1)OC(c1ccccc1)=C/C2=C\C=C\C=C\c1cc(-c2ccccc2)[o+]c2cc(N(C)C)ccc12,1,1,True,112
3262,CN(C)c1ccc2c(c1)OC(c1ccccc1)=C/C2=C\C=C1/CCCC(/C=C/c2cc(-c3ccccc3)[o+]c3cc(N(C)C)ccc23)=C1Cl,1,1,True,130
3263,c1ccc(-c2oc3cccc4[n+]3c2-c2ccccc2-4)cc1,1,1,True,57
3264,Fc1ccc(-c2oc3cccc4[n+]3c2-c2ccccc2-4)cc1,1,1,True,62
3265,Clc1ccc(-c2oc3cccc4[n+]3c2-c2ccccc2-4)cc1,1,1,True,62
3266,COc1cccc(-c2oc3cccc4[n+]3c2-c2ccccc2-4)c1,1,1,True,67
3267,COc1ccc(-c2oc3cccc4[n+]3c2-c2ccccc2-4)cc1,1,1,True,65
3268,c1ccc2c(c1)-c1cccc3oc(-c4ccc5ccccc5c4)c-2[n+]13,1,1,True,71
3269,C1=CCC2C=c3ccccc3=C(c3oc4cccc5[n+]4c3-c3ccccc3-5)C2=C1,1,1,True,88
3270,CN(C)c1ccc(-c2oc3cccc4[n+]3c2-c2ccccc2-4)cc1,1,1,True,66
3271,C1=CC2=CC=C3C(c4oc5cccc6[n+]5c4-c4ccccc4-6)=CC=C4C=CC(=C1)C2C43,1,1,True,93
3272,C=CCNc1cc2c3c(ccc4c3c1C(=O)N(CC=C)C4=O)C(=O)N(CC=C)C2=O,1,1,True,70
3273,C=CCNc1cc2c3c(c(NC=C)cc4c3c1C(=O)N(CC=C)C4=O)C(=O)N(CC=C)C2=O,1,1,True,68
3274,O=P1(c2ccccc2)c2cccc3cccc(c23)-c2cccc3cccc1c23,1,1,True,47
3275,CCOP1(=O)c2cccc3cccc(c23)-c2cccc3cccc1c23,1,1,True,46
3276,Cc1cc(C)c(OP2(=O)c3cccc4cccc(c34)-c3cccc4cccc2c34)c(C)c1,1,1,True,59
3277,COc1ccc(/C=N/N=C/c2ccc(OC)cc2OCc2ccccc2[N+](=O)[O-])c(OCc2ccccc2[N+](=O)[O-])c1,1,1,True,69
3278,O=[N+]([O-])c1ccccc1COc1ccccc1/C=N/N=C/c1ccccc1OCc1ccccc1[N+](=O)[O-],1,1,True,59
3279,O=[N+]([O-])c1ccccc1COc1ccc(Cl)cc1/C=N/N=C/c1cc(Cl)ccc1OCc1ccccc1[N+](=O)[O-],1,1,True,66
3280,COc1ccc(/C=N/N=C/c2ccc(OC)cc2OCC(=O)c2ccccc2)c(OCC(=O)c2ccccc2)c1,1,1,True,66
3281,O=C(COc1ccccc1/C=N/N=C/c1ccccc1OCC(=O)c1ccccc1)c1ccccc1,1,1,True,54
3282,O=C(COc1ccc(Cl)cc1/C=N/N=C/c1cc(Cl)ccc1OCC(=O)c1ccccc1)c1ccccc1,1,1,True,62
3283,COc1ccc(/C=N/N=C/c2ccc(OC)cc2OCc2cc(=O)oc3cc(OC)ccc23)c(OCc2cc(=O)oc3cc(OC)ccc23)c1,1,1,True,79
3284,COc1ccc2c(COc3ccccc3/C=N/N=C/c3ccccc3OCc3cc(=O)oc4cc(OC)ccc34)cc(=O)oc2c1,1,1,True,80
3285,COc1ccc2c(COc3ccc(Cl)cc3/C=N/N=C/c3cc(Cl)ccc3OCc3cc(=O)oc4cc(OC)ccc34)cc(=O)oc2c1,1,1,True,84
3286,COc1ccc(/C=N/N=C/c2ccc(OC)cc2O)c(O)c1,1,1,True,38
3287,Oc1ccccc1/C=N/N=C/c1ccccc1O,1,1,True,29
3288,Oc1ccc(Cl)cc1/C=N/N=C/c1cc(Cl)ccc1O,1,0,False,33
3289,c1ccc(-c2cc(-c3ccccc3)[o+]c(-c3ccccc3)c2)cc1,1,1,True,34
3290,Nc1ccc(-c2cc(-c3ccccc3)cc(-c3ccc(N)cc3)[o+]2)cc1,1,1,True,43
3291,COc1ccccc1-c1cc(-c2ccc(N)cc2)[o+]c(-c2ccc(N)cc2)c1,1,1,True,53
3292,Nc1ccc2c(c1)Cc1c-2[o+]c2c(c1-c1ccccc1)Cc1cc(N)ccc1-2,1,1,True,57
3293,COc1ccccc1-c1c2c([o+]c3c1Cc1cc(N)ccc1-3)-c1ccc(N)cc1C2,1,1,True,65
3294,Nc1ccc2c(c1)Cc1c-2[o+]c2c(c1-c1ccccc1O)Cc1cc(N)ccc1-2,1,1,True,61
3295,CN(C)c1ccc(-c2c3c([o+]c4c2Cc2cc(N)ccc2-4)-c2ccc(N)cc2C3)cc1,1,1,True,64
3296,Nc1ccc2c(c1)Cc1c-2[o+]c2c(c1-c1c(F)c(F)c(F)c(F)c1F)Cc1cc(N)ccc1-2,1,1,True,60
3297,CCN(CC)c1ccc2c(c1)Cc1c-2[o+]c2c(c1-c1ccccc1OC)Cc1cc(N(CC)CC)ccc1-2,1,1,True,74
3298,Nc1ccc2c(c1)CCCc1c-2[o+]c2c(c1-c1ccccc1)CCCc1cc(N)ccc1-2,1,1,True,64
3299,COc1ccccc1-c1c2c([o+]c3c1CCCc1cc(N)ccc1-3)-c1ccc(N)cc1CCC2,1,1,True,72
3300,Nc1ccc2c(c1)CCCc1c-2[o+]c2c(c1-c1ccccc1C(=O)O)CCCc1cc(N)ccc1-2,1,1,True,73
3301,CN(C)c1ccc2c(c1)CCCc1c-2[o+]c2c(c1-c1ccccc1C(=O)O)CCCc1cc(N(C)C)ccc1-2,1,1,True,77
3302,CC(=O)Nc1ccc2c(c1)CCCc1c-2[o+]c2c(c1-c1ccccc1)CCCc1cc(NC(C)=O)ccc1-2,1,1,True,74
3303,c1ccc(-c2cccc3cnc(-c4ccccc4)n23)cc1,1,1,True,50
3304,COc1ccc(-c2cccc3cnc(-c4ccccc4)n23)cc1,1,1,True,63
3305,Cc1ccc(-c2cccc3cnc(-c4ccccc4)n23)cc1,1,1,True,57
3306,Fc1ccc(-c2cccc3cnc(-c4ccccc4)n23)cc1,1,1,True,59
3307,Clc1ccc(-c2cccc3cnc(-c4ccccc4)n23)cc1,1,1,True,58
3308,CC(=O)c1ccc(-c2cccc3cnc(-c4ccccc4)n23)cc1,1,1,True,65
3309,COc1ccc(-c2ncc3cccc(-c4ccccc4)n23)cc1,1,1,True,63
3310,CC(C)(C)c1ccc(-c2ncc3cccc(-c4ccccc4)n23)cc1,1,1,True,61
3311,N#Cc1ccc(-c2ncc3cccc(-c4ccccc4)n23)cc1,1,1,True,63
3312,COc1ccc(-c2cccc3cnc(-c4ccc(C#N)cc4)n23)cc1,1,1,True,70
3313,COc1ccc(-c2ncc3cccc(-c4ccc(C(C)=O)cc4)n23)cc1,1,1,True,71
3314,Cc1ccc(-c2ncc3ccc4ccccc4n23)cc1,1,1,True,57
3315,Cc1ccccc1-c1ncc2ccc3ccccc3n12,1,1,True,57
3316,c1ccc2c(c1)c1cccc3cnc2n31,1,1,True,46
3317,c1ccc(-c2ccc3c(c2)c2cccc4cnc3n42)cc1,1,1,True,65
3318,CC(C)(C)c1ccc2c(c1)c1cccc3cnc2n31,1,1,True,60
3319,c1ccc(COc2ccc3c(c2)c2cccc4cnc3n42)cc1,1,1,True,75
3320,OCCOc1ccc2c(c1)c1cccc3cnc2n31,1,1,True,68
3321,CN(C)c1ccc2c(c1)c1cccc3cnc2n31,1,1,True,61
3322,Fc1ccc2c(c1)c1cccc3cnc2n31,1,1,True,55
3323,Clc1ccc2c(c1)c1cccc3cnc2n31,1,1,True,55
3324,COC(=O)c1ccc2c(c1)c1cccc3cnc2n31,1,1,True,68
3325,N#Cc1ccc2c(c1)c1cccc3cnc2n31,1,1,True,61
3326,COc1cc2c(c(OC)c1OC)c1cccc3cnc2n31,1,1,True,64
3327,Fc1c(F)c(F)c2c(c1F)c1cccc3cnc2n31,1,1,True,55
3328,COc1cccc2c1c1ncc3cccc2n31,1,1,True,57
3329,c1ccc2c(c1)ccc1c2c2ncc3cccc1n32,1,1,True,61
3330,c1cc2cnc3c4occc4c(c1)n23,1,1,True,51
3331,c1cc2cnc3c4sccc4c(c1)n23,1,1,True,51
3332,Cc1cc2cccc3cnc1n32,1,1,True,39
3333,c1ccc(-c2cc3ncc4cccc2n43)cc1,1,1,True,52
3334,c1ccc(-c2nc3c4ccccc4c4cccc2n43)cc1,1,1,True,56
3335,N#Cc1ccc(-c2nc3c4ccccc4c4cccc2n43)cc1,1,1,True,65
3336,COc1ccc(-c2nc3c4ccccc4c4cccc2n43)cc1,1,1,True,64
3337,c1csc(-c2nc3c4ccccc4c4cccc2n43)c1,1,1,True,60
3338,c1ccc(COc2ccc3c(c2)c2cccc4c(-c5ccccc5)nc3n42)cc1,1,1,True,81
3339,COc1ccc(-c2nc3c4ccc(OCc5ccccc5)cc4c4cccc2n43)cc1,1,1,True,89
3340,CCCN(CCC)c1ccc(-c2nc3c4ccc(OCc5ccccc5)cc4c4cccc2n43)cc1,1,1,True,100
3341,c1ccc(COc2ccc3c(c2)c2cccc4c(-c5cccs5)nc3n42)cc1,1,1,True,87
3342,CN(C)c1ccc2c(c1)c1cccc3c(-c4ccccc4)nc2n31,1,1,True,69
3343,COc1ccc(-c2nc3c4ccc(F)cc4c4cccc2n43)cc1,1,1,True,72
3344,COc1cc2c(c(OC)c1OC)c1cccc3c(-c4ccccc4)nc2n31,1,1,True,73
3345,COc1cc2c(c(OC)c1OC)c1cccc3c(-c4ccc(C#N)cc4)nc2n31,1,1,True,81
3346,COc1ccc(-c2nc3c4cc(OC)c(OC)c(OC)c4c4cccc2n43)cc1,1,1,True,76
3347,Cc1cc2cccc3c(-c4ccccc4)nc1n23,1,1,True,55
3348,Cc1cc2ccc(-c3ccccc3)c3c(-c4ccccc4)nc1n23,1,1,True,63
3349,Cc1ccc(-c2nc3c4ccccc4c4cccc2n43)cc1,1,1,True,60
3350,c1ccc(C[n+]2cc3cccc4c5ccccc5c2n34)cc1,1,1,True,61
3351,COC(=O)c1ccc2c(c1)c1cccc3c[n+](Cc4ccccc4)c2n31,1,1,True,84
3352,COc1cc2c(c(OC)c1OC)c1cccc3c[n+](Cc4ccccc4)c2n31,1,1,True,80
3353,O=C(O)c1ccc2c(c1)c1cccc3cnc2n31,1,1,True,61
3354,O=C(OCCCCCCO)c1ccc2c(c1)c1cccc3cnc2n31,1,1,True,88
3355,OCc1ccc2c(c1)c1cccc3cnc2n31,1,1,True,60
3356,[N-]=[N+]=NCc1ccc2c(c1)c1cccc3cnc2n31,1,1,True,67
3357,[NH3+]Cc1ccc2c(c1)c1cccc3cnc2n31,1,1,True,60
3358,c1ccc(-c2ncc3ccccn23)cc1,1,1,True,42
3359,c1ccc(-c2nc(-c3ccccc3)n3ccccc23)cc1,1,1,True,48
3360,Cc1ccccc1C1=C2C=CC(=[N+]3CCCC3)C=C2P(=O)(c2ccccc2)c2cc(N(C)C)ccc21,1,1,True,96
3361,CCc1ccccc1C1=C2C=CC(=[N+]3CCCC3)C=C2P(=O)(c2ccccc2)c2cc(N(C)C)ccc21,1,1,True,98
3362,CN(C)c1ccc2c(c1)P(=O)(c1ccccc1)C1=CC(=[N+]3CCCC3)C=CC1=C2c1ccccc1C(F)(F)F,1,1,True,101
3363,COc1ccccc1C1=C2C=CC(=[N+]3CCCC3)C=C2P(=O)(c2ccccc2)c2cc(N(C)C)ccc21,1,1,True,101
3364,COc1cccc(OC)c1C1=C2C=CC(=[N+]3CCCC3)C=C2P(=O)(c2ccccc2)c2cc(N(C)C)ccc21,1,1,True,100
3365,CN(C)c1ccc2c(c1)P(=O)(c1ccccc1)C1=CC(=[N+](C)C)C=CC1=C2c1ccccc1,1,1,True,82
3366,COc1ccccc1C1=C2C=CC(=[N+](C)C)C=C2P(=O)(c2ccccc2)c2cc(N(C)C)ccc21,1,1,True,91
3367,COc1cccc(OC)c1C1=C2C=CC(=[N+](C)C)C=C2P(=O)(c2ccccc2)c2cc(N(C)C)ccc21,1,1,True,88
3368,CCc1ccccc1C1=C2C=CC(=[N+](C)C)C=C2P(=O)(c2ccccc2)c2cc(N(C)C)ccc21,1,1,True,88
3369,Cc1cccc(C)c1C1=C2C=CC(=[N+](C)C)C=C2P(=O)(c2ccccc2)c2cc(N(C)C)ccc21,1,1,True,86
3370,Cc1cc(C)c(C2=C3C=CC(=[N+](C)C)C=C3P(=O)(c3ccccc3)c3cc(N(C)C)ccc32)c(C)c1,1,1,True,88
3371,Cc1ccccc1C1=C2C=CC(=[N+](C)C)C=C2P(=O)(C(C)(C)C)c2cc(N(C)C)ccc21,1,1,True,82
3372,COc1cccc(OC)c1C1=C2C=CC(=[N+](C)C)C=C2P(=O)(C(C)(C)C)c2cc(N(C)C)ccc21,1,1,True,82
3373,Cc1ccccc1C1=C2C=CC(=[N+](C)C)C=C2P(=O)(c2ccccc2)c2cc(N(C)C)ccc21,1,1,True,87
3374,Cc1ccccc1C1=C2C=CC(=[N+]3CCC3)C=C2P(=O)(c2ccccc2)c2cc(N3CCC3)ccc21,1,1,True,95
3375,Cc1ccccc1C1=C2C=CC(=[N+]3CCCC3)C=C2P(=O)(c2ccccc2)c2cc(N3CCCC3)ccc21,1,1,True,101
3376,CN(C)c1ccc2c(c1)P(=O)(c1ccccc1)C1=CC(=[N+](C)C)C=CC1=C2c1ccccc1C(F)(F)F,1,1,True,92
3377,O=P1(c2ccccc2)C2=CC(=[N+]3CCC3)C=CC2=C(c2ccccc2C(F)(F)F)c2ccc(N3CCC3)cc21,1,1,True,99
3378,O=P1(c2ccccc2)C2=CC(=[N+]3CCCC3)C=CC2=C(c2ccccc2C(F)(F)F)c2ccc(N3CCCC3)cc21,1,1,True,105
3379,CCN(CC)c1ccc2c(c1)OC1=C(/C=C/C3=[N+](CC)c4ccccc4C3(C)C)CCCC1=C2/C=C1/N(CC)c2ccccc2C1(C)C,1,1,True,130
3380,CCNc1cc2c(cc1C)C(/C=C1/N(CC)c3ccccc3C1(C)C)=C1CCCC(/C=C/C3=[N+](CC)c4ccccc4C3(C)C)=C1O2,1,1,True,128
3381,CCNc1ccc2c(c1)OC1=C(/C=C/C3=[N+](CC)c4ccccc4C3(C)C)CCCC1=C2/C=C1/N(CC)c2ccccc2C1(C)C,1,1,True,130
3382,CCN1/C(=C/C2=C3CCCC(/C=C/C4=[N+](CC)c5ccccc5C4(C)C)=C3Oc3c2cc2c4c3CCCN4CCC2)C(C)(C)c2ccccc21,1,1,True,139
3383,CCN1/C(=C/C2=C3CCCC(/C=C/C4=[N+](CC)c5ccccc5C4(C)C)=C3Oc3cc(O)ccc32)C(C)(C)c2ccccc21,1,1,True,122
3384,COc1ccc(/C(C#N)=C/c2ccc(N(c3ccccc3)c3ccccc3)cc2)cc1,1,1,True,62
3385,COc1ccc(/C(C#N)=C/c2ccc(N(c3ccccc3)c3ccc(/C=C(\C#N)c4ccc(OC)cc4)cc3)cc2)cc1,1,1,True,62
3386,COc1ccc(/C(C#N)=C/c2ccc(N(c3ccc(/C=C(\C#N)c4ccc(OC)cc4)cc3)c3ccc(/C=C(\C#N)c4ccc(OC)cc4)cc3)cc2)cc1,1,1,True,53
3387,N#C/C(=C\c1ccc(N(c2ccccc2)c2ccccc2)cc1)c1ccc(C#N)cc1,1,1,True,60
3388,N#C/C(=C\c1ccc(N(c2ccccc2)c2ccc(/C=C(\C#N)c3ccc(C#N)cc3)cc2)cc1)c1ccc(C#N)cc1,1,1,True,60
3389,N#C/C(=C\c1ccc(N(c2ccc(/C=C(\C#N)c3ccc(C#N)cc3)cc2)c2ccc(/C=C(\C#N)c3ccc(C#N)cc3)cc2)cc1)c1ccc(C#N)cc1,1,1,True,51
3390,N#C/C(=C\c1ccc(/C=C/c2ccc(N(c3ccccc3)c3ccccc3)cc2)cc1)c1ccc(C#N)cc1,1,1,True,72
3391,N#C/C(=C\c1ccc(-c2ccc(N(c3ccc(-c4ccc(C=O)cc4)cc3)c3ccc(-c4ccc(/C=C(\C#N)c5ccc(C#N)cc5)cc4)cc3)cc2)cc1)c1ccc(C#N)cc1,1,1,True,70
3392,N#C/C(=C\c1ccc(-c2ccc(N(c3ccc(-c4ccc(/C=C(\C#N)c5ccc(C#N)cc5)cc4)cc3)c3ccc(-c4ccc(/C=C(\C#N)c5ccc(C#N)cc5)cc4)cc3)cc2)cc1)c1ccc(C#N)cc1,1,1,True,61
3393,COC(=O)/C(C#N)=C/c1ccc(-c2ccc(N(c3ccc(-c4ccc(/C=C(\C#N)C(=O)OC)cc4)cc3)c3ccc(-c4ccc(/C=C(\C#N)C(=O)OC)cc4)cc3)cc2)cc1,1,1,True,56
3394,c1cc2ccc3ccc(-c4ccncc4)c4ccc(c1)c2c34,1,1,True,55
3395,c1cc2ccc3cc(-c4ccncc4)cc4ccc(c1)c2c34,1,1,True,46
3396,c1ccc(-c2cc3ccc4cccc5ccc(c2)c3c45)nc1,1,1,True,49
3397,c1cc2ccc3cccc4c(-c5ccncc5)cc(c1)c2c34,1,1,True,57
3398,c1cc(-c2ccc3ccc4c(-c5ccncc5)ccc5ccc2c3c54)ccn1,1,1,True,42
3399,c1cc(-c2cc3ccc4cc(-c5ccncc5)cc5ccc(c2)c3c45)ccn1,1,1,True,34
3400,c1ccc(-c2cc3ccc4cc(-c5ccccn5)cc5ccc(c2)c3c45)nc1,1,1,True,38
3401,c1cc2cc(-c3ccncc3)c3cccc4cc(-c5ccncc5)c(c1)c2c43,1,1,True,42
3402,c1cc2cc(-c3ccncc3)c3cccc4c(-c5ccncc5)cc(c1)c2c34,1,1,True,47
3403,CCCCc1cc(-c2ccncc2)c2ccc3c(CCCC)cc(-c4ccncc4)c4ccc1c2c34,1,1,True,56
3404,O=P1(c2ccccc2)c2ccccc2N(c2ccccc2)c2ccccc21,1,1,True,46
3405,CN1c2ccccc2P(=O)(c2ccccc2)c2c1c1ccccc1c1ccccc21,1,1,True,66
3406,F[B-]1(F)n2c(-c3ccccc3)cc(-c3ccccc3)c2N=C2C(c3ccccc3)=CC(c3ccccc3)=[N+]21,1,1,True,79
3407,F[B-]1(F)n2c(-c3ccc(Br)cc3)cc(-c3ccccc3)c2N=C2C(c3ccccc3)=CC(c3ccc(Br)cc3)=[N+]21,1,1,True,87
3408,COc1ccc(C2=[N+]3C(=Nc4c(-c5ccccc5)cc(-c5ccc(OC)cc5)n4[B-]3(F)F)C(c3ccccc3)=C2)cc1,1,1,True,93
3409,CN(C)c1ccc(C#Cc2ccc(C3=[N+]4C(=Nc5c(-c6ccccc6)cc(-c6ccc(C#Cc7ccc(N(C)C)cc7)cc6)n5[B-]4(F)F)C(c4ccccc4)=C3)cc2)cc1,1,1,True,109
3410,CCCCCCC1(CCCCCC)c2cc(C#Cc3ccc(C4=[N+]5C(=Nc6c(-c7ccccc7)cc(-c7ccc(C#Cc8ccc9c(c8)C(CCCCCC)(CCCCCC)c8cc([N+](=O)[O-])ccc8-9)cc7)n6[B-]5(F)F)C(c5ccccc5)=C4)cc3)ccc2-c2ccc([N+](=O)[O-])cc21,1,1,True,158
3411,COc1ccc2c(c1)CCC1=C(c3ccccc3)C3=Nc4c(-c5ccccc5)c5c(n4[B-](F)(F)[N+]3=C12)-c1ccc(OC)cc1CC5,1,1,True,115
3412,COc1ccc2c(c1)O[B-]13Oc4cc(OC)ccc4-c4cc(-c5ccccc5)c(n41)N=C1C(c4ccccc4)=CC2=[N+]13,1,1,True,106
3413,COc1ccc(C2=[N+]3C(=Nc4c5ccccc5c(-c5ccc(OC)cc5)n4[B-]3(F)F)c3ccccc32)cc1,1,1,True,88
3414,c1ccc2nc(-c3ccc(-n4c5ccccc5c5ccccc54)cc3)c(-c3ccc(-n4c5ccccc5c5ccccc54)cc3)nc2c1,1,1,True,54
3415,CC1(C)c2ccccc2N(c2ccc(-c3nc4ccccc4nc3-c3ccc(N4c5ccccc5C(C)(C)c5ccccc54)cc3)cc2)c2ccccc21,1,1,True,61
3416,CC1(C)c2ccccc2N(c2ccc(-c3nc4ccncc4nc3-c3ccc(N4c5ccccc5C(C)(C)c5ccccc54)cc3)cc2)c2ccccc21,1,1,True,75
3417,CC1(C)c2ccccc2N(c2ccc(-c3nc4cccnc4nc3-c3ccc(N4c5ccccc5C(C)(C)c5ccccc54)cc3)cc2)c2ccccc21,1,1,True,78
3418,c1ccc2c(c1)Oc1ccccc1N2c1ccc(-c2nc3ccncc3nc2-c2ccc(N3c4ccccc4Oc4ccccc43)cc2)cc1,1,1,True,73
3419,c1ccc2c(c1)Oc1ccccc1N2c1ccc(-c2nc3cccnc3nc2-c2ccc(N3c4ccccc4Oc4ccccc43)cc2)cc1,1,1,True,76
3420,CCCCCCCCOc1ccc2c(c1)c(-c1ccccc1)nn2-c1ccccc1,1,1,True,83
3421,CCCCCCCCOc1ccc2c(c1)c(-c1ccc(C(=O)OC)cc1)nn2-c1ccccc1,1,1,True,99
3422,CCCCCCCCOc1ccc2c(c1)c(-c1ccc(C#N)cc1)nn2-c1ccccc1,1,1,True,92
3423,CCCCCCCCOc1ccc2c(c1)c(-c1ccc(C=O)cc1)nn2-c1ccccc1,1,1,True,93
3424,CCCCCCCCOc1ccc2c(c1)c(-c1ccc(/C=C(/C#N)C(=O)OCC)cc1)nn2-c1ccccc1,1,1,True,114
3425,CCCCCCCCOc1ccc2c(c1)c(-c1ccc(C=C(C#N)C#N)cc1)nn2-c1ccccc1,1,1,True,104
3426,COc1ccc(/C=C/c2ccc3ccccc3n2)cc1,1,1,True,57
3427,C(=C/c1ccc2ccccc2n1)\c1ccc(N(c2ccccc2)c2ccccc2)cc1,1,1,True,64
3428,COc1ccc2cc(/C=C/c3ccc4ccccc4n3)ccc2c1,1,1,True,69
3429,COc1ccc(/C=C/c2ccnc3ccccc23)cc1,1,1,True,57
3430,C(=C/c1ccnc2ccccc12)\c1ccc(N(c2ccccc2)c2ccccc2)cc1,1,1,True,62
3431,COc1ccc2cc(/C=C/c3ccnc4ccccc34)ccc2c1,1,1,True,71
3432,COc1ccc(/C=C/c2nccc3ccccc23)cc1,1,1,True,58
3433,C(=C/c1nccc2ccccc12)\c1ccc(N(c2ccccc2)c2ccccc2)cc1,1,1,True,65
3434,c1ccc(N(c2ccccc2)c2ccc(-c3ccc4ccccc4n3)cc2)cc1,1,1,True,56
3435,C1=[N+](c2ccccc2)[B-](c2ccccc2)(c2ccccc2)n2cccc21,1,1,True,52
3436,Cc1cccc(C)c1[N+]1=Cc2cccn2[B-]1(c1ccccc1)c1ccccc1,1,1,True,59
3437,CC(C)c1cccc(C(C)C)c1[N+]1=Cc2cccn2[B-]1(c1ccccc1)c1ccccc1,1,1,True,62
3438,COc1ccc([N+]2=Cc3cccn3[B-]2(c2ccccc2)c2ccccc2)cc1,1,1,True,63
3439,Cc1ccc([N+]2=Cc3cccn3[B-]2(c2ccccc2)c2ccccc2)cc1C,1,1,True,63
3440,Fc1ccc([N+]2=Cc3cccn3[B-]2(c2ccccc2)c2ccccc2)cc1,1,1,True,59
3441,O=[N+]([O-])c1ccc([N+]2=Cc3cccn3[B-]2(c2ccccc2)c2ccccc2)cc1,1,1,True,65
3442,N#Cc1ccc([N+]2=Cc3cccn3[B-]2(c2ccccc2)c2ccccc2)cc1,1,1,True,62
3443,Fc1cc([N+]2=Cc3cccn3[B-]2(c2ccccc2)c2ccccc2)cc(F)c1F,1,1,True,61
3444,Fc1c(F)c(F)c([N+]2=Cc3cccn3[B-]2(c2ccccc2)c2ccccc2)c(F)c1F,1,1,True,60
3445,CCC1=[N+]2C(=C3c4ccc(CC)n4[B-](F)(F)[n+]4c3n(c3ccccc34)[B-]2(F)F)C=C1,1,1,True,86
3446,CCC1=[N+]2C(=C3c4ccc(CC)n4[B-](F)(F)[n+]4c3n(c3cc(OC)ccc34)[B-]2(F)F)C=C1,1,1,True,93
3447,CCC1=[N+]2C(=C3c4ccc(CC)n4[B-](F)(F)[n+]4c3n(c3cc(F)ccc34)[B-]2(F)F)C=C1,1,1,True,90
3448,F[B-]1(F)n2c3[n+](c4ccccc42)[B-](F)(F)n2c(cc4c2CCCC4)C3=C2C=C3CCCCC3=[N+]21,1,1,True,100
3449,CCC1=[N+]2C(=C3c4cc(Br)c(CC)n4[B-](F)(F)[n+]4c3n(c3ccccc34)[B-]2(F)F)C=C1Br,1,1,True,91
3450,CCC1=[N+]2C(=C3c4c(Br)c(Br)c(CC)n4[B-](F)(F)[n+]4c3n(c3ccccc34)[B-]2(F)F)C=C1Br,1,1,True,90
3451,C.CCC1=[N+]2C(=C3c4cc(I)c(CC)n4[B-](F)(F)[n+]4c3n(c3ccccc34)[B-]2(F)F)C=C1.[Br],1,1,True,93
3452,CCC1=[N+]2C(=C3c4cc(I)c(CC)n4[B-](F)(F)[n+]4c3n(c3ccccc34)[B-]2(F)F)C=C1I,1,1,True,92
3453,CC#C[B-]1(C#CC)n2c3[n+](c4ccccc42)[B-](C#CC)(C#CC)n2c(cc(I)c2CC)C3=C2C=C(I)C(CC)=[N+]21,1,1,True,96
3454,CCC1=[N+]2C(=C3c4cc(I)c(CC)n4[B-](C#CC(O)CO)(C#CC(O)CO)[n+]4c3n(c3ccccc34)[B-]2(C#CC(O)CO)C#CC(O)CO)C=C1I,1,1,True,111
3455,CCCCCCCCC1(CCCCCCCC)c2ccccc2-c2ccc(/C=C/C3=[N+]4C(=C5c6ccc(/C=C/c7ccc8c(c7)C(CCCCCCCC)(CCCCCCCC)c7ccccc7-8)n6[B-](F)(F)[n+]6c5n(c5ccccc56)[B-]4(F)F)C=C3)cc21,1,1,True,151
3456,CCCCCCCCOc1ccc(OCCCCCCCC)c(/C=C/C2=[N+]3C(=C4c5ccc(/C=C/c6cc(OCCCCCCCC)ccc6OCCCCCCCC)n5[B-](F)(F)[n+]5c4n(c4ccccc45)[B-]3(F)F)C=C2)c1,1,1,True,146
3457,CCCCCCCCOc1cc(/C=C/C2=[N+]3C(=C4c5ccc(/C=C/c6cc(OCCCCCCCC)c(C=O)cc6OCCCCCCCC)n5[B-](F)(F)[n+]5c4n(c4ccccc45)[B-]3(F)F)C=C2)c(OCCCCCCCC)cc1C=O,1,1,True,142
3458,[N-]=[N+]=NCCOc1ccc(/C=C/c2ccc3n2[B-](F)(F)[n+]2c4n(c5ccccc52)[B-](F)(F)[N+]2=CC=CC2=C34)cc1,1,1,True,126
3459,O=C(O)CCCCCOc1ccc(/C=C/c2ccc3n2[B-](F)(F)[n+]2c4n(c5ccccc52)[B-](F)(F)[N+]2=CC=CC2=C34)cc1,1,1,True,131
3460,CC(C)(C)OC(=O)NCCCN1Cc2cc3ccc4occc4n3c2C1=O,1,1,True,94
3461,CC(C)(C)OC(=O)NCCCN1Cc2c(-c3ccc(C#N)cc3)c3ccc4occc4n3c2C1=O,1,1,True,110
3462,CC(C)(C)OC(=O)NCCCN1Cc2c(-c3ccccc3)c3ccc4occc4n3c2C1=O,1,1,True,102
3463,CCN(CC)c1ccc(-c2c3c(n4c2ccc2occc24)C(=O)N(CCCNC(=O)OC(C)(C)C)C3)cc1,1,1,True,113
3464,CC(C)(C)OC(=O)NCCCN1Cc2cc3ccc4oc(-c5ccc(C#N)cc5)cc4n3c2C1=O,1,1,True,114
3465,CC(C)(C)OC(=O)NCCCN1Cc2c(-c3ccc(C#N)cc3)c3ccc4oc(-c5ccc(C#N)cc5)cc4n3c2C1=O,1,1,True,119
3466,CC(C)(C)OC(=O)NCCCN1Cc2c(-c3ccccc3)c3ccc4oc(-c5ccc(C#N)cc5)cc4n3c2C1=O,1,1,True,121
3467,CCN(CC)c1ccc(-c2c3c(n4c2ccc2oc(-c5ccc(C#N)cc5)cc24)C(=O)N(CCCNC(=O)OC(C)(C)C)C3)cc1,1,1,True,132
3468,CC(C)(C)OC(=O)NCCCN1Cc2cc3ccc4oc(-c5ccccc5)cc4n3c2C1=O,1,1,True,106
3469,CC(C)(C)OC(=O)NCCCN1Cc2c(-c3ccc(C#N)cc3)c3ccc4oc(-c5ccccc5)cc4n3c2C1=O,1,1,True,122
3470,CC(C)(C)OC(=O)NCCCN1Cc2c(-c3ccccc3)c3ccc4oc(-c5ccccc5)cc4n3c2C1=O,1,1,True,108
3471,CCN(CC)c1ccc(-c2c3c(n4c2ccc2oc(-c5ccccc5)cc24)C(=O)N(CCCNC(=O)OC(C)(C)C)C3)cc1,1,1,True,125
3472,CCN(CC)c1ccc(-c2cc3c(ccc4cc5c(n43)C(=O)N(CCCNC(=O)OC(C)(C)C)C5)o2)cc1,1,1,True,116
3473,CCN(CC)c1ccc(-c2cc3c(ccc4c(-c5ccc(C#N)cc5)c5c(n43)C(=O)N(CCCNC(=O)OC(C)(C)C)C5)o2)cc1,1,1,True,132
3474,CCN(CC)c1ccc(-c2cc3c(ccc4c(-c5ccccc5)c5c(n43)C(=O)N(CCCNC(=O)OC(C)(C)C)C5)o2)cc1,1,1,True,125
3475,CC(C)(C)OC(=O)NCCCN1Cc2cc3ccc4oc(-c5ccc(N6CCOCC6)cc5)cc4n3c2C1=O,1,1,True,122
3476,CC(C)(C)OC(=O)NCCCN1Cc2c(-c3ccc(S(C)(=O)=O)cc3)c3ccc4oc(-c5ccc(S(C)(=O)=O)cc5)cc4n3c2C1=O,1,1,True,118
3477,COc1ccc(-c2c3c(n4c2ccc2oc(-c5ccc(C(C)=O)cc5)cc24)C(=O)N(CCCNC(=O)OC(C)(C)C)C3)cc1,1,1,True,123
3478,CCCCCCN1C(=O)c2cccc3c(-c4ccccc4)ccc(c23)C1=O,1,1,True,72
3479,CCCCCCN1C(=O)c2cccc3c(-c4ccc(OC)cc4)ccc(c23)C1=O,1,1,True,79
3480,CCCCCCN1C(=O)c2cccc3c(-c4ccc(C=O)cc4F)ccc(c23)C1=O,1,1,True,82
3481,CCCCCCN1C(=O)c2cccc3c(-c4ccc(C=O)c(F)c4)ccc(c23)C1=O,1,1,True,85
3482,CCCCCCN1C(=O)c2cccc3c(-c4ccc(C=O)c(F)c4F)ccc(c23)C1=O,1,1,True,82
3483,CCCCCCN1C(=O)c2cccc3c(-c4cc(F)c(C=O)c(F)c4)ccc(c23)C1=O,1,1,True,83
3484,CCCCCCN1C(=O)c2cccc3c(-c4cc(F)cc(F)c4)ccc(c23)C1=O,1,1,True,77
3485,CCCCCCN1C(=O)c2cccc3c(-c4ccc(F)cc4)ccc(c23)C1=O,1,1,True,75
3486,CCCCCCN1C(=O)c2cccc3c(-c4ccc(Cl)cc4)ccc(c23)C1=O,1,1,True,76
3487,CCCCCCN1C(=O)c2cccc3c(-c4ccc(Br)cc4)ccc(c23)C1=O,1,1,True,76
3488,CCCCCCN1C(=O)c2cccc3c(Oc4ccccc4)ccc(c23)C1=O,1,1,True,78
3489,CCCCCCN1C(=O)c2cccc3c(Oc4cccc(Br)c4)ccc(c23)C1=O,1,1,True,83
3490,CCCCCCN1C(=O)c2cccc3c(Oc4ccc(C=O)cc4)ccc(c23)C1=O,1,1,True,84
3491,CCCCCCN1C(=O)c2cccc3c(Oc4ccc([N+](=O)[O-])cc4)ccc(c23)C1=O,1,1,True,87
3492,CCCCCCN1C(=O)c2cccc3cccc(c23)C1=O,1,1,True,51
3493,CCCCCCCCCCCCN1C(=O)c2ccc3c4c(Br)cc5c6c(ccc(c7c(Br)cc(c2c37)C1=O)c64)C(=O)N(CCCCCCCCCCCC)C5=O,1,1,True,75
3494,CCCCCCCCCCCCN1C(=O)c2ccc3c4c(-c5ccc(C(F)(F)F)cc5)cc5c6c(ccc(c7c(-c8ccc(C(F)(F)F)cc8)cc(c2c37)C1=O)c64)C(=O)N(CCCCCCCCCCCC)C5=O,1,1,True,90
3495,CCCCCCCCCCCCN1C(=O)c2ccc3c4c(-c5ccc(C#N)cc5)cc5c6c(ccc(c7c(-c8ccc(C#N)cc8)cc(c2c37)C1=O)c64)C(=O)N(CCCCCCCCCCCC)C5=O,1,1,True,90
3496,CCCCCCCCCCCCN1C(=O)c2ccc3c4c(-c5cccc([N+](=O)[O-])c5)cc5c6c(ccc(c7c(-c8cccc([N+](=O)[O-])c8)cc(c2c37)C1=O)c64)C(=O)N(CCCCCCCCCCCC)C5=O,1,1,True,95
3497,CCCCCCCCCCCCN1C(=O)c2ccc3c4c(-c5ccncc5)cc5c6c(ccc(c7c(-c8ccncc8)cc(c2c37)C1=O)c64)C(=O)N(CCCCCCCCCCCC)C5=O,1,1,True,84
3498,CCCCC(CC)CN1C(=O)c2ccc3c4c(-c5ccc6c7ccccc7n(-c7ccccc7)c6c5)cc5c6c(cc(-c7ccc8c9ccccc9n(-c9ccccc9)c8c7)c(c7ccc(c2c37)C1=O)c64)C(=O)N(CC(CC)CCCC)C5=O,1,1,True,121
3499,CCCCC(CC)CN1C(=O)c2ccc3c4c(-c5ccc6c7ccccc7n(-c7ccccc7)c6c5)cc5c6c(ccc(c7c(-c8ccc9c%10ccccc%10n(-c%10ccccc%10)c9c8)cc(c2c37)C1=O)c64)C(=O)N(CC(CC)CCCC)C5=O,1,1,True,116
3500,CCCCC(CC)CN1C(=O)c2ccc3c4c(-c5ccc6c(c5)c5ccccc5n6-c5ccccc5)cc5c6c(cc(-c7ccc8c(c7)c7ccccc7n8-c7ccccc7)c(c7ccc(c2c37)C1=O)c64)C(=O)N(CC(CC)CCCC)C5=O,1,1,True,121
3501,CCCCC(CC)CN1C(=O)c2ccc3c4c(-c5ccc6c(c5)c5ccccc5n6-c5ccccc5)cc5c6c(ccc(c7c(-c8ccc9c(c8)c8ccccc8n9-c8ccccc8)cc(c2c37)C1=O)c64)C(=O)N(CC(CC)CCCC)C5=O,1,1,True,116
3502,CCCCC(CC)CN1C(=O)c2ccc3c4c(-c5ccc(-n6c7ccccc7c7ccccc76)cc5)cc5c6c(cc(-c7ccc(-n8c9ccccc9c9ccccc98)cc7)c(c7ccc(c2c37)C1=O)c64)C(=O)N(CC(CC)CCCC)C5=O,1,1,True,107
3503,CCCCC(CC)CN1C(=O)c2ccc3c4c(-c5ccc(-n6c7ccccc7c7ccccc76)cc5)cc5c6c(ccc(c7c(-c8ccc(-n9c%10ccccc%10c%10ccccc%109)cc8)cc(c2c37)C1=O)c64)C(=O)N(CC(CC)CCCC)C5=O,1,1,True,102
3504,CCCCCC(CCCCC)N1C(=O)c2c(Oc3c(-c4ccccc4)cccc3-c3ccccc3)cc3c4cc(Oc5c(-c6ccccc6)cccc5-c5ccccc5)c5c6c(c(Oc7c(-c8ccccc8)cccc7-c7ccccc7)cc(c7cc(Oc8c(-c9ccccc9)cccc8-c8ccccc8)c(c2c37)C1=O)c64)C(=O)N(C(CCCCC)CCCCC)C5=O,1,1,True,86
3505,CCC(CC)N1C(=O)c2ccc3c4ccc5c6c(ccc(c7ccc(c2c37)C1=O)c64)C(=O)N(C(CC)CC)C5=O,1,1,True,44
3506,CCOC(=O)c1c2c(c3n1Cn1c(C(=O)OCC)c4c(c1-3)-c1ccc(C(=O)N(C)C)c3c(C(=O)N(C)C)ccc-4c13)-c1ccc(C(=O)N(C)C)c3c(C(=O)N(C)C)ccc-2c13,1,1,True,75
3507,CCOC(=O)c1c2c(c3n1CCn1c(C(=O)OCC)c4c(c1-3)-c1ccc(C(=O)N(C)C)c3c(C(=O)N(C)C)ccc-4c13)-c1ccc(C(=O)N(C)C)c3c(C(=O)N(C)C)ccc-2c13,1,1,True,75
3508,CCOC(=O)c1c2c(c3n1CCCn1c(C(=O)OCC)c4c(c1-3)-c1ccc(C(=O)N(C)C)c3c(C(=O)N(C)C)ccc-4c13)-c1ccc(C(=O)N(C)C)c3c(C(=O)N(C)C)ccc-2c13,1,1,True,79
3509,CCOC(=O)c1c2c(c3n1Cn1c(C(=O)OCC)c4c(c1-3)-c1ccc3c5c(ccc-4c15)C(=O)N(c1c(C(C)C)cccc1C(C)C)C3=O)-c1ccc3c4c(ccc-2c14)C(=O)N(c1c(C(C)C)cccc1C(C)C)C3=O,1,1,True,90
3510,CCOC(=O)c1c2c(c3n1CCn1c(C(=O)OCC)c4c(c1-3)-c1ccc3c5c(ccc-4c15)C(=O)N(c1c(C(C)C)cccc1C(C)C)C3=O)-c1ccc3c4c(ccc-2c14)C(=O)N(c1c(C(C)C)cccc1C(C)C)C3=O,1,1,True,91
3511,CCOC(=O)c1c2c(c3n1CCCn1c(C(=O)OCC)c4c(c1-3)-c1ccc3c5c(ccc-4c15)C(=O)N(c1c(C(C)C)cccc1C(C)C)C3=O)-c1ccc3c4c(ccc-2c14)C(=O)N(c1c(C(C)C)cccc1C(C)C)C3=O,1,1,True,95
3512,CN(C)C(=O)c1ccc2c3c(=O)n4c(c=3c3ccc(C(=O)N(C)C)c1c23)=c1c2c3ccc(C(=O)N(C)C)c5c(C(=O)N(C)C)ccc(c=2c(=O)n1C4)c53,1,1,True,63
3513,CC(C)c1cccc(C(C)C)c1N1C(=O)c2ccc3c4c(=O)n5c(c=4c4ccc(c2c34)C1=O)=c1c2c3ccc4c6c(ccc(c=2c(=O)n1C5)c63)C(=O)N(c1c(C(C)C)cccc1C(C)C)C4=O,1,1,True,78
3514,O=c1c(O)c(-c2ccccc2)oc2ccccc12,1,1,True,48
3515,O=c1c(-c2ccccc2)coc2cc(O)ccc12,1,1,True,52
3516,O=c1c(-c2ccc(O)cc2)coc2cc(O)ccc12,1,1,True,51
3517,COc1ccc(-c2coc3cc(O)ccc3c2=O)cc1,1,1,True,59
3518,COc1cc2c(=O)c(-c3ccc(O)cc3)coc2cc1O,1,1,True,63
3519,COc1ccc(-c2coc3cc(O)ccc3c2=O)cc1O,1,1,True,63
3520,COc1ccc2occ(-c3ccccc3)c(=O)c2c1,1,1,True,56
3521,Cc1cc(O)cc2occ(-c3ccc(O)cc3)c(=O)c12,1,1,True,56
3522,Cc1c(O)ccc2c(=O)c(-c3ccc(O)cc3)coc12,1,1,True,56
3523,O=c1c(-c2cccc(O)c2)coc2cc(O)ccc12,1,1,True,54
3524,Cc1ccccc1-c1coc2cc(O)ccc2c1=O,1,1,True,55
3525,Cc1cccc(-c2coc3cc(O)ccc3c2=O)c1,1,1,True,58
3526,Cc1ccc(-c2coc3cc(O)ccc3c2=O)cc1,1,1,True,54
3527,COc1ccccc1-c1coc2cc(O)ccc2c1=O,1,1,True,59
3528,COc1cccc(-c2coc3cc(O)ccc3c2=O)c1,1,1,True,62
3529,O=c1c(-c2ccccc2Cl)coc2cc(O)ccc12,1,1,True,55
3530,O=c1c(-c2cccc(Cl)c2)coc2cc(O)ccc12,1,1,True,58
3531,O=c1c(-c2ccc(Cl)cc2)coc2cc(O)ccc12,1,1,True,55
3532,O=c1c(-c2cccc(Br)c2)coc2cc(O)ccc12,1,1,True,57
3533,O=c1c(-c2ccc(Br)cc2)coc2cc(O)ccc12,1,1,True,54
3534,O=c1c(-c2ccc(F)cc2)coc2cc(O)ccc12,1,1,True,54
3535,O=c1c(-c2cccc3ccccc23)coc2cc(O)ccc12,1,1,True,62
3536,Cc1coc2cc(O)ccc2c1=O,1,1,True,40
3537,CCc1coc2cc(O)ccc2c1=O,1,1,True,44
3538,O=c1c(C2CCCCC2)coc2cc(O)ccc12,1,1,True,55
3539,CCCCc1coc2cc(O)ccc2c1=O,1,1,True,53
3540,O=c1c(CCCCBr)coc2cc(O)ccc12,1,1,True,56
3541,O=c1c(Cc2ccccc2)coc2cc(O)ccc12,1,1,True,57
3542,O=c1c(CCc2ccccc2)coc2cc(O)ccc12,1,1,True,60
3543,O=c1ccoc2cc(O)ccc12,1,1,True,35
3544,Cc1cc(=O)c2ccc(O)cc2o1,1,1,True,40
3545,CCCCc1coc2cc(O)c(OC)cc2c1=O,1,1,True,60
3546,COc1cc2c(=O)c(CCCCBr)coc2cc1O,1,1,True,65
3547,COc1cc2c(=O)c(CCCCN=[N+]=[N-])coc2cc1O,1,1,True,73
3548,COc1cc2c(=O)c(Cc3ccccc3)coc2cc1O,1,1,True,67
3549,COc1cc2c(=O)c(CCc3ccccc3)coc2cc1O,1,1,True,70
3550,COc1cc2c(=O)c(C=O)coc2cc1O,1,1,True,53
3551,COC(=O)c1cc2c3ccccc3n(C)c2c(-c2nc3ccccc3[nH]2)n1,1,1,True,80
3552,COC(=O)c1cc2c3ccccc3n(C)c2c(-c2nc3cc(Br)ccc3[nH]2)n1,1,1,True,87
3553,COC(=O)c1cc2c3ccccc3n(C)c2c(-c2nc3cc(Cl)ccc3[nH]2)n1,1,1,True,87
3554,COC(=O)c1cc2c3ccccc3n(C)c2c(-c2nc3cc(F)ccc3[nH]2)n1,1,1,True,88
3555,COC(=O)c1cc2c3ccccc3n(C)c2c(-c2nc3cc(C)ccc3[nH]2)n1,1,1,True,86
3556,COC(=O)c1cc2c3ccccc3n(C)c2c(-c2nc3cc([N+](=O)[O-])ccc3[nH]2)n1,1,1,True,94
3557,COC(=O)c1cc2c3ccccc3n(C)c2c(-c2nc3cc(C(=O)c4ccccc4)ccc3[nH]2)n1,1,1,True,103
3558,COC(=O)c1cc2c3ccccc3n(C)c2c(-c2nc3c(C)cc(C)cc3[nH]2)n1,1,1,True,90
3559,CCn1c2ccccc2c2cc(C(=O)OC)nc(-c3nc4ccccc4[nH]3)c21,1,1,True,85
3560,COC(=O)c1cc2c3ccccc3n(Cc3ccccc3)c2c(-c2nc3ccccc3[nH]2)n1,1,1,True,96
3561,C=CCn1c2ccccc2c2cc(C(=O)OC)nc(-c3nc4ccccc4[nH]3)c21,1,1,True,91
3562,C#CCn1c2ccccc2c2cc(C(=O)OC)nc(-c3nc4c(C)cc(C)cc4[nH]3)c21,1,1,True,99
3563,CCOC(=O)c1cc2c3ccccc3n(C)c2c(-c2nc3ccccc3[nH]2)n1,1,1,True,86
3564,CCOC(=O)c1cc2c3ccccc3n(CC)c2c(-c2nc3ccccc3[nH]2)n1,1,1,True,87
3565,CCOC(=O)c1cc2c3ccccc3n(Cc3ccccc3)c2c(-c2nc3ccccc3[nH]2)n1,1,1,True,99
3566,COC(=O)c1cc2c3ccccc3n(C)c2c(Cn2c(-c3nc(C(=O)OC)cc4c5ccccc5n(C)c34)nc3ccccc32)n1,1,1,True,104
3567,COC(=O)c1cc2c3ccccc3n(C)c2c(-c2nc3ccccc3s2)n1,1,1,True,82
3568,COC(=O)c1cc2c3ccccc3n(Cc3ccccc3)c2c(-c2nc3ccccc3s2)n1,1,1,True,94
3569,C=CCn1c2ccccc2c2cc(C(=O)OC)nc(-c3nc4ccccc4s3)c21,1,1,True,90
3570,CCn1c2ccccc2c2cc(C(=O)OC)nc(-c3nc4ccccc4s3)c21,1,1,True,85
3571,COC(=O)c1cc2c3ccccc3n(C)c2c(-c2nc3ccccc3o2)n1,1,1,True,82
3572,C=C1Cn2c3ccccc3c3cc(C(=O)OC)nc(c32)-c2nc3ccccc3n21,1,1,True,90
3573,Nc1cc2ccccc2cc1N,1,1,True,20
3574,C=CC(=O)c1ccc2cc(N(C)C)ccc2c1,1,1,True,48
3575,CN(C)c1ccc2cc(C(=O)CBr)ccc2c1,1,1,True,48
3576,CN(C)c1cccc2c(S(=O)(=O)NN)cccc12,1,1,True,46
3577,CN(C)c1cccc2c(S(=O)(=O)NCCCCCC(=O)ON3C(=O)CCC3=O)cccc12,1,1,True,89
3578,CN(C)c1cccc2c(S(=O)(=O)NCCN)cccc12,1,0,False,55
3579,CN(C)c1cccc2c(S(=O)(=O)NCCCCCN)cccc12,1,1,True,65
3580,CN(C)c1ccc2c(CC(=O)ON3C(=O)C=CC3=O)cc(=O)oc2c1,1,1,True,71
3581,CN(C)c1ccc2c(CC(=O)O)cc(=O)oc2c1,1,1,True,54
3582,CCN(CC)c1ccc2c(C(=O)ON3C(=O)C=CC3=O)cc(=O)oc2c1,1,1,True,72
3583,O=C(ON1C(=O)C=CC1=O)c1cc2ccc(O)cc2oc1=O,1,1,True,62
3584,COc1ccc2cc(C(=O)ON3C(=O)C=CC3=O)c(=O)oc2c1,1,1,True,67
3585,CCN(CC)c1ccc2c(C)c(-c3ccc(N4C(=O)C=CC4=O)cc3)c(=O)oc2c1,1,1,True,78
3586,CCC(=O)Nc1ccc(-c2c(C)c3ccc(N(CC)CC)cc3oc2=O)cc1,1,1,True,79
3587,Cc1c(N2C(=O)C=CC2=O)c(=O)oc2cc(N(C)C)ccc12,1,1,True,59
3588,Cc1c(NC(=O)CI)c(=O)oc2cc(N(C)C)ccc12,1,1,True,62
3589,CN(C)c1ccc2cc(C(=O)NCCN3C(=O)C=CC3=O)c(=O)oc2c1,1,1,True,75
3590,CN(C)c1ccc2cc(C(=O)NCCNC(=O)CI)c(=O)oc2c1,1,1,True,72
3591,Cc1cc(=O)oc2cc(N)ccc12,1,1,True,40
3592,CCN(CC)c1ccc2cc(C(=O)NN)c(=O)oc2c1,1,1,True,59
3593,Cc1c(C)n2c(CSCC(=O)O)c(C)c(=O)n2c1=O,1,1,True,47
3594,Cc1c(C)n2c(CNC(=O)CI)c(C)c(=O)n2c1=O,1,0,False,49
3595,Cc1c(C)n2c(CN)c(C)c(=O)n2c1=O,1,1,True,32
3596,CN(CCN(C)c1ccc([N+](=O)[O-])c2nonc12)C(=O)CI,1,1,True,67
3597,CN(CCOC(=O)CI)c1ccc([N+](=O)[O-])c2nonc12,1,1,True,68
3598,CN(CCCCCC(=O)O)c1ccc([N+](=O)[O-])c2nonc12,1,1,True,69
3599,CN(CCCCCC(=O)ON1C(=O)C=CC1=O)c1ccc([N+](=O)[O-])c2nonc12,1,1,True,88
3600,CN(C)c1ccc(-c2cnc(-c3ccc(C(=O)ON4C(=O)C=CC4=O)cc3)o2)cc1,1,1,True,78
3601,CN(C)c1ccc(-c2cnc(-c3ccc(S(=O)(=O)NCCC(=O)ON4C(=O)C=CC4=O)cc3)o2)cc1,1,1,True,97
3602,O=C(CBr)c1ccc(OC(=O)c2c3ccccc3cc3ccccc23)cc1,1,1,True,61
3603,O=C(O)CCc1c2ccccc2cc2ccccc12,1,1,True,41
3604,O=C(O)c1cc(N2C(=O)C=CC2=O)ccc1-c1c2cc(Br)c(=O)c(Br)c-2oc2c(Br)c(O)c(Br)cc12,1,1,True,94
3605,CN(C)c1ccc2c(-c3ccc(C(=O)ON4C(=O)C=CC4=O)cc3C(=O)[O-])c3ccc(=[N+](C)C)cc-3oc2c1,1,1,True,105
3606,CN(C)c1ccc2c(-c3ccc(C(=O)O)cc3C(=O)[O-])c3ccc(=[N+](C)C)cc-3oc2c1,1,1,True,88
3607,CN(C)c1ccc2c(-c3cc(C(=O)O)ccc3C(=O)[O-])c3ccc(=[N+](C)C)cc-3oc2c1,1,1,True,88
3608,CCNc1cc2oc3c/c(=[NH+]/CC)c(C)cc-3c(-c3ccc(C(=O)ON4C(=O)C=CC4=O)cc3C(=O)[O-])c2cc1C,1,1,True,117
3609,CCNc1ccc2c(-c3cc(C(=O)ON4C(=O)C=CC4=O)ccc3C(=O)[O-])c3cc/c(=[NH+]\CC)cc-3oc2c1,1,1,True,115
3610,CN(C)c1ccc2c(-c3ccc(N=C=S)cc3C(=O)[O-])c3ccc(=[N+](C)C)cc-3oc2c1,1,1,True,95
3611,CN(C)c1ccc2c(-c3cc(N=C=S)ccc3C(=O)[O-])c3ccc(=[N+](C)C)cc-3oc2c1,1,1,True,95
3612,CN(C)c1ccc2c(-c3ccc(N4C(=O)C=CC4=O)cc3C(=O)[O-])c3ccc(=[N+](C)C)cc-3oc2c1,1,1,True,97
3613,O=C(CCCc1ccc2ccc3cccc4ccc1c2c34)OC1C(=O)C=CC1=O,1,1,True,76
3614,O=C(Cc1ccc2ccc3cccc4ccc1c2c34)OC1C(=O)C=CC1=O,1,1,True,69
3615,O=C(CI)OCc1cc2cccc3ccc4cccc1c4c32,1,1,True,64
3616,O=C1C=CC(=O)N1c1ccc2ccc3cccc4ccc1c2c34,1,1,True,54
3617,O=C(CI)Nc1ccc2ccc3cccc4ccc1c2c34,1,1,True,58
3618,O=C(CI)NCc1ccc2ccc3cccc4ccc1c2c34,1,1,True,62
3619,NNC(=O)CCCc1ccc2ccc3cccc4ccc1c2c34,1,1,True,65
3620,OCCCCc1ccc2ccc3cccc4ccc1c2c34,1,1,True,57
3621,Cc1c(CC(=O)ON2C(=O)C=CC2=O)c(=O)oc2c(F)c(O)c(F)cc12,1,1,True,76
3622,Cc1c(C(=O)ON2C(=O)C=CC2=O)c(=O)oc2c(F)c(O)c(F)cc12,1,1,True,71
3623,CCN(CC)c1ccc2cc(C(=O)O)c(=O)oc2c1,1,1,True,54
3624,COc1ccc2cc(C(=O)O)c(=O)oc2c1,1,1,True,50
3625,O=C(O)c1cc(CBr)ccc1-c1c2ccc(=O)cc-2oc2cc(O)ccc12,1,1,True,77
3626,NCC(=O)Nc1ccc(-c2c3ccc(=O)cc-3oc3cc(O)ccc23)c(C(=O)O)c1,1,1,True,87
3627,O=C(O)c1ccc(C(=O)O)c(-c2c3ccc(=O)cc-3oc3cc(O)ccc23)c1,1,1,True,75
3628,O=C(ON1C(=O)C=CC1=O)c1ccc(C(=O)O)c(-c2c3ccc(=O)cc-3oc3cc(O)ccc23)c1,1,1,True,95
3629,O=C(ON1C(=O)C=CC1=O)c1cc(Cl)c(C(=O)O)c(-c2c3cc(Cl)c(=O)c(Cl)c-3oc3c(Cl)c(O)c(Cl)cc23)c1Cl,1,1,True,97
3630,O=C(ON1C(=O)C=CC1=O)c1cc(Cl)c(C(=O)O)c(-c2c3cc(Cl)c(=O)cc-3oc3cc(O)c(Cl)cc23)c1Cl,1,1,True,100
3631,O=C(O)c1cc(Nc2nc(Cl)nc(Cl)n2)ccc1-c1c2ccc(=O)cc-2oc2cc(O)ccc12,1,1,True,93
3632,O=C(O)c1ccccc1-c1c2cc(F)c(=O)cc-2oc2cc(O)c(F)cc12,1,1,True,74
3633,O=C(O)c1cc(N=C=S)ccc1-c1c2cc(Br)c(=O)c(Br)c-2oc2c(Br)c(O)c(Br)cc12,1,1,True,90
3634,O=C(O)c1cc(N=C=S)ccc1-c1c2ccc(=O)cc-2oc2cc(O)ccc12,1,1,True,82
3635,O=C(CCCCCCNCC(=O)c1ccc(-c2c3ccc(=O)cc-3oc3cc(O)ccc23)c(C(=O)O)c1)ON1C(=O)C=CC1=O,1,1,True,128
3636,O=C(CSCCCCCC(=O)ON1C(=O)C=CC1=O)Nc1ccc(-c2c3ccc(=O)cc-3oc3cc(O)ccc23)c(C(=O)O)c1,1,1,True,130
3637,Nc1ccc2c3c(c(=O)oc2c1S(=O)(=O)[O-])CCC3C(CC(=O)NCCCC(=O)O)S(=O)(=O)[O-],1,1,True,98
3638,O=C(O)CCCCCNC(=O)COc1cc([SH](=O)([O-])O)c2ccc3c(S(=O)(=O)[O-])cc(S(=O)(=O)[O-])c4ccc1c2c43,1,1,True,100
3639,O=C(O)CCCCCNC(=O)c1cc2cc(S(=O)(=O)[O-])c(O)c(Cl)c2oc1=O,1,1,True,84
3640,CCN(CCCCCC(=O)O)c1ccc2cc(C(=O)NCCS(=O)(=O)[O-])c(=O)oc2c1,1,1,True,92
3641,CC1=CC(C)(C)N(CCCS(=O)(=O)O)c2cc3oc(=O)c(C(=O)NCCCCCC(=O)O)cc3cc21,1,1,True,108
3642,CC1=CC(C)(C)N(CCCS(=O)(=O)[O-])c2cc3oc(=O)c(C(=O)NCCCCCC(=O)O)cc3cc21,1,1,True,109
3643,CC1(C)C=C(CS(=O)(=O)[O-])c2cc3cc(C(=O)NCCCCCC(=O)O)c(=O)oc3cc2N1CCCS(=O)(=O)O,1,1,True,113
3644,CC1(C)C=C(CS(=O)(=O)[O-])c2cc3cc(C(=O)NCCCCCC(=O)O)c(=O)oc3cc2N1CCCS(=O)(=O)[O-],1,1,True,111
3645,CC1(C)C=C(CS(=O)(=O)O)c2cc3cc(C(=O)NCCCCCC(=O)O)c(=O)oc3cc2N1CCCS(=O)(=O)O,1,1,True,110
3646,CCN(CC)c1ccc2c(/C=C3/Sc4ccccc4N3C)cc(N(C)CCCC(=O)O)[o+]c2c1,1,1,True,103
3647,Nc1ccc2c(-c3ccc(C(=O)O)cc3C(=O)O)c3ccc(N)c(S(=O)(=O)NCCCS(=O)(=O)O)c3[o+]c2c1S(=O)(=O)O,1,1,True,94
3648,Nc1ccc2c(-c3ccc(C(=O)O)cc3C(=O)O)c3ccc(N)c(S(=O)(=O)NCCCS(=O)(=O)O)c3[o+]c2c1S(=O)(=O)[O-],1,1,True,96
3649,Nc1ccc2c(-c3ccc(C(=O)O)cc3C(=O)O)c3ccc(N)c(S(=O)(=O)NCCCS(=O)(=O)[O-])c3[o+]c2c1S(=O)(=O)[O-],1,1,True,96
3650,O=C(O)CCCCCNC(=O)c1ccc(-c2c3ccc(O)cc3[o+]c3cc(O)ccc23)c(C(=O)O)c1,1,1,True,86
3651,Nc1ccc2c(-c3ccc(C(=O)NCCCCCC(=O)O)cc3C(=O)O)c3ccc(N)cc3[o+]c2c1,1,1,True,87
3652,CN(CCCC(=O)O)C(=O)c1ccccc1-c1c2ccc(NCCCS(=O)(=O)O)cc2[o+]c2cc(NCCCS(=O)(=O)O)ccc12,1,1,True,95
3653,CN(CCCC(=O)O)C(=O)c1ccccc1-c1c2ccc(NCCCS(=O)(=O)[O-])cc2[o+]c2cc(NCCCS(=O)(=O)O)ccc12,1,1,True,104
3654,CN(CCCC(=O)O)C(=O)c1ccccc1-c1c2ccc(NCCCS(=O)(=O)[O-])cc2[o+]c2cc(NCCCS(=O)(=O)[O-])ccc12,1,1,True,96
3655,Cc1cc2c(-c3cc(Cl)c(Cl)cc3C(=O)N(C)CCCC(=O)O)c3cc(C)c(NCCCS(=O)(=O)O)cc3[o+]c2cc1NCCCS(=O)(=O)[O-],1,1,True,111
3656,Cc1cc2c(-c3cc(Cl)c(Cl)cc3C(=O)N(C)CCCC(=O)O)c3cc(C)c(NCCCS(=O)(=O)[O-])cc3[o+]c2cc1NCCCS(=O)(=O)[O-],1,1,True,103
3657,Cc1cc2c(-c3cc(Cl)c(Cl)cc3C(=O)N(C)CCCC(=O)O)c3cc(C)c(NCCCS(=O)(=O)O)cc3[o+]c2cc1NCCCS(=O)(=O)O,1,1,True,102
3658,COCC[N+]1=C(/C=C/C=C2/N(CCCCCC(=O)O)c3ccc(S(=O)(=O)[O-])cc3C2(C)C)C(C)(C)c2cc(S(=O)(=O)[O-])ccc21,1,1,True,117
3659,COCC[N+]1=C(/C=C/C=C2/N(CCCCCC(=O)O)c3ccc(S(=O)(=O)O)cc3C2(C)C)C(C)(C)c2cc(S(=O)(=O)[O-])ccc21,1,1,True,121
3660,COCC[N+]1=C(/C=C/C=C2/N(CCCCCC(=O)O)c3ccc(S(=O)(=O)O)cc3C2(C)C)C(C)(C)c2cc(S(=O)(=O)O)ccc21,1,1,True,116
3661,COCC[N+]1=C(/C=C/C=C2/N(CCCCCC(=O)O)c3ccc(S(=O)(=O)[O-])cc3C2(C)CCCS(=O)(=O)O)C(C)(C)c2cc(S(=O)(=O)O)ccc21,1,1,True,135
3662,COCC[N+]1=C(/C=C/C=C2/N(CCCCCC(=O)O)c3ccc(S(=O)(=O)[O-])cc3C2(C)CCCS(=O)(=O)[O-])C(C)(C)c2cc(S(=O)(=O)O)ccc21,1,1,True,135
3663,COCC[N+]1=C(/C=C/C=C2/N(CCCCCC(=O)O)c3ccc(S(=O)(=O)[O-])cc3C2(C)CCCS(=O)(=O)[O-])C(C)(C)c2cc(S(=O)(=O)[O-])ccc21,1,1,True,129
3664,COCC[N+]1=C(/C=C/C=C2/N(CCCCCC(=O)O)c3ccc(S(=O)(=O)O)cc3C2(C)CCCS(=O)(=O)O)C(C)(C)c2cc(S(=O)(=O)O)ccc21,1,1,True,129
3665,COCC[N+]1=C(/C=C/C=C2/N(CCCCCC(=O)O)c3ccc(S(=O)(=O)O)cc3C2(C)CCCS(=O)(=O)O)C(C)(CCCS(=O)(=O)O)c2cc(S(=O)(=O)[O-])ccc21,1,1,True,135
3666,COCC[N+]1=C(/C=C/C=C2/N(CCCCCC(=O)O)c3ccc(S(=O)(=O)O)cc3C2(C)CCCS(=O)(=O)O)C(C)(CCCS(=O)(=O)[O-])c2cc(S(=O)(=O)[O-])ccc21,1,1,True,140
3667,COCC[N+]1=C(/C=C/C=C2/N(CCCCCC(=O)O)c3ccc(S(=O)(=O)[O-])cc3C2(C)CCCS(=O)(=O)O)C(C)(CCCS(=O)(=O)[O-])c2cc(S(=O)(=O)[O-])ccc21,1,1,True,136
3668,COCC[N+]1=C(/C=C/C=C2/N(CCCCCC(=O)O)c3ccc(S(=O)(=O)[O-])cc3C2(C)CCCS(=O)(=O)[O-])C(C)(CCCS(=O)(=O)[O-])c2cc(S(=O)(=O)[O-])ccc21,1,1,True,130
3669,COCC[N+]1=C(/C=C/C=C2/N(CCCCCC(=O)O)c3ccc(S(=O)(=O)O)cc3C2(C)CCCS(=O)(=O)O)C(C)(CCCS(=O)(=O)O)c2cc(S(=O)(=O)O)ccc21,1,1,True,129
3670,CCN(CC)c1ccc2c(c1)OC(C(C)(C)C)=C/C2=C\C=C1\C(=O)N(CCCCCC(=O)O)C(=O)N(CCCS(=O)(=O)[O-])C1=O,1,1,True,116
3671,CCN(CC)c1ccc2c(c1)OC(C(C)(C)C)=C/C2=C\C=C1\C(=O)N(CCCCCC(=O)O)C(=O)N(CCCS(=O)(=O)O)C1=O,1,1,True,115
3672,CN(C)c1ccc2c(-c3ccc(C(=O)NCCCCCC(=O)O)cc3C(=O)O)c3ccc(N(C)C)cc3[o+]c2c1,1,1,True,92
3673,CCN(CC)c1ccc2c(-c3ccc(C(=O)NCCCCCC(=O)O)cc3C(=O)O)c3ccc(N(CC)CC)cc3[o+]c2c1,1,1,True,95
3674,CCN(CC)c1ccc2c(-c3ccc(C(=O)NCCCCCC(=O)O)cc3C(=O)O)c3ccc(N(CC)CCCS(=O)(=O)O)cc3[o+]c2c1,1,1,True,116
3675,CCN(CCCS(=O)(=O)[O-])c1ccc2c(-c3ccc(C(=O)NCCCCCC(=O)O)cc3C(=O)O)c3ccc(N(CC)CCCS(=O)(=O)O)cc3[o+]c2c1,1,1,True,119
3676,CCN(CCCS(=O)(=O)[O-])c1ccc2c(-c3ccc(C(=O)NCCCCCC(=O)O)cc3C(=O)O)c3ccc(N(CC)CCCS(=O)(=O)[O-])cc3[o+]c2c1,1,1,True,112
3677,CCN(CCCS(=O)(=O)O)c1ccc2c(-c3ccc(C(=O)NCCCCCC(=O)O)cc3C(=O)O)c3ccc(N(CC)CCCS(=O)(=O)O)cc3[o+]c2c1,1,1,True,111
3678,CCN(CC)c1ccc2c(-c3ccc(C(=O)NCCCCCC(=O)O)cc3S(=O)(=O)O)c3ccc(N(CC)CC)cc3[o+]c2c1,1,1,True,97
3679,O=C(O)c1ccc(-c2c3cc4c5c(c3[o+]c3c6c7c(cc23)CCCN7CCC6)CCCN5CCC4)c(C(=O)O)c1,1,1,True,78
3680,CCN(CCCS(=O)(=O)[O-])c1ccc2c(-c3ccccc3C(=O)N(C)CCCC(=O)O)c3c([o+]c2c1)=CC1C(C=3)C(C)=CC(C)(C)N1CCCS(=O)(=O)O,1,1,True,150
3681,CCN(CCCS(=O)(=O)O)c1ccc2c(-c3ccccc3C(=O)N(C)CCCC(=O)O)c3c([o+]c2c1)=CC1C(C=3)C(C)=CC(C)(C)N1CCCS(=O)(=O)O,1,1,True,146
3682,CCN(CCCS(=O)(=O)[O-])c1ccc2c(-c3ccccc3C(=O)N(C)CCCC(=O)O)c3c([o+]c2c1)=CC1C(C=3)C(C)=CC(C)(C)N1CCCS(=O)(=O)[O-],1,1,True,147
3683,O=C(O)CCCCCNS(=O)(=O)c1ccc(-c2c3cc4c5c(c3[o+]c3c6c7c(cc23)CCCN7CCC6)CCCN5CCC4)c(S(=O)(=O)[O-])c1,1,1,True,106
3684,O=C(O)CCCCCNS(=O)(=O)c1ccc(-c2c3cc4c5c(c3[o+]c3c6c7c(cc23)CCCN7CCC6)CCCN5CCC4)c(S(=O)(=O)O)c1,1,1,True,105
3685,O=C(O)CCOCCOCCNS(=O)(=O)c1ccc(-c2c3cc4c5c(c3[o+]c3c6c7c(cc23)CCCN7CCC6)CCCN5CCC4)c(S(=O)(=O)O)c1,1,1,True,111
3686,CC1(C)C=C(CS(=O)(=O)O)c2cc3c(-c4ccc(C(=O)O)cc4C(=O)O)c4cc5c(cc4[o+]c3cc2N1CCCS(N)(=O)=O)N(CCCS(N)(=O)=O)C(C)(C)C=C5CS(=O)(=O)O,1,1,True,103
3687,CN(CCCC(=O)O)C(=O)c1ccccc1-c1c2cc3c(cc2[o+]c2cc4c(cc12)C(CS(=O)(=O)O)=CC(C)(C)N4CCCS(N)(=O)=O)N(CCC[SH](N)(=O)O)C(C)(C)C=C3CS(=O)(=O)[O-],1,1,True,142
3688,CN(CCCC(=O)O)C(=O)c1ccccc1-c1c2cc3c(cc2[o+]c2cc4c(cc12)C(CS(=O)(=O)[O-])=CC(C)(C)N4CCC[SH](N)(=O)O)N(CCCS(N)(=O)=O)C(C)(C)C=C3CS(=O)(=O)[O-],1,1,True,133
3689,CN(CCCC(=O)O)C(=O)c1ccccc1-c1c2cc3c(cc2[o+]c2cc4c(cc12)C(CS(=O)(=O)O)=CC(C)(C)N4CCC[SH](N)(=O)O)N(CCCS(N)(=O)=O)C(C)(C)C=C3CS(=O)(=O)O,1,1,True,133
3690,CCN(CC)c1ccc2c(c1)O/C(=C/C=C1/C(=O)N(CCCCCC(=O)O)C(=O)N(CCCS(=O)(=O)[O-])C1=O)C=C2C(C)(C)C,1,1,True,117
3691,CCN(CC)c1ccc2c(c1)O/C(=C/C=C1/C(=O)N(CCCCCC(=O)O)C(=O)N(CCCS(=O)(=O)O)C1=O)C=C2C(C)(C)C,1,1,True,116
3692,CC(C)(C)c1cc(/C=C/C=C2\N(CCCCCC(=O)O)c3ccc(S(=O)(=O)[O-])cc3C2(C)C)c2ccc(N)cc2[o+]1,1,1,True,118
3693,CC(C)(C)c1cc(/C=C/C=C2\N(CCCCCC(=O)O)c3ccc(S(=O)(=O)O)cc3C2(C)C)c2ccc(N)cc2[o+]1,1,1,True,117
3694,CCN(CC)c1ccc2c(/C=C/C=C3\N(CCCCCC(=O)O)c4ccc(S(=O)(=O)[O-])cc4C3(C)C)cc(C(C)(C)C)[o+]c2c1,1,1,True,126
3695,CCN(CC)c1ccc2c(/C=C/C=C3\N(CCCCCS(=O)(=O)O)c4ccc(S(=O)(=O)[O-])cc4C3(C)CCCC(=O)O)cc(C(C)(C)C)[o+]c2c1,1,1,True,141
3696,CCN(CCCS(=O)(=O)[O-])c1ccc2c(/C=C/C=C3\N(CCCCCS(=O)(=O)O)c4ccc(S(=O)(=O)[O-])cc4C3(C)CCCC(=O)O)cc(C(C)(C)C)[o+]c2c1,1,1,True,151
3697,CCN(CCCS(=O)(=O)O)c1ccc2c(/C=C/C=C3\N(CCCCCS(=O)(=O)O)c4ccc(S(=O)(=O)[O-])cc4C3(C)CCCC(=O)O)cc(C(C)(C)C)[o+]c2c1,1,1,True,149
3698,CCN(CCCS(=O)(=O)[O-])c1ccc2c(/C=C/C=C3\N(CCCCCC(=O)O)c4ccc(S(=O)(=O)[O-])cc4C3(C)C)cc(C(C)(C)C)[o+]c2c1,1,1,True,137
3699,CC(C)(C)c1cc(/C=C/C=C2\N(CCC[SH](=O)(O)O)c3ccc(S(=O)(=O)O)cc3C2(C)CCCC(=O)O)c2ccc(N(CCCS(=O)(=O)[O-])CCCS(=O)(=O)O)cc2[o+]1,1,1,True,155
3700,CC(C)(C)c1cc(/C=C/C=C2\N(CCC[SH](=O)(O)O)c3ccc(S(=O)(=O)O)cc3C2(C)CCCC(=O)O)c2ccc(N(CCCS(=O)(=O)[O-])CCCS(=O)(=O)[O-])cc2[o+]1,1,1,True,148
3701,CC(C)(C)c1cc(/C=C/C=C2\N(CCC[SH](=O)([O-])O)c3ccc(S(=O)(=O)O)cc3C2(C)CCCC(=O)O)c2ccc(N(CCCS(=O)(=O)[O-])CCCS(=O)(=O)[O-])cc2[o+]1,1,1,True,148
3702,CC(C)(C)c1cc(/C=C/C=C2\N(CCC[SH](=O)([O-])O)c3ccc(S(=O)(=O)[O-])cc3C2(C)CCCC(=O)O)c2ccc(N(CCCS(=O)(=O)[O-])CCCS(=O)(=O)[O-])cc2[o+]1,1,1,True,147
3703,CC(C)(C)c1cc(/C=C/C=C2\N(CCC[SH](=O)(O)O)c3ccc(S(=O)(=O)O)cc3C2(C)CCCC(=O)O)c2ccc(N(CCCS(=O)(=O)O)CCCS(=O)(=O)O)cc2[o+]1,1,1,True,147
3704,CC(C)(C)c1cc(/C=C/C=C2\N(CCCCCC(=O)O)c3ccc(S(=O)(=O)[O-])cc3C2(C)C)c2cc3c4c(c2[o+]1)CCCN4CCC3,1,1,True,138
3705,CC(C)(C)c1cc(/C=C/C=C2\N(CCCCCC(=O)O)c3ccc(S(=O)(=O)O)cc3C2(C)C)c2cc3c4c(c2[o+]1)CCCN4CCC3,1,1,True,135
3706,CC(C)(C)c1cc(/C=C/C=C2\N(CCCS(=O)(=O)[O-])c3ccc(S(=O)(=O)O)cc3C2(C)CCCC(=O)O)c2cc3c4c(c2[o+]1)CCCN4CCC3,1,1,True,145
3707,CC(C)(C)c1cc(/C=C/C=C2\N(CCCS(=O)(=O)O)c3ccc(S(=O)(=O)O)cc3C2(C)CCCC(=O)O)c2cc3c4c(c2[o+]1)CCCN4CCC3,1,1,True,144
3708,CCN(CC)c1ccc2c(c1)O/C(=C/CC1C(=O)N(CCCCCC(=O)O)C(=O)N(CCCS(=O)(=O)[O-])C1=O)C(C)=C2c1cccc(C(=O)O)c1,1,1,True,135
3709,CCN(CC)c1ccc2c(c1)O/C(=C/CC1C(=O)N(CCCCCC(=O)O)C(=O)N(CCCS(=O)(=O)O)C1=O)C(C)=C2c1cccc(C(=O)O)c1,1,1,True,134
3710,CCN(CC)c1ccc2c(c1)O/C(=C/C=C1/C(=O)N(CCCCCC(=O)O)C(=O)N(CCCS(=O)(=O)[O-])C1=O)C=C2c1cc(S(=O)(=O)O)c(OC)cc1C,1,1,True,138
3711,CCN(CC)c1ccc2c(c1)O/C(=C/C=C1/C(=O)N(CCCCCC(=O)O)C(=O)N(CCCS(=O)(=O)[O-])C1=O)C=C2c1cc(S(=O)(=O)[O-])c(OC)cc1C,1,1,True,138
3712,CCN(CC)c1ccc2c(c1)O/C(=C/C=C1/C(=O)N(CCCCCC(=O)O)C(=O)N(CCCS(=O)(=O)O)C1=O)C=C2c1cc(S(=O)(=O)O)c(OC)cc1C,1,1,True,136
3713,COCC[N+]1=C(/C=C/C=C/C=C2/N(CCCCCC(=O)O)c3ccc(S(=O)(=O)O)cc3C2(C)C)C(C)(C)c2cc(S(=O)(=O)[O-])ccc21,1,1,True,126
3714,COCC[N+]1=C(/C=C/C=C/C=C2/N(CCCCCC(=O)O)c3ccc(S(=O)(=O)[O-])cc3C2(C)C)C(C)(C)c2cc(S(=O)(=O)[O-])ccc21,1,1,True,122
3715,COCC[N+]1=C(/C=C/C=C/C=C2/N(CCCCCC(=O)O)c3ccc(S(=O)(=O)O)cc3C2(C)C)C(C)(C)c2cc(S(=O)(=O)O)ccc21,1,1,True,121
3716,COCC[N+]1=C(/C=C/C=C/C=C2/N(CCCCCC(=O)O)c3ccc(S(=O)(=O)O)cc3C2(C)CCCS(=O)(=O)O)C(C)(C)C2CC(S(=O)(=O)[O-])=CC=C21,1,1,True,148
3717,COCC[N+]1=C(/C=C/C=C/C=C2/N(CCCCCC(=O)O)c3ccc(S(=O)(=O)O)cc3C2(C)CCCS(=O)(=O)[O-])C(C)(C)C2CC(S(=O)(=O)[O-])=CC=C21,1,1,True,148
3718,COCC[N+]1=C(/C=C/C=C/C=C2/N(CCCCCC(=O)O)c3ccc(S(=O)(=O)[O-])cc3C2(C)CCCS(=O)(=O)[O-])C(C)(C)C2CC(S(=O)(=O)[O-])=CC=C21,1,1,True,147
3719,COCC[N+]1=C(/C=C/C=C/C=C2/N(CCCCCC(=O)O)c3ccc(S(=O)(=O)O)cc3C2(C)CCCS(=O)(=O)O)C(C)(C)C2CC(S(=O)(=O)O)=CC=C21,1,1,True,146
3720,COCC[N+]1=C(/C=C/C=C/C=C2/N(CCCCCC(=O)O)c3ccc(S(=O)(=O)[O-])cc3C2(C)CCCS(=O)(=O)[O-])C(C)(CCCS(=O)(=O)O)C2CC(S(=O)(=O)[O-])=CC=C21,1,1,True,155
3721,CCN1c2cc3[o+]c(C(C)(C)C)cc(/C=C/C=C4\N(CCCCCC(=O)O)c5ccc(S(=O)(=O)[O-])cc5C4(C)C)c3cc2C(C)=CC1(C)C,1,1,True,139
3722,CCN1c2cc3[o+]c(C(C)(C)C)cc(/C=C/C=C4\N(CCCCCC(=O)O)c5ccc(S(=O)(=O)O)cc5C4(C)C)c3cc2C(C)=CC1(C)C,1,1,True,138
3723,CCN1c2cc3[o+]c(C(C)(C)C)cc(/C=C/C=C4\N(CCCS(=O)(=O)[O-])c5ccc([SH](=O)([O-])O)cc5C4(C)CCCC(=O)O)c3cc2C(C)=CC1(C)C,1,1,True,152
3724,CC1=CC(C)(C)N(CCCS(=O)(=O)O)c2cc3[o+]c(C(C)(C)C)cc(/C=C/C=C4\N(CCCS(=O)(=O)[O-])c5ccc(S(=O)(=O)O)cc5C4(C)CCCC(=O)O)c3cc21,1,1,True,154
3725,CC(C)(C)c1cc(/C=C/C=C2\N(CCCS(=O)(=O)O)c3ccc(S(=O)(=O)O)cc3C2(C)CCCC(=O)O)c2cc3c(cc2[o+]1)N(CCCS(=O)(=O)[O-])C(C)(C)C=C3CS(=O)(=O)O,1,1,True,157
3726,COCC[N+]1=C(/C=C/C=C/C=C2/N(CCCCCC(=O)O)c3ccc4c(S(=O)(=O)[O-])cc(S(=O)(=O)[O-])cc4c3C2(C)C)C(C)(CCCS(=O)(=O)[O-])c2cc(S(=O)(=O)[O-])ccc21,1,1,True,155
3727,CCN1c2cc3[o+]c(-c4ccccc4)cc(/C=C/C=C4\N(CCCCCC(=O)O)c5ccc(S(=O)(=O)[O-])cc5C4(C)C)c3cc2C(C)=CC1(C)C,1,1,True,143
3728,CCN1c2cc3[o+]c(-c4ccccc4)cc(/C=C/C=C4\N(CCCS(=O)(=O)[O-])c5ccc(S(=O)(=O)[O-])cc5C4(C)CCCC(=O)O)c3cc2C(C)=CC1(C)C,1,1,True,150
3729,CC1=CC(C)(C)N(CCCS(=O)(=O)[O-])c2cc3[o+]c(-c4ccccc4)cc(/C=C/C=C4\N(CCCS(=O)(=O)[O-])c5ccc(S(=O)(=O)[O-])cc5C4(C)CCCC(=O)O)c3cc21,1,1,True,153
3730,CC1(CCCC(=O)O)/C(=C/C=C/c2cc(-c3ccccc3)[o+]c3cc4c(cc23)C(CS(=O)(=O)[O-])=CC(C)(C)N4CCCS(=O)(=O)[O-])N(CCCS(=O)(=O)[O-])c2ccc(S(=O)(=O)[O-])cc21,1,1,True,156
3731,COCC[N+]1=C(/C=C/C=C/C=C2/N(CCCCCC(=O)O)c3ccc4c(S(=O)(=O)[O-])cc(S(=O)(=O)[O-])cc4c3C2(C)CCCS(=O)(=O)[O-])C(C)(C)c2c1ccc1c(S(=O)(=O)[O-])cc(S(=O)(=O)[O-])cc21,1,1,True,147
3732,CCN(CC)c1ccc2c(C(C)(C)C)cc(/C=C/C=C3/N(CCCCCC(=O)O)c4ccc(S(=O)(=O)[O-])cc4C3(C)C)[o+]c2c1,1,1,True,129
3733,CCN(CC)c1ccc2c(C(C)(C)C)cc(/C=C/C=C3/N(CCCS(=O)(=O)[O-])c4ccc(S(=O)(=O)[O-])cc4C3(C)CCCC(=O)O)[o+]c2c1,1,1,True,135
3734,CCN(CCCS(=O)(=O)[O-])c1ccc2c(C(C)(C)C)cc(/C=C/C=C3/N(CCC[SH](=O)([O-])O)c4ccc(S(=O)(=O)[O-])cc4C3(C)CCCC(=O)O)[o+]c2c1,1,1,True,150
3735,CC(C)(C)c1cc(/C=C/C=C2/N(CCC[SH](=O)([O-])O)c3ccc(S(=O)(=O)[O-])cc3C2(C)CCCC(=O)O)[o+]c2cc(N(Cc3cccc(S(=O)(=O)[O-])c3)Cc3cccc(S(=O)(=O)[O-])c3)ccc12,1,1,True,151
3736,CCN(CC)c1ccc2c(-c3ccccc3)c(C)c(/C=C/C=C3/N(CCCCCC(=O)O)c4ccc(S(=O)(=O)[O-])cc4C3(C)C)[o+]c2c1,1,1,True,135
3737,CCN(CC)c1ccc2c(-c3ccccc3)c(C)c(/C=C/C=C3/N(CCCS(=O)(=O)[O-])c4ccc(S(=O)(=O)[O-])cc4C3(C)CCCC(=O)O)[o+]c2c1,1,1,True,139
3738,C=C=C/C(=C\C=C)c1c(C)c(/C=C/C=C2/N(CCCS(=O)(=O)O)c3ccc(S(=O)(=O)[O-])cc3C2(C)CCCC(=O)O)[o+]c2cc(N(CC)CCCS(=O)(=O)[O-])ccc12,1,1,True,160
3739,CCN(CC)c1ccc2c(-c3ccc(OC)cc3C)cc(/C=C/C=C3/N(CCCS(=O)(=O)[O-])c4ccc(S(=O)(=O)O)cc4C3(C)CCCC(=O)O)[o+]c2c1,1,1,True,148
3740,CCN(CC)c1ccc2c(-c3cc(S(=O)(=O)[O-])c(OC)cc3C)cc(/C=C/C=C3/N(CCCS(=O)(=O)[O-])c4ccc(S(=O)(=O)[O-])cc4C3(C)CCCC(=O)O)[o+]c2c1,1,1,True,155
3741,CCN(CC)c1ccc2c(-c3cccc(S(=O)(=O)[O-])c3)c(C)c(CC/C=C3/N(CCCCCC(=O)O)c4ccc(S(=O)(=O)[O-])cc4C3(C)C)[o+]c2c1,1,1,True,136
3742,CCN(CC)c1ccc2c(-c3cccc(S(=O)(=O)[O-])c3)c(C)c(/C=C/C=C3/N(CCCS(=O)(=O)[O-])c4ccc(S(=O)(=O)[O-])cc4C3(C)CCCC(=O)O)[o+]c2c1,1,1,True,147
3743,CCN(CC)c1ccc2c(-c3ccccc3C(=O)NCCS(=O)(=O)[O-])c3c([o+]c2c1)/C(=C/C=C1/N(CCCCCC(=O)O)c2ccc(S(=O)(=O)[O-])cc2C1(C)C)CCC3,1,1,True,164
3744,CCN(CC)c1ccc2c(/C=C/C=C/C=C3\N(CCCCCC(=O)O)c4ccc(S(=O)(=O)[O-])cc4C3(C)C)cc(C(C)(C)C)[o+]c2c1,1,1,True,131
3745,CCN(CC)C1C=c2[o+]c(C(C)(C)C)cc(/C=C/C=C/C=C3\N(CCCS(=O)(=O)[O-])c4ccc(S(=O)(=O)[O-])cc4C3(C)CCCC(=O)O)c2=CC1,1,1,True,142
3746,CCN(CCCS(=O)(=O)[O-])c1ccc2c(/C=C/C=C/C=C3\N(CCCS(=O)(=O)[O-])c4ccc(S(=O)(=O)[O-])cc4C3(C)CCCC(=O)O)cc(C(C)(C)C)[o+]c2c1,1,1,True,146
3747,CC(C)(C)c1cc(/C=C/C=C/C=C2\N(CCC[SH](=O)([O-])O)c3ccc([SH](=O)([O-])O)cc3C2(C)CCCC(=O)O)c2ccc(N(CCCS(=O)(=O)[O-])CCCS(=O)(=O)[O-])cc2[o+]1,1,1,True,153
3748,CC(C)(C)c1cc(/C=C/CC/C=C2\N(CCC[SH](=O)([O-])O)c3ccc(S(=O)(=O)[O-])cc3C2(C)CCCC(=O)O)c2cc3c4c(c2[o+]1)CCCN4CCC3,1,1,True,156
3749,COCC[N+]1=C(/C=C/C=C/C=C/C=C2/N(CCCCCC(=O)O)C3=C(CC(S(=O)(=O)[O-])C=C3)C2(C)C)C(C)(C)c2cc(S(=O)(=O)[O-])ccc21,1,1,True,136
3750,COCC[N+]1=C(/C=C/C=C/C=C/C=C2/N(CCCCCC(=O)O)c3ccc(S(=O)(=O)[O-])cc3C2(C)CCCS(=O)(=O)[O-])C(C)(CCCS(=O)(=O)[O-])c2cc(S(=O)(=O)[O-])ccc21,1,1,True,140
3751,CCN1c2cc3[o+]c(C(C)(C)C)cc(/C=C/C=C/C=C4\N(CCCCCC(=O)O)c5ccc(S(=O)(=O)[O-])cc5C4(C)C)c3cc2C(C)=CC1(C)C,1,1,True,145
3752,CCN1c2cc3[o+]c(C(C)(C)C)cc(/C=C/C=C/C=C4\N(CCCS(=O)(=O)[O-])c5ccc(S(=O)(=O)[O-])cc5C4(C)CCCC(=O)O)c3cc2C(C)=CC1(C)C,1,1,True,152
3753,CC1=CC(C)(C)N(CCCS(=O)(=O)[O-])c2cc3[o+]c(C(C)(C)C)cc(/C=C/C=C/C=C4\N(CCCS(=O)(=O)[O-])c5ccc(S(=O)(=O)[O-])cc5C4(C)CCCC(=O)O)c3cc21,1,1,True,153
3754,CC(C)(C)c1cc(/C=C/C=C/C=C2\N(CCCS(=O)(=O)[O-])c3ccc(S(=O)(=O)[O-])cc3C2(C)CCCC(=O)O)c2cc3c(cc2[o+]1)N(CCCS(=O)(=O)[O-])C(C)(C)C=C3CS(=O)(=O)[O-],1,1,True,158
3755,CCN1/C(=C/C=C2\CCCc3c2[o+]c2cc4c(cc2c3-c2ccccc2C(=O)N(C)CCCC(=O)O)C(CS(=O)(=O)[O-])=CC(C)(C)N4CC)C(C)(C)c2c1ccc1c(S(=O)(=O)[O-])cc(S(=O)(=O)[O-])cc21,1,1,True,186
3756,CCN1c2cc3[o+]c(-c4ccccc4)cc(C=C/C=C/C=C4\N(CCCS(=O)(=O)[O-])c5ccc(S(=O)(=O)[O-])cc5C4(C)CCCC(=O)O)c3cc2C(C)=CC1(C)C,1,1,True,156
3757,CC1=CC(C)(C)N(CCCS(=O)(=O)[O-])c2cc3[o+]c(-c4ccccc4)cc(/C=C/C=C/C=C4\N(CCCS(=O)(=O)[O-])c5ccc(S(=O)(=O)[O-])cc5C4(C)CCCC(=O)O)c3cc21,1,1,True,159
3758,CC1(CCCC(=O)O)/C(=C/C=C/C=C/c2cc(-c3ccccc3)[o+]c3cc4c(cc23)C(CS(=O)(=O)[O-])=CC(C)(C)N4CCCS(=O)(=O)[O-])N(CCCS(=O)(=O)[O-])c2ccc(S(=O)(=O)[O-])cc21,1,1,True,161
3759,CCN(CC)c1ccc2c(C(C)(C)C)cc(/C=C/C=C/C=C3/N(CCCCCC(=O)O)c4ccc(S(=O)(=O)[O-])cc4C3(C)C)[o+]c2c1,1,1,True,133
3760,CCN(CC)c1ccc2c(C(C)(C)C)cc(/C=C/C=C/C=C3/N(CCCS(=O)(=O)[O-])c4ccc(S(=O)(=O)[O-])cc4C3(C)CCCC(=O)O)[o+]c2c1,1,1,True,140
3761,CCN(CCCS(=O)(=O)[O-])c1ccc2c(C(C)(C)C)cc(/C=C/C=C/C=C3/N(CCCS(=O)(=O)[O-])c4ccc(S(=O)(=O)[O-])cc4C3(C)CCCC(=O)O)[o+]c2c1,1,1,True,148
3762,CC(C)(C)c1cc(/C=C/C=C/C=C2/N(CCCS(=O)(=O)[O-])c3ccc(S(=O)(=O)[O-])cc3C2(C)CCCC(=O)O)[o+]c2cc(N(Cc3cccc(S(=O)(=O)[O-])c3)Cc3cccc(S(=O)(=O)[O-])c3)ccc12,1,1,True,154
3763,CC1(C)C(/C=C/C2=C(Oc3ccc(S(=O)(=O)[O-])cc3)/C(=C/C=C3/N(CCCS(=O)(=O)[O-])c4ccccc4C3(C)CCCC(=O)O)CCC2)=[N+](CCCS(=O)(=O)[O-])c2ccccc21,1,1,True,153
3764,CCN(CC)c1ccc2c(-c3ccccc3C(=O)O)c3c([o+]c2c1)/C(=C/C=C/C=C1\N(CCCS(=O)(=O)[O-])c2ccc(S(=O)(=O)[O-])cc2C1(C)CCCC(=O)O)CCC3,1,1,True,162
3765,CCN(CC)c1ccc2c(-c3ccccc3C(=O)N(C)CCS(=O)(=O)[O-])c3c([o+]c2c1)/C(=C/C=C/C=C1/N(CCCCCC(=O)O)c2ccc(S(=O)(=O)[O-])cc2C1(C)C)CCC3,1,1,True,167
3766,CCN(CC)c1ccc2c(/C=C/C=C/C=C/C=C3\N(CCC[SH](=O)([O-])O)c4ccc(S(=O)(=O)[O-])cc4C3(C)CCCC(=O)O)cc(C(C)(C)C)[o+]c2c1,1,1,True,146
3767,CCN1c2cc3[o+]c4c(c(-c5ccccc5C(=O)N(C)CCS(=O)(=O)[O-])c3cc2C(CS(=O)(=O)[O-])=CC1(C)C)CCC/C4=C\C=C\C=C1\N(CCCCCC(=O)O)c2ccc(S(=O)(=O)[O-])cc2C1(C)C,1,1,True,185
3768,CCN1/C(=C/C=C/C=C2\CCCc3c2[o+]c2cc4c(cc2c3C2=C(C(=O)N(C)CCCC(=O)O)C=CCC2)C(CS(=O)(=O)[O-])=CC(C)(C)N4CC)C(C)(C)c2c1ccc1c(S(=O)(=O)[O-])cc(S(=O)(=O)[O-])cc21,1,1,True,196
3769,O=C(O)CCCCCNC(=O)N(CCCS(=O)(=O)[O-])c1ccc2nc(-c3cc[n+](CCCS(=O)(=O)[O-])cc3)oc2c1,1,1,True,114
3770,O=C(O)CCCCCOc1ccc(C2=NN(c3ccc(S(=O)(=O)[O-])cc3)C(c3ccccc3S(=O)(=O)[O-])C2)cc1,1,1,True,102
3771,O=C(O)CCCCC[n+]1ccccc1-c1nc2c(o1)c(S(=O)(=O)[O-])cc1cc(S(=O)(=O)[O-])ccc12,1,1,True,99
3772,O=C(O)CCCC(=O)Nc1ccc2nc(-c3cc[n+](CCCS(=O)(=O)[O-])cc3)oc2c1,1,1,True,93
3773,O=C(O)CCCCCOc1cc2oc(/C=C/c3cc[n+](CCCS(=O)(=O)[O-])cc3)nc2cc1S(=O)(=O)[O-],1,1,True,106
3774,O=C(O)CCCCC[n+]1ccc(-c2nc3ccc(OCCCS(=O)(=O)[O-])cc3o2)cc1,1,1,True,97
3775,O=C(O)CCCCCNC(=O)Nc1ccc2nc(-c3cc[n+](CCCS(=O)(=O)[O-])cc3)oc2c1,1,1,True,105
3776,O=C(O)CCCCCOc1ccc2nc(/C=C/c3cc[n+](CCCS(=O)(=O)[O-])cc3)oc2c1,1,1,True,105
3777,COc1cc(OC)c2c(O)c(/C=C/C3=[N+](CCCCC(=O)O)c4ccc(S(=O)(=O)[O-])cc4C3(C)C)c(=O)oc2c1,1,1,True,117
3778,COc1cc(OC)c2c(O)c(/C=C/C3=[N+](CCCCCC(=O)O)c4ccc(S(=O)(=O)[O-])cc4C3(C)C)c(=O)oc2c1,1,1,True,121
3779,CCN(CC)c1ccc2cc(/C=C/c3ccc(S(=O)(=O)[O-])c[n+]3CCCCCC(=O)O)c(=O)oc2c1,1,1,True,104
3780,C/C=C(\C=C/C(/C=C/c1cc2ccc(N(CC)CCCCCC(=O)O)cc2oc1=O)=[NH+]/CCCS(=O)(=O)[O-])S(=O)(=O)[O-],1,1,True,118
3781,CCN(CCCCCC(=O)O)c1ccc2cc(-c3cc[n+](CCCS(=O)(=O)[O-])cc3)c(=O)oc2c1,1,1,True,103
3782,CCN(CC)c1ccc2cc(/C=C/c3cc[n+](CCCCCC(=O)O)cc3)c(=O)oc2c1,1,1,True,94
3783,CC1=CC(C)(C)N(CCCS(=O)(=O)[O-])c2cc3oc(=O)c(-c4cc[n+](CCCCCC(=O)O)cc4)cc3cc21,1,1,True,115
3784,CC1(C)C=C(CS(=O)(=O)[O-])c2cc3cc(-c4cc[n+](CCCCCC(=O)O)cc4)c(=O)oc3cc2N1CCCS(=O)(=O)[O-],1,1,True,120
3785,CCN(CC)c1ccc2cc(/C=C/c3cc[n+](C(C)CCCCC(=O)O)cc3S(=O)(=O)[O-])c(=O)oc2c1,1,1,True,107
3786,CCN(CCCCCC(=O)O)c1ccc2cc(/C=C/c3cc[n+](CCCS(=O)(=O)[O-])cc3S(=O)(=O)[O-])c(=O)oc2c1,1,1,True,116
3787,CCN(CC)c1ccc2c(/C=C3\Sc4ccccc4N3C)cc(N(C)CCCN(C)C)[o+]c2c1,1,1,True,99
3788,CCN(CC)c1ccc2c(/C=C3\Sc4ccccc4N3C)cc(N3CC[N+](C)(CC[N+](C)(C)C)CC3)[o+]c2c1,1,1,True,112
3789,CCN(CC)c1ccc2c(/C=C3\Sc4ccccc4N3C)cc(N3CCN(CCO)CC3)[o+]c2c1,1,1,True,104
3790,CCN(CC)c1ccc2cc(-c3cc(-c4ccccc4C(=O)O)c4ccc(N(CC)CC)cc4[o+]3)c(=O)oc2c1,1,1,True,97
3791,CCN(CC)c1ccc2cc(-c3ccc4ccc(N(CC)CC)cc4[o+]3)c(=O)oc2c1,1,1,True,75
3792,Nc1ccc2c(-c3ccc(F)cc3)c3ccc(=[NH2+])cc-3oc2c1,1,1,True,67
3793,Nc1ccc2c(-c3ccc(F)c(Cl)c3)c3ccc(=[NH2+])cc-3oc2c1,1,1,True,73
3794,Nc1ccc2c(-c3cc4ccccc4c4ccccc34)c3ccc(=[NH2+])cc-3oc2c1,1,1,True,80
3795,Nc1ccc2c(-c3cc(F)c(F)c(F)c3)c3ccc(=[NH2+])cc-3oc2c1,1,1,True,68
3796,COc1ccc2cc(-c3c4ccc(=[NH2+])cc-4oc4cc(N)ccc34)ccc2c1,1,1,True,84
3797,Nc1ccc2c(-c3ccccc3)c3ccc(=[NH2+])cc-3oc2c1,1,1,True,64
3798,Cc1cc(C)cc(-c2c3ccc(=[NH2+])cc-3oc3cc(N)ccc23)c1,1,1,True,66
3799,COc1cccc(-c2c3ccc(=[NH2+])cc-3oc3cc(N)ccc23)c1,1,1,True,75
3800,Nc1ccc2c(-c3ccc4c(c3)OCO4)c3ccc(=[NH2+])cc-3oc2c1,1,1,True,79
3801,Nc1ccc2c(-c3cccc(F)c3)c3ccc(=[NH2+])cc-3oc2c1,1,1,True,70
3802,CN(C)c1ccc(-c2c3ccc(=[NH2+])cc-3oc3cc(N)ccc23)cc1,1,1,True,70
3803,Nc1ccc2c(-c3cccc(Cl)c3)c3ccc(=[NH2+])cc-3oc2c1,1,1,True,70
3804,Nc1ccc2c(-c3ccc(C4OCCCO4)cc3)c3ccc(=[NH2+])cc-3oc2c1,1,1,True,81
3805,Nc1ccc2c(-c3ccc(CN4CCC5(CC4)OCCO5)cc3)c3ccc(=[NH2+])cc-3oc2c1,1,1,True,96
3806,Cc1ccc(-c2c3ccc(=[NH2+])cc-3oc3cc(N)ccc23)cc1,1,1,True,66
3807,COc1ccc(-c2c3ccc(=[NH2+])cc-3oc3cc(N)ccc23)cc1OC,1,1,True,75
3808,COc1c(C)cc(-c2c3ccc(=[NH2+])cc-3oc3cc(N)ccc23)cc1C,1,1,True,72
3809,Cc1cc(-c2c3ccc(=[NH2+])cc-3oc3cc(N)ccc23)ccc1F,1,1,True,73
3810,CCCc1ccc(-c2c3ccc(=[NH2+])cc-3oc3cc(N)ccc23)cc1,1,1,True,75
3811,COc1ccc(-c2c3ccc(=[NH2+])cc-3oc3cc(N)ccc23)cc1,1,1,True,71
3812,Nc1ccc2c(-c3ccc(Oc4ccccc4)cc3)c3ccc(=[NH2+])cc-3oc2c1,1,1,True,81
3813,Nc1ccc2c(-c3ccc(OC4CCCCO4)cc3)c3ccc(=[NH2+])cc-3oc2c1,1,1,True,90
3814,Nc1ccc2c(-c3ccc(Cl)s3)c3ccc(=[NH2+])cc-3oc2c1,1,1,True,67
3815,Nc1ccc2c(-c3ccc4ccccc4c3)c3ccc(=[NH2+])cc-3oc2c1,1,1,True,77
3816,CSc1ccc(-c2c3ccc(=[NH2+])cc-3oc3cc(N)ccc23)cc1,1,1,True,71
3817,Nc1ccc2c(-c3ccc(-c4ccccc4)cc3)c3ccc(=[NH2+])cc-3oc2c1,1,1,True,74
3818,CN(C)c1ccc2c(-c3ccc(F)cc3)c3ccc(=[NH2+])cc-3oc2c1,1,1,True,71
3819,CN(C)c1ccc2c(-c3ccc(F)c(Cl)c3)c3ccc(=[NH2+])cc-3oc2c1,1,1,True,77
3820,CN(C)c1ccc2c(-c3cc4ccccc4c4ccccc34)c3ccc(=[NH2+])cc-3oc2c1,1,1,True,84
3821,COc1ccc2cc(-c3c4ccc(=[NH2+])cc-4oc4cc(N(C)C)ccc34)ccc2c1,1,1,True,87
3822,CN(C)c1ccc2c(-c3ccc(C(C)(C)C)cc3)c3ccc(=[NH2+])cc-3oc2c1,1,1,True,73
3823,CN(C)c1ccc2c(-c3ccccc3)c3ccc(=[NH2+])cc-3oc2c1,1,1,True,68
3824,Cc1cc(C)cc(-c2c3ccc(=[NH2+])cc-3oc3cc(N(C)C)ccc23)c1,1,1,True,70
3825,COc1cccc(-c2c3ccc(=[NH2+])cc-3oc3cc(N(C)C)ccc23)c1,1,1,True,78
3826,CN(C)c1ccc2c(-c3ccc4c(c3)OCO4)c3ccc(=[NH2+])cc-3oc2c1,1,1,True,84
3827,CN(C)c1ccc2c(-c3cccc(F)c3)c3ccc(=[NH2+])cc-3oc2c1,1,1,True,74
3828,CN(C)c1ccc(-c2c3ccc(=[NH2+])cc-3oc3cc(N(C)C)ccc23)cc1,1,1,True,68
3829,CN(C)c1ccc2c(-c3cccc(Cl)c3)c3ccc(=[NH2+])cc-3oc2c1,1,1,True,74
3830,CN(C)c1ccc2c(-c3ccc(C4OCCCO4)cc3)c3ccc(=[NH2+])cc-3oc2c1,1,1,True,85
3831,CN(C)c1ccc2c(-c3ccc(CN4CCC5(CC4)OCCO5)cc3)c3ccc(=[NH2+])cc-3oc2c1,1,1,True,99
3832,Cc1ccc(-c2c3ccc(=[NH2+])cc-3oc3cc(N(C)C)ccc23)cc1,1,1,True,69
3833,COc1ccc(-c2c3ccc(=[NH2+])cc-3oc3cc(N(C)C)ccc23)cc1OC,1,1,True,78
3834,COc1c(C)cc(-c2c3ccc(=[NH2+])cc-3oc3cc(N(C)C)ccc23)cc1C,1,1,True,75
3835,Cc1cc(-c2c3ccc(=[NH2+])cc-3oc3cc(N(C)C)ccc23)ccc1F,1,1,True,76
3836,CN(C)c1ccc2c(-c3cccs3)c3ccc(=[NH2+])cc-3oc2c1,1,1,True,69
3837,CCCc1ccc(-c2c3ccc(=[NH2+])cc-3oc3cc(N(C)C)ccc23)cc1,1,1,True,78
3838,COc1ccc(-c2c3ccc(=[NH2+])cc-3oc3cc(N(C)C)ccc23)cc1,1,1,True,74
3839,CN(C)c1ccc2c(-c3cccc(CN4CCOCC4)c3)c3ccc(=[NH2+])cc-3oc2c1,1,1,True,92
3840,CN(C)c1ccc2c(-c3cccc(CN4CCCCC4)c3)c3ccc(=[NH2+])cc-3oc2c1,1,1,True,91
3841,CN(C)c1ccc2c(-c3ccc(CN4CCCCC4)cc3)c3ccc(=[NH2+])cc-3oc2c1,1,1,True,89
3842,CN(C)c1ccc2c(-c3ccc(CN4CCCC4)cc3)c3ccc(=[NH2+])cc-3oc2c1,1,1,True,87
3843,CN(C)c1ccc2c(-c3ccc(Oc4ccccc4)cc3)c3ccc(=[NH2+])cc-3oc2c1,1,1,True,85
3844,CN(C)c1ccc2c(-c3ccc4ccccc4c3)c3ccc(=[NH2+])cc-3oc2c1,1,1,True,80
3845,CSc1ccc(-c2c3ccc(=[NH2+])cc-3oc3cc(N(C)C)ccc23)cc1,1,1,True,74
3846,CN(C)c1ccc2c(-c3ccc(-c4ccccc4)cc3)c3ccc(=[NH2+])cc-3oc2c1,1,1,True,77
3847,[NH2+]=c1ccc2c(-c3ccc(F)cc3)c3ccc(N4CCCCC4)cc3oc-2c1,1,1,True,81
3848,COc1ccc2cc(-c3c4ccc(=[NH2+])cc-4oc4cc5n(c34)CCCCCC=C5)ccc2c1,1,1,True,111
3849,[NH2+]=c1ccc2c(-c3ccccc3)c3ccc(N4CCCCC4)cc3oc-2c1,1,1,True,78
3850,Cc1cc(C)cc(-c2c3ccc(=[NH2+])cc-3oc3cc(N4CCCCC4)ccc23)c1,1,1,True,80
3851,COc1cccc(-c2c3ccc(=[NH2+])cc-3oc3cc(N4CCCCC4)ccc23)c1,1,1,True,88
3852,[NH2+]=c1ccc2c(-c3ccc4c(c3)OCO4)c3c(cc4n3CCCCCC=C4)oc-2c1,1,1,True,105
3853,[NH2+]=c1ccc2c(-c3cccc(F)c3)c3ccc(N4CCCCC4)cc3oc-2c1,1,1,True,83
3854,CN(C)c1ccc(-c2c3ccc(=[NH2+])cc-3oc3cc(N4CCCCC4)ccc23)cc1,1,1,True,84
3855,[NH2+]=c1ccc2c(-c3cccc(Cl)c3)c3ccc(N4CCCCC4)cc3oc-2c1,1,1,True,83
3856,[NH2+]=c1ccc2c(-c3ccc(C4OCCCO4)cc3)c3c(cc4n3CCCCCC=C4)oc-2c1,1,1,True,105
3857,[NH2+]=c1ccc2c(-c3ccc(CN4CCC5(CC4)OCCO5)cc3)c3ccc(N4CCCCC4)cc3oc-2c1,1,1,True,106
3858,Cc1ccc(-c2c3ccc(=[NH2+])cc-3oc3cc(N4CCCCC4)ccc23)cc1,1,1,True,80
3859,COc1ccc(-c2c3ccc(=[NH2+])cc-3oc3cc(N4CCCCC4)ccc23)cc1OC,1,1,True,87
3860,COc1c(C)cc(-c2c3ccc(=[NH2+])cc-3oc3cc(N4CCCCC4)ccc23)cc1C,1,1,True,85
3861,Cc1cc(-c2c3ccc(=[NH2+])cc-3oc3cc(N4CCCCC4)ccc23)ccc1F,1,1,True,86
3862,CCCc1ccc(-c2c3ccc(=[NH2+])cc-3oc3cc(N4CCCCC4)ccc23)cc1,1,1,True,89
3863,COc1ccc(-c2c3ccc(=[NH2+])cc-3oc3cc(N4CCCCC4)ccc23)cc1,1,1,True,85
3864,[NH2+]=c1ccc2c(-c3cccc(CN4CCOCC4)c3)c3c(cc4n3CCCCCC=C4)oc-2c1,1,1,True,113
3865,[NH2+]=c1ccc2c(-c3cccc(CN4CCCCC4)c3)c3c(cc4n3CCCCCC=C4)oc-2c1,1,1,True,110
3866,[NH2+]=c1ccc2c(-c3ccc(CN4CCCCC4)cc3)c3c(cc4n3CCCCCC=C4)oc-2c1,1,1,True,106
3867,[NH2+]=c1ccc2c(-c3ccc(Oc4ccccc4)cc3)c3c(cc4n3CCCCCC=C4)oc-2c1,1,1,True,108
3868,[NH2+]=c1ccc2c(-c3ccc4ccccc4c3)c3c(cc4n3CCCCCC=C4)oc-2c1,1,1,True,104
3869,CSc1ccc(-c2c3ccc(=[NH2+])cc-3oc3cc(N4CCCCC4)ccc23)cc1,1,1,True,85
3870,[NH2+]=c1ccc2c(-c3ccc(-c4ccccc4)cc3)c3c(cc4n3CCCCCC=C4)oc-2c1,1,1,True,100
3871,COc1ccc2cc(-c3c4ccc(=[NH2+])cc-4oc4cc(O)ccc34)ccc2c1,1,1,True,84
3872,COc1cccc(-c2c3ccc(=[NH2+])cc-3oc3cc(O)ccc23)c1,1,1,True,73
3873,[NH2+]=c1ccc2c(-c3ccc4c(c3)OCO4)c3ccc(O)cc3oc-2c1,1,1,True,78
3874,Cc1ccc(-c2c3ccc(=[NH2+])cc-3oc3cc(O)ccc23)cc1,1,1,True,66
3875,COc1c(C)cc(-c2c3ccc(=[NH2+])cc-3oc3cc(O)ccc23)cc1C,1,1,True,72
3876,Cc1cc(-c2c3ccc(=[NH2+])cc-3oc3cc(O)ccc23)ccc1F,1,1,True,72
3877,CCCc1ccc(-c2c3ccc(=[NH2+])cc-3oc3cc(O)ccc23)cc1,1,1,True,75
3878,[NH2+]=c1ccc2c(-c3ccc4ccccc4c3)c3ccc(O)cc3oc-2c1,1,1,True,76
3879,CSc1ccc(-c2c3ccc(=[NH2+])cc-3oc3cc(O)ccc23)cc1,1,1,True,71
3880,[NH2+]=c1ccc2c(-c3ccc(-c4ccccc4)cc3)c3ccc(O)cc3oc-2c1,1,1,True,74
3881,CN(C)c1ccc2c(-c3ccc(F)cc3)c3ccc(=[NH2+])cc-3n(C)c2c1,1,1,True,72
3882,CN(C)c1ccc2c(-c3ccc(F)c(Cl)c3)c3ccc(=[NH2+])cc-3n(C)c2c1,1,1,True,78
3883,COc1ccc2cc(-c3c4ccc(=[NH2+])cc-4n(C)c4cc(N(C)C)ccc34)ccc2c1,1,1,True,87
3884,CN(C)c1ccc2c(-c3ccc(C(C)(C)C)cc3)c3ccc(=[NH2+])cc-3n(C)c2c1,1,1,True,74
3885,CN(C)c1ccc2c(-c3ccccc3)c3ccc(=[NH2+])cc-3n(C)c2c1,1,1,True,69
3886,Cc1cc(C)cc(-c2c3ccc(=[NH2+])cc-3n(C)c3cc(N(C)C)ccc23)c1,1,1,True,71
3887,COc1cccc(-c2c3ccc(=[NH2+])cc-3n(C)c3cc(N(C)C)ccc23)c1,1,1,True,79
3888,CN(C)c1ccc2c(-c3ccc4c(c3)OCO4)c3ccc(=[NH2+])cc-3n(C)c2c1,1,1,True,85
3889,CN(C)c1ccc2c(-c3cccc(F)c3)c3ccc(=[NH2+])cc-3n(C)c2c1,1,1,True,75
3890,CN(C)c1ccc(-c2c3ccc(=[NH2+])cc-3n(C)c3cc(N(C)C)ccc23)cc1,1,1,True,69
3891,CN(C)c1ccc2c(-c3cccc(Cl)c3)c3ccc(=[NH2+])cc-3n(C)c2c1,1,1,True,75
3892,CN(C)c1ccc2c(-c3ccc(C4OCCCO4)cc3)c3ccc(=[NH2+])cc-3n(C)c2c1,1,1,True,87
3893,Cc1ccc(-c2c3ccc(=[NH2+])cc-3n(C)c3cc(N(C)C)ccc23)cc1,1,1,True,70
3894,COc1ccc(-c2c3ccc(=[NH2+])cc-3n(C)c3cc(N(C)C)ccc23)cc1OC,1,1,True,79
3895,COc1c(C)cc(-c2c3ccc(=[NH2+])cc-3n(C)c3cc(N(C)C)ccc23)cc1C,1,1,True,76
3896,Cc1cc(-c2c3ccc(=[NH2+])cc-3n(C)c3cc(N(C)C)ccc23)ccc1F,1,1,True,76
3897,CCCc1ccc(-c2c3ccc(=[NH2+])cc-3n(C)c3cc(N(C)C)ccc23)cc1,1,1,True,78
3898,COc1ccc(-c2c3ccc(=[NH2+])cc-3n(C)c3cc(N(C)C)ccc23)cc1,1,1,True,74
3899,CN(C)c1ccc2c(-c3ccc(Oc4ccccc4)cc3)c3ccc(=[NH2+])cc-3n(C)c2c1,1,1,True,86
3900,CN(C)c1ccc2c(-c3ccc4ccccc4c3)c3ccc(=[NH2+])cc-3n(C)c2c1,1,1,True,80
3901,CSc1ccc(-c2c3ccc(=[NH2+])cc-3n(C)c3cc(N(C)C)ccc23)cc1,1,1,True,75
3902,CN(C)c1ccc2c(-c3ccc(-c4ccccc4)cc3)c3ccc(=[NH2+])cc-3n(C)c2c1,1,1,True,78
3903,CCNc1ccc2c(-c3ccc(F)cc3)c3ccc(=[NH2+])cc-3oc2c1,1,1,True,76
3904,CCNc1ccc2c(-c3ccccc3)c3ccc(=[NH2+])cc-3oc2c1,1,1,True,73
3905,CCNc1ccc2c(-c3cc(C)cc(C)c3)c3ccc(=[NH2+])cc-3oc2c1,1,1,True,75
3906,CCNc1ccc2c(-c3cccc(OC)c3)c3ccc(=[NH2+])cc-3oc2c1,1,1,True,83
3907,CCNc1ccc2c(-c3cccc(F)c3)c3ccc(=[NH2+])cc-3oc2c1,1,1,True,79
3908,CCNc1ccc2c(-c3cccc(Cl)c3)c3ccc(=[NH2+])cc-3oc2c1,1,1,True,79
3909,CCNc1ccc2c(-c3ccc(C4OCCCO4)cc3)c3ccc(=[NH2+])cc-3oc2c1,1,1,True,90
3910,CCNc1ccc2c(-c3ccc(C)cc3)c3ccc(=[NH2+])cc-3oc2c1,1,1,True,74
3911,CCNc1ccc2c(-c3cc(C)c(OC)c(C)c3)c3ccc(=[NH2+])cc-3oc2c1,1,1,True,80
3912,CCNc1ccc2c(-c3ccc(F)c(C)c3)c3ccc(=[NH2+])cc-3oc2c1,1,1,True,81
3913,CCNc1ccc2c(-c3ccc(OC)cc3)c3ccc(=[NH2+])cc-3oc2c1,1,1,True,79
3914,CCNc1ccc2c(-c3ccc(Oc4ccccc4)cc3)c3ccc(=[NH2+])cc-3oc2c1,1,1,True,90
3915,CCNc1ccc2c(-c3ccc4ccccc4c3)c3ccc(=[NH2+])cc-3oc2c1,1,1,True,86
3916,CCNc1ccc2c(-c3ccc(SC)cc3)c3ccc(=[NH2+])cc-3oc2c1,1,1,True,79
3917,CCNc1ccc2c(-c3ccc(-c4ccccc4)cc3)c3ccc(=[NH2+])cc-3oc2c1,1,1,True,82
3918,Nc1ccc2c(-c3ccc(F)cc3)c3ccc(=[NH2+])cc-3sc2c1,1,1,True,65
3919,Nc1ccc2c(-c3cc4ccccc4c4ccccc34)c3ccc(=[NH2+])cc-3sc2c1,1,1,True,79
3920,COc1ccc2cc(-c3c4ccc(=[NH2+])cc-4sc4cc(N)ccc34)ccc2c1,1,1,True,84
3921,CC(C)(C)c1ccc(-c2c3ccc(=[NH2+])cc-3sc3cc(N)ccc23)cc1,1,1,True,69
3922,Nc1ccc2c(-c3ccccc3)c3ccc(=[NH2+])cc-3sc2c1,1,1,True,62
3923,Cc1cc(C)cc(-c2c3ccc(=[NH2+])cc-3sc3cc(N)ccc23)c1,1,1,True,64
3924,COc1cccc(-c2c3ccc(=[NH2+])cc-3sc3cc(N)ccc23)c1,1,1,True,73
3925,Nc1ccc2c(-c3ccc4c(c3)OCO4)c3ccc(=[NH2+])cc-3sc2c1,1,1,True,79
3926,Nc1ccc2c(-c3cccc(F)c3)c3ccc(=[NH2+])cc-3sc2c1,1,1,True,69
3927,CN(C)c1ccc(-c2c3ccc(=[NH2+])cc-3sc3cc(N)ccc23)cc1,1,1,True,68
3928,Nc1ccc2c(-c3cccc(Cl)c3)c3ccc(=[NH2+])cc-3sc2c1,1,1,True,68
3929,Nc1ccc2c(-c3ccc(C4OCCCO4)cc3)c3ccc(=[NH2+])cc-3sc2c1,1,1,True,80
3930,Nc1ccc2c(-c3ccc(CN4CCC5(CC4)OCCO5)cc3)c3ccc(=[NH2+])cc-3sc2c1,1,1,True,93
3931,Cc1ccc(-c2c3ccc(=[NH2+])cc-3sc3cc(N)ccc23)cc1,1,1,True,64
3932,COc1c(C)cc(-c2c3ccc(=[NH2+])cc-3sc3cc(N)ccc23)cc1C,1,1,True,71
3933,Cc1cc(-c2c3ccc(=[NH2+])cc-3sc3cc(N)ccc23)ccc1F,1,1,True,72
3934,CCCc1ccc(-c2c3ccc(=[NH2+])cc-3sc3cc(N)ccc23)cc1,1,1,True,72
3935,COc1ccc(-c2c3ccc(=[NH2+])cc-3sc3cc(N)ccc23)cc1,1,1,True,69
3936,Nc1ccc2c(-c3ccc(Oc4ccccc4)cc3)c3ccc(=[NH2+])cc-3sc2c1,1,1,True,79
3937,Nc1ccc2c(-c3ccc(OC4CCCCO4)cc3)c3ccc(=[NH2+])cc-3sc2c1,1,1,True,89
3938,Nc1ccc2c(-c3ccc4ccccc4c3)c3ccc(=[NH2+])cc-3sc2c1,1,1,True,76
3939,Nc1ccc2c(-c3ccc(-c4ccccc4)cc3)c3ccc(=[NH2+])cc-3sc2c1,1,1,True,72
3940,CC1=CC(C)(C)Nc2ccc3c(-c4ccc(F)cc4)c4ccc(=[NH2+])cc-4oc3c21,1,1,True,84
3941,CC1=CC(C)(C)Nc2ccc3c(-c4ccccc4)c4ccc(=[NH2+])cc-4oc3c21,1,1,True,82
3942,CC1=CC(C)(C)Nc2ccc3c(-c4cc(C)cc(C)c4)c4ccc(=[NH2+])cc-4oc3c21,1,1,True,83
3943,COc1cccc(-c2c3ccc(=[NH2+])cc-3oc3c4c(ccc23)NC(C)(C)C=C4C)c1,1,1,True,90
3944,CC1=CC(C)(C)Nc2ccc3c(-c4ccc5c(c4)OCO5)c4ccc(=[NH2+])cc-4oc3c21,1,1,True,97
3945,CC1=CC(C)(C)Nc2ccc3c(-c4cccc(F)c4)c4ccc(=[NH2+])cc-4oc3c21,1,1,True,87
3946,CC1=CC(C)(C)Nc2ccc3c(-c4cccc(Cl)c4)c4ccc(=[NH2+])cc-4oc3c21,1,1,True,87
3947,CC1=CC(C)(C)Nc2ccc3c(-c4ccc(C5OCCCO5)cc4)c4ccc(=[NH2+])cc-4oc3c21,1,1,True,98
3948,CC1=CC(C)(C)Nc2ccc3c(-c4ccc(CN5CCC6(CC5)OCCO6)cc4)c4ccc(=[NH2+])cc-4oc3c21,1,1,True,112
3949,CC1=CC(C)(C)Nc2ccc3c(-c4ccc(C)cc4)c4ccc(=[NH2+])cc-4oc3c21,1,1,True,81
3950,COc1c(C)cc(-c2c3ccc(=[NH2+])cc-3oc3c4c(ccc23)NC(C)(C)C=C4C)cc1C,1,1,True,89
3951,CC1=CC(C)(C)Nc2ccc3c(-c4ccc(F)c(C)c4)c4ccc(=[NH2+])cc-4oc3c21,1,1,True,89
3952,COc1ccc(-c2c3ccc(=[NH2+])cc-3oc3c4c(ccc23)NC(C)(C)C=C4C)cc1,1,1,True,87
3953,CC1=CC(C)(C)Nc2ccc3c(-c4cccc(CN5CCCCC5)c4)c4ccc(=[NH2+])cc-4oc3c21,1,1,True,106
3954,CC1=CC(C)(C)Nc2ccc3c(-c4ccc(CN5CCCCC5)cc4)c4ccc(=[NH2+])cc-4oc3c21,1,1,True,103
3955,CC1=CC(C)(C)Nc2ccc3c(-c4ccc(Oc5ccccc5)cc4)c4ccc(=[NH2+])cc-4oc3c21,1,1,True,98
3956,CC1=CC(C)(C)Nc2ccc3c(-c4ccc5ccccc5c4)c4ccc(=[NH2+])cc-4oc3c21,1,1,True,94
3957,CSc1ccc(-c2c3ccc(=[NH2+])cc-3oc3c4c(ccc23)NC(C)(C)C=C4C)cc1,1,1,True,86
3958,CC1=CC(C)(C)Nc2ccc3c(-c4ccc(-c5ccccc5)cc4)c4ccc(=[NH2+])cc-4oc3c21,1,1,True,89
3959,CCCCN(CCCC)c1ccc2c(-c3ccc(F)cc3)c3ccc(=[NH2+])cc-3oc2c1,1,1,True,84
3960,CCCCN(CCCC)c1ccc2c(-c3ccc4cc(OC)ccc4c3)c3ccc(=[NH2+])cc-3oc2c1,1,1,True,101
3961,CCCCN(CCCC)c1ccc2c(-c3ccc(C(C)(C)C)cc3)c3ccc(=[NH2+])cc-3oc2c1,1,1,True,87
3962,CCCCN(CCCC)c1ccc2c(-c3ccccc3)c3ccc(=[NH2+])cc-3oc2c1,1,1,True,82
3963,CCCCN(CCCC)c1ccc2c(-c3cc(C)cc(C)c3)c3ccc(=[NH2+])cc-3oc2c1,1,1,True,84
3964,CCCCN(CCCC)c1ccc2c(-c3cccc(OC)c3)c3ccc(=[NH2+])cc-3oc2c1,1,1,True,92
3965,CCCCN(CCCC)c1ccc2c(-c3ccc4c(c3)OCO4)c3ccc(=[NH2+])cc-3oc2c1,1,1,True,98
3966,CCCCN(CCCC)c1ccc2c(-c3cccc(F)c3)c3ccc(=[NH2+])cc-3oc2c1,1,1,True,87
3967,CCCCN(CCCC)c1ccc2c(-c3ccc(N(C)C)cc3)c3ccc(=[NH2+])cc-3oc2c1,1,1,True,84
3968,CCCCN(CCCC)c1ccc2c(-c3ccc(C)cc3)c3ccc(=[NH2+])cc-3oc2c1,1,1,True,83
3969,CCCCN(CCCC)c1ccc2c(-c3cc(C)c(OC)c(C)c3)c3ccc(=[NH2+])cc-3oc2c1,1,1,True,89
3970,CCCCN(CCCC)c1ccc2c(-c3ccc(F)c(C)c3)c3ccc(=[NH2+])cc-3oc2c1,1,1,True,88
3971,CCCCN(CCCC)c1ccc2c(-c3ccc(CCC)cc3)c3ccc(=[NH2+])cc-3oc2c1,1,1,True,89
3972,CCCCN(CCCC)c1ccc2c(-c3ccc(OC)cc3)c3ccc(=[NH2+])cc-3oc2c1,1,1,True,88
3973,CCCCN(CCCC)c1ccc2c(-c3cccc(CN4CCOCC4)c3)c3ccc(=[NH2+])cc-3oc2c1,1,1,True,105
3974,CCCCN(CCCC)c1ccc2c(-c3cccc(CN4CCCCC4)c3)c3ccc(=[NH2+])cc-3oc2c1,1,1,True,104
3975,CCCCN(CCCC)c1ccc2c(-c3ccc(CN4CCCCC4)cc3)c3ccc(=[NH2+])cc-3oc2c1,1,1,True,102
3976,CCCCN(CCCC)c1ccc2c(-c3ccc(Oc4ccccc4)cc3)c3ccc(=[NH2+])cc-3oc2c1,1,1,True,99
3977,CCCCN(CCCC)c1ccc2c(-c3ccc4ccccc4c3)c3ccc(=[NH2+])cc-3oc2c1,1,1,True,94
3978,CCCCN(CCCC)c1ccc2c(-c3ccc(SC)cc3)c3ccc(=[NH2+])cc-3oc2c1,1,1,True,87
3979,CCCCN(CCCC)c1ccc2c(-c3ccc(-c4ccccc4)cc3)c3ccc(=[NH2+])cc-3oc2c1,1,1,True,91
3980,CC1=CC(C)(C)Nc2ccc3c(-c4ccc(F)cc4)c4ccc(=[NH2+])cc-4n(C)c3c21,1,1,True,85
3981,CC1=CC(C)(C)Nc2ccc3c(-c4ccc(F)c(Cl)c4)c4ccc(=[NH2+])cc-4n(C)c3c21,1,1,True,91
3982,CC1=CC(C)(C)Nc2ccc3c(-c4cc(F)c(F)c(F)c4)c4ccc(=[NH2+])cc-4n(C)c3c21,1,1,True,87
3983,COc1ccc2cc(-c3c4ccc(=[NH2+])cc-4n(C)c4c5c(ccc34)NC(C)(C)C=C5C)ccc2c1,1,1,True,102
3984,CC1=CC(C)(C)Nc2ccc3c(-c4ccc(C(C)(C)C)cc4)c4ccc(=[NH2+])cc-4n(C)c3c21,1,1,True,86
3985,CC1=CC(C)(C)Nc2ccc3c(-c4ccccc4)c4ccc(=[NH2+])cc-4n(C)c3c21,1,1,True,82
3986,CC1=CC(C)(C)Nc2ccc3c(-c4cc(C)cc(C)c4)c4ccc(=[NH2+])cc-4n(C)c3c21,1,1,True,83
3987,COc1cccc(-c2c3ccc(=[NH2+])cc-3n(C)c3c4c(ccc23)NC(C)(C)C=C4C)c1,1,1,True,92
3988,CC1=CC(C)(C)Nc2ccc3c(-c4ccc5c(c4)OCO5)c4ccc(=[NH2+])cc-4n(C)c3c21,1,1,True,99
3989,CC1=CC(C)(C)Nc2ccc3c(-c4cccc(F)c4)c4ccc(=[NH2+])cc-4n(C)c3c21,1,1,True,88
3990,CC1=CC(C)(C)Nc2ccc3c(-c4ccc(C)cc4)c4ccc(=[NH2+])cc-4n(C)c3c21,1,1,True,81
3991,COc1c(C)cc(-c2c3ccc(=[NH2+])cc-3n(C)c3c4c(ccc23)NC(C)(C)C=C4C)cc1C,1,1,True,88
3992,CC1=CC(C)(C)Nc2ccc3c(-c4ccc(F)c(C)c4)c4ccc(=[NH2+])cc-4n(C)c3c21,1,1,True,89
3993,CC1=CC(C)(C)Nc2ccc3c(-c4cccs4)c4ccc(=[NH2+])cc-4oc3c21,1,1,True,85
3994,CCCc1ccc(-c2c3ccc(=[NH2+])cc-3n(C)c3c4c(ccc23)NC(C)(C)C=C4C)cc1,1,1,True,91
3995,COc1ccc(-c2c3ccc(=[NH2+])cc-3n(C)c3c4c(ccc23)NC(C)(C)C=C4C)cc1,1,1,True,88
3996,CC1=CC(C)(C)Nc2ccc3c(-c4cccc(CN5CCOCC5)c4)c4ccc(=[NH2+])cc-4n(C)c3c21,1,1,True,107
3997,CC1=CC(C)(C)Nc2ccc3c(-c4cccc(CN5CCCCC5)c4)c4ccc(=[NH2+])cc-4n(C)c3c21,1,1,True,105
3998,CC1=CC(C)(C)Nc2ccc3c(-c4ccc(CN5CCCCC5)cc4)c4ccc(=[NH2+])cc-4n(C)c3c21,1,1,True,103
3999,CC1=CC(C)(C)Nc2ccc3c(-c4ccc(Oc5ccccc5)cc4)c4ccc(=[NH2+])cc-4n(C)c3c21,1,1,True,99
4000,CC1=CC(C)(C)Nc2ccc3c(-c4ccc5ccccc5c4)c4ccc(=[NH2+])cc-4n(C)c3c21,1,1,True,95
4001,CSc1ccc(-c2c3ccc(=[NH2+])cc-3n(C)c3c4c(ccc23)NC(C)(C)C=C4C)cc1,1,1,True,88
4002,CC1=CC(C)(C)Nc2ccc3c(-c4ccc(-c5ccccc5)cc4)c4ccc(=[NH2+])cc-4n(C)c3c21,1,1,True,90
4003,CCN(CC)c1ccc2c(-c3ccc4cc(OC)ccc4c3)c3ccc(=[NH2+])cc-3[nH]c2c1,1,1,True,92
4004,CCN(CC)c1ccc2c(-c3cccc(OC)c3)c3ccc(=[NH2+])cc-3[nH]c2c1,1,1,True,83
4005,CCN(CC)c1ccc2c(-c3ccc(C)cc3)c3ccc(=[NH2+])cc-3[nH]c2c1,1,1,True,73
4006,CCN(CC)c1ccc2c(-c3ccc(F)c(C)c3)c3ccc(=[NH2+])cc-3[nH]c2c1,1,1,True,80
4007,CCN(CC)c1ccc2c(-c3ccc4ccccc4c3)c3ccc(=[NH2+])cc-3[nH]c2c1,1,1,True,84
4008,CCN(CCCN(C)C)c1ccc2c(-c3ccc(F)cc3)c3ccc(=[NH2+])cc-3oc2c1,1,1,True,88
4009,CCN(CCCN(C)C)c1ccc2c(-c3ccc(F)c(Cl)c3)c3ccc(=[NH2+])cc-3oc2c1,1,1,True,94
4010,CCN(CCCN(C)C)c1ccc2c(-c3ccc4cc(OC)ccc4c3)c3ccc(=[NH2+])cc-3oc2c1,1,1,True,105
4011,CCN(CCCN(C)C)c1ccc2c(-c3ccc(C(C)(C)C)cc3)c3ccc(=[NH2+])cc-3oc2c1,1,1,True,91
4012,CCN(CCCN(C)C)c1ccc2c(-c3ccccc3)c3ccc(=[NH2+])cc-3oc2c1,1,1,True,86
4013,CCN(CCCN(C)C)c1ccc2c(-c3cc(C)cc(C)c3)c3ccc(=[NH2+])cc-3oc2c1,1,1,True,88
4014,CCN(CCCN(C)C)c1ccc2c(-c3cccc(OC)c3)c3ccc(=[NH2+])cc-3oc2c1,1,1,True,96
4015,CCN(CCCN(C)C)c1ccc2c(-c3ccc4c(c3)OCO4)c3ccc(=[NH2+])cc-3oc2c1,1,1,True,102
4016,CCN(CCCN(C)C)c1ccc2c(-c3cccc(F)c3)c3ccc(=[NH2+])cc-3oc2c1,1,1,True,91
4017,CCN(CCCN(C)C)c1ccc2c(-c3ccc(C)cc3)c3ccc(=[NH2+])cc-3oc2c1,1,1,True,87
4018,CCN(CCCN(C)C)c1ccc2c(-c3cc(C)c(OC)c(C)c3)c3ccc(=[NH2+])cc-3oc2c1,1,1,True,93
4019,CCN(CCCN(C)C)c1ccc2c(-c3ccc(F)c(C)c3)c3ccc(=[NH2+])cc-3oc2c1,1,1,True,93
4020,CCCc1ccc(-c2c3ccc(=[NH2+])cc-3oc3cc(N(CC)CCCN(C)C)ccc23)cc1,1,1,True,94
4021,CCN(CCCN(C)C)c1ccc2c(-c3ccc(OC)cc3)c3ccc(=[NH2+])cc-3oc2c1,1,1,True,92
4022,CCN(CCCN(C)C)c1ccc2c(-c3ccc(Oc4ccccc4)cc3)c3ccc(=[NH2+])cc-3oc2c1,1,1,True,103
4023,CCN(CCCN(C)C)c1ccc2c(-c3ccc4ccccc4c3)c3ccc(=[NH2+])cc-3oc2c1,1,1,True,98
4024,CCN(CCCN(C)C)c1ccc2c(-c3ccc(SC)cc3)c3ccc(=[NH2+])cc-3oc2c1,1,1,True,92
4025,CCN(CCCN(C)C)c1ccc2c(-c3ccc(-c4ccccc4)cc3)c3ccc(=[NH2+])cc-3oc2c1,1,1,True,95
4026,Nc1ccc2c(-c3ccccc3C(=O)[O-])c3ccc(=[NH2+])cc-3oc2c1,1,1,True,74
4027,CNc1ccc2c(-c3ccccc3C(=O)[O-])c3cc/c(=[NH+]\C)cc-3oc2c1,1,1,True,81
4028,CN(C)c1ccc2c(-c3ccccc3C(=O)[O-])c3ccc(=[N+](C)C)cc-3oc2c1,1,1,True,82
4029,CCNc1cc2oc3c/c(=[NH+]/CC)c(C)cc-3c(-c3ccccc3C(=O)[O-])c2cc1C,1,1,True,93
4030,CCN(CC)c1ccc2c(-c3ccccc3C(=O)[O-])c3ccc(=[N+](CC)CC)cc-3oc2c1,1,1,True,90
4031,CCNc1cc2oc3c/c(=[NH+]/CC)ccc-3c(-c3ccccc3C(=O)[O-])c2cc1C,1,1,True,92
4032,O=C([O-])c1ccccc1-c1c2ccc(=[N+]3CCC3)cc-2oc2cc(N3CCC3)ccc12,1,1,True,91
4033,O=C([O-])c1ccccc1-c1c2ccc(=[N+]3CCCC3)cc-2oc2cc(N3CCCC3)ccc12,1,1,True,97
4034,O=C([O-])c1ccccc1-c1c2ccc(=[N+]3CCCCC3)cc-2oc2cc(N3CCCCC3)ccc12,1,1,True,100
4035,O=C([O-])c1ccccc1-c1c2ccc(=[N+]3CCCCCC3)cc-2oc2cc(N3CCCCCC3)ccc12,1,1,True,106
4036,O=C([O-])c1ccccc1C1=c2cc3c(cc2Oc2cc4c(cc21)CCCN4)=[NH+]CCC3,1,1,True,100
4037,O=C([O-])c1ccccc1C1=c2cc3c4c(c2Oc2c1cc1c5c2CCCN5CCC1)CCC[N+]=4CCC3,1,1,True,109
4038,CCN(CC)c1ccc2c(c1)Oc1c3c4c(cc1=C2c1ccccc1C(=O)[O-])CCC[N+]=4CCC3,1,1,True,102
4039,CCNc1cc2c(cc1C)C(c1ccccc1C(=O)[O-])=c1cc3c4c(c1O2)CCC[N+]=4CCC3,1,1,True,103
4040,CC1(C)CCN2CCC(C)(C)c3c4c(cc1c32)C(c1ccccc1C(=O)[O-])=c1cc2c3c(c1O4)C(C)(C)CC[N+]=3CCC2(C)C,1,1,True,112
4041,CCN1CCN(CC)c2cc3c(cc21)Oc1cc2c(cc1=C3c1ccccc1C(=O)[O-])N(CC)CC[N+]=2CC,1,1,True,102
4042,CCN1c2cc3oc4cc(=[NH2+])ccc-4c(-c4ccccc4C(=O)[O-])c3cc2N(CC)C2CCCCC21,1,1,True,94
4043,CC/[NH+]=c1/cc2oc3cc4c(cc3c(-c3ccccc3C(=O)[O-])c-2cc1C)N(CC)C1CCCCC1N4CC,1,1,True,104
4044,CCN1c2cc3oc4cc(=[N+](CC)CC)ccc-4c(-c4ccccc4C(=O)[O-])c3cc2N(CC)C2CCCCC21,1,1,True,99
4045,CCN1c2cc3c(cc2N(CC)C2CCCCC21)C(c1ccccc1C(=O)[O-])=c1cc2c4c(c1O3)CCC[N+]=4CCC2,1,1,True,113
4046,Nc1ccc2c(c1)Cc1c-2[o+]c2ccccc2c1-c1ccccc1C(=O)[O-],1,1,True,79
4047,COc1ccc2c(-c3ccccc3C(=O)[O-])c3c([o+]c2c1)-c1ccc(N)cc1C3,1,1,True,88
4048,Nc1ccc2c(c1)Cc1c-2[o+]c2cc(O)ccc2c1-c1ccccc1C(=O)[O-],1,1,True,84
4049,CN(C)c1ccc2c(-c3ccccc3C(=O)[O-])c3c([o+]c2c1)-c1ccc(N)cc1C3,1,1,True,89
4050,Nc1ccc2c(c1)Cc1c-2[o+]c2cc(Cl)ccc2c1-c1ccccc1C(=O)[O-],1,1,True,84
4051,Nc1ccc2c(c1)Cc1c-2[o+]c2c3c4c(cc2c1-c1ccccc1C(=O)[O-])CCCN4CCC3,1,1,True,101
4052,CCCN(CCC)c1ccc2c(-c3ccccc3C(=O)[O-])c3c([o+]c2c1)-c1ccc(N)cc1C3,1,1,True,96
4053,CCCN(CCC)c1ccc2c(-c3ccccc3C(=O)[O-])c3c([o+]c2c1)-c1ccc(Cl)cc1C3,1,1,True,96
4054,CCN(CC)c1ccc2c(-c3ccccc3C(=O)[O-])c3c([o+]c2c1)-c1ccccc1C3,1,1,True,86
4055,CCN(CC)c1ccc2c(-c3ccccc3C(=O)[O-])c3c([o+]c2c1)-c1ccc(OC)cc1C3,1,1,True,98
4056,CCN(CC)c1ccc2c(-c3ccccc3C(=O)[O-])c3c([o+]c2c1)-c1ccc(O)cc1C3,1,1,True,93
4057,CCNc1ccc2c(c1)Cc1c-2[o+]c2cc(N(CC)CC)ccc2c1-c1ccccc1C(=O)[O-],1,1,True,100
4058,CCN(CC)c1ccc2c(c1)Cc1c-2[o+]c2cc(N(CC)CC)ccc2c1-c1ccccc1C(=O)[O-],1,1,True,92
4059,CN(C)c1ccc2c(c1)Cc1c-2[o+]c2c3c4c(cc2c1-c1ccccc1C(=O)[O-])CCCN4CCC3,1,1,True,108
4060,CCN(CC)c1ccc2c(c1)Cc1c-2[o+]c2c3c4c(cc2c1-c1ccccc1C(=O)[O-])CCCN4CCC3,1,1,True,112
4061,CCN(CC)c1ccc2c(-c3ccccc3C(=O)[O-])c3c([o+]c2c1)-c1cccc(O)c1C3,1,1,True,90
4062,CCN(CC)c1ccc2c(-c3ccccc3C(=O)[O-])c3c([o+]c2c1)-c1cc(O)ccc1C3,1,1,True,92
4063,CCN(CC)c1ccc2c(-c3ccccc3C(=O)[O-])c3c([o+]c2c1)-c1c(O)cccc1C3,1,1,True,94
4064,CCN(CC)c1ccc2c(-c3ccccc3C(=O)[O-])c3c([o+]c2c1)-c1ccc(N)cc1CC3,1,1,True,96
4065,O=S(=O)([O-])c1ccccc1-c1c2ccc(N3C4CCC3CC4)cc2[o+]c2cc(N3C4CCC3CC4)ccc12,1,1,True,69
4066,O=S(=O)([O-])c1ccccc1-c1c2ccc(=[N+]3CC4CCC(CC4)C3)cc-2oc2cc(N3CC4CCC(CC4)C3)ccc12,1,1,True,109
4067,CN(C)c1ccc2c(-c3ccccc3S(=O)(=O)[O-])c3ccc(=[N+](C)C)cc-3oc2c1,1,1,True,80
4068,CN1CC2CCCN2c2cc3c(cc21)C(c1ccccc1C(=O)[O-])=c1cc2c4c(c1O3)CCC[N+]=4CCC2,1,1,True,124
4069,CCN(CC)c1ccc2c(c1)Oc1cc3c(cc1=C2c1ccccc1C(=O)[O-])Sc1ccccc1[N+]=3CC,1,1,True,105
4070,CN(C)c1cc2oc3cc(=[N+](C)C)c(-c4ccccc4)cc-3c(-c3ccccc3C(=O)[O-])c2cc1-c1ccccc1,1,1,True,92
4071,CN1c2cc3c(cc2-c2ccccc2C1(C)C)C(c1ccccc1C(=O)[O-])=c1cc2c(cc1O3)=[N+](C)C(C)(C)c1ccccc1-2,1,1,True,108
4072,CN1c2cc3c(cc2-c2ccsc2C1(C)C)C(c1ccccc1C(=O)[O-])=c1cc2c(cc1O3)=[N+](C)C(C)(C)c1sccc1-2,1,1,True,118
4073,CN1c2cc3c(cc2-c2sccc2C1(C)C)C(c1ccccc1C(=O)[O-])=c1cc2c(cc1O3)=[N+](C)C(C)(C)c1ccsc1-2,1,1,True,120
4074,CN1c2cc3c(cc2-c2sc4ccccc4c2C1(C)C)C(c1ccccc1C(=O)[O-])=c1cc2c(cc1O3)=[N+](C)C(C)(C)c1c-2sc2ccccc12,1,1,True,132
4075,CN1c2cc3c(cc2-c2sccc2C1(C)C)C(c1c(Cl)c(Cl)c(Cl)c(Cl)c1C(=O)[O-])=c1cc2c(cc1O3)=[N+](C)C(C)(C)c1ccsc1-2,1,1,True,128
4076,CN1c2cc3c(cc2-c2sccc2C1(C)C)C(c1c(F)c(F)c(F)c(F)c1C(=O)[O-])=c1cc2c(cc1O3)=[N+](C)C(C)(C)c1ccsc1-2,1,1,True,128
4077,CN1c2cc3c(cc2-c2ccc4ccccc4c2C1(C)C)C(c1c(Cl)c(Cl)c(Cl)c(Cl)c1C(=O)[O-])=c1cc2c(cc1O3)=[N+](C)C(C)(C)c1c-2ccc2ccccc12,1,1,True,137
4078,CN1c2cc3c(cc2-c2sccc2C1(C)C)C(c1ccc(S(=O)(=O)[O-])cc1S(=O)(=O)[O-])=c1cc2c(cc1O3)=[N+](C)C(C)(C)c1ccsc1-2,1,1,True,124
4079,CN1c2cc3c(cc2-c2sc4ccccc4c2C1(C)C)C(c1ccc(S(=O)(=O)[O-])cc1S(=O)(=O)[O-])=c1cc2c(cc1O3)=[N+](C)C(C)(C)c1c-2sc2ccccc12,1,1,True,138
4080,CN1c2cc3c(cc2-c2sc4ccccc4c2C1(C)c1ccccc1)C(c1ccc(S(=O)(=O)[O-])cc1S(=O)(=O)[O-])=c1cc2c(cc1O3)=[N+](C)C(C)(c1ccccc1)c1c-2sc2ccccc12,1,1,True,149
4081,CN1c2cc3c(cc2-c2c(n(C)c4ccccc24)C1(C)c1ccccc1)C(c1ccc(S(=O)(=O)[O-])cc1S(=O)(=O)[O-])=c1cc2c(cc1O3)=[N+](C)C(C)(c1ccccc1)c1c-2c2ccccc2n1C,1,1,True,148
4082,CC1(C)C2=CC(=[NH2+])C=CC2=C(c2ccccc2C(=O)[O-])c2ccc(N)cc21,1,1,True,77
4083,CN(C)c1ccc2c(c1)C(C)(C)C1=CC(=[N+](C)C)C=CC1=C2c1ccccc1C(=O)[O-],1,1,True,83
4084,CC1(C)C2=CC(=[N+]3CCCC3)C=CC2=C(c2ccccc2C(=O)[O-])c2ccc(N3CCCC3)cc21,1,1,True,99
4085,CCN1CCCc2cc3c(cc21)C(C)(C)c1cc2c(cc1=C3c1ccccc1C(=O)[O-])CCC[N+]=2CC,1,1,True,104
4086,CCN1c2cc3c(cc2C(C)=CC1(C)C)C(c1ccccc1C(=O)[O-])=c1cc2c(cc1C3(C)C)=[N+](CC)CCC2,1,1,True,111
4087,CCN1c2cc3c(cc2C(C)=CC1(C)C)C(c1ccccc1C(=O)[O-])=c1cc2c(cc1C3(C)C)=[N+](CC)C(C)(C)C=C2C,1,1,True,111
4088,CCN1CCCc2cc3c(cc21)C(C)(C)c1cc2c(cc1=C3c1c(Cl)c(Cl)c(Cl)c(Cl)c1C(=O)[O-])CCC[N+]=2CC,1,1,True,111
4089,CCN1c2cc3c(cc2C(C)=CC1(C)C)C(c1c(Cl)c(Cl)c(Cl)c(Cl)c1C(=O)[O-])=c1cc2c(cc1C3(C)C)=[N+](CC)CCC2,1,1,True,116
4090,CCN1c2cc3c(cc2C(C)=CC1(C)C)C(c1c(Cl)c(Cl)c(Cl)c(Cl)c1C(=O)[O-])=c1cc2c(cc1C3(C)C)=[N+](CC)C(C)(C)C=C2C,1,1,True,118
4091,CN(C)c1ccc2c(c1)C(C)(C)C1=CC(=[N+](C)C)C=CC1=C2c1c(Cl)c(Cl)c(Cl)c(Cl)c1C(=O)[O-],1,1,True,91
4092,Cc1ccccc1C1=C2C=CC(=[NH2+])C=C2[Si](C)(C)c2cc(N)ccc21,1,1,True,71
4093,Cc1ccccc1C1=C2C=CC(=[N+](C)C)C=C2[Si](C)(C)c2cc(N(C)C)ccc21,1,1,True,78
4094,Cc1ccccc1C1=c2cc3c(cc2[Si](C)(C)c2cc4c(cc21)CCN4C)=[N+](C)CC3,1,1,True,93
4095,Cc1ccccc1C1=c2cc3c(cc2[Si](C)(C)c2cc4c(cc21)CCCN4C)=[N+](C)CCC3,1,1,True,97
4096,CC1=CC(C)(C)N(C)c2cc3c(cc21)C(c1ccccc1C)=c1cc2c(cc1[Si]3(C)C)=[N+](C)C(C)(C)C=C2C,1,1,True,102
4097,C[Si]1(C)c2cc3c(cc2C(c2ccccc2C(=O)O)=c2cc4c(cc21)=[NH+]CCC4)CCCN3,1,1,True,99
4098,CCN(CC)c1ccc2c(c1)[Si](C)(C)C1=CC(=[N+](CC)CC)C=CC1=C2c1ccccc1C(=O)O,1,1,True,92
4099,CN(C)c1ccc2c(-c3ccccc3)c3ccc(=[N+](C)C)cc-3sc2c1,1,1,True,72
4100,CN(C)c1ccc2c(-c3ccccc3)c3ccc(=[N+](C)C)cc-3[se]c2c1,1,1,True,70
4101,Nc1ccc2c(-c3ccccc3CO)c3ccc(=[NH2+])cc-3[se]c2c1,1,1,True,71
4102,Cc1ccccc1C1=C2C=CC(=[N+](C)C)C=[C]2[Ge]([CH3])([CH3])[c]2cc(N(C)C)ccc21,1,1,True,77
4103,Cc1ccccc1C1=C2C=CC(=[N+](C)C)C=C2[Te](=O)c2cc(N(C)C)ccc21,1,1,True,79
4104,Cc1ccccc1C1=C2C=CC(=[N+](C)C)C=C2P(=O)([O-])c2cc(N(C)C)ccc21,1,1,True,80
4105,CCOP1(=O)C2=CC(=[N+](C)C)C=CC2=C(c2ccccc2C)c2ccc(N(C)C)cc21,1,1,True,87
4106,Cc1ccccc1C1=c2cc3c4c(c2P(=O)([O-])c2c1cc1c5c2CCCN5CCC1)CCC[N+]=4CCC3,1,1,True,104
4107,CCOP1(=O)c2c(cc3c4c2CCCN4CCC3)C(c2ccccc2C)=c2cc3c4c(c21)CCC[N+]=4CCC3,1,1,True,109
4108,CCN(CC)c1ccc2c(c1)P(C)(=O)C1=CC(=[N+](CC)CC)C=CC1=C2c1ccccc1,1,1,True,84
4109,CCN(CC)c1ccc2c(c1)P(C)(=O)C1=CC(=[N+](CC)CC)C=CC1=C2c1ccccc1C,1,1,True,86
4110,CCN(CC)c1ccc2c(c1)P(C)(=O)C1=CC(=[N+](CC)CC)C=CC1=C2c1c(C)cc(C)cc1C,1,1,True,86
4111,CN(C)c1ccc2c(c1)S(=O)(=O)C1=CC(=[N+](C)C)C=CC1=C2c1ccccc1,1,1,True,74
4112,Cc1ccccc1C1=C2C=CC(=[N+](C)C)C=C2S(=O)(=O)c2cc(N(C)C)ccc21,1,1,True,79
4113,COc1ccccc1C1=C2C=CC(=[N+](C)C)C=C2S(=O)(=O)c2cc(N(C)C)ccc21,1,1,True,83
4114,Cc1cccc(C)c1C1=C2C=CC(=[N+](C)C)C=C2S(=O)(=O)c2cc(N(C)C)ccc21,1,1,True,78
4115,COc1cccc(OC)c1C1=C2C=CC(=[N+](C)C)C=C2S(=O)(=O)c2cc(N(C)C)ccc21,1,1,True,81
4116,CN(C)c1ccc2cc3ccc(=[N+](C)C)cc-3oc2c1,1,1,True,54
4117,CN(C)c1ccc2c(c1)[Si](C)(C)C1=CC(=[N+](C)C)C=CC1=C2,1,1,True,63
4118,CN(C)c1ccc2[c](c1)[Ge]([CH3])([CH3])[C]1=CC(=[N+](C)C)C=CC1=C2,1,1,True,63
4119,CN(C)c1ccc2[c](c1)[Sn]([CH3])([CH3])[C]1=CC(=[N+](C)C)C=CC1=C2,1,1,True,62
4120,CN(C)c1ccc2cc3ccc(N(C)C)cc3nc2c1,1,1,True,35
4121,c1cc2cc3ccc(N4CCC4)cc3nc2cc1N1CCC1,1,1,True,41
4122,CN(C)c1ccc2c(c1)C(C)(C)C1=CC(=[N+](C)C)C=CC1=C2CCCCCCNC(=O)OC(C)(C)C,1,1,True,103
4123,CN(C)c1ccc2[c](c1)[Ge]([CH3])([CH3])[C]1=CC(=[N+](C)C)C=CC1=C2CCCCCCNC(=O)OC(C)(C)C,1,1,True,102
4124,CN(C)c1ccc2c(c1)[Si](C)(C)C1=CC(=[N+](C)C)C=CC1=C2CCCCCCNC(=O)OC(C)(C)C,1,1,True,104
4125,CN(C)c1ccc2c(c1)C(C)(C)C1=CC(=[N+](C)C)C=CC1=C2,1,1,True,63
4126,CCN(CC)c1ccc2c(c1)C(C)(C)C1=CC(=[N+](C)C)C=CC1=C2,1,1,True,68
4127,CCN1CCc2cc3c(cc21)C(C)(C)c1cc2c(cc1=C3)CC[N+]=2CC,1,1,True,85
4128,CCN1CCCc2cc3c(cc21)C(C)(C)c1cc2c(cc1=C3)CCC[N+]=2CC,1,1,True,87
4129,CCN1c2cc3c(cc2C(C)=CC1(C)C)C=c1cc2c(cc1C3(C)C)=[N+](CC)C(C)(C)C=C2C,1,1,True,91
4130,CCN1CCc2cc3c(cc21)C(C)(C)c1cc2c(cc1=C3)CCC[N+]=2CC,1,1,True,87
4131,CCN1CCc2cc3c(cc21)C(C)(C)c1cc2c(cc1=C3)C(C)=CC(C)(C)[N+]=2CC,1,1,True,91
4132,CCN1CCCc2cc3c(cc21)C(C)(C)c1cc2c(cc1=C3)C(C)=CC(C)(C)[N+]=2CC,1,1,True,93
4133,CC[N+]1=c2cc3c(cc2CC1)=Cc1ccc(N(C)C)cc1C3(C)C,1,1,True,77
4134,CC[N+]1=c2cc3c(cc2CCC1)=Cc1ccc(N(C)C)cc1C3(C)C,1,1,True,79
4135,CC[N+]1=c2cc3c(cc2C(C)=CC1(C)C)=Cc1ccc(N(C)C)cc1C3(C)C,1,1,True,81
4136,CC1=C2C=CC(=[N+](C)C)C=C2C(C)(C)c2cc(N(C)C)ccc21,1,1,True,64
4137,CCSc1c2ccc(=[N+](CC)CC)cc-2oc2cc(N(CC)CC)ccc12,1,1,True,75
4138,CCNc1c2ccc(=[N+](CC)CC)cc-2oc2cc(N(CC)CC)ccc12,1,1,True,74
4139,N#CC1=c2cc3c4c(c2Oc2c1cc1c5c2CCCN5CCC1)CCC[N+]=4CCC3,1,1,True,92
4140,Nc1ccc2nc3ccc(=[NH2+])cc-3oc2c1,1,1,True,54
4141,CCNc1ccc2nc3cc/c(=[NH+]\CC)cc-3oc2c1,1,1,True,69
4142,CCN(CC)c1ccc2nc3ccc(=[N+](CC)CC)cc-3oc2c1,1,1,True,70
4143,CC[N+]1=c2cc3c(cc2CC1)=Nc1ccc(N)cc1O3,1,1,True,72
4144,CC[N+]1=c2cc3c(cc2CCC1)=Nc1cc2c(cc1O3)N(CCCC(=O)O)CCC2,1,1,True,103
4145,CC[N+]1=c2cc3c(cc2C(C)=CC1(C)C)=Nc1cc2c(cc1O3)N(CCCC(=O)O)CCC2,1,1,True,113
4146,CN1CCOc2cc3c(cc21)Oc1cc2c(cc1=N3)OCC[N+]=2C,1,1,True,82
4147,CN1CCSc2cc3c(cc21)Oc1cc2c(cc1=N3)OCC[N+]=2C,1,1,True,87
4148,CN1CCCc2cc3c(cc21)Oc1cc2c(cc1=N3)OCC[N+]=2C,1,1,True,86
4149,Nc1ccc2nc3c4ccccc4c(=[NH2+])cc-3oc2c1,1,1,True,62
4150,CCN(CC)c1ccc2nc3c4ccccc4c(=[NH2+])cc-3oc2c1,1,1,True,71
4151,[NH2+]=c1cc2oc3cc(N4CCCC4)ccc3nc-2c2ccccc12,1,1,True,75
4152,[NH2+]=c1cc2oc3cc(N(CCCS(=O)(=O)O)CCCS(=O)(=O)O)ccc3nc-2c2ccccc12,1,1,True,85
4153,CCN(CC)c1ccc2c(c1)OC1=C(/C=C/C3=[N+](C)c4ccccc4C3(C)C)CCCC1=C2,1,1,True,101
4154,CCNc1cc2c(cc1C)C(c1ccccc1C(=O)O)=C1CCCC(/C=C/C3=[N+](C)c4ccccc4C3(C)C)=C1O2,1,1,True,119
4155,CCNc1cc2c(cc1C)C(c1ccccc1C(=O)O)=C1CCCC(/C=C/C3=[N+](C)c4ccc5ccccc5c4C3(C)C)=C1O2,1,1,True,136
4156,CCN(CC)c1ccc2c(c1)OC1=C(/C=C/C3=[N+](C)c4ccccc4C3(C)C)CCCC1=C2c1ccccc1C(=O)O,1,1,True,117
4157,CCN(CC)c1ccc2c(c1)OC1=C(/C=C/C3=[N+](C)c4ccc5ccccc5c4C3(C)C)CCCC1=C2c1ccccc1C(=O)O,1,1,True,133
4158,CCN(CC)c1ccc2c(c1)OC1=C(/C=C/C3=[N+](CC)c4ccccc4C3(C)C)CCCC1=C2c1ccccc1C(=O)O,1,1,True,119
4159,C[N+]1=C(/C=C/C2=C3Oc4c(cc5c6c4CCCN6CCC5)C(c4ccccc4C(=O)O)=C3CCC2)C(C)(C)c2ccccc21,1,1,True,125
4160,C[N+]1=C(/C=C/C2=C3Oc4c(cc5c6c4CCCN6CCC5)C(c4ccccc4C(=O)O)=C3CCC2)C(C)(C)c2c1ccc1ccccc21,1,1,True,141
4161,CCN(CC)c1ccc2c(c1)OC1=C(/C=C/C3=[N+](CC)c4ccc5ccccc5c4C3(C)C)CCCC1=C2/C=C1/N(CC)c2ccccc2C1(C)C,1,1,True,146
4162,CCNc1cc2c(cc1C)C(/C=C1/N(CC)c3ccccc3C1(C)C)=C1CCCC(/C=C/C3=[N+](CC)c4ccc5ccccc5c4C3(C)C)=C1O2,1,1,True,144
4163,CCNc1ccc2c(c1)OC1=C(/C=C/C3=[N+](CC)c4ccc5ccccc5c4C3(C)C)CCCC1=C2/C=C1/N(CC)c2ccccc2C1(C)C,1,1,True,146
4164,CCN1/C(=C/C2=C3CCCC(/C=C/C4=[N+](CC)c5ccc6ccccc6c5C4(C)C)=C3Oc3c2cc2c4c3CCCN4CCC2)C(C)(C)c2ccccc21,1,1,True,155
4165,CCN(CC)c1ccc2c(-c3ccccc3C(=O)O)c3c([o+]c2c1)/C(=C/c1ccc(O)cc1)CCC3,1,1,True,102
4166,CCN(CC)c1ccc2c(-c3ccccc3C(=O)O)c3c([o+]c2c1)/C(=C/c1ccc(O)c(Cl)c1)CCC3,1,1,True,108
4167,CCN(CC)c1ccc(/C=C2\CCCc3c2[o+]c2cc(N(CC)CC)ccc2c3-c2ccccc2C(=O)O)cc1,1,1,True,102
4168,CCN(CC)c1ccc(/C=C2\CCCc3c2[o+]c2cc(N(CC)CC)ccc2c3-c2ccccc2C(=O)O)c(O)c1,1,1,True,105
4169,CCN(CC)c1ccc2c(c1)OC(=C1C=CC(=[N+](CC)CC)C=C1)C=C2c1ccccc1C(=O)O,1,1,True,90
4170,CC[N+](CC)=C1C=CC(=C2C=C(c3ccccc3C(=O)O)c3cc4c5c(c3O2)CCCN5CCC4)C=C1,1,1,True,106
4171,CCN(CC)c1ccc2c(c1)O/C(=C/C=C1C=CC(=[N+](CC)CC)C=C1)C=C2c1ccccc1C(=O)O,1,1,True,100
4172,CC[N+](CC)=C1C=CC(=C/C=C2\C=C(c3ccccc3C(=O)O)c3cc4c5c(c3O2)CCCN5CCC4)C=C1,1,1,True,112
4173,CCN(CC)c1ccc2c(c1)O/C(=C\C=c1/cc3c(oc1=O)=CC(=[N+](CC)CC)C=C3)C=C2c1ccccc1C(=O)O,1,1,True,121
4174,CCN(CC)c1ccc2c(c1)O/C(=C\C=C\C=c1/cc3c(oc1=O)=CC(=[N+](CC)CC)C=C3)C=C2c1ccccc1C(=O)O,1,1,True,126
4175,CCN(CC)c1ccc2cc(-c3cc(-c4ccccc4C(=O)O)c4ccc(=[N+](CC)CC)cc-4o3)c(=O)oc2c1,1,0,False,103
4176,CCN(CC)c1ccc2c(c1)oc(=O)c1c(-c3ccccc3C(=O)O)c3ccc(=[N+](CC)CC)cc-3oc12,1,1,True,103
4177,CC[N+](CC)=c1ccc2c(-c3ccccc3C(=O)O)c3c(=O)oc4ccccc4c3oc-2c1,1,1,True,92
4178,CC[N+](CC)=c1ccc2c(-c3ccccc3C(=O)O)c3c(=O)oc4c5c6c(cc4c3oc-2c1)CCCN6CCC5,1,1,True,116
4179,CC[N+](CC)=c1ccc2c(-c3ccccc3C(=O)O)c3c(=O)oc4cc(N(c5ccccc5)c5ccccc5)ccc4c3oc-2c1,1,1,True,110
4180,O=C(O)c1ccccc1C1=c2cc3c4c(c2Oc2c1c(=O)oc1cc(N(c5ccccc5)c5ccccc5)ccc21)CCC[N+]=4CCC3,1,1,True,123
4181,CCN(CC)c1ccc2c(c1)oc(=O)c1cc3ccc(=[N+](CC)CC)cc-3oc12,1,1,True,84
4182,C[N+](C)=c1ccc2c(-c3ccccc3C(=O)O)c3ccc4cc(O)ccc4c3oc-2c1,1,1,True,86
4183,C[N+](C)=c1ccc2c(-c3ccccc3C(=O)O)c3ccc4c(F)c(O)ccc4c3oc-2c1,1,1,True,87
4184,C[N+](C)=c1ccc2c(-c3ccccc3C(=O)O)c3cc(F)c4cc(O)ccc4c3oc-2c1,1,1,True,88
4185,CC/[NH+]=c1/cc2oc3c(ccc4cc(O)ccc43)c(-c3ccccc3C(=O)O)c-2cc1C,1,1,True,95
4186,CCNc1cc2oc3c(ccc4cc(=O)ccc43)c(-c3ccccc3C(=O)O)c2cc1C,1,1,True,93
4187,CC[N+](CC)=c1ccc2c(-c3ccccc3C(=O)O)c3ccc4cc(O)ccc4c3oc-2c1,1,1,True,92
4188,CCN(CC)c1ccc2c(-c3ccccc3C(=O)O)c3ccc4cc(=O)ccc4c3oc2c1,1,1,True,88
4189,O=C(O)c1ccc(C2=c3cc4c5c(c3Oc3c2ccc2cc(O)ccc32)CCC[N+]=5CCC4)c(C(=O)O)c1,1,1,True,109
4190,O=C(O)c1ccc(-c2c3cc4c5c(c3oc3c2ccc2cc(=O)ccc23)CCCN5CCC4)c(C(=O)O)c1,1,1,True,105
4191,COC(=O)c1ccccc1-c1c2ccc(=[NH2+])cc-2oc2c1ccc1cccc(O)c12,1,1,True,88
4192,COC(=O)c1ccccc1-c1c2ccc(=[NH2+])cc-2oc2c1ccc1cccc(OC)c12,1,1,True,89
4193,COC(=O)c1ccccc1-c1c2ccc(=[N+](C)C)cc-2oc2c1ccc1cccc(O)c12,1,1,True,88
4194,COC(=O)c1ccccc1-c1c2ccc(=[N+](C)C)cc-2oc2c1ccc1cccc(OC)c12,1,1,True,90
4195,COC(=O)c1ccccc1C1=c2cc3c4c(c2Oc2c1ccc1cccc(O)c21)CCC[N+]=4CCC3,1,1,True,111
4196,COC(=O)c1ccccc1C1=c2cc3c4c(c2Oc2c1ccc1cccc(OC)c21)CCC[N+]=4CCC3,1,1,True,112
4197,CN(C)c1ccc2c(-c3ccccc3C(=O)O)c3ccc4cc(=O)ccc4c3oc2c1,1,1,True,84
4198,C[N+](C)=c1ccc2c(-c3c(F)c(F)c(F)c(F)c3C(=O)O)c3ccc4cc(O)ccc4c3oc-2c1,1,1,True,90
4199,CN(C)c1ccc2c(-c3c(F)c(F)c(F)c(F)c3C(=O)O)c3ccc4cc(=O)ccc4c3oc2c1,1,1,True,91
4200,C[N+](C)=c1ccc2c(-c3c(Cl)c(Cl)c(Cl)c(Cl)c3C(=O)O)c3ccc4cc(O)ccc4c3oc-2c1,1,1,True,91
4201,CN(C)c1ccc2c(-c3c(Cl)c(Cl)c(Cl)c(Cl)c3C(=O)O)c3ccc4cc(=O)ccc4c3oc2c1,1,1,True,90
4202,C[N+](C)=c1ccc2c(-c3ccccc3C(=O)O)c3c(ccc4ccc(O)cc43)oc-2c1,1,1,True,86
4203,COC(=O)c1ccccc1-c1c2ccc(=[NH2+])cc-2oc2c1ccc1cccc(N)c12,1,1,True,90
4204,COC(=O)c1ccccc1-c1c2ccc(=[N+](C)C)cc-2oc2c1ccc1cccc(N)c12,1,1,True,90
4205,COC(=O)c1ccccc1C1=c2cc3c4c(c2Oc2c1ccc1cccc(N)c21)CCC[N+]=4CCC3,1,1,True,111
4206,Nc1ccc2c(ccc3c(-c4ccccc4C(=O)[O-])c4ccc(=[NH2+])cc-4oc32)c1,1,1,True,85
4207,C[N+](C)=c1ccc2c(-c3ccccc3C(=O)[O-])c3ccc4cc(N)ccc4c3oc-2c1,1,1,True,88
4208,CN(C)c1ccc2c(ccc3c(-c4ccccc4C(=O)[O-])c4ccc(=[NH2+])cc-4oc32)c1,1,1,True,88
4209,Nc1ccc2c3c(ccc2c1)C(c1ccccc1C(=O)[O-])=c1cc2c4c(c1O3)CCC[N+]=4CCC2,1,1,True,106
4210,CNc1ccc2c3c(ccc2c1)C(c1ccccc1C(=O)[O-])=c1cc2c4c(c1O3)CCC[N+]=4CCC2,1,1,True,107
4211,Nc1ccc2c(ccc3c(-c4ccc(N)c(N)c4)c4ccc5cc(N)ccc5c4[o+]c32)c1,1,1,True,58
4212,CCN(CC)c1ccc2c(ccc3c(-c4ccc(N)c(N)c4)c4ccc5cc(N(CC)CC)ccc5c4[o+]c32)c1,1,1,True,70
4213,Nc1ccc2c(ccc3c(-c4ccc5nn[nH]c5c4)c4ccc5cc(N)ccc5c4[o+]c32)c1,1,1,True,73
4214,CCN(CC)c1ccc2c(ccc3c(-c4ccc5nn[nH]c5c4)c4ccc5cc(N(CC)CC)ccc5c4[o+]c32)c1,1,1,True,83
4215,c1ccc(C2=c3cc4cc5c6c(c4cc3C3(c4ccccc4Oc4ccccc43)c3cc4c7c8c(cc4cc32)CCCN8CCC7)CCC[N+]=6CCC5)cc1,1,1,True,137
4216,Cc1ccccc1C1=c2cc3cc4c5c(c3cc2C2(c3ccccc3Oc3ccccc32)c2cc3c6c7c(cc3cc21)CCCN7CCC6)CCC[N+]=5CCC4,1,1,True,140
4217,CCc1ccccc1C1=c2cc3cc4c5c(c3cc2C2(c3ccccc3Oc3ccccc32)c2cc3c6c7c(cc3cc21)CCCN7CCC6)CCC[N+]=5CCC4,1,1,True,142
4218,Cc1cccc(C)c1C1=c2cc3cc4c5c(c3cc2C2(c3ccccc3Oc3ccccc32)c2cc3c6c7c(cc3cc21)CCCN7CCC6)CCC[N+]=5CCC4,1,1,True,139
4219,COCc1ccccc1C1=c2cc3cc4c5c(c3cc2C2(c3ccccc3Oc3ccccc32)c2cc3c6c7c(cc3cc21)CCCN7CCC6)CCC[N+]=5CCC4,1,1,True,149
4220,COc1ccccc1C1=c2cc3cc4c5c(c3cc2C2(c3ccccc3Oc3ccccc32)c2cc3c6c7c(cc3cc21)CCCN7CCC6)CCC[N+]=5CCC4,1,1,True,144
4221,Cc1c2c(n3ccccc13)C(=O)N(C(C)CO)C2,1,1,True,58
4222,Cc1c2c(n3ccc(-c4ccccc4)cc13)C(=O)N(C(C)CO)C2,1,1,True,71
4223,Cc1c2c(n3ccc(C#N)cc13)C(=O)N(C(C)CO)C2,1,1,True,67
4224,CC(=O)c1ccn2c3c(c(C)c2c1)CN(C(C)CO)C3=O,1,1,True,66
4225,CC(CO)N1Cc2c(-c3ccccc3)c3ccccn3c2C1=O,1,1,True,67
4226,COc1ccn2c3c(c(-c4ccccc4)c2c1)CN(C(C)CO)C3=O,1,1,True,75
4227,CC(CO)N1Cc2c(-c3ccccc3)c3cc(-c4ccccc4)ccn3c2C1=O,1,1,True,74
4228,CC(CO)N1Cc2c(-c3ccccc3)c3cc(C#N)ccn3c2C1=O,1,1,True,77
4229,CC(=O)c1ccn2c3c(c(-c4ccccc4)c2c1)CN(C(C)CO)C3=O,1,1,True,75
4230,COc1ccccc1-c1c2c(n3ccccc13)C(=O)N(C(C)CO)C2,1,1,True,74
4231,COc1ccn2c3c(c(-c4ccccc4OC)c2c1)CN(C(C)CO)C3=O,1,1,True,81
4232,COc1ccccc1-c1c2c(n3ccc(-c4ccccc4)cc13)C(=O)N(C(C)CO)C2,1,1,True,88
4233,COc1ccccc1-c1c2c(n3ccc(C#N)cc13)C(=O)N(C(C)CO)C2,1,1,True,86
4234,COc1ccccc1-c1c2c(n3ccc(C(C)=O)cc13)C(=O)N(C(C)CO)C2,1,1,True,85
4235,CC(CO)N1Cc2c(-c3cccs3)c3ccccn3c2C1=O,1,1,True,71
4236,COc1ccn2c3c(c(-c4cccs4)c2c1)CN(C(C)CO)C3=O,1,1,True,79
4237,CC(CO)N1Cc2c(-c3cccs3)c3cc(-c4ccccc4)ccn3c2C1=O,1,1,True,83
4238,CC(CO)N1Cc2c(-c3cccs3)c3cc(C#N)ccn3c2C1=O,1,1,True,81
4239,CC(=O)c1ccn2c3c(c(-c4cccs4)c2c1)CN(C(C)CO)C3=O,1,1,True,80
4240,CC(CO)N1Cc2c(-c3ccc(N(C)C)cc3)c3ccccn3c2C1=O,1,1,True,76
4241,COc1ccn2c3c(c(-c4ccc(N(C)C)cc4)c2c1)CN(C(C)CO)C3=O,1,1,True,82
4242,CC(CO)N1Cc2c(-c3ccc(N(C)C)cc3)c3cc(-c4ccccc4)ccn3c2C1=O,1,1,True,86
4243,CC(CO)N1Cc2c(-c3ccc(N(C)C)cc3)c3cc(C#N)ccn3c2C1=O,1,1,True,84
4244,CC(=O)c1ccn2c3c(c(-c4ccc(N(C)C)cc4)c2c1)CN(C(C)CO)C3=O,1,1,True,81
4245,Cc1ccn2c3c(c(-c4ccc(C#N)cc4)c2c1)CN(CCNC(=O)OC(C)(C)C)C3=O,1,1,True,96
4246,COc1ccn2c3c(c(-c4ccc(C#N)cc4)c2c1)CN(CCNC(=O)OC(C)(C)C)C3=O,1,1,True,100
4247,COC(=O)c1ccn2c3c(c(-c4ccc(C#N)cc4)c2c1)CN(CCNC(=O)OC(C)(C)C)C3=O,1,1,True,103
4248,CC(=O)c1ccn2c3c(c(-c4ccc(C#N)cc4)c2c1)CN(CCNC(=O)OC(C)(C)C)C3=O,1,1,True,97
4249,Cc1ccn2c3c(c(-c4ccc(Br)cc4)c2c1)CN(CCNC(=O)OC(C)(C)C)C3=O,1,1,True,92
4250,COc1ccn2c3c(c(-c4ccc(Br)cc4)c2c1)CN(CCNC(=O)OC(C)(C)C)C3=O,1,1,True,96
4251,COC(=O)c1ccn2c3c(c(-c4ccc(Br)cc4)c2c1)CN(CCNC(=O)OC(C)(C)C)C3=O,1,1,True,98
4252,CC(=O)c1ccn2c3c(c(-c4ccc(Br)cc4)c2c1)CN(CCNC(=O)OC(C)(C)C)C3=O,1,1,True,93
4253,Cc1ccc(-c2c3c(n4ccc(C)cc24)C(=O)N(CCNC(=O)OC(C)(C)C)C3)cc1,1,1,True,88
4254,COc1ccn2c3c(c(-c4ccc(C)cc4)c2c1)CN(CCNC(=O)OC(C)(C)C)C3=O,1,1,True,93
4255,COC(=O)c1ccn2c3c(c(-c4ccc(C)cc4)c2c1)CN(CCNC(=O)OC(C)(C)C)C3=O,1,1,True,96
4256,CC(=O)c1ccn2c3c(c(-c4ccc(C)cc4)c2c1)CN(CCNC(=O)OC(C)(C)C)C3=O,1,1,True,90
4257,COc1ccc(-c2c3c(n4ccc(C)cc24)C(=O)N(CCNC(=O)OC(C)(C)C)C3)cc1,1,1,True,94
4258,COC(=O)c1ccn2c3c(c(-c4ccc(OC)cc4)c2c1)CN(CCNC(=O)OC(C)(C)C)C3=O,1,1,True,100
4259,COc1ccc(-c2c3c(n4ccc(C(C)=O)cc24)C(=O)N(CCNC(=O)OC(C)(C)C)C3)cc1,1,1,True,95
4260,Cc1ccn2c3c(c(-c4ccc(N(c5ccccc5)c5ccccc5)cc4)c2c1)CN(CCNC(=O)OC(C)(C)C)C3=O,1,1,True,104
4261,COC(=O)c1ccn2c3c(c(-c4ccc(N(c5ccccc5)c5ccccc5)cc4)c2c1)CN(CCNC(=O)OC(C)(C)C)C3=O,1,1,True,111
4262,CC(=O)c1ccn2c3c(c(-c4ccc(N(c5ccccc5)c5ccccc5)cc4)c2c1)CN(CCNC(=O)OC(C)(C)C)C3=O,1,1,True,105
4263,CCCN(CCC)c1ccc(-c2c3c(n4ccc(C(=O)OC)cc24)C(=O)N(CCNC(=O)OC(C)(C)C)C3)cc1,1,1,True,110
4264,CCCN(CCC)c1ccc(-c2c3c(n4ccc(C(C)=O)cc24)C(=O)N(CCNC(=O)OC(C)(C)C)C3)cc1,1,1,True,104
4265,CC(=O)c1ccn2c3c(c(-c4ccccc4C#N)c2c1)CN(CCNC(=O)OC(C)(C)C)C3=O,1,1,True,101
4266,CC(=O)c1ccn2c3c(c(-c4cccc(C#N)c4)c2c1)CN(CCNC(=O)OC(C)(C)C)C3=O,1,1,True,102
4267,CC(=O)c1ccn2c3c(c(-c4ccccc4Br)c2c1)CN(CCNC(=O)OC(C)(C)C)C3=O,1,1,True,97
4268,CC(=O)c1ccn2c3c(c(-c4cccc(Br)c4)c2c1)CN(CCNC(=O)OC(C)(C)C)C3=O,1,1,True,97
4269,COc1ccccc1-c1c2c(n3ccc(C(C)=O)cc13)C(=O)N(CCNC(=O)OC(C)(C)C)C2,1,1,True,100
4270,COc1cccc(-c2c3c(n4ccc(C(C)=O)cc24)C(=O)N(CCNC(=O)OC(C)(C)C)C3)c1,1,1,True,100
4271,CC(=O)c1ccn2c3c(c(-c4ccccc4N(C)C)c2c1)CN(CCNC(=O)OC(C)(C)C)C3=O,1,1,True,100
4272,CC(=O)c1ccn2c3c(c(-c4cccc(N(C)C)c4)c2c1)CN(CCNC(=O)OC(C)(C)C)C3=O,1,1,True,101
4273,Cc1ccc2c(-c3ccc(Br)cc3)c3c(n2c1)C(=O)N(CCNC(=O)OC(C)(C)C)C3,1,1,True,91
4274,Cc1cccn2c3c(c(-c4ccc(Br)cc4)c12)CN(CCNC(=O)OC(C)(C)C)C3=O,1,1,True,92
4275,CC(=O)c1ccc2c(-c3ccc(Br)cc3)c3c(n2c1)C(=O)N(CCNC(=O)OC(C)(C)C)C3,1,1,True,94
4276,CC(=O)c1cccn2c3c(c(-c4ccc(Br)cc4)c12)CN(CCNC(=O)OC(C)(C)C)C3=O,1,1,True,95
4277,COc1ccc(-c2c3c(n4cc(C)ccc24)C(=O)N(CCNC(=O)OC(C)(C)C)C3)cc1,1,1,True,92
4278,COc1ccc(-c2c3c(n4cccc(C)c24)C(=O)N(CCNC(=O)OC(C)(C)C)C3)cc1,1,1,True,94
4279,COc1ccc(-c2c3c(n4cc(C(C)=O)ccc24)C(=O)N(CCNC(=O)OC(C)(C)C)C3)cc1,1,1,True,95
4280,COc1ccc(-c2c3c(n4cccc(C(C)=O)c24)C(=O)N(CCNC(=O)OC(C)(C)C)C3)cc1,1,1,True,97
4281,Cc1ccc2c(-c3ccc(C(F)(F)F)cc3)c3c(n2c1)C(=O)N(C)C3,1,1,True,67
4282,CC(=O)c1ccc2c(-c3ccc(C(F)(F)F)cc3)c3c(n2c1)C(=O)N(C)C3,1,1,True,73
4283,CC(=O)c1ccc2c(-c3ccc(O)cc3)c3c(n2c1)C(=O)N(C)C3,1,1,True,68
4284,CCN(CC)c1ccc(-c2c3c(n4cc(C(C)=O)ccc24)C(=O)N(C)C3)cc1,1,1,True,77
4285,c1ccc(-c2[o+]c3c(-c4ccccc4)c(-c4ccccc4)c4cccc5ccc(c2-c2ccccc2)c3c54)cc1,1,1,True,73
4286,Cc1ccc(-c2[o+]c3c(-c4ccc(C)cc4)c(-c4ccc(C)cc4)c4cccc5ccc(c2-c2ccc(C)cc2)c3c54)cc1,1,1,True,80
4287,CCc1ccc(-c2c(-c3ccc(OC)cc3)[o+]c3c(-c4ccc(OC)cc4)c(-c4ccc(OC)cc4)c4cccc5ccc2c3c54)cc1,1,1,True,97
4288,Fc1cccc(-c2[o+]c3c(-c4cccc(F)c4)c(-c4cccc(F)c4)c4cccc5ccc(c2-c2cccc(F)c2)c3c54)c1,1,1,True,81
4289,Clc1ccc(-c2[o+]c3c(-c4ccc(Cl)cc4)c(-c4ccc(Cl)cc4)c4cccc5ccc(c2-c2ccc(Cl)cc2)c3c54)cc1,1,1,True,81
4290,FC(F)(F)c1ccc(-c2[o+]c3c(-c4ccc(C(F)(F)F)cc4)c(-c4ccc(C(F)(F)F)cc4)c4cccc5ccc(c2-c2ccc(C(F)(F)F)cc2)c3c54)cc1,1,1,True,86
4291,O=Cc1ccc(-c2[o+]c3c(-c4ccc(C=O)cc4)c(-c4ccc(C=O)cc4)c4cccc5ccc(c2-c2ccc(C=O)cc2)c3c54)cc1,1,1,True,85
4292,CCc1c(-c2ccccc2)c2[o+]c(-c3ccccc3)c(CC)c3ccc4cccc1c4c32,1,1,True,75
4293,c1ccc(-c2[o+]c3c(-c4ccccc4)c(-c4ccccc4)c4cccc5c6ccccc6c(c2-c2ccccc2)c3c45)cc1,1,1,True,75
4294,COc1ccc(-c2[o+]c3c(-c4ccc(OC)cc4)c(-c4ccc(OC)cc4)c4cccc5c6ccccc6c(c2-c2ccc(OC)cc2)c3c45)cc1,1,1,True,89
4295,c1ccc(-c2[o+]c3c(-c4ccccc4)c(-c4ccccc4)c4cc5cccc6ccc7cc(c2-c2ccccc2)c3c4c7c65)cc1,1,1,True,86
4296,COc1ccc(-c2[o+]c3c(-c4ccc(OC)cc4)c(-c4ccc(OC)cc4)c4cc5cccc6ccc7cc(c2-c2ccc(OC)cc2)c3c4c7c65)cc1,1,1,True,97
4297,CCCc1[o+]c2c(CCC)c(CCC)c3cc4cccc5ccc6cc(c1CCC)c2c3c6c54,1,1,True,80
4298,CCCc1cc2ccc3[o+]c(CCC)c(CCC)c4ccc(c1CCC)c2c34,1,1,True,71
4299,CCCc1cc2c3[o+]c(CCC)c(CCC)c4cccc(c5cccc(c1CCC)c52)c43,1,1,True,71
4300,COc1ccc(C2=Cc3c(-c4ccc(OC)cc4)cc[n+]4cccc(c34)O2)cc1,1,1,True,75
4301,Fc1ccc(C2=Cc3c(-c4ccc(F)cc4)cc[n+]4cccc(c34)O2)cc1,1,1,True,69
4302,Clc1ccc(C2=Cc3c(-c4ccc(Cl)cc4)cc[n+]4cccc(c34)O2)cc1,1,1,True,70
4303,CC(C)(C)c1ccc(-c2c(-c3ccc(C(C)(C)C)cc3)c3cc4c(-c5ccc(C(C)(C)C)cc5)c(-c5ccc(C(C)(C)C)cc5)c5ccc6ccccc6c5c4c4ccc5cccc2c5c34)cc1,1,1,True,87
4304,CCOC(=O)/C=C/c1cc(-c2ccc(N(C)C)c(/C=C/C(=O)OCC)c2)ccc1N(C)C,1,1,True,53
4305,CCOC(=O)/C=C/c1ccc(-c2ccc(/C=C/C(=O)OCC)c(N(C)C)c2)cc1N(C)C,1,1,True,53
4306,CCCCCCCCCCC(CCCCCCCC)CN1C(=O)C2=C(c3cccs3)N(CC(CCCCCCCC)CCCCCCCCCC)C(=O)C2=C1c1cccs1,1,1,True,70
4307,CCCCCCCCCCC(CCCCCCCC)CN1C(=O)C2=C(c3ccc(-c4cccc(C)c4-c4ccc5ccccc5n4)s3)N(CC(CCCCCCCC)CCCCCCCCCC)C(=O)C2=C1c1cccs1,1,1,True,133
4308,Cn1c(=O)c2c(nc(-c3ccccc3)n2C)n(C)c1=O,1,1,True,52
4309,Cc1ccc(-c2nc3c(c(=O)n(Cc4ccccc4)c(=O)n3C)n2C)cc1,1,1,True,70
4310,COc1ccc(-c2nc3c(c(=O)n(C)c(=O)n3C)n2C)cc1,1,1,True,58
4311,COc1ccccc1-c1nc2c(c(=O)n(C)c(=O)n2C)n1C,1,1,True,60
4312,Cn1c(=O)c2c(nc(-c3cc4ccccc4c4ccccc34)n2C)n(C)c1=O,1,1,True,69
4313,Cn1c(=O)c2c(nc(-c3cccc4ccccc34)n2C)n(C)c1=O,1,1,True,65
4314,Cc1ccc(-c2nc3c(c(=O)n(C)c(=O)n3C)n2Cc2ccccc2)cc1,1,1,True,70
4315,CN1C(=O)C2C(N=C(c3ccc(N(C)C)cc3)N2C)N(C)C1=O,1,1,True,59
4316,Cn1c(=O)c2c(nc(-c3ccc(C=O)cc3)n2C)n(C)c1=O,1,1,True,58
4317,c1ccc(-c2nnc3ccccn23)cc1,1,1,True,41
4318,Cc1ccc(-c2nnc3ccccn23)cc1,1,1,True,44
4319,CC(C)(C)c1ccc(-c2nnc3ccccn23)cc1,1,1,True,50
4320,COc1ccc(-c2nnc3ccccn23)cc1,1,1,True,49
4321,COc1ccccc1-c1nnc2ccccn12,1,1,True,49
4322,COc1ccc(-c2nnc3ccccn23)cc1OC,1,1,True,56
4323,CN(C)c1ccc(-c2nnc3ccccn23)cc1,1,1,True,50
4324,Brc1ccc(-c2nnc3ccccn23)cc1,1,1,True,46
4325,Clc1ccc(-c2nnc3ccccn23)cc1,1,1,True,46
4326,Fc1ccc(-c2nnc3ccccn23)cc1,1,1,True,46
4327,N#Cc1ccc(-c2nnc3ccccn23)cc1,1,1,True,50
4328,FC(F)(F)c1cc(-c2nnc3ccccn23)cc(C(F)(F)F)c1,1,1,True,52
4329,c1ccc2c(-c3nnc4ccccn34)cccc2c1,1,1,True,55
4330,c1csc(-c2nnc3ccccn23)c1,1,1,True,45
4331,c1ccc(-c2nnc3ccccn23)nc1,1,1,True,45
4332,c1ccc(C2=C(c3ccccc3)c3ccc4c5c(ccc(c35)O2)OC(c2ccccc2)=C4c2ccccc2)cc1,1,1,True,48
4333,c1ccc(C2=C(c3ccccc3)c3ccc4c5c(c(-c6ccccc6)cc(c35)O2)OC(c2ccccc2)=C4c2ccccc2)cc1,1,1,True,73
4334,Cc1ccc(C)c(-c2cc3c4c(ccc5c4c2OC(c2ccccc2)=C5c2ccccc2)C(c2ccccc2)=C(c2ccccc2)O3)c1,1,1,True,85
4335,Fc1ccc(F)c(-c2cc3c4c(ccc5c4c2OC(c2ccccc2)=C5c2ccccc2)C(c2ccccc2)=C(c2ccccc2)O3)c1,1,1,True,84
4336,COc1ccc(C)cc1-c1cc2c3c(ccc4c3c1OC(c1ccccc1)=C4c1ccccc1)C(c1ccccc1)=C(c1ccccc1)O2,1,1,True,90
4337,COc1ccc(Cl)cc1-c1cc2c3c(ccc4c3c1OC(c1ccccc1)=C4c1ccccc1)C(c1ccccc1)=C(c1ccccc1)O2,1,1,True,92
4338,Clc1ccc(-c2cc3c4c(ccc5c4c2OC(c2ccccc2)=C5c2ccccc2)C(c2ccccc2)=C(c2ccccc2)O3)cc1Cl,1,1,True,84
4339,COc1ccc(-c2cc3c4c(ccc5c4c2OC(c2ccccc2)=C5c2ccccc2)C(c2ccccc2)=C(c2ccccc2)O3)cc1Br,1,1,True,89
4340,COc1ccc(-c2cc3c4c(ccc5c4c2OC(c2ccccc2)=C5c2ccccc2)C(c2ccccc2)=C(c2ccccc2)O3)c(OC)c1,1,1,True,91
4341,Cc1cc2c3c(ccc4c3c1OC(c1ccccc1)=C4c1ccccc1)C(c1ccccc1)=C(c1ccccc1)O2,1,1,True,71
4342,Fc1ccc(C2=C(c3ccc(F)cc3)c3ccc4c5c(ccc(c35)O2)OC(c2ccc(F)cc2)=C4c2ccc(F)cc2)cc1,1,1,True,53
4343,Clc1ccc(C2=C(c3ccc(Cl)cc3)c3ccc4c5c(ccc(c35)O2)OC(c2ccc(Cl)cc2)=C4c2ccc(Cl)cc2)cc1,1,1,True,53
4344,Brc1ccc(C2=C(c3ccc(Br)cc3)c3ccc4c5c(ccc(c35)O2)OC(c2ccc(Br)cc2)=C4c2ccc(Br)cc2)cc1,1,1,True,53
4345,FC(F)(F)c1ccc(C2=C(c3ccc(C(F)(F)F)cc3)c3ccc4c5c(ccc(c35)O2)OC(c2ccc(C(F)(F)F)cc2)=C4c2ccc(C(F)(F)F)cc2)cc1,1,1,True,58
4346,Fc1cccc(C2=C(c3cccc(F)c3)c3ccc4c5c(ccc(c35)O2)OC(c2cccc(F)c2)=C4c2cccc(F)c2)c1,1,1,True,57
4347,Fc1ccccc1C1=C(c2ccccc2F)c2ccc3c4c(ccc(c24)O1)OC(c1ccccc1F)=C3c1ccccc1F,1,1,True,52
4348,CC1=C(c2ccccc2)Oc2ccc3c4c(ccc1c24)C(C)=C(c1ccccc1)O3,1,1,True,45
4349,CC(C)(C)c1ccc(-c2oc3c4oc(-c5ccc(C(C)(C)C)cc5)c(-c5ccc(C(C)(C)C)cc5)c5cccc(c6cccc(c2-c2ccc(C(C)(C)C)cc2)c63)c54)cc1,1,1,True,60
4350,CC(C)(C)c1ccc(-c2oc3c4oc(-c5ccc(C(C)(C)C)cc5)c(-c5ccc(C(C)(C)C)cc5)c5cc(Br)cc(c6cc(Br)cc(c2-c2ccc(C(C)(C)C)cc2)c63)c54)cc1,1,1,True,64
4351,COc1ccc(-c2cc3c(-c4ccccc4)c(-c4ccccc4)oc4c5oc(-c6ccccc6)c(-c6ccccc6)c6cc(-c7ccc(OC)cc7)cc(c(c2)c34)c65)cc1,1,1,True,71
4352,CC(C)(C)c1ccc(-c2cc3c(-c4ccccc4)c(-c4ccccc4)oc4c5oc(-c6ccccc6)c(-c6ccccc6)c6cc(-c7ccc(C(C)(C)C)cc7)cc(c(c2)c34)c65)cc1,1,1,True,71
4353,CC(C)(C)c1ccc(-c2cc3c(-c4ccc(F)cc4)c(-c4ccc(F)cc4)oc4c5oc(-c6ccc(F)cc6)c(-c6ccc(F)cc6)c6cc(-c7ccc(C(C)(C)C)cc7)cc(c(c2)c34)c65)cc1,1,1,True,74
4354,F[B-]1(F)n2cccc2C(c2ccccc2)=C2C=CC=[N+]21,1,1,True,61
4355,COc1ccc(C2=C3C=CC=[N+]3[B-](F)(F)n3cccc32)cc1,1,1,True,69
4356,O=[N+]([O-])c1ccccc1C1=CC2=C(c3ccccc3)c3cccn3[B-](F)(F)[N+]2=C1,1,1,True,80
4357,O=[N+]([O-])c1ccccc1C1=CC2=C(c3ccccc3)c3cc(-c4ccccc4[N+](=O)[O-])cn3[B-](F)(F)[N+]2=C1,1,1,True,89
4358,O=[N+]([O-])c1cc(Cl)ccc1C1=CC2=C(c3ccccc3)c3cccn3[B-](F)(F)[N+]2=C1,1,1,True,86
4359,O=[N+]([O-])c1cc(Cl)ccc1-c1cc2n(c1)[B-](F)(F)[N+]1=CC=CC1=C2c1ccccc1,1,1,True,88
4360,O=[N+]([O-])c1cc(Cl)ccc1C1=CC2=C(c3ccccc3)c3cc(-c4ccc(Cl)cc4[N+](=O)[O-])cn3[B-](F)(F)[N+]2=C1,1,1,True,95
4361,COc1ccc([N+](=O)[O-])c(-c2cc3n(c2)[B-](F)(F)[N+]2=CC=CC2=C3c2ccccc2)c1,1,1,True,94
4362,COc1ccc([N+](=O)[O-])c(C2=CC3=C(c4ccccc4)c4cccn4[B-](F)(F)[N+]3=C2)c1,1,1,True,89
4363,COc1ccc([N+](=O)[O-])c(C2=CC3=C(c4ccccc4)c4cc(-c5cc(OC)ccc5[N+](=O)[O-])cn4[B-](F)(F)[N+]3=C2)c1,1,1,True,101
4364,COc1cccc(OC)c1-c1cc2n(c1)[B-](F)(F)[N+]1=CC=CC1=C2c1ccccc1,1,1,True,80
4365,COc1cccc(OC)c1C1=CC2=C(c3ccccc3)c3cccn3[B-](F)(F)[N+]2=C1,1,1,True,78
4366,COc1cccc(OC)c1C1=CC2=C(c3ccccc3)c3cc(-c4c(OC)cccc4OC)cn3[B-](F)(F)[N+]2=C1,1,1,True,86
4367,Fc1c(F)c(F)c(-c2cc3n(c2)[B-](F)(F)[N+]2=CC=CC2=C3c2ccccc2)c(F)c1F,1,1,True,77
4368,Fc1c(F)c(F)c(C2=CC3=C(c4ccccc4)c4cccn4[B-](F)(F)[N+]3=C2)c(F)c1F,1,1,True,74
4369,Fc1c(F)c(F)c(C2=CC3=C(c4ccccc4)c4cc(-c5c(F)c(F)c(F)c(F)c5F)cn4[B-](F)(F)[N+]3=C2)c(F)c1F,1,1,True,84
4370,Fc1cccc(F)c1-c1cc2n(c1)[B-](F)(F)[N+]1=CC=CC1=C2c1ccccc1,1,1,True,75
4371,Fc1cccc(F)c1C1=CC2=C(c3ccccc3)c3cccn3[B-](F)(F)[N+]2=C1,1,1,True,74
4372,Fc1cccc(F)c1C1=CC2=C(c3ccccc3)c3cc(-c4c(F)cccc4F)cn3[B-](F)(F)[N+]2=C1,1,1,True,81
4373,COc1ccc(C2=C3C=CC=[N+]3[B-](F)(F)n3cc(-c4cc(OC)c(OC)cc4[N+](=O)[O-])cc32)cc1,1,1,True,95
4374,COc1ccc(C2=C3C=C(c4cc(OC)c(OC)cc4[N+](=O)[O-])C=[N+]3[B-](F)(F)n3cccc32)cc1,1,1,True,96
4375,COc1ccc(C2=C3C=C(c4cc(OC)c(OC)cc4[N+](=O)[O-])C=[N+]3[B-](F)(F)n3cc(-c4cc(OC)c(OC)cc4[N+](=O)[O-])cc32)cc1,1,1,True,108
4376,COc1cccc(OC)c1C1=CC2=C(c3ccccc3)c3cc(-c4c(F)c(F)c(F)c(F)c4F)cn3[B-](F)(F)[N+]2=C1,1,1,True,95
4377,F[B-]1(F)n2cccc2C(c2ccccc2)=C2C=c3c([nH]c4ccccc34)=[N+]21,1,1,True,81
4378,F[B-]1(F)n2c(cc3c4ccccc4[nH]c32)C(c2ccccc2)=C2C=c3c([nH]c4ccccc34)=[N+]21,1,1,True,91
4379,c1ccc2c(c1)nc1c3ccccc3c3ccccc3n21,1,1,True,52
4380,Cc1ccc2c3ccccc3c3nc4ccccc4n3c2c1,1,1,True,63
4381,COc1ccc2c3ccccc3c3nc4ccccc4n3c2c1,1,1,True,67
4382,FC(F)(F)c1ccc2c3ccccc3c3nc4ccccc4n3c2c1,1,1,True,68
4383,CCOC(=O)c1ccc2c(c1)c1ccccc1c1nc3ccccc3n21,1,1,True,80
4384,Clc1ccc2c(c1)c1ccccc1c1nc3ccccc3n21,1,1,True,62
4385,c1ccc2c(c1)nc1c3ccccc3c3cccnc3n21,1,1,True,58
4386,c1ccc2c(c1)nc1c3ccccc3c3nccnc3n21,1,1,True,60
4387,c1ccc2nc3c(nc2c1)c1ccccc1c1nc2ccccc2n13,1,1,True,60
4388,c1ccc2c(c1)nc1c3ccccc3c3c4ccccc4sc3n21,1,1,True,68
4389,Cc1ccc2c3ccccc3c3nccn3c2c1,1,1,True,55
4390,Cc1ccc2c3ccccc3c3cc4ccccc4n3c2c1,1,1,True,57
4391,CC(C)(C)c1ccc2c(c1)c1ccccc1n1c3ccccc3nc21,1,1,True,68
4392,COc1ccc2c(c1)c1ccccc1n1c3ccccc3nc21,1,1,True,66
4393,COc1ccc2c3ccccc3n3c4ccccc4nc3c2c1,1,1,True,67
4394,Fc1ccc2c(c1)c1ccccc1n1c3ccccc3nc21,1,1,True,63
4395,Clc1ccc2c(c1)c1ccccc1n1c3ccccc3nc21,1,1,True,63
4396,N#Cc1ccc2c(c1)c1ccccc1n1c3ccccc3nc21,1,1,True,68
4397,FC(F)(F)c1cccc2c3ccccc3n3c4ccccc4nc3c12,1,1,True,63
4398,c1ccc(-c2ccc3c(c2)c2ccccc2n2c4ccccc4nc32)cc1,1,1,True,72
4399,c1ccc2c(c1)nc1c3c4ccccc4c4ccccc4c3c3ccccc3n21,1,1,True,61
4400,c1ccc2c(c1)nc1c3sccc3c3ccccc3n21,1,1,True,61
4401,c1ccc2c(c1)c1ccccc1n1ccnc21,1,1,True,47
4402,Cc1nc2c3ccccc3c3ccccc3n2c1C,1,1,True,49
4403,c1ccc2c(c1)cc1c3ccccc3c3ccccc3n21,1,1,True,47
4404,c1ccc2c(c1)c1ccccc1n1cccc21,1,1,True,36
4405,CN(C)c1ccc(-n2c(-c3ccc(C#N)cc3)nc3ccccc32)cc1,1,1,True,68
4406,CN(C)c1ccc(-n2c(-c3ccncc3)nc3ccccc32)cc1,1,1,True,62
4407,CN(C)c1ccc(-c2nc3ccccc3n2-c2ccccc2)cc1,1,1,True,60
4408,c1ccc(N(c2ccccc2)c2ccc(-c3nc4ccccc4n3-c3ccccc3)cc2)cc1,1,1,True,65
4409,Clc1ccc(-c2nc3ccccc3n2-c2ccccc2)cc1,1,1,True,56
4410,c1ccc2c(c1)nc1ccccn12,1,1,True,39
4411,COc1ccc2c(c1)nc(-c1ccccc1)n2-c1ccccc1,1,1,True,61
4412,CN(C)c1ccc(-c2nc3cc(C(F)(F)F)ccc3n2-c2ccccc2)cc1,1,1,True,72
4413,CN(C)c1ccc(-c2nc3nccnc3n2-c2ccccc2)cc1,1,1,True,63
4414,CN(C)c1ccc(-n2c(-c3ccncc3)nc3nccnc32)cc1,1,1,True,63
4415,CN(C)c1ccc(-c2nc3nccnc3n2-c2ccc(N(C)C)cc2)cc1,1,1,True,61
4416,c1ccc(-n2c(-c3ccc(-n4c5ccccc5c5ccccc54)cc3)nc3nccnc32)cc1,1,1,True,73
4417,CN(C)c1ccc(-c2nc3nc4ccccc4nc3n2-c2ccccc2)cc1,1,1,True,69
4418,CN(C)c1ccc(-c2nc3nc4ccccc4nc3n2-c2ccc(C(C)(C)C)cc2)cc1,1,1,True,77
4419,c1ccc(-c2nc3nc4ccccc4nc3n2-c2ccccc2)cc1,1,1,True,58
4420,c1ccc(-c2nc3cc4c(cc3n2-c2ccccc2)nc(-c2ccccc2)n4-c2ccccc2)cc1,1,1,True,46
4421,Cc1ccc(-c2c3ccccc3nn2C)s1,1,1,True,45
4422,Cc1ccc(-c2c3ccccc3nn2C)o1,1,1,True,46
4423,COc1ccc(-c2c3ccccc3nn2C)o1,1,1,True,51
4424,CC(=O)c1ccc(-c2c3ccccc3nn2C)o1,1,1,True,53
4425,Cn1nc2ccccc2c1-c1ccc(C=O)o1,1,1,True,52
4426,O=Cc1ccc(-c2c3ccccc3nn2-c2ccccc2)o1,1,1,True,61
4427,O=Cc1ccc(-c2c3ccccc3nn2-c2ccccn2)o1,1,1,True,65
4428,CCOC(=O)c1ccc(-c2c3ccccc3nn2C)o1,1,1,True,66
4429,Cn1nc2ccccc2c1-c1cc2ccccc2s1,1,1,True,56
4430,Cn1nc2ccccc2c1-c1cc2ccccc2o1,1,1,True,56
4431,CNC(=O)c1ccc(-c2c3ccccc3nn2C)s1,1,1,True,60
4432,Cn1nc2ccccc2c1-c1ccc(C=C(C#N)C#N)o1,1,1,True,64
4433,COc1ccc2nn(C)c(-c3ccc(C)s3)c2c1,1,1,True,56
4434,COc1ccc2nn(C)c(-c3ccc(C)o3)c2c1,1,1,True,57
4435,COc1ccc2nn(C)c(-c3ccc(OC)o3)c2c1,1,1,True,59
4436,COc1ccc2nn(C)c(-c3ccc(C(C)=O)o3)c2c1,1,1,True,63
4437,COc1ccc2nn(C)c(-c3ccc(C=O)o3)c2c1,1,1,True,63
4438,CCOC(=O)c1ccc(-c2c3cc(OC)ccc3nn2C)o1,1,1,True,75
4439,COc1ccc2nn(C)c(-c3ccc(C=O)s3)c2c1,1,1,True,62
4440,Cc1ccc(-c2c3cc(N(C)C)ccc3nn2C)s1,1,1,True,56
4441,Cc1ccc(-c2c3cc(N(C)C)ccc3nn2C)o1,1,1,True,57
4442,COc1ccc(-c2c3cc(N(C)C)ccc3nn2C)o1,1,1,True,62
4443,CC(=O)c1ccc(-c2c3cc(N(C)C)ccc3nn2C)o1,1,1,True,64
4444,CN(C)c1ccc2nn(C)c(-c3ccc(C=O)o3)c2c1,1,1,True,63
4445,CCOC(=O)c1ccc(-c2c3cc(N(C)C)ccc3nn2C)o1,1,1,True,77
4446,CN(C)c1ccc2nn(C)c(-c3ccc(C=O)s3)c2c1,1,1,True,62
4447,CN(C)c1ccc2nn(C)c(-c3ccc(C=C(C#N)C#N)o3)c2c1,1,1,True,76
4448,CN(C)c1ccc2nn(C)c(-c3ccc(C=C(C#N)C#N)s3)c2c1,1,1,True,75
4449,CC(=O)c1ccc2nn(C)c(-c3ccc(C)s3)c2c1,1,1,True,58
4450,CC(=O)c1ccc2nn(C)c(-c3ccc(C)o3)c2c1,1,1,True,59
4451,COc1ccc(-c2c3cc(C(C)=O)ccc3nn2C)o1,1,1,True,63
4452,CC(=O)c1ccc2nn(C)c(-c3ccc(C(C)=O)o3)c2c1,1,1,True,61
4453,CC(=O)c1ccc2nn(C)c(-c3ccc(C=O)o3)c2c1,1,1,True,64
4454,CCOC(=O)c1ccc(-c2c3cc(C(C)=O)ccc3nn2C)o1,1,1,True,76
4455,CC(=O)c1ccc2nn(C)c(-c3ccc(C=O)s3)c2c1,1,1,True,63
4456,Cn1nc2ccc([N+](=O)[O-])cc2c1-c1ccc(C=O)o1,1,1,True,65
4457,CC(=O)c1ccc(-c2c3cc([N+](=O)[O-])ccc3nn2C)s1,1,1,True,65
4458,Cn1nc2ccc([N+](=O)[O-])cc2c1-c1cc2ccccc2s1,1,1,True,71
4459,Cn1nc2ccc([N+](=O)[O-])cc2c1-c1ccn(Cc2ccccc2)c1,1,1,True,81
4460,Cn1nc2ccc([N+](=O)[O-])cc2c1-c1cn(C)c2ccccc12,1,1,True,71
4461,Cc1ccc(-c2c3cc(C=O)ccc3nn2C)o1,1,1,True,57
4462,Cn1nc2ccc(C=O)cc2c1-c1ccc(CO)o1,1,1,True,64
4463,Cn1nc2ccc(C=O)cc2c1-c1cc2ccccc2o1,1,1,True,69
4464,Cc1ccc(-c2nc3ncccn3n2)cc1,1,1,True,47
4465,COc1ccc(-c2nc3ncccn3n2)cc1,1,1,True,52
4466,COc1ccc(-c2nc3ncccn3n2)cc1OC,1,1,True,55
4467,CN(C)c1ccc(-c2nc3ncccn3n2)cc1,1,1,True,51
4468,c1ccc(-c2nc3ncccn3n2)cc1,1,1,True,44
4469,FC(F)(F)c1cc(-c2nc3ncccn3n2)cc(C(F)(F)F)c1,1,1,True,52
4470,Clc1ccc(-c2nc3ncccn3n2)cc1,1,1,True,48
4471,O=Cc1ccc(-c2nc3ncccn3n2)cc1,1,1,True,52
4472,N#Cc1ccc(-c2nc3ncccn3n2)cc1,1,1,True,52
4473,c1cnc2nc(-c3ccc(N4CCCCC4)cc3)nn2c1,1,1,True,61
4474,Cc1ccc(-c2ccnc3ncnn23)cc1,1,1,True,47
4475,COc1ccc(-c2ccnc3ncnn23)cc1,1,1,True,52
4476,COc1ccc(-c2ccnc3ncnn23)cc1OC,1,1,True,57
4477,CN(C)c1ccc(-c2ccnc3ncnn23)cc1,1,1,True,52
4478,c1ccc(-c2ccnc3ncnn23)cc1,1,1,True,45
4479,FC(F)(F)c1cc(-c2ccnc3ncnn23)cc(C(F)(F)F)c1,1,1,True,53
4480,Clc1ccc(-c2ccnc3ncnn23)cc1,1,1,True,47
4481,O=Cc1ccc(-c2ccnc3ncnn23)cc1,1,1,True,52
4482,N#Cc1ccc(-c2ccnc3ncnn23)cc1,1,1,True,52
4483,c1cc(-c2ccc(N3CCCCC3)cc2)n2ncnc2n1,1,1,True,61
4484,N#Cc1ccc(-c2ccnc3nc(-c4ccc(N5CCCCC5)cc4)nn23)cc1,1,1,True,80
4485,CN(C)c1ccc(-c2nc3nccc(-c4ccc(C#N)cc4)n3n2)cc1,1,1,True,70
4486,CN(C)c1ccc(-c2nc3nccc(-c4cc(C(F)(F)F)cc(C(F)(F)F)c4)n3n2)cc1,1,1,True,75
4487,CN(C)c1ccc(-c2nc3nccc(-c4ccc(Cl)cc4)n3n2)cc1,1,1,True,67
4488,Cc1ccc(-c2ccnc3nc(-c4ccc(N(C)C)cc4)nn23)cc1,1,1,True,66
4489,FC(F)(F)c1cc(-c2ccnc3nc(-c4ccccc4)nn23)cc(C(F)(F)F)c1,1,1,True,67
4490,Cc1ccc(-c2nc3nccc(-c4cc(C(F)(F)F)cc(C(F)(F)F)c4)n3n2)cc1,1,1,True,70
4491,Cc1ccc(-c2nc3nccc(-c4ccc(C)cc4)n3n2)cc1,1,1,True,56
4492,c1ccc(-c2nc3nccc(-c4ccccc4)n3n2)cc1,1,1,True,53
4493,Cc1ccc(-c2ccnc3nc(-c4cc(C(F)(F)F)cc(C(F)(F)F)c4)nn23)cc1,1,1,True,70
4494,FC(F)(F)c1cc(-c2nc3nccc(-c4ccccc4)n3n2)cc(C(F)(F)F)c1,1,1,True,67
4495,Cc1ccc(-c2nc3nccc(-c4ccc(N(C)C)cc4)n3n2)cc1,1,1,True,66
4496,CN(C)c1ccc(-c2ccnc3nc(-c4ccc(Cl)cc4)nn23)cc1,1,1,True,68
4497,CN(C)c1ccc(-c2ccnc3nc(-c4cc(C(F)(F)F)cc(C(F)(F)F)c4)nn23)cc1,1,1,True,75
4498,CN(C)c1ccc(-c2ccnc3nc(-c4ccc(C#N)cc4)nn23)cc1,1,1,True,70
4499,N#Cc1ccc(-c2nc3nccc(-c4ccc(N5CCCCC5)cc4)n3n2)cc1,1,1,True,80
4500,CC(C)(C)c1cc2c(-c3ccccc3)c(-c3ccccc3)c3cccc4c(-c5ccccc5)c(-c5ccccc5)c(c1)[n+]2c34,1,1,True,58
4501,Cc1ccccc1-c1c(-c2ccccc2C)c2cc(C(C)(C)C)cc3c(-c4ccccc4C)c(-c4ccccc4C)c4cccc1c4[n+]23,1,1,True,61
4502,Cc1cccc(-c2c(-c3cccc(C)c3)c3cc(C(C)(C)C)cc4c(-c5cccc(C)c5)c(-c5cccc(C)c5)c5cccc2c5[n+]34)c1,1,1,True,61
4503,Cc1ccc(-c2c(-c3ccc(C)cc3)c3cc(C(C)(C)C)cc4c(-c5ccc(C)cc5)c(-c5ccc(C)cc5)c5cccc2c5[n+]34)cc1,1,1,True,60
4504,CC(C)(C)c1ccc(-c2c(-c3ccc(C(C)(C)C)cc3)c3cc(C(C)(C)C)cc4c(-c5ccc(C(C)(C)C)cc5)c(-c5ccc(C(C)(C)C)cc5)c5cccc2c5[n+]34)cc1,1,1,True,61
4505,COc1ccc(-c2c(-c3ccc(OC)cc3)c3cc(C(C)(C)C)cc4c(-c5ccc(OC)cc5)c(-c5ccc(OC)cc5)c5cccc2c5[n+]34)cc1,1,1,True,66
4506,CC(C)(C)c1cc2c(-c3ccc(Cl)cc3)c(-c3ccc(Cl)cc3)c3cccc4c(-c5ccc(Cl)cc5)c(-c5ccc(Cl)cc5)c(c1)[n+]2c34,1,1,True,63
4507,CC(C)(C)c1cc2c(-c3ccc(C(F)(F)F)cc3)c(-c3ccc(C(F)(F)F)cc3)c3cccc4c(-c5ccc(C(F)(F)F)cc5)c(-c5ccc(C(F)(F)F)cc5)c(c1)[n+]2c34,1,1,True,64
4508,CC(=O)c1ccc(-c2c(-c3ccc(C(C)=O)cc3)c3cc(C(C)(C)C)cc4c(-c5ccc(C(C)=O)cc5)c(-c5ccc(C(C)=O)cc5)c5cccc2c5[n+]34)cc1,1,1,True,67
4509,CC(C)(C)c1cc2c(-c3cccc(C#N)c3)c(-c3cccc(C#N)c3)c3cccc4c(-c5cccc(C#N)c5)c(-c5cccc(C#N)c5)c(c1)[n+]2c34,1,1,True,69
4510,CC(C)(C)c1cc2c(-c3cccc4ccccc34)c(-c3cccc4ccccc34)c3cccc4c(-c5cccc6ccccc56)c(-c5cccc6ccccc56)c(c1)[n+]2c34,1,1,True,68
4511,CCCCc1c(CCCC)c2cc(C(C)(C)C)cc3c(CCCC)c(CCCC)c4cccc1c4[n+]23,1,1,True,59
4512,c1ccc(-c2c(-c3ccccc3)c3cccc4c(-c5ccccc5)c(-c5ccccc5)c5cccc2c5[n+]34)cc1,1,1,True,48
4513,COc1cc2c(-c3ccccc3)c(-c3ccccc3)c3cccc4c(-c5ccccc5)c(-c5ccccc5)c(c1)[n+]2c34,1,1,True,58
4514,COc1cc2c(-c3ccccc3)c(-c3ccccc3)c3cc(C(C)(C)C)cc4c(-c5ccccc5)c(-c5ccccc5)c(c1)c2[n+]34,1,1,True,63
4515,Cc1ccc2c(-c3ccccc3)c(-c3ccccc3)c3cccc4c(-c5ccccc5)c(-c5ccccc5)c1[n+]2c34,1,1,True,67
4516,N#Cc1cc2c(-c3ccccc3)c(-c3ccccc3)c3cccc4c(-c5ccccc5)c(-c5ccccc5)c(c1)[n+]2c34,1,1,True,58
4517,COC(=O)c1cc2c(-c3ccccc3)c(-c3ccccc3)c3cc(C(C)(C)C)cc4c(-c5ccccc5)c(-c5ccccc5)c(c1)c2[n+]34,1,1,True,69
4518,CC(C)(C)c1cc2c(-c3ccc(N(c4ccccc4)c4ccccc4)cc3)c(-c3ccc(N(c4ccccc4)c4ccccc4)cc3)c3cccc4c(-c5ccc(N(c6ccccc6)c6ccccc6)cc5)c(-c5ccc(N(c6ccccc6)c6ccccc6)cc5)c(c1)[n+]2c34,1,1,True,74
4519,CCCCOC(=O)/C=C/c1nc2c(c(=O)n(C)c(=O)n2C)n1C,1,1,True,70
4520,COC(=O)/C=C/c1nc2c(c(=O)n(C)c(=O)n2C)n1C,1,1,True,57
4521,Cn1c(=O)c2c(nc(/C=C/C(=O)OC(C)(C)C)n2C)n(C)c1=O,1,1,True,62
4522,CN(C)C(=O)/C=C/c1nc2c(c(=O)n(C)c(=O)n2C)n1C,1,1,True,57
4523,Cn1c(=O)c2c(nc(/C=C/c3ccccc3)n2C)n(C)c1=O,1,1,True,59
4524,Cn1c(=O)c2c(nc(/C=C/c3ccc(F)cc3)n2C)n(C)c1=O,1,1,True,62
4525,Cn1c(=O)c2c(nc(/C=C/c3ccc(Cl)cc3)n2C)n(C)c1=O,1,1,True,62
4526,Cc1ccc(/C=C/c2nc3c(c(=O)n(C)c(=O)n3C)n2C)cc1,1,1,True,61
4527,CC(=O)Oc1ccc(/C=C/c2nc3c(c(=O)n(C)c(=O)n3C)n2C)cc1,1,1,True,70
4528,CCCCOC(=O)/C=C/c1nc2c(c(=O)n(C)c(=O)n2C)n1CCCC,1,1,True,78
4529,CCCCOC(=O)/C=C/c1nc2c(c(=O)n(CCCC)c(=O)n2C)n1C,1,1,True,77
4530,C=CCn1c(=O)c2c(nc(/C=C/C(=O)OCCCC)n2C)n(C)c1=O,1,1,True,79
4531,CCCCOC(=O)/C=C/c1nc2c([nH]1)CN(CC)C(=O)N2CC,1,1,True,77
4532,CN(C)c1nc(N(C)C)c2nc(/C=C/c3ccccc3)n(C)c2n1,1,1,True,65
4533,CCCCOC(=O)/C=C/c1nc2c(N(C)C)nc(N(C)C)nc2n1C,1,1,True,76
4534,CCCCn1c(/C=C/c2ccccc2)nc2c(N(C)C)nc(N(C)C)nc21,1,1,True,75
4535,CCCCOC(=O)/C=C/c1nc2c(N(C)C)nc(N(C)C)nc2n1CCCC,1,1,True,81
4536,CCCCOC(=O)/C=C/c1c(C(=O)OC)cc2ccccn12,1,1,True,73
4537,COC(=O)c1cc(/C=C/c2ccccc2)n2ccccc12,1,1,True,60
4538,COC(=O)c1cc(/C=C/c2ccccc2)n2ccc3ccccc3c12,1,1,True,74
4539,COC(=O)c1cc(/C=C/c2ccc(F)cc2)n2ccc3ccccc3c12,1,1,True,79
4540,CCCCOC(=O)/C=C/c1cc(C(=O)OC)c2c3ccccc3ccn12,1,1,True,84
4541,Cn1c(=O)c2c(nc(/C=C/c3cccc(Cl)c3)n2C)n(C)c1=O,1,1,True,66
4542,CCn1c(=O)c2c(nc(/C=C/c3ccc(OC)c(OC)c3)n2C)n(CC)c1=O,1,1,True,77
4543,c1ccc(C2=C(c3ccccc3)N3C(=C(c4ccccc4)c4cccc5c(-c6ccccc6)c(-c6ccccc6)[o+]c3c45)c3ccccc32)cc1,1,1,True,88
4544,c1ccc(C2=C(c3ccccc3)c3cccc4c(-c5ccccc5)c5c6ccccc6c(-c6ccccc6)c(-c6ccccc6)[n+]5c(c34)O2)cc1,1,1,True,88
4545,COc1cc2c3c([o+]c(-c4ccccc4)c(-c4ccccc4)c3c1)N1C(c3ccccc3)=C(c3ccccc3)c3ccccc3C1=C2c1ccccc1,1,1,True,97
4546,COc1cc2c3c([n+]4c(-c5ccccc5)c(-c5ccccc5)c5ccccc5c4c(-c4ccccc4)c3c1)OC(c1ccccc1)=C2c1ccccc1,1,1,True,98
4547,c1ccc(Oc2cc3c4c([o+]c(-c5ccccc5)c(-c5ccccc5)c4c2)N2C(c4ccccc4)=C(c4ccccc4)c4ccccc4C2=C3c2ccccc2)cc1,1,1,True,102
4548,c1ccc(Oc2cc3c4c([n+]5c(-c6ccccc6)c(-c6ccccc6)c6ccccc6c5c(-c5ccccc5)c4c2)OC(c2ccccc2)=C3c2ccccc2)cc1,1,1,True,105
4549,FC(F)(F)c1cc2c3c([o+]c(-c4ccccc4)c(-c4ccccc4)c3c1)N1C(c3ccccc3)=C(c3ccccc3)c3ccccc3C1=C2c1ccccc1,1,1,True,96
4550,FC(F)(F)c1cc2c3c([n+]4c(-c5ccccc5)c(-c5ccccc5)c5ccccc5c4c(-c4ccccc4)c3c1)OC(c1ccccc1)=C2c1ccccc1,1,1,True,98
4551,COC(=O)c1cc2c3c([o+]c(-c4ccccc4)c(-c4ccccc4)c3c1)N1C(c3ccccc3)=C(c3ccccc3)c3ccccc3C1=C2c1ccccc1,1,1,True,101
4552,COC(=O)c1cc2c3c([n+]4c(-c5ccccc5)c(-c5ccccc5)c5ccccc5c4c(-c4ccccc4)c3c1)OC(c1ccccc1)=C2c1ccccc1,1,1,True,106
4553,O=Cc1cc2c3c([o+]c(-c4ccccc4)c(-c4ccccc4)c3c1)N1C(c3ccccc3)=C(c3ccccc3)c3ccccc3C1=C2c1ccccc1,1,1,True,98
4554,O=Cc1cc2c3c([n+]4c(-c5ccccc5)c(-c5ccccc5)c5ccccc5c4c(-c4ccccc4)c3c1)OC(c1ccccc1)=C2c1ccccc1,1,1,True,99
4555,O=[N+]([O-])c1cc2c3c([o+]c(-c4ccccc4)c(-c4ccccc4)c3c1)N1C(c3ccccc3)=C(c3ccccc3)c3ccccc3C1=C2c1ccccc1,1,1,True,97
4556,O=[N+]([O-])c1cc2c3c([n+]4c(-c5ccccc5)c(-c5ccccc5)c5ccccc5c4c(-c4ccccc4)c3c1)OC(c1ccccc1)=C2c1ccccc1,1,1,True,102
4557,COc1ccc(C2=C(c3ccc(OC)cc3)N3C(=C(c4ccc(OC)cc4)c4cccc5c(-c6ccc(OC)cc6)c(-c6ccc(OC)cc6)[o+]c3c45)c3ccc(OC)cc32)cc1,1,1,True,110
4558,COc1ccc(C2=C(c3ccc(OC)cc3)c3cccc4c(-c5ccc(OC)cc5)c5c6ccc(OC)cc6c(-c6ccc(OC)cc6)c(-c6ccc(OC)cc6)[n+]5c(c34)O2)cc1,1,1,True,114
4559,Clc1ccc(C2=C(c3ccc(Cl)cc3)N3C(=C(c4ccc(Cl)cc4)c4cccc5c(-c6ccc(Cl)cc6)c(-c6ccc(Cl)cc6)[o+]c3c45)c3ccc(Cl)cc32)cc1,1,1,True,100
4560,Clc1ccc(C2=C(c3ccc(Cl)cc3)c3cccc4c(-c5ccc(Cl)cc5)c5c6ccc(Cl)cc6c(-c6ccc(Cl)cc6)c(-c6ccc(Cl)cc6)[n+]5c(c34)O2)cc1,1,1,True,105
4561,COc1ccc(C2=C(c3ccc(OC)cc3)c3cc([N+](=O)[O-])cc4c(-c5ccc(OC)cc5)c5c6ccc(OC)cc6c(-c6ccc(OC)cc6)c(-c6ccc(OC)cc6)[n+]5c(c34)O2)cc1,1,1,True,124
4562,COc1ccc(C2=C(c3ccc(OC)cc3)N3C(=C(c4ccc(OC)cc4)c4cc([N+](=O)[O-])cc5c(-c6ccc(OC)cc6)c(-c6ccc(OC)cc6)[o+]c3c45)c3ccc(OC)cc32)cc1,1,1,True,117
4563,Cc1ccc(C2=C3C=CC=[N+]3[B-](F)(F)n3cccc32)cc1,1,1,True,64
4564,Cc1ccc(C2=C3C=CC(n4cccn4)=[N+]3[B-](F)(F)n3c2ccc3-n2cccn2)cc1,1,1,True,83
4565,F[B-]1(F)n2c(ccc2-n2cccn2)C(c2ccccc2)=C2C=CC(n3cccn3)=[N+]21,1,1,True,80
4566,N#Cc1ccc(C2=C3C=CC(n4cccn4)=[N+]3[B-](F)(F)n3c2ccc3-n2cccn2)cc1,1,1,True,88
4567,F[B-]1(F)n2c(ccc2-n2cccn2)C(c2cc(C(F)(F)F)cc(C(F)(F)F)c2)=C2C=CC(n3cccn3)=[N+]21,1,1,True,86
4568,Cc1ccc(C2=C3C=CC(n4cccn4)=[N+]3[B-](F)(F)n3c2cc(Br)c3-n2cccn2)cc1,1,1,True,88
4569,F[B-]1(F)n2c(ccc2-n2cccn2)C(c2cccs2)=C2C=CC(n3cccn3)=[N+]21,1,1,True,81
4570,F[B-]1(F)n2c(ccc2-n2cccn2)C(c2cccnc2)=C2C=CC(n3cccn3)=[N+]21,1,1,True,84
4571,F[B-]1(F)n2c(ccc2-n2cccn2)C=C2C=CC(n3cccn3)=[N+]21,1,1,True,71
4572,Cc1ccc(C2=C3C=CC(n4cc(Cl)cn4)=[N+]3[B-](F)(F)n3c2ccc3-n2cc(Cl)cn2)cc1,1,1,True,85
4573,Cc1ccc(C2=C3C=CC(n4cc(I)cn4)=[N+]3[B-](F)(F)n3c2ccc3-n2cc(I)cn2)cc1,1,1,True,85
4574,Cc1ccc(C2=C3C=CC(n4cc(-c5ccccc5)cn4)=[N+]3[B-](F)(F)n3c2ccc3-n2cc(-c3ccccc3)cn2)cc1,1,1,True,103
4575,Cc1ccc(C2=C3C=CC(n4cncn4)=[N+]3[B-](F)(F)n3c2ccc3-n2cncn2)cc1,1,1,True,83
4576,Cc1ccc(C2=C3C=CC(n4ncc5ccccc54)=[N+]3[B-](F)(F)n3c2ccc3-n2ncc3ccccc32)cc1,1,1,True,100
4577,Cc1ccc(C2=C3C=CC(n4c5ccccc5c5ccccc54)=[N+]3[B-](F)(F)n3c2ccc3-n2c3ccccc3c3ccccc32)cc1,1,1,True,89
4578,N#Cc1ccc(C2=C3C=CC(n4cnc5ccccc54)=[N+]3[B-](F)(F)n3c2ccc3-n2cnc3ccccc32)cc1,1,1,True,104
4579,F[B-]1(F)n2c(ccc2-n2cnc3ccccc32)C(c2cccs2)=C2C=CC(n3cnc4ccccc43)=[N+]21,1,1,True,98
4580,Cc1ccc(C2=C3C=CC(N4CCOCC4)=[N+]3[B-](F)(F)n3c2ccc3N2CCOCC2)cc1,1,1,True,83
4581,CCN(CC)C1=[N+]2C(=C(c3ccc(C)cc3)c3cccn3[B-]2(F)F)C=C1,1,1,True,72
4582,CCN(CC)c1ccc2n1[B-](F)(F)[N+]1=CC=CC1=C2c1ccc(C)cc1,1,1,True,73
4583,Cc1ccc(C2=C3C=CC(N4CCOCC4)=[N+]3[B-](F)(F)n3cccc32)cc1,1,1,True,79
4584,Cc1ccc(C2=C3C=CC=[N+]3[B-](F)(F)n3c2ccc3N2CCOCC2)cc1,1,1,True,80
4585,Cc1ccc(C2=C3C=CC(N(Cc4ccccc4)Cc4ccccc4)=[N+]3[B-](F)(F)n3cccc32)cc1,1,1,True,84
4586,Cc1ccc(C2=C3C=CC=[N+]3[B-](F)(F)n3c2ccc3N(Cc2ccccc2)Cc2ccccc2)cc1,1,1,True,86
4587,Cc1ccc(C2=C3C=CC=[N+]3[B-](F)(F)n3c2ccc3N(C)Cc2ccccc2)cc1,1,1,True,85
4588,Cc1ccc(C2=C3C=CC(N(C)Cc4ccccc4)=[N+]3[B-](F)(F)n3cccc32)cc1,1,1,True,83
4589,Cc1ccc(C2=C3C=CC=[N+]3[B-](F)(F)n3c2ccc3N2CCCC2)cc1,1,1,True,76
4590,Cc1ccc(C2=C3C=CC(N4CCCC4)=[N+]3[B-](F)(F)n3cccc32)cc1,1,1,True,75
4591,Cc1ccc(C2=C3C=CC(N4CCC(N5CCCCC5)CC4)=[N+]3[B-](F)(F)n3cccc32)cc1,1,1,True,92
4592,Cc1ccc(C2=C3C=CC=[N+]3[B-](F)(F)n3c2ccc3N2CCC(N3CCCCC3)CC2)cc1,1,1,True,94
4593,F[B-]1(F)n2c(ccc2N2CCOCC2)C(c2cccs2)=C2C=CC=[N+]21,1,1,True,81
4594,F[B-]1(F)n2cccc2C(c2cccs2)=C2C=CC(N3CCOCC3)=[N+]21,1,1,True,79
4595,F[B-]1(F)n2c(ccc2N2CCOCC2)C(c2cccnc2)=C2C=CC=[N+]21,1,1,True,84
4596,F[B-]1(F)n2cccc2C(c2cccnc2)=C2C=CC(N3CCOCC3)=[N+]21,1,1,True,81
4597,F[B-]1(F)n2c(ccc2N2CCOCC2)C(c2cc(C(F)(F)F)cc(C(F)(F)F)c2)=C2C=CC=[N+]21,1,1,True,86
4598,F[B-]1(F)n2cccc2C(c2cc(C(F)(F)F)cc(C(F)(F)F)c2)=C2C=CC(N3CCOCC3)=[N+]21,1,1,True,84
4599,O=[N+]([O-])c1ccc(C2=C3C=CC=[N+]3[B-](F)(F)n3c2ccc3N2CCOCC2)cc1,1,1,True,87
4600,O=[N+]([O-])c1ccc(C2=C3C=CC(N4CCOCC4)=[N+]3[B-](F)(F)n3cccc32)cc1,1,1,True,86
4601,Cc1ccc(C2=C3C=CC(n4cnc5ccccc54)=[N+]3[B-](F)(F)n3c2ccc3N2CCOCC2)cc1,1,1,True,108
4602,Cc1ccc(C2=C3C=CC(N4CCOCC4)=[N+]3[B-](F)(F)n3c2ccc3-n2cnc3ccccc32)cc1,1,1,True,107
4603,Cc1ccc(C2=C3C=CC(N4CCOCC4)=[N+]3[B-](F)(F)n3c2ccc3-n2cccn2)cc1,1,1,True,94
4604,Cc1ccc(C2=C3C=CC(n4cccn4)=[N+]3[B-](F)(F)n3c2ccc3N2CCOCC2)cc1,1,1,True,95
4605,COc1ccc2c(c1)c(-c1ccccc1)c(-c1ccccc1)[n+]1c3ccccc3c(-c3ccccc3)c(-c3ccccc3)c21,1,1,True,83
4606,c1ccc(-c2c(-c3ccccc3)[n+]3c4ccccc4c(-c4ccccc4)c(-c4ccccc4)c3c3ccccc23)cc1,1,1,True,66
4607,CC(C)(C)c1ccc2c(c1)c(-c1ccccc1)c(-c1ccccc1)[n+]1c3ccccc3c(-c3ccccc3)c(-c3ccccc3)c21,1,1,True,83
4608,c1ccc(-c2ccc3c(c2)c(-c2ccccc2)c(-c2ccccc2)[n+]2c4ccccc4c(-c4ccccc4)c(-c4ccccc4)c32)cc1,1,1,True,82
4609,COC(=O)c1ccc2c(c1)c(-c1ccccc1)c(-c1ccccc1)[n+]1c3ccccc3c(-c3ccccc3)c(-c3ccccc3)c21,1,1,True,90
4610,FC(F)(F)c1ccc2c(c1)c(-c1ccccc1)c(-c1ccccc1)[n+]1c3ccccc3c(-c3ccccc3)c(-c3ccccc3)c21,1,1,True,82
4611,CN(C)c1ccc2c(c1)c(-c1ccccc1)c(-c1ccccc1)[n+]1c3ccccc3c(-c3ccccc3)c(-c3ccccc3)c21,1,1,True,82
4612,Clc1ccc2c(-c3ccccc3)c(-c3ccccc3)[n+]3c4ccccc4c(-c4ccccc4)c(-c4ccccc4)c3c2c1,1,1,True,78
4613,c1ccc(-c2c(-c3ccccc3)c3c4ccsc4c(-c4ccccc4)c(-c4ccccc4)[n+]3c3ccccc23)cc1,1,1,True,75
4614,COc1ccc2c(c1)c(-c1ccccc1)c(-c1ccccc1)[n+]1c3ccc(C)cc3c(-c3ccccc3)c(-c3ccccc3)c21,1,1,True,86
4615,COc1ccc2c(c1)c(-c1ccccc1)c(-c1ccccc1)[n+]1c3ccc(OC)cc3c(-c3ccccc3)c(-c3ccccc3)c21,1,1,True,84
4616,COC(=O)c1ccc2c(c1)c(-c1ccccc1)c(-c1ccccc1)c1c3ccc(OC)cc3c(-c3ccccc3)c(-c3ccccc3)[n+]21,1,1,True,98
4617,COc1ccc2c(c1)c(-c1ccccc1)c(-c1ccccc1)[n+]1c3ccc(Cl)cc3c(-c3ccccc3)c(-c3ccccc3)c21,1,1,True,89
4618,COc1ccc2c(c1)c(-c1ccccc1)c(-c1ccccc1)[n+]1c3ccc(F)cc3c(-c3ccccc3)c(-c3ccccc3)c21,1,1,True,89
4619,COC(=O)c1ccc2c(-c3ccccc3)c(-c3ccccc3)c3c4ccc(OC)cc4c(-c4ccccc4)c(-c4ccccc4)[n+]3c2c1,1,1,True,97
4620,COc1ccc2c(c1)c(-c1ccccc1)c(-c1ccccc1)[n+]1c3cc(Cl)ccc3c(-c3ccccc3)c(-c3ccccc3)c21,1,1,True,87
4621,COc1ccc2c(c1)c(-c1ccccc1)c(-c1ccccc1)[n+]1c3cc4ccccc4cc3c(-c3ccccc3)c(-c3ccccc3)c21,1,1,True,91
4622,COc1ccc2c(c1)c(-c1ccccc1)c(-c1ccccc1)[n+]1c3ccc(N4CCCCC4)cc3c(-c3ccccc3)c(-c3ccccc3)c21,1,1,True,104
4623,COc1ccc(-c2c(-c3ccc(OC)cc3)[n+]3c4ccccc4c(-c4ccc(OC)cc4)c(-c4ccc(OC)cc4)c3c3ccccc23)cc1,1,1,True,76
4624,COc1ccc2c(c1)c(-c1ccc(C(C)(C)C)cc1)c(-c1ccc(C(C)(C)C)cc1)[n+]1c3ccccc3c(-c3ccc(C(C)(C)C)cc3)c(-c3ccc(C(C)(C)C)cc3)c21,1,1,True,95
4625,COc1ccc2c(c1)c(-c1ccc(Cl)cc1)c(-c1ccc(Cl)cc1)[n+]1c3ccccc3c(-c3ccc(Cl)cc3)c(-c3ccc(Cl)cc3)c21,1,1,True,91
4626,CCOC(=O)c1ccc(-c2c(-c3ccc(C(=O)OCC)cc3)[n+]3c4ccccc4c(-c4ccc(C(=O)OCC)cc4)c(-c4ccc(C(=O)OCC)cc4)c3c3ccc(OC)cc23)cc1,1,1,True,105
4627,COc1ccc2c(c1)c(-c1ccc(C(F)(F)F)cc1)c(-c1ccc(C(F)(F)F)cc1)[n+]1c3ccccc3c(-c3ccc(C(F)(F)F)cc3)c(-c3ccc(C(F)(F)F)cc3)c21,1,1,True,95
4628,COc1cccc2c(-c3ccccc3)c(-c3ccccc3)[n+](-c3ccccc3)cc12,1,1,True,64
4629,COc1cccc(C2=C(c3cccc(OC)c3)c3cc(C(C)(C)C)cc4c(-c5cccc(OC)c5)c(-c5cccc(OC)c5)nc(c34)O2)c1,1,1,True,97
4630,COc1ccc2c(c1)c1c(c3cc(OC)ccc32)-c2cc(C(C)(C)C)cc3c2c(nc2c4cc(OC)ccc4c4ccc(OC)cc4c32)O1,1,1,True,103
4631,Oc1ccc(-c2ccc(N(c3ccccc3)c3ccccc3)cc2)cc1-c1ncc(-c2ccccc2)o1,1,1,True,78
4632,O=C1C=CC(c2ccc(N(c3ccccc3)c3ccccc3)cc2)=C/C1=C1/NC=C(c2ccccc2)O1,1,1,True,81
4633,Oc1ccc(-c2ccc(N(c3ccccc3)c3ccccc3)cc2)cc1-c1nc2ccccc2o1,1,1,True,75
4634,O=C1C=CC(c2ccc(N(c3ccccc3)c3ccccc3)cc2)=C/C1=C1/Nc2ccccc2O1,1,1,True,78
4635,Cc1ccc(-c2ncc(-c3ccc(-c4ccc(N(c5ccccc5)c5ccccc5)cc4)cc3)o2)c(O)c1,1,1,True,79
4636,Oc1ccc(-c2ccccc2)cc1-c1ncc(-c2ccc(-c3ccc(N(c4ccccc4)c4ccccc4)cc3)cc2)o1,1,1,True,85
4637,Cc1cc(-c2ccc(N(c3ccccc3)c3ccccc3)cc2)cc(-c2ncc(-c3ccc(-c4ccc(N(c5ccccc5)c5ccccc5)cc4)cc3)o2)c1O,1,1,True,87
4638,CC1=CC(c2ccc(N(c3ccccc3)c3ccccc3)cc2)=C/C(=C2/NC=C(c3ccc(-c4ccc(N(c5ccccc5)c5ccccc5)cc4)cc3)O2)C1=O,1,1,True,92
4639,Cc1cc(-c2ccc(N(c3ccccc3)c3ccccc3)cc2)ccc1-c1cnc(-c2cc(-c3ccc(N(c4ccccc4)c4ccccc4)cc3)ccc2O)o1,1,1,True,89
4640,Cc1cc(-c2ccc(N(c3ccccc3)c3ccccc3)cc2)ccc1C1=CN/C(=C2/C=C(c3ccc(N(c4ccccc4)c4ccccc4)cc3)C=CC2=O)O1,1,1,True,98
4641,CC(C)(C)NC(=O)c1cccc2ccc3c4ccccc4c4ccccc4c3c12,1,1,True,63
4642,Cc1ccc(C(=O)NC(C)(C)C)c2c1ccc1c3ccccc3c3ccccc3c12,1,1,True,65
4643,CC(C)(C)NC(=O)c1ccc(F)c2ccc3c4ccccc4c4ccccc4c3c12,1,1,True,66
4644,CC(C)(C)NC(=O)c1ccc(Br)c2ccc3c4ccccc4c4ccccc4c3c12,1,1,True,64
4645,COc1ccc(C(=O)NC(C)(C)C)c2c1ccc1c3ccccc3c3ccccc3c12,1,1,True,69
4646,COC(=O)c1ccc(C(=O)NC(C)(C)C)c2c1ccc1c3ccccc3c3ccccc3c12,1,1,True,70
4647,CC(C)(C)NC(=O)c1ccc(-c2ccccc2)c2ccc3c4ccccc4c4ccccc4c3c12,1,1,True,75
4648,Cc1ccc(-c2ccc(C(=O)NC(C)(C)C)c3c2ccc2c4ccccc4c4ccccc4c23)cc1,1,1,True,78
4649,COc1ccc(-c2ccc(C(=O)NC(C)(C)C)c3c2ccc2c4ccccc4c4ccccc4c23)cc1,1,1,True,83
4650,CC(C)(C)NC(=O)c1ccc(-c2cc3ccccc3o2)c2ccc3c4ccccc4c4ccccc4c3c12,1,1,True,90
4651,CC(C)(C)NC(=O)c1ccc(-c2cc3ccccc3s2)c2ccc3c4ccccc4c4ccccc4c3c12,1,1,True,88
4652,CC(C)(C)NC(=O)c1cc2ccccc2c2ccc3c4ccccc4c4ccccc4c3c12,1,1,True,67
4653,CC(C)(C)NC(=O)c1ccc2ccc3cccc4c3c2c1c1c2ccccc2c2ccccc2c41,1,1,True,74
4654,CC(C)(C)NC(=O)c1cccc2ccc3c4cc(F)ccc4c4ccc(F)cc4c3c12,1,1,True,76
4655,CC(C)(C)NC(=O)c1cccc2ccc3c4cc(Cl)ccc4c4ccc(Cl)cc4c3c12,1,1,True,76
4656,CC(C)(C)NC(=O)c1cccc2ccc3c4ccc(F)cc4c4cc(F)ccc4c3c12,1,1,True,75
4657,CC(C)(C)NC(=O)c1cccc2ccc3c4ccc(Cl)cc4c4cc(Cl)ccc4c3c12,1,1,True,74
4658,COc1ccc2c(c1)c1cc(OC)ccc1c1c2ccc2cccc(C(=O)NC(C)(C)C)c21,1,1,True,81
4659,CC(C)(C)NC(=O)c1ccc(Br)c2ccc3c4ccc(F)cc4c4cc(F)ccc4c3c12,1,1,True,74
4660,CC(C)(C)NC(=O)c1ccc(C(=O)NC(C)(C)C)c2c1c1c3ccccc3c3ccccc3c1c1c3ccccc3c3ccccc3c21,1,1,True,47
4661,CC(C)(C)NC(=O)c1ccc(C(=O)NC(C)(C)C)c2c1c1c3ccc(Cl)cc3c3cc(Cl)ccc3c1c1c3ccc(Cl)cc3c3cc(Cl)ccc3c21,1,1,True,53
4662,COc1ccc2c(c1)c1cc(OC)ccc1c1c2c2c(C(=O)NC(C)(C)C)ccc(C(=O)NC(C)(C)C)c2c2c3ccc(OC)cc3c3cc(OC)ccc3c21,1,1,True,58
4663,CC(C)(C)NC(=O)c1ccc(-c2ccc(N3c4ccccc4Oc4ccccc43)cc2)c2ccc3c4ccc(F)cc4c4cc(F)ccc4c3c12,1,1,True,114
4664,FC(F)(F)c1cc(-[n+]2nc3c(-c4ccccc4)cccc3c3ccccc32)cc(C(F)(F)F)c1,1,1,True,75
4665,c1ccc(-c2cccc3c2n[n+](-c2ccccc2)c2ccccc32)cc1,1,1,True,62
4666,Cc1ccc(-[n+]2nc3c(-c4ccccc4)cc(C)cc3c3ccccc32)cc1,1,1,True,70
4667,CC(C)(C)c1ccc(-[n+]2nc3c(-c4ccccc4)cc(C(C)(C)C)cc3c3ccccc32)cc1,1,1,True,75
4668,CCOc1ccc(-[n+]2nc3c(-c4ccccc4)cc(OCC)cc3c3ccccc32)cc1,1,1,True,81
4669,c1ccc(-c2ccc(-[n+]3nc4c(-c5ccccc5)cc(-c5ccccc5)cc4c4ccccc43)cc2)cc1,1,1,True,77
4670,Clc1ccc(-[n+]2nc3c(-c4ccccc4)cc(Cl)cc3c3ccccc32)cc1,1,1,True,71
4671,Brc1ccc(-[n+]2nc3c(-c4ccccc4)cc(Br)cc3c3ccccc32)cc1,1,1,True,71
4672,COc1cc(-c2ccccc2)c2n[n+](-c3ccc([N+](=O)[O-])cc3)c3ccccc3c2c1,1,1,True,85
4673,COc1cc(-c2ccccc2)c2n[n+](-c3cc(C(F)(F)F)cc(C(F)(F)F)c3)c3ccccc3c2c1,1,1,True,84
4674,COc1ccc(-c2cccc3c2n[n+](-c2ccccc2)c2cc(OC)ccc32)cc1,1,1,True,78
4675,COc1ccc(-c2cc(C)cc3c2n[n+](-c2ccc(C)cc2)c2cc(OC)ccc32)cc1,1,1,True,80
4676,COc1ccc(-c2cc(C(C)(C)C)cc3c2n[n+](-c2ccc(C(C)(C)C)cc2)c2cc(OC)ccc32)cc1,1,1,True,87
4677,COc1ccc(-c2cc(-c3ccccc3)cc3c2n[n+](-c2ccc(-c4ccccc4)cc2)c2cc(OC)ccc32)cc1,1,1,True,92
4678,COc1ccc(-c2cc(OC)cc3c2n[n+](-c2cc(C(F)(F)F)cc(C(F)(F)F)c2)c2cc(OC)ccc32)cc1,1,1,True,89
4679,COc1ccc(-c2cccc3c2n[n+](-c2cc(C(F)(F)F)cc(C(F)(F)F)c2)c2cc(OC)ccc32)cc1,1,1,True,88
4680,c1ccc(Oc2ccc(-c3cccc4c3n[n+](-c3ccccc3)c3cc(Oc5ccccc5)ccc43)cc2)cc1,1,1,True,87
4681,CC(C)(C)c1ccc(-[n+]2nc3c(-c4ccc(Oc5ccccc5)cc4)cc(C(C)(C)C)cc3c3ccc(Oc4ccccc4)cc32)cc1,1,1,True,99
4682,c1ccc(-[n+]2nc3ccccc3c3ccccc32)cc1,1,1,True,49
4683,COc1ccc2c3ccccc3n[n+](-c3ccccc3)c2c1,1,1,True,62
4684,c1ccc(-c2ccccc2-[n+]2nc3ccccc3c3ccccc32)cc1,1,1,True,63
4685,CC(C)(C)c1ccc(-[n+]2nc3ccccc3c3ccccc32)cc1,1,1,True,58
4686,CC(C)(C)c1cccc(-[n+]2nc3cc(C(C)(C)C)ccc3c3ccccc32)c1,1,1,True,67
4687,Cc1ccc2c3ccc(C(C)(C)C)cc3n[n+](-c3cccc(C(C)(C)C)c3)c2c1,1,1,True,71
4688,CC(C)(C)c1cccc(-[n+]2nc3cc(C(C)(C)C)ccc3c3ccc(C(C)(C)C)cc32)c1,1,1,True,67
4689,COc1ccc2c3ccc(C(C)(C)C)cc3n[n+](-c3cccc(C(C)(C)C)c3)c2c1,1,1,True,76
4690,CC(C)(C)c1cccc(-[n+]2nc3cc(C(C)(C)C)ccc3c3ccc(-c4ccccc4)cc32)c1,1,1,True,82
4691,CC(C)(C)c1cccc(-[n+]2nc3cc(C(C)(C)C)ccc3c3ccc(Oc4ccccc4)cc32)c1,1,1,True,86
4692,Cc1ccc2c(c1)c1ccc(C(C)(C)C)cc1n[n+]2-c1cccc(C(C)(C)C)c1,1,1,True,71
4693,CC(C)(C)c1cccc(-[n+]2nc3cc(C(C)(C)C)ccc3c3cc(F)ccc32)c1,1,1,True,73
4694,CC(C)(C)c1cccc(-[n+]2nc3cc(C(C)(C)C)ccc3c3cc(Cl)ccc32)c1,1,1,True,73
4695,CC(C)(C)c1cccc(-[n+]2nc3cc(C(C)(C)C)ccc3c3cc(Br)ccc32)c1,1,1,True,73
4696,CC(C)c1cccc(-[n+]2nc3cc(C(C)C)ccc3c3ccccc32)c1,1,1,True,66
4697,CC(C)(C)c1ccc2c(c1)n[n+](-c1cc(C(F)(F)F)cc(C(F)(F)F)c1)c1ccccc21,1,1,True,70
4698,COc1cc(OC)c2n[n+](-c3cc(C(F)(F)F)cc(C(F)(F)F)c3)c3ccccc3c2c1,1,1,True,74
4699,CCN1C=C/C(=C\C=C\c2cc[n+](CC)c3ccccc23)c2ccccc21.[I-],1,1,True,84
4700,C(#Cc1ccccc1)c1ccccc1,1,1,True,18
4701,C(/C=C/c1ccccc1)=C\c1ccccc1,1,1,True,23
4702,C(C#Cc1ccccc1)#Cc1ccccc1,1,1,True,23
4703,C(=CC=Cc1ccccc1)C=Cc1ccccc1,1,1,True,25
4704,O=C(O)c1ccccc1-c1c2cc(Cl)c(=O)cc-2oc2cc(O)c(Cl)cc12,1,1,True,75
4705,c1ccc(-c2cnc(-c3ccccc3)o2)cc1,1,1,True,40
4706,CN(C)c1ccc(C=Cc2cccc[n+]2C)cc1.[I-],1,1,True,48
4707,Cc1nc2ccccc2o1,1,1,True,30
4708,CCN1C(=CC=CC=Cc2sc3ccccc3[n+]2CC)Sc2ccccc21.[I-],1,1,True,81
4709,CN(C)c1ccc(C=Cc2ccc([N+](=O)[O-])cc2)cc1,1,1,True,42
4710,O=C(O)c1ccc(-c2c3ccc(=O)cc-3oc3cc(O)ccc23)c(C(=O)O)c1,1,1,True,74
4711,O=C(O)c1ccc(-c2c3ccc4cc(O)ccc4c3oc3c2ccc2cc(=O)ccc23)c(C(=O)O)c1,1,1,True,82
4712,CN(C)c1ccc2c(-c3ccc(C(=O)O)cc3C(=O)O)c3ccc(=[N+](C)C)cc-3oc2c1.[Cl-],1,1,True,85
4713,O=C(O)c1ccc(C(=O)O)c(-c2c3cc(Cl)c(=O)cc-3oc3cc(O)c(Cl)cc23)c1,1,1,True,80
4714,O=C(O)c1cc(CCl)ccc1-c1c2ccc(=O)cc-2oc2cc(O)ccc12,1,1,True,78
4715,CCNc1ccc2c(-c3ccc(C(=O)O)cc3C(=O)O)c3cc/c(=[NH+]\CC)cc-3oc2c1.[Cl-],1,1,True,93
4716,Cc1cc(=O)oc2c(F)c(O)c(F)cc12,1,1,True,45
4717,CCNc1cc2oc3cc(=[NH+]CC)c(C)cc-3c(-c3ccc(C(=O)O)cc3C(=O)O)c2cc1C.[Cl-],1,1,True,97
4718,O=C(ON1C(=O)CCC1=O)c1cc(Cl)c(C(=O)O)c(-c2c3cc(Cl)c(=O)c(Cl)c-3oc3c(Cl)c(O)c(Cl)cc23)c1Cl,1,1,True,98
4719,COc1cc2c(-c3cc(C(=O)O)ccc3C(=O)O)c3cc(OC)c(=O)c(Cl)c-3oc2c(Cl)c1O,1,1,True,89
4720,O=C(ON1C(=O)CCC1=O)c1cc(Cl)c(C(=O)O)c(-c2c3cc(Cl)c(=O)cc-3oc3cc(O)c(Cl)cc23)c1Cl,1,1,True,101
4721,O=[N+]([O-])c1ccc(NCc2ccccc2)c2nonc12,1,1,True,61
4722,COc1ccc2c(CC(=O)O)cc(=O)oc2c1,1,1,True,54
4723,c1ccc(COc2c(-c3ccccc3)cc(-c3ccccc3)c3ccc[nH+]c23)cc1,1,1,True,67
4724,C(#Cc1c2ccccc2c(C#Cc2ccccc2)c2ccccc12)c1ccccc1,1,1,True,33
4725,c1ccc(-c2c3ccccc3c(-c3ccccc3)c3ccccc23)cc1,1,1,True,25
4726,Cn1c2ccccc2c2ccccc21,1,1,True,25
4727,CN(C)c1ccc2cc3ccc(N(C)C)cc3[nH+]c2c1.[Cl-],1,0,False,37
4728,Cc1cc2cc3cc(C)c(N)cc3[nH+]c2cc1N.[Cl-],1,0,False,36
4729,Cc1c(CC(=O)O)c(=O)oc2cc(N)c(S(=O)(=O)O)cc12,1,1,True,61
4730,CCc1c2c(cc3oc(=O)cc(C(F)(F)F)c13)N(CCCCCC(=O)O)C(C)(C)C=C2CS(=O)(=O)[O-].[Na+],1,1,True,102
4731,Nc1ccc2c(-c3cc(C(=O)[O-])ccc3C(=O)[O-])c3ccc(=[NH2+])c(S(=O)(=O)[O-])c-3oc2c1S(=O)(=O)[O-].[Li+].[Li+].[Li+],1,1,True,85
4732,CC1N=c2c(cc3c(c2S(=O)(=O)O)Oc2c(cc4c(c2S(=O)(=O)O)NC(C)C4(C)C)C=3c2ccc(C(=O)O)cc2)C1(C)C,1,1,True,100
4733,CC1CC(C)(C)Nc2c1cc1c(-c3c(Cl)c(SCC(=O)NCCCCCC(=O)[O-])c(Cl)c(Cl)c3C(=O)[O-])c3cc4c(c(S(=O)(=O)O)c3[o+]c1c2S(=O)(=O)O)NC(C)(C)CC4C.[Na+],1,1,True,125
4734,CC1(C)C=C(CS(=O)(=O)O)c2cc3c(cc2=N1)Oc1cc2c(cc1C=3c1cccc(C(=O)O)c1C(=O)O)C(CS(=O)(=O)O)=CC(C)(C)N2,1,1,True,113
4735,CN1c2cc3[o+]c4cc5c(cc4c(-c4ccc(C(=O)O)cc4C(=O)O)c3cc2C(CS(=O)(=O)[O-])=CC1(C)C)C(CS(=O)(=O)O)=CC(C)(C)N5C,1,1,True,99
4736,CCN(CC)CC.CN1c2cc3[o+]c4cc5c(cc4c(-c4c(Cl)c(SCC(=O)ON6C(=O)CCC6=O)c(Cl)c(Cl)c4C(=O)O)c3cc2C(CS(=O)(=O)[O-])=CC1(C)C)C(CS(=O)(=O)O)=CC(C)(C)N5C,1,1,True,134
4737,Cc1cc(=O)oc2cc3c(cc12)C(C)CC(C)(C)N3CCCC(=O)O,1,1,True,81
4738,CCOC(=O)c1cc2cc3c(cc2oc1=O)N(CCCC(=O)O)C(C)(C)CC3C,1,1,True,92
4739,Nc1ccc2cc3ccc(=[NH2+])cc-3n(CCCC(=O)O)c2c1.[O-][Cl+3]([O-])([O-])[O-],1,1,True,72
4740,CN(CCCC(=O)[O-])C(=O)c1ccccc1-c1c2ccc(=[NH2+])c(S(=O)(=O)O)c-2oc2c(S(=O)(=O)O)c(N)ccc12,1,1,True,100
4741,CN(C)c1ccc2cc3ccc(=[N+](C)C)cc-3n(CCCC(=O)O)c2c1.[O-][Cl+3]([O-])([O-])[O-],1,1,True,82
4742,CN(CCCC(=O)[O-])C(=O)c1ccccc1-c1c2cc/c(=[NH+]\CC(F)(F)F)c(S(=O)(=O)O)c-2oc2c(S(=O)(=O)O)c(NCC(F)(F)F)ccc12,1,1,True,125
4743,CCNc1ccc2c(-c3ccccc3C(=O)N(C)CCCC(=O)[O-])c3cc/c(=[NH+]\CC)c(S(=O)(=O)O)c-3oc2c1S(=O)(=O)O.[O-][Cl+3]([O-])([O-])[O-],1,1,True,118
4744,CCNc1ccc2c(-c3ccccc3C(=O)N(C)CCCC(=O)O)c3cc/c(=[NH+]\CC)c(S(=O)(=O)O)c-3oc2c1S(=O)(=O)O.[O-][Cl+3]([O-])([O-])[O-],1,1,True,118
4745,CC1=CC(C)(C)Nc2cc3c(cc21)C(c1ccccc1C(=O)N(C)CCCC(=O)O)=c1cc2c(cc1O3)=[NH+]C(C)(C)C=C2C.[O-][Cl+3]([O-])([O-])[O-],1,1,True,124
4746,CCN1CCCc2cc3c(cc21)Oc1cc2c(cc1=C3c1cc(C(=O)O)ccc1C(=O)O)CCC[N+]=2CC.[O-][Cl+3]([O-])([O-])[O-],1,1,True,114
4747,CCN1c2cc3c(cc2C(C)=CC1(C)C)C(c1cc(C(=O)O)ccc1C(=O)O)=c1cc2c(cc1O3)=[N+](CC)C(C)(C)C=C2C.[O-][Cl+3]([O-])([O-])[O-],1,1,True,118
4748,CCN1c2cc3c(cc2C(CS(=O)(=O)O)=CC1(C)C)C(c1ccccc1C(=O)N(C)CCCC(=O)O)=c1cc2c(cc1O3)=[N+](CC)C(C)(C)C=C2CS(=O)(=O)O.[O-][Cl+3]([O-])([O-])[O-],1,1,True,139
4749,CN(C)c1ccc2c(c1)C(C)(C)c1cc3c(cc1=C2)CCC[N+]=3CCCC(=O)O.[O-][Cl+3]([O-])([O-])[O-],1,1,True,96
4750,CN(CCCC(=O)O)C(=O)c1ccccc1C1=C2C=CC(=[N+](C)C)C=C2[Si](C)(C)c2cc(N(C)C)ccc21.[O-][Cl+3]([O-])([O-])[O-],1,1,True,106
4751,CCN1CCCc2cc3c(cc21)[Si](C)(C)C1=CC(=[N+](C)C)C=CC1=C3c1ccccc1C(=O)N(C)CCCC(=O)O.[O-][Cl+3]([O-])([O-])[O-],1,1,True,125
4752,CC1=CC(C)(C)[N+](CCCC(=O)O)=c2cc3c(cc21)=Cc1ccc(N(C)C)cc1C3(C)C.[O-][Cl+3]([O-])([O-])[O-],1,1,True,100
4753,CC[N+]1=c2cc3c(cc2C(CS(=O)(=O)O)=CC1(C)C)=Cc1cc2c(cc1C3(C)C)N(CCCC(=O)O)C(C)(C)CC2C.[O-][Cl+3]([O-])([O-])[O-],1,1,True,122
4754,CCN1c2cc3c(cc2C(C)CC1(C)C)C(c1ccccc1C(=O)N(C)CCCC(=O)O)=c1cc2c4c(c1[Si]3(C)C)CCC[N+]=4CCC2.[O-][Cl+3]([O-])([O-])[O-],1,1,True,145
4755,CC[N+]1=c2cc3c(cc2CCC1)=Nc1cc2c(cc1O3)N(CCCC(=O)O)C(C)(C)CC2CS(=O)(=O)O.[O-][Cl+3]([O-])([O-])[O-],1,1,True,124
4756,CC[N+]1=c2cc3c(cc2CCC1)=Nc1cc2c(cc1O3)N(CCCC(=O)O)C(C)(C)C=C2CS(=O)(=O)O.[O-][Cl+3]([O-])([O-])[O-],1,1,True,120
4757,CC[N+]1=c2cc3c(cc2C(C)=CC1(C)C)=Nc1cc2c(cc1O3)N(CCCC(=O)O)C(C)(C)C=C2CS(=O)(=O)O.[O-][Cl+3]([O-])([O-])[O-],1,1,True,122
4758,CCN(CC)c1ccc2c(-c3ccccc3C(=O)N(C)CCCC(=O)O)c3ccc(=[N+](CC)CC)cc-3oc2c1.[O-][Cl+3]([O-])([O-])[O-],1,1,True,112
4759,CCNc1cc2oc3c/c(=[NH+]/CC)c(C)cc-3c(-c3ccccc3C(=O)N(C)CCCC(=O)O)c2cc1C.[O-][Cl+3]([O-])([O-])[O-],1,1,True,116
4760,CCN1CCCc2cc3c(cc21)Oc1cc2c(cc1=C3c1ccccc1C(=O)N(C)CCCC(=O)O)CCC[N+]=2CC.[O-][Cl+3]([O-])([O-])[O-],1,1,True,130
4761,CC1CC(C)(C)Nc2cc3c(cc21)C(c1ccccc1C(=O)N(C)CCCC(=O)O)=c1cc2c(cc1O3)=[NH+]C(C)(C)CC2C.[O-][Cl+3]([O-])([O-])[O-],1,1,True,130
4762,CCN1c2cc3c(cc2C(C)=CC1(C)C)C(c1ccccc1C(=O)N(C)CCCC(=O)O)=c1cc2c(cc1O3)=[N+](CC)C(C)(C)C=C2C.[O-][Cl+3]([O-])([O-])[O-],1,1,True,132
4763,CCN1c2cc3c(cc2C(C)=CC1(C)C)C(c1c(Cl)c(Cl)c(Cl)c(Cl)c1C(=O)N(C)CCCC(=O)O)=c1cc2c(cc1O3)=[N+](CC)C(C)(C)CC2C.[O-][Cl+3]([O-])([O-])[O-],1,1,True,146
4764,CN(CCCC(=O)O)C(=O)c1ccccc1-c1c2ccc(=[NH2+])cc-2oc2cc(N)ccc12.[O-][Cl+3]([O-])([O-])[O-],1,1,True,100
4765,CN(CCCC(=O)O)C(=O)c1ccccc1C1=c2cc3c4c(c2Oc2c1cc1c5c2CCCN5CCC1)CCC[N+]=4CCC3.[O-][Cl+3]([O-])([O-])[O-],1,1,True,132
4766,CN(CCCC(=O)[O-])C(=O)c1ccccc1-c1c2ccc(=[N+](C)C)cc-2sc2cc(N(C)C)ccc12,1,1,True,101
4767,CN(C)c1ccc(C(=[NH2+])c2ccc(N(C)C)cc2)cc1.[Cl-],1,0,False,29
4768,O=C(O)CCc1cc2c(-c3ccc(C(=O)O)cc3C(=O)O)c3cc(CCC(=O)O)c(=O)cc-3oc2cc1O,1,1,True,93
4769,c1ccccc1,1,1,True,4
4770,c1ccc(-c2ccccc2)cc1,1,1,True,14
4771,CCCCCNC(=O)COc1ccc(/C=C/c2ccc3n2[B-](F)(F)[N+]2=C(c4cccs4)C=CC2=C3)cc1,1,1,True,121
4772,O=C(COc1ccc(/C=C/c2ccc3n2[B-](F)(F)[N+]2=C(c4cccs4)C=CC2=C3)cc1)NCCCCCC(=O)N1C(=O)CCC1=O,1,1,True,138
4773,O=C(O)CCCCCNC(=O)COc1ccc(/C=C/c2ccc3n2[B-](F)(F)[N+]2=C(c4cccs4)C=CC2=C3)cc1,1,1,True,127
4774,CC1=CC(C)=[N+]2C1=Cc1ccc(CCC(=O)O)n1[B-]2(F)F,1,1,True,67
4775,O=C(O)CCc1ccc2n1[B-](F)(F)[N+]1=C(c3ccccc3)C=CC1=C2,1,1,True,77
4776,COc1ccc(C2=[N+]3C(=Cc4c(C)c(CCC(=O)NCCCCCC(=O)ON5C(=O)CCC5=O)c(C)n4[B-]3(F)F)C=C2)cc1,1,1,True,132
4777,O=C(COc1ccc(-c2ccc3n2[B-](F)(F)[N+]2=C(c4cccs4)C=CC2=C3)cc1)NCCCCCC(=O)ON1C(=O)CCC1=O,1,1,True,139
4778,CCN1/C(=C\C=C\C2=[N+](CC)c3ccccc3C2(C)C)C(C)(C)c2ccccc21,1,1,True,69
4779,CCN1/C(=C\C=C\c2oc3ccccc3[n+]2CC)Oc2ccccc21,1,1,True,76
4780,CCN1C(=CC=Cc2sc3ccccc3[n+]2CC)Sc2ccccc21,1,1,True,73
4781,CCN1/C(=C\C=C\C=C\C2=[N+](CC)c3ccccc3C2(C)C)C(C)(C)c2ccccc21,1,1,True,76
4782,CCN1/C(=C\C=C\C=C\c2oc3ccccc3[n+]2CC)Oc2ccccc21,1,1,True,82
4783,CCN1/C(=C\C=C\C=C\c2sc3ccccc3[n+]2CC)Sc2ccccc21,1,1,True,80
4784,CCN1/C(=C\C=C\C=C\C=C\C2=[N+](CC)c3ccccc3C2(C)C)C(C)(C)c2ccccc21,1,1,True,80
4785,CCN1/C(=C\C=C\C=C\C=C\c2oc3ccccc3[n+]2CC)Oc2ccccc21,1,1,True,86
4786,CC1(C)CCN2CCC(C)(C)c3c2c1cc1cc(-c2nc4ccccc4s2)c(=O)oc31,1,1,True,90
4787,CC(=O)OCOC(=O)CN(CC(=O)OCOC(C)=O)Cc1cc2c(cc1OC(C)=O)Oc1cc(OC(C)=O)c(CN(CC(=O)OCOC(C)=O)CC(=O)OCOC(C)=O)cc1C21OC(=O)c2ccccc21,1,1,True,93
4788,CC(=O)OCOC(=O)CNC(CCCCNC(=O)CCC1=[N+]2C(=Cc3ccc(-c4ccc[nH]4)n3[B-]2(F)F)C=C1)C(=O)OCOC(C)=O,1,1,True,138
4789,CC(=O)OCOC(=O)CN(CC(=O)OCOC(C)=O)c1cccc(OCCOc2cc(NS(=O)(=O)c3ccc(C4=c5cc6c7c(c5Oc5c4cc4c8c5CCCN8CCC4)CCC[N+]=7CCC6)c(S(=O)(=O)[O-])c3)ccc2N(CC(=O)OCOC(C)=O)CC(=O)OCOC(C)=O)c1,1,1,True,197
4790,CC(=O)OCOC(=O)CN(CC(=O)OCOC(C)=O)c1ccccc1OCCOc1cc(NC(=O)c2ccc3c(c2)C(=O)OC32c3cc(Cl)c(OC(C)=O)cc3Oc3cc(OC(C)=O)c(Cl)cc32)ccc1N(CC(=O)OCOC(C)=O)CC(=O)OCOC(C)=O,1,1,True,150
4791,CC(=O)OCOC(=O)CN(CC(=O)OCOC(C)=O)c1ccccc1OCCOc1cc(NC(=S)Nc2ccc(-c3c4ccc(N(C)C)cc4[o+]c4cc(N(C)C)ccc34)c(C(=O)[O-])c2)ccc1N(CC(=O)OCOC(C)=O)CC(=O)OCOC(C)=O,1,1,True,143
4792,CN(C)c1ccc2c(c1)Oc1c(ccc3cc(O)ccc13)C21OC(=O)c2cc(C(=O)O)ccc21,1,1,True,97
4793,CN(C)c1ccc2c(-c3ccc(C(=O)O)cc3C(=O)O)c3ccc4cc(=O)ccc4c3oc2c1,1,1,True,89
4794,NNC(=O)COc1cc(S(=O)(=O)[O-])c2ccc3c(S(=O)(=O)[O-])cc(S(=O)(=O)[O-])c4ccc1c2c43.[Na+].[Na+].[Na+],1,1,True,68
4795,COc1ccc(-c2cnc(-c3cc[n+](Cc4cccc(C(=O)ON5C(=O)CCC5=O)c4)cc3)o2)cc1S(=O)(=O)[O-],1,1,True,116
4796,CC1=CC(C)(C)N(C)c2cc3c(cc21)C(c1ccc(NC(=O)c2ccc(CCl)cc2)cc1C(=O)[O-])=c1cc2c(cc1O3)=[N+](C)C(C)(C)C=C2C,1,1,True,138
4797,CCN(CC)c1ccc2c(C)cc(=O)oc2c1,1,1,True,50
4798,CCN(CC)c1ccc2cc(-c3nc4ccccc4s3)c(=O)oc2c1,1,1,True,75
4799,CCN(CC)c1ccc2cc(-c3nc4ccccc4n3C)c(=O)oc2c1,1,1,True,74
4800,CCOC(=O)c1cc2cc3c4c(c2oc1=O)CCCN4CCC3,1,1,True,75
4801,CC(=O)c1cc2cc3c4c(c2oc1=O)CCCN4CCC3,1,1,True,65
4802,O=C(O)c1cc2cc3c4c(c2oc1=O)CCCN4CCC3,1,1,True,64
4803,Cc1cc2nc3c(cc(N)c4ccccc43)[o+]c2cc1N(C)C.[O-][Cl+3]([O-])([O-])[O-],1,1,True,71
4804,O=C(O)CCCCCCN1C(=CC=Cc2oc3cc(S(=O)(=O)O)ccc3[n+]2CCCCCC(=O)O)Oc2cc(S(=O)(=O)[O-])ccc21,1,1,True,124
4805,CC[N+]1=C(C=CC=C2N(CCCCCC(=O)ON3C(=O)CCC3=O)c3ccc(S(=O)(=O)O)cc3C2(C)C)C(C)(C)c2cc(S(=O)(=O)[O-])ccc21,1,1,True,132
4806,CC[N+]1=C(C=CC=C2N(CCCCCC(=O)ON3C(=O)CCC3=O)c3ccc4c(S(=O)(=O)O)cc(S(=O)(=O)O)cc4c3C2(C)C)C(C)(C)c2c1ccc1c(S(=O)(=O)O)cc(S(=O)(=O)[O-])cc21,1,1,True,153
4807,CC[N+]1=C(C=CC=CC=C2N(CCCCCC(=O)ON3C(=O)CCC3=O)c3ccc(S(=O)(=O)O)cc3C2(C)C)C(C)(C)c2cc(S(=O)(=O)[O-])ccc21,1,1,True,137
4808,CC[N+]1=C(C=CC=CC=C2N(CCCCCC(=O)ON3C(=O)CCC3=O)c3ccc4c(S(=O)(=O)[O-])cc(S(=O)(=O)[O-])cc4c3C2(C)C)C(C)(C)c2c1ccc1c(S(=O)(=O)[O-])cc(S(=O)(=O)[O-])cc21.[Na+].[Na+].[Na+],1,1,True,152
4809,CC[N+]1=C(C=CC=CC=CC=C2N(CCCCCC(=O)ON3C(=O)CCC3=O)c3ccc(S(=O)(=O)O)cc3C2(C)C)C(C)(C)c2cc(S(=O)(=O)[O-])ccc21,1,1,True,140
4810,C[N+]1=C(C=CC=CC=C2N(CCCCCC(=O)O)c3ccccc3C2(C)C)C(C)(C)c2ccccc21,1,1,True,97
4811,CCN1C(=CC=Cc2oc3ccccc3[n+]2CC)Oc2ccccc21,1,1,True,76
4812,CC1(C)C(C=CC=CC=C2N(CCCCCC(=O)O)c3ccc(S(=O)(=O)O)cc3C2(C)C)=Nc2ccc(S(=O)(=O)O)cc21,1,1,True,110
4813,CN(C)c1ccc(N=Nc2ccc(C(=O)ON3C(=O)CCC3=O)cc2)cc1,1,0,False,60
4814,CNc1ccc(-c2c3cc(F)c(=O)cc-3oc3cc(O)c(F)cc23)c(C(=O)O)c1N,1,1,True,88
4815,CN(C)c1cccc2c(S(=O)(=O)NCC(=O)O)cccc12,1,1,True,56
4816,CCCn1c2cccc3oc4cccc5c4[c+](c32)c2c1cccc2n5CCC,1,1,True,53
4817,N=C(N)c1ccc(-c2cc3ccc(C(=N)N)cc3[nH]2)cc1,1,1,True,53
4818,CN(C)c1ccc(-c2cnc(-c3ccc(S(=O)(=O)NCCN)cc3)o2)cc1,1,1,True,74
4819,CC1=CC(=C(C#N)C#N)C=C(C=Cc2ccc(N(C)C)cc2)O1,1,1,True,61
4820,CC1(C)C2=C(Cl)C(=O)C(Cl)=CC2=Nc2ccc(O)cc21,1,1,True,62
4821,CCCCCCCCCCCCCCCCN(CCCCCCCCCCCCCCCC)c1ccc(C=Cc2cc[n+](C)cc2)cc1.[I-],1,1,True,64
4822,CCN1/C(=C/C=C/c2oc3ccccc3[n+]2CC)Oc2ccccc21,1,1,True,76
4823,O=c1nc(-c2ccccc2)c2c(=O)nc(-c3ccccc3)c1=2,1,1,True,33
4824,O=c1nc(-c2ccc(S(=O)(=O)Nc3cc(Cl)c(O)c(Cl)c3)cc2)c2c(=O)nc(-c3ccccc3)c1=2,1,1,True,75
4825,O=c1nc(-c2ccc(S(=O)(=O)Nc3ccc(O)c(Cl)c3)cc2)c2c(=O)nc(-c3ccccc3)c1=2,1,1,True,76
4826,O=c1nc(-c2ccc(S(=O)(=O)N3CCOCC3)cc2)c2c(=O)nc(-c3ccccc3)c1=2,1,1,True,65
4827,O=C(O)c1ccccc1-c1c2cc(Br)c(=O)c(Br)c-2oc2c(Br)c(O)c(Br)cc12,1,0,False,77
4828,O=C(O)c1cc(N=C=S)ccc1-c1c2cc(I)c(=O)c(I)c-2oc2c(I)c(O)c(I)cc12,1,1,True,91
4829,CCOC(=O)c1ccccc1-c1c2cc(Br)c(=O)c(Br)c-2oc2c(Br)c(O)c(Br)cc12,1,0,False,89
4830,CCOC(=O)c1ccc(N(C)C)cc1,1,1,True,36
4831,CCN(CCCS(=O)(=O)[O-])c1ccc2nc3cc/c(=[N+](/C)CCC(=O)O)cc-3oc2c1,1,1,True,99
4832,O=C1OC2(c3ccc(O)cc3Oc3cc(O)ccc32)c2ccc(N=C=S)cc21,1,1,True,70
4833,Cc1ccc(N(CC(=O)O)CC(=O)O)c(OCCOc2cc(-c3c4cc(Cl)c(=O)cc-4oc4cc(O)c(Cl)cc34)ccc2N(CC(=O)O)CC(=O)O)c1,1,1,True,113
4834,Cc1ccc(N(CC(=O)O)CC(=O)O)c(OCCOc2cc(-c3c4cc(F)c(=O)cc-4oc4cc(O)c(F)cc34)ccc2N(CC(=O)O)CC(=O)O)c1,1,1,True,112
4835,O=C(O)c1ccccc1-c1c2ccc(=O)cc-2oc2cc(O)ccc12,1,1,True,70
4836,COc1cccc(-c2c3oc4ccccc4c3cc3c2c2ccccc2n3C)c1,1,1,True,83
4837,Cn1c2ccccc2c2c(-c3ccc(Cl)cc3)c3oc4ccccc4c3cc21,1,1,True,77
4838,Cn1c2ccccc2c2c(-c3ccc(C(F)(F)F)cc3)c3oc4ccccc4c3cc21,1,1,True,82
4839,Cn1c2ccccc2c2c(-c3ccc([N+](=O)[O-])cc3)c3oc4ccccc4c3cc21,1,1,True,83
4840,Cn1c2ccccc2c2c(-c3ccc(O)cc3)c3oc4ccccc4c3cc21,1,1,True,78
4841,Cn1c2ccccc2c2c(-c3ccc4ccccc4c3)c3oc4ccccc4c3cc21,1,1,True,85
4842,Cn1c2ccccc2c2c(-c3ccccc3Br)c3oc4ccccc4c3cc21,1,1,True,77
4843,Cn1c2ccccc2c2c(-c3cccc(Br)c3)c3oc4ccccc4c3cc21,1,1,True,79
4844,COc1ccc2c(c1)oc1c(-c3ccccc3)c3c4ccccc4n(C)c3cc12,1,1,True,85
4845,Cn1c2ccccc2c2c(-c3ccccc3)c3oc4ccc(Cl)cc4c3cc21,1,1,True,81
4846,COC(=O)c1ccc2oc3c(-c4ccccc4)c4c5ccccc5n(C)c4cc3c2c1,1,1,True,92
4847,c1ccc(Cn2c3ccccc3c3c(-c4ccccc4)c4oc5ccccc5c4cc32)cc1,1,1,True,82
4848,COc1ccc2c(c1)c1c(-c3ccccc3)c3oc4ccccc4c3cc1n2C,1,1,True,85
4849,Cn1c2ccc(Br)cc2c2c(-c3ccccc3)c3oc4ccccc4c3cc21,1,1,True,81
4850,Cn1c2ccc(C#N)cc2c2c(-c3ccccc3)c3oc4ccccc4c3cc21,1,1,True,85
4851,O=C(O)c1cc2ccc(O)cc2oc1=O,1,1,True,44
4852,Cc1ccc(S(=O)(=O)/N=c2/cc3ccccc3cn2-c2ccccc2)cc1,1,1,True,67
4853,Cc1ccc(S(=O)(=O)/N=c2/cc3ccccc3cn2-c2ccccc2C)cc1,1,1,True,71
4854,Cc1ccc(S(=O)(=O)/N=c2/cc3ccccc3cn2-c2cccc(OCc3ccccc3)c2)cc1,1,1,True,91
4855,CSc1cccc(-n2cc3ccccc3c/c2=N/S(=O)(=O)c2ccc(C)cc2)c1,1,1,True,78
4856,Cc1ccc(S(=O)(=O)/N=c2/cc3ccccc3cn2-c2cccc(Cl)c2)cc1,1,1,True,73
4857,Cc1ccc(S(=O)(=O)/N=c2/cc3ccccc3cn2-c2cccc(Br)c2)cc1,1,1,True,74
4858,Cc1ccc(-n2cc3ccccc3c/c2=N/S(=O)(=O)c2ccc(C)cc2)cc1,1,1,True,67
4859,CCc1ccc(-n2cc3ccccc3c/c2=N/S(=O)(=O)c2ccc(C)cc2)cc1,1,1,True,75
4860,COc1ccc(-n2cc3ccccc3c/c2=N/S(=O)(=O)c2ccc(C)cc2)cc1,1,1,True,75
4861,Cc1ccc(S(=O)(=O)/N=c2/cc3ccccc3cn2-c2ccc(F)cc2)cc1,1,1,True,73
4862,Cc1ccc(S(=O)(=O)/N=c2/cc3ccccc3cn2-c2ccc(Cl)cc2)cc1,1,1,True,72
4863,Cc1ccc(S(=O)(=O)/N=c2/cc3ccccc3cn2-c2ccc(Br)cc2)cc1,1,1,True,73
4864,Cc1ccc(S(=O)(=O)/N=c2/cc3ccccc3cn2-c2ccc(I)cc2)cc1,1,1,True,73
4865,Cc1ccc(S(=O)(=O)/N=c2/cc3ccccc3cn2-c2ccc(C)c(C)c2)cc1,1,1,True,73
4866,COc1ccc(-n2cc3ccccc3c/c2=N/S(=O)(=O)c2ccc(C)cc2)cc1OC,1,1,True,79
4867,Cc1ccc(S(=O)(=O)/N=c2/cc3ccccc3cn2-c2ccc(C)cc2C)cc1,1,1,True,73
4868,Cc1ccc(S(=O)(=O)/N=c2/cc3ccccc3cn2-c2ccc(Cl)cc2C)cc1,1,1,True,77
4869,COc1cc(OC)cc(-n2cc3ccccc3c/c2=N/S(=O)(=O)c2ccc(C)cc2)c1,1,1,True,73
4870,Cc1ccc(S(=O)(=O)/N=c2/cc3ccccc3cn2-c2ccc(CCN=[N+]=[N-])cc2)cc1,1,1,True,88
4871,Cc1ccc(S(=O)(=O)/N=c2/cc3ccccc3cn2-c2ccc(CCO)cc2)cc1,1,1,True,80
4872,Cc1ccc(S(=O)(=O)/N=c2/cc3ccccc3cn2-c2ccc(CCC(=O)O)cc2)cc1,1,1,True,84
4873,Cc1ccc(S(=O)(=O)/N=c2/cc3ccccc3cn2-c2cccc3ccccc23)cc1,1,1,True,79
4874,Cc1ccc(S(=O)(=O)/N=c2/cc3ccccc3cn2-c2ccccn2)cc1,1,1,True,73
4875,Cc1ccc(S(=O)(=O)/N=c2/cc3ccccc3cn2Nc2ccccc2)cc1,1,1,True,70
4876,Cc1ccc(S(=O)(=O)/N=c2/cc3cccc(F)c3cn2-c2ccccc2)cc1,1,1,True,76
4877,Cc1ccc(S(=O)(=O)/N=c2/cc3ccc(F)cc3cn2-c2ccccc2)cc1,1,1,True,76
4878,Cc1ccc(S(=O)(=O)/N=c2/cc3ccc(Cl)cc3cn2-c2ccccc2)cc1,1,1,True,75
4879,Cc1ccc(S(=O)(=O)/N=c2/cc3cc(C)ccc3cn2-c2ccccc2)cc1,1,1,True,71
4880,Cc1ccc(S(=O)(=O)/N=c2/cc3cc(F)ccc3cn2-c2ccccc2)cc1,1,1,True,74
4881,CC(C)(C)Nc1c(-c2cc(-c3ccc(Cl)cc3)n(-c3ccccc3)n2)nc2ccccn12,1,1,True,87
4882,Cc1cccn2c(NC(C)(C)C)c(-c3cc(-c4ccc(Cl)cc4)n(-c4ccccc4)n3)nc12,1,1,True,91
4883,Cc1ccn2c(NC(C)(C)C)c(-c3cc(-c4ccc(Cl)cc4)n(-c4ccccc4)n3)nc2c1,1,1,True,91
4884,Cc1ccc2nc(-c3cc(-c4ccc(Cl)cc4)n(-c4ccccc4)n3)c(NC(C)(C)C)n2c1,1,1,True,91
4885,Cc1cccc2nc(-c3cc(-c4ccc(Cl)cc4)n(-c4ccccc4)n3)c(NC(C)(C)C)n12,1,1,True,90
4886,Cn1nc(-c2nc3ccccn3c2NC(C)(C)C)cc1-c1ccc(Cl)cc1,1,1,True,79
4887,Cc1ccn2c(NC(C)(C)C)c(-c3cc(-c4ccc(Cl)cc4)n(C)n3)nc2c1,1,1,True,81
4888,Cc1ccc2nc(-c3cc(-c4ccc(Cl)cc4)n(C)n3)c(NC(C)(C)C)n2c1,1,1,True,81
4889,CCOC(=O)CNc1c(-c2cc(-c3ccc(F)cc3)n(-c3ccccc3)n2)nc2ccc(Cl)cn12,1,1,True,103
4890,CC(C)(C)Nc1c(-c2cc(-c3ccc(Cl)cc3)n(-c3ccccc3)n2)nc2ccc(F)cn12,1,1,True,92
4891,CC(C)(C)Nc1c(-c2cc(-c3ccc(Cl)cc3)n(-c3ccccc3)n2)nc2c(Cl)cc(Cl)cn12,1,1,True,90
4892,CC(C)(C)Nc1c(-c2cc(-c3ccc(Cl)cc3)n(-c3ccccc3)n2)nc2c(Br)cccn12,1,1,True,91
4893,CC(C)(C)Nc1c(-c2cc(-c3ccc(Cl)cc3)n(-c3ccccc3)n2)nc2cnccn12,1,1,True,91
4894,Cn1nc(-c2nc3ccc(Cl)cn3c2NC(C)(C)C)cc1-c1ccc(Cl)cc1,1,1,True,78
4895,Cn1nc(-c2nc3c(Cl)cc(Cl)cn3c2NC(C)(C)C)cc1-c1ccc(Cl)cc1,1,1,True,80
4896,Cn1nc(-c2nc3c(Br)cccn3c2NC(C)(C)C)cc1-c1ccc(Cl)cc1,1,1,True,82
4897,Cn1nc(-c2nc3ccc(Br)cn3c2NC(C)(C)C)cc1-c1ccc(Cl)cc1,1,1,True,81
4898,Cn1nc(-c2nc3sccn3c2NC(C)(C)C)cc1-c1ccc(Cl)cc1,1,1,True,79
4899,CCOC(=O)CNc1c(-c2cc(-c3ccc(Cl)cc3)n(C)n2)nc2ccc(Cl)cn12,1,1,True,93
4900,Cn1nc(-c2ccc(Cl)cc2)cc1-c1nc2ccc(Cl)cn2c1NC(C)(C)C,1,1,True,77
4901,CC(C)(C)Nc1c(-c2nn(-c3ccccc3)c(-c3cccc(Br)c3)c2I)nc2ccccn12,1,1,True,89
4902,CCOC(=O)/C(=C/c1ccc(N(C)C)cc1)n1nc2ccccc2n1,1,1,True,63
4903,CCOC(=O)/C(=C/c1ccc(N(CC)CC)cc1)n1nc2ccccc2n1,1,1,True,67
4904,CCOC(=O)/C(=C/c1ccc(N(c2ccccc2)c2ccccc2)cc1)n1nc2ccccc2n1,1,1,True,71
4905,CCOC(=O)/C(=C/c1ccc(N2CCOCC2)cc1)n1nc2ccccc2n1,1,1,True,75
4906,CCOC(=O)/C(=C/c1ccc(N(C)C)cc1)n1nnc2ccccc21,1,1,True,72
4907,CCOC(=O)/C(=C/c1ccc(N(CC)CC)cc1)n1nnc2ccccc21,1,1,True,76
4908,CCOC(=O)/C(=C/c1ccc(N(c2ccccc2)c2ccccc2)cc1)n1nnc2ccccc21,1,1,True,80
4909,CCOC(=O)/C(=C/c1ccc(N2CCOCC2)cc1)n1nnc2ccccc21,1,1,True,84
4910,c1ccc(-c2ccc(-c3nc4c5ccccc5c5ccccc5c4n3-c3ccccc3)c3nsnc23)cc1,1,1,True,85
4911,Cc1ccc(-c2ccc(-c3nc4c5ccccc5c5ccccc5c4n3-c3ccccc3)c3nsnc23)cc1,1,1,True,90
4912,COc1ccc(-c2ccc(-c3nc4c5ccccc5c5ccccc5c4n3-c3ccccc3)c3nsnc23)cc1,1,1,True,96
4913,CCOc1ccc(-c2ccc(-c3nc4c5ccccc5c5ccccc5c4n3-c3ccccc3)c3nsnc23)cc1,1,1,True,101
4914,Fc1ccc(-c2ccc(-c3nc4c5ccccc5c5ccccc5c4n3-c3ccccc3)c3nsnc23)cc1,1,1,True,91
4915,FC(F)(F)c1ccc(-c2ccc(-c3nc4c5ccccc5c5ccccc5c4n3-c3ccccc3)c3nsnc23)cc1,1,1,True,96
4916,CCn1c2ccccc2c2cc(/C=C/C3=C(S(=O)(=O)c4ccccc4)C(=C(C#N)C#N)OC3(C)C)ccc21,1,1,True,100
4917,CCn1c2ccccc2c2cc(/C=C/C3=C(Sc4ccccc4)C(=C(C#N)C#N)OC3(C)C)ccc21,1,1,True,102
4918,CCn1c2ccccc2c2cc(/C=C/C3=C(C#N)C(=C(C#N)C#N)OC3(C)C)ccc21,1,1,True,89
4919,CC1(C)OC(=C(C#N)C#N)C(S(=O)(=O)c2ccccc2)=C1/C=C/c1ccc(-n2c3ccc(C(C)(C)C)cc3c3cc(C(C)(C)C)ccc32)cc1,1,1,True,101
4920,CC1(C)OC(=C(C#N)C#N)C(Sc2ccccc2)=C1/C=C/c1ccc(-n2c3ccc(C(C)(C)C)cc3c3cc(C(C)(C)C)ccc32)cc1,1,1,True,102
4921,CC1(C)OC(=C(C#N)C#N)C(C#N)=C1/C=C/c1ccc(-n2c3ccc(C(C)(C)C)cc3c3cc(C(C)(C)C)ccc32)cc1,1,1,True,86
4922,CC1(C)OC(=C(C#N)C#N)C(S(=O)(=O)c2ccccc2)=C1/C=C/c1ccc(N(c2ccccc2)c2ccccc2)cc1,1,1,True,82
4923,CC1(C)OC(=C(C#N)C#N)C(Sc2ccccc2)=C1/C=C/c1ccc(N(c2ccccc2)c2ccccc2)cc1,1,1,True,83
4924,CC1(C)OC(=C(C#N)C#N)C(C#N)=C1/C=C/c1ccc(N(c2ccccc2)c2ccccc2)cc1,1,1,True,71
4925,CCC1(CC)c2ccc(/C=C/C3=C(S(=O)(=O)c4ccccc4)C(=C(C#N)C#N)OC3(C)C)cc2-c2ccc(N(c3ccccc3)c3ccccc3)cc21,1,1,True,114
4926,CCC1(CC)c2ccc(/C=C/C3=C(Sc4ccccc4)C(=C(C#N)C#N)OC3(C)C)cc2-c2ccc(N(c3ccccc3)c3ccccc3)cc21,1,1,True,116
4927,CCC1(CC)c2ccc(/C=C/C3=C(C#N)C(=C(C#N)C#N)OC3(C)C)cc2-c2ccc(N(c3ccccc3)c3ccccc3)cc21,1,1,True,105
4928,COc1ccc(-c2cc3c(-c4ccccc4)c(-c4ccc(OC)cc4)n(C)c3nc2-c2ccc(C)cc2)cc1,1,1,True,82
4929,COc1ccc(-c2cc3c(-c4ccccc4)c(-c4ccc(F)cc4)n(C)c3nc2-c2ccc(C)cc2)cc1,1,1,True,88
4930,COc1ccc(-c2c(-c3ccccc3)c3cc(-c4ccc5ccccc5c4)c(-c4ccc5c(c4)OCO5)nc3n2C)cc1,1,1,True,111
4931,COc1ccc(-c2c(-c3ccc(F)cc3)n(C)c3nc(-c4ccc5ccccc5c4)c(-c4ccc(C)cc4)cc23)cc1,1,1,True,98
4932,COc1ccc(-c2c(-c3ccccc3)n(C)c3nc(-c4ccc5ccccc5c4)c(-c4ccc(C)cc4)cc23)cc1,1,1,True,94
4933,COc1cccc(-c2nc3c(cc2-c2ccc4ccccc4c2)c(-c2ccc(C)cc2)c(-c2ccc(F)cc2)n3C)c1,1,1,True,103
4934,Fc1ccc(C2=NNc3cccc[n+]3[B-]2(F)F)cc1,1,1,True,51
4935,N#Cc1cc[n+]2c(c1)NN=C(c1ccc(F)cc1)[B-]2(F)F,1,1,True,61
4936,F[B-]1(F)C(c2ccc(N(c3ccccc3)c3ccccc3)cc2)=NNc2cccc[n+]21,1,1,True,62
4937,N#Cc1cc[n+]2c(c1)NN=C(c1ccc(N(c3ccccc3)c3ccccc3)cc1)[B-]2(F)F,1,1,True,74
4938,COc1ccc(-c2c(C#N)c3ccccn3c2N)cc1,1,1,True,56
4939,N#Cc1c(-c2ccc(Br)cc2)c(N)n2ccccc12,1,1,True,52
4940,N#Cc1c(-c2ccccc2)c(N)n2ccccc12,1,1,True,47
4941,N#Cc1c(-c2ccc3ccccc3c2)c(N)n2ccccc12,1,1,True,61
4942,N#Cc1c(-c2cccc3ccccc23)c(N)n2ccccc12,1,1,True,61
4943,N#Cc1c(-c2ccc(Oc3ccccc3)cc2)c(N)n2ccccc12,1,1,True,63
4944,N#Cc1c(-c2ccc(-c3ccccc3)cc2)c(N)n2ccccc12,1,1,True,57
4945,N#Cc1c(-c2ccc3c(c2)Cc2ccccc2-3)c(N)n2ccccc12,1,1,True,76
4946,N#Cc1c(-c2n[nH]c3ccccc23)c(N)n2ccccc12,1,1,True,64
4947,N#Cc1c(-c2ccccc2O)c(N)n2ccccc12,1,1,True,53
4948,N#Cc1c(C#Cc2ccccc2)c(N)n2ccccc12,1,1,True,54
4949,N#Cc1c(-c2cc3ccccc3o2)c(N)n2ccccc12,1,1,True,62
4950,N#Cc1c(-c2ccccc2F)c(N)n2ccccc12,1,1,True,53
4951,N#Cc1c(-c2ccccc2)c(N)n2ccncc12,1,1,True,52
4952,CC(C)(C)NC(=O)C(OC(=O)c1ccccc1)c1ccc(C2=C3C=CC=[N+]3[B-](F)(F)n3cccc32)cc1,1,1,True,99
4953,CC(C)(C)NC(=O)C(OC(=O)c1ccccc1)c1ccc(C2=C3C=CC=[N+]3[B-](F)(F)n3cccc32)cc1F,1,1,True,108
4954,CC(C)(C)NC(=O)C(OC(=O)c1ccccc1)c1cccc(C2=C3C=CC=[N+]3[B-](F)(F)n3cccc32)c1,1,1,True,107
4955,CC(C)(C)NC(=O)C(OC(=O)c1ccc(C2=C3C=CC=[N+]3[B-](F)(F)n3cccc32)cc1)c1ccccc1,1,1,True,100
4956,CC(C)(C)NC(=O)C(OC(=O)c1ccc(C2=C3C=CC=[N+]3[B-](F)(F)n3cccc32)cc1)c1ccc(Br)cc1,1,1,True,103
4957,CC(C)(C)NC(=O)C(OC(=O)c1ccc(C2=C3C=CC=[N+]3[B-](F)(F)n3cccc32)cc1)c1ccc(C(F)(F)F)cc1,1,1,True,106
4958,CC(C)(C)NC(=O)C(OC(=O)c1ccc(C2=C3C=CC=[N+]3[B-](F)(F)n3cccc32)cc1)c1ccc([N+](=O)[O-])cc1,1,1,True,109
4959,CC(C)(C)NC(=O)C(c1ccc(C2=C3C=CC=[N+]3[B-](F)(F)n3cccc32)cc1)N(Cc1ccccc1)C(=O)c1ccccc1,1,1,True,111
4960,COc1ccc(CN(C(=O)c2ccccc2)C(C(=O)NC(C)(C)C)c2ccc(C3=C4C=CC=[N+]4[B-](F)(F)n4cccc43)cc2)cc1,1,1,True,121
4961,COc1ccc(CN(C(=O)c2ccc(C3=C4C=CC=[N+]4[B-](F)(F)n4cccc43)cc2)C(C(=O)NC(C)(C)C)c2ccccc2)cc1,1,1,True,122
4962,CC(C)(C)NC(=O)C(c1cc(Br)cc(Br)c1)N(C(=O)c1ccccc1)c1cccc(C2=C3C=CC=[N+]3[B-](F)(F)n3cccc32)c1,1,1,True,117
4963,CC(C)(C)NC(=O)C(OC(=O)c1ccccc1)c1ccc(C2=C3C=CC(c4ccc([N+](=O)[O-])cc4)=[N+]3[B-](F)(F)n3cccc32)cc1,1,1,True,117
4964,CC(C)(C)NC(=O)C(OC(=O)c1ccccc1)c1ccc(C2=C3C=CC(c4ccc([N+](=O)[O-])cc4)=[N+]3[B-](F)(F)n3cccc32)cc1F,1,1,True,125
4965,CC(C)(C)NC(=O)C(OC(=O)c1ccccc1)c1cccc(C2=C3C=CC(c4ccc([N+](=O)[O-])cc4)=[N+]3[B-](F)(F)n3cccc32)c1,1,1,True,125
4966,CC(C)(C)NC(=O)C(OC(=O)c1ccc(C2=C3C=CC(c4ccc([N+](=O)[O-])cc4)=[N+]3[B-](F)(F)n3cccc32)cc1)c1ccc(C(F)(F)F)cc1,1,1,True,125
4967,CC(=O)c1ccn2c3c(c(-c4ccc(-c5nnc(C)nn5)cc4)c2c1)CN(CCCNC(=O)OC(C)(C)C)C3=O,1,1,True,110
4968,Cc1nnc(-c2ccn3c4c(c(-c5ccccc5)c3c2)CN(CCCNC(=O)OC(C)(C)C)C4=O)nn1,1,1,True,109
4969,CC(=O)c1ccn2c3c(c(-c4ccc(C(=O)NCc5ccc(-c6nnc(C)nn6)cc5)cc4)c2c1)CN(CCCNC(=O)OC(C)(C)C)C3=O,1,1,True,132
4970,Cc1nnc(-c2ccc(CNC(=O)c3ccn4c5c(c(-c6ccccc6)c4c3)CN(CCCNC(=O)OC(C)(C)C)C5=O)cc2)nn1,1,1,True,130
4971,CC(=O)c1ccn2c3c(c(-c4ccccc4)c2c1)CN(CCCNC(=O)CCC(=O)NCc1ccc(-c2nnc(C)nn2)cc1)C3=O,1,1,True,128
4972,COc1ccc(-c2c3c(n4ccc(-c5nnc(C)nn5)cc24)C(=O)N(CCCNC(=O)OC(C)(C)C)C3)cc1,1,1,True,114
4973,Cc1nnc(-c2ccn3c4c(c(-c5ccc(N)cc5)c3c2)CN(CCCNC(=O)OC(C)(C)C)C4=O)nn1,1,1,True,112
4974,CCN(CC)c1ccc(-c2c3c(n4ccc(-c5nnc(C)nn5)cc24)C(=O)N(CCCNC(=O)OC(C)(C)C)C3)cc1,1,1,True,118
4975,CCN(CC)c1ccc(-c2c3c(n4ccc(C(=O)NCc5ccc(-c6nnc(C)nn6)cc5)cc24)C(=O)N(CCCNC(=O)OC(C)(C)C)C3)cc1,1,1,True,140
4976,CCN(CC)c1ccc(-c2c3c(n4ccc(C(C)=O)cc24)C(=O)N(CCCNC(=O)CCC(=O)NCc2ccc(-c4nnc(C)nn4)cc2)C3)cc1,1,1,True,137
4977,CC(=O)c1ccn2c3c(c(-c4ccc(C5=NNC(C)=C6CCCCCCC56)cc4)c2c1)CN(CCCNC(=O)OC(C)(C)C)C3=O,1,1,True,141
4978,CC1=C2CCCCCCC2C(c2ccn3c4c(c(-c5ccccc5)c3c2)CN(CCCNC(=O)OC(C)(C)C)C4=O)=NN1,1,1,True,137
4979,CC(=O)c1ccn2c3c(c(-c4ccc(C(=O)NCc5ccc(C6=NNC(C)=C7CCCCCCC67)cc5)cc4)c2c1)CN(CCCNC(=O)OC(C)(C)C)C3=O,1,1,True,162
4980,CC1=C2CCCCCCC2C(c2ccc(CNC(=O)c3ccn4c5c(c(-c6ccccc6)c4c3)CN(CCCNC(=O)OC(C)(C)C)C5=O)cc2)=NN1,1,1,True,160
4981,CC(=O)c1ccn2c3c(c(-c4ccccc4)c2c1)CN(CCCNC(=O)CCC(=O)NCc1ccc(C2=NNC(C)=C4CCCCCCC24)cc1)C3=O,1,1,True,159
4982,COc1ccc(-c2c3c(n4ccc(C5=NNC(C)=C6CCCCCCC56)cc24)C(=O)N(CCCNC(=O)OC(C)(C)C)C3)cc1,1,1,True,142
4983,CC1=C2CCCCCCC2C(c2ccn3c4c(c(-c5ccc(N)cc5)c3c2)CN(CCCNC(=O)OC(C)(C)C)C4=O)=NN1,1,1,True,140
4984,CCN(CC)c1ccc(-c2c3c(n4ccc(C5=NNC(C)=C6CCCCCCC56)cc24)C(=O)N(CCCNC(=O)OC(C)(C)C)C3)cc1,1,1,True,145
4985,CCN(CC)c1ccc(-c2c3c(n4ccc(C(=O)NCc5ccc(C6=NNC(C)=C7CCCCCCC67)cc5)cc24)C(=O)N(CCCNC(=O)OC(C)(C)C)C3)cc1,1,1,True,170
4986,CCN(CC)c1ccc(-c2c3c(n4ccc(C(C)=O)cc24)C(=O)N(CCCNC(=O)CCC(=O)NCc2ccc(C4=NNC(C)=C5CCCCCCC45)cc2)C3)cc1,1,1,True,168
4987,c1cc2cc3occc3cc2o1,1,1,True,25
4988,c1ccc(-c2cc3cc4oc(-c5ccccc5)cc4cc3o2)cc1,1,1,True,38
4989,c1ccc(N(c2ccccc2)c2ccc(-c3cc4cc5oc(-c6ccc(N(c7ccccc7)c7ccccc7)cc6)cc5cc4o3)cc2)cc1,1,1,True,54
4990,c1ccc2c(c1)c1ccccc1n2-c1ccc(-c2cc3cc4oc(-c5ccc(-n6c7ccccc7c7ccccc76)cc5)cc4cc3o2)cc1,1,1,True,62
4991,Fc1c(F)c(F)c(-c2cc3cc4oc(-c5c(F)c(F)c(F)c(F)c5F)cc4cc3o2)c(F)c1F,1,1,True,41
4992,c1ccc(-c2cc3cc4cc(-c5ccccc5)oc4cc3o2)cc1,1,1,True,40
4993,c1ccc(N(c2ccccc2)c2ccc(-c3cc4cc5cc(-c6ccc(N(c7ccccc7)c7ccccc7)cc6)oc5cc4o3)cc2)cc1,1,1,True,56
4994,c1ccc2c(c1)c1ccccc1n2-c1ccc(-c2cc3cc4cc(-c5ccc(-n6c7ccccc7c7ccccc76)cc5)oc4cc3o2)cc1,1,1,True,64
4995,Fc1c(F)c(F)c(-c2cc3cc4cc(-c5c(F)c(F)c(F)c(F)c5F)oc4cc3o2)c(F)c1F,1,1,True,43
4996,c1ccc(-c2cc3c(ccc4c5cc(-c6ccccc6)oc5ccc34)o2)cc1,1,1,True,43
4997,CCCCC(CC)Cc1ccc(-c2cc3c(ccc4c5cc(-c6ccc(CC(CC)CCCC)cc6)oc5ccc34)o2)cc1,1,1,True,68
4998,c1ccc(-c2oc3ccc4c(ccc5oc(-c6ccccc6)c(-c6ccccc6)c54)c3c2-c2ccccc2)cc1,1,1,True,47
4999,c1ccc(-c2cc3ccc4c(ccc5cc(-c6ccccc6)oc54)c3o2)cc1,1,1,True,44
5000,c1ccc(-c2cc3cc4cc5oc(-c6ccccc6)cc5cc4cc3o2)cc1,1,1,True,44
5001,c1ccc(-c2cc3cc4cc5cc6oc(-c7ccccc7)cc6cc5cc4cc3o2)cc1,1,1,True,48
5002,c1ccc(-c2cc3c(ccc4cc5c(ccc6oc(-c7ccccc7)cc65)cc43)o2)cc1,1,1,True,48
5003,c1ccc(-c2cc3ccc4cc5c(ccc6cc(-c7ccccc7)oc65)cc4c3o2)cc1,1,1,True,49
5004,COc1ccc(C#Cc2ccc(C#Cc3ccccc3C#N)cc2C#N)cc1,1,1,True,64
5005,CSc1ccc(C#Cc2ccc(C#Cc3ccccc3C#N)cc2C#N)cc1,1,1,True,64
5006,CN(C)c1ccc(C#Cc2ccc(C#Cc3ccccc3C#N)cc2C#N)cc1,1,1,True,64
5007,N#Cc1ccccc1C#Cc1ccc(C#Cc2ccc(N(c3ccccc3)c3ccccc3)cc2)c(C#N)c1,1,1,True,71
5008,COc1ccc(C#Cc2ccc(C#Cc3cc(C#N)ccc3C#N)cc2C#N)cc1,1,1,True,68
5009,CSc1ccc(C#Cc2ccc(C#Cc3cc(C#N)ccc3C#N)cc2C#N)cc1,1,1,True,67
5010,CN(C)c1ccc(C#Cc2ccc(C#Cc3cc(C#N)ccc3C#N)cc2C#N)cc1,1,1,True,68
5011,N#Cc1ccc(C#N)c(C#Cc2ccc(C#Cc3ccc(N(c4ccccc4)c4ccccc4)cc3)c(C#N)c2)c1,1,1,True,77
5012,COc1ccc(C#Cc2cc(C#N)c(C#Cc3ccccc3)cc2C#N)cc1,1,1,True,54
5013,CSc1ccc(C#Cc2cc(C#N)c(C#Cc3ccccc3)cc2C#N)cc1,1,1,True,54
5014,CN(C)c1ccc(C#Cc2cc(C#N)c(C#Cc3ccccc3)cc2C#N)cc1,1,1,True,54
5015,N#Cc1cc(C#Cc2ccc(N(c3ccccc3)c3ccccc3)cc2)c(C#N)cc1C#Cc1ccccc1,1,1,True,59
5016,COc1ccc(C#Cc2cc(C#N)c(C#Cc3ccccc3C#N)cc2C#N)cc1,1,1,True,60
5017,CSc1ccc(C#Cc2cc(C#N)c(C#Cc3ccccc3C#N)cc2C#N)cc1,1,1,True,60
5018,CN(C)c1ccc(C#Cc2cc(C#N)c(C#Cc3ccccc3C#N)cc2C#N)cc1,1,1,True,60
5019,N#Cc1ccccc1C#Cc1cc(C#N)c(C#Cc2ccc(N(c3ccccc3)c3ccccc3)cc2)cc1C#N,1,1,True,67
5020,COc1ccc(C#Cc2cc(C#N)c(C#Cc3cc(C#N)ccc3C#N)cc2C#N)cc1,1,1,True,63
5021,CSc1ccc(C#Cc2cc(C#N)c(C#Cc3cc(C#N)ccc3C#N)cc2C#N)cc1,1,1,True,62
5022,CN(C)c1ccc(C#Cc2cc(C#N)c(C#Cc3cc(C#N)ccc3C#N)cc2C#N)cc1,1,1,True,63
5023,N#Cc1ccc(C#N)c(C#Cc2cc(C#N)c(C#Cc3ccc(N(c4ccccc4)c4ccccc4)cc3)cc2C#N)c1,1,1,True,72
5024,N#Cc1ccc(N(c2ccc(C#N)cc2)c2ccc(C#Cc3cc(C#N)c(C#Cc4cc(C#N)ccc4C#N)cc3C#N)cc2)cc1,1,1,True,68
5025,COc1ccc(N(c2ccc(C#Cc3cc(C#N)c(C#Cc4cc(C#N)ccc4C#N)cc3C#N)cc2)c2ccc(OC)cc2)cc1,1,1,True,77
5026,N#Cc1ccc(C#N)c(C#Cc2cc(C#N)c(C#Cc3ccc(N(c4ccc(-c5ccccc5)cc4)c4ccc(-c5ccccc5)cc4)cc3)cc2C#N)c1,1,1,True,82
5027,N#Cc1ccc(-c2ccc(N(c3ccc(C#Cc4cc(C#N)c(C#Cc5cc(C#N)ccc5C#N)cc4C#N)cc3)c3ccc(-c4ccc(C#N)cc4)cc3)cc2)cc1,1,1,True,80
5028,COc1ccc(-c2ccc(N(c3ccc(C#Cc4cc(C#N)c(C#Cc5cc(C#N)ccc5C#N)cc4C#N)cc3)c3ccc(-c4ccc(OC)cc4)cc3)cc2)cc1,1,1,True,87
5029,CC1=[N+]2C(=C(c3ccc(C(OC(=O)c4ccccc4)C(=O)NC(C)(C)C)cc3)c3ccc(C)n3[B-]2(F)F)C=C1,1,1,True,99
5030,CCC1=[N+]2C(=C(c3ccc(C(OC(=O)c4ccccc4)C(=O)NC(C)(C)C)cc3)c3ccc(CC)n3[B-]2(F)F)C=C1,1,1,True,107
5031,CC(C)(C)NC(=O)C(OC(=O)c1ccccc1)c1ccc(C2=C3C=CC=[N+]3[B-](F)(F)n3cccc32)s1,1,1,True,108
5032,CC1=[N+]2C(=C(c3ccc(C(OC(=O)c4ccccc4)C(=O)NC(C)(C)C)s3)c3ccc(C)n3[B-]2(F)F)C=C1,1,1,True,105
5033,CC1=[N+]2C(=C(c3ccc(C(OC(=O)c4ccccc4)C(=O)NC(C)(C)C)cc3)c3cc(Br)c(C)n3[B-]2(F)F)C=C1Br,1,1,True,106
5034,CC(C)(C)NC(=O)C(OC(=O)c1ccccc1)C1=CC2=C(c3ccccc3)c3cccn3[B-](F)(F)[N+]2=C1,1,1,True,94
5035,Cc1cc(C)c(C2=C3C=C(C(OC(=O)c4ccccc4)C(=O)NC(C)(C)C)C=[N+]3[B-](F)(F)n3cccc32)c(C)c1,1,1,True,104
5036,CC(C)(C)NC(=O)C(OC(=O)c1ccccc1)C1=CC2=C(c3ccc(Br)cc3)c3cccn3[B-](F)(F)[N+]2=C1,1,1,True,102
5037,CC(C)(C)NC(=O)C(OC(=O)c1ccccc1)C1=CC2=C(c3ccc(C(F)(F)F)cc3)c3cccn3[B-](F)(F)[N+]2=C1,1,1,True,105
5038,CC(C)(C)NC(=O)C(OC(=O)c1ccccc1)C1=CC2=C(c3cccs3)c3cccn3[B-](F)(F)[N+]2=C1,1,1,True,103
5039,CNc1ncnc2cc(-c3ccccc3)n3nc(-c4ccccc4)cc3c12,1,1,True,71
5040,CNc1ncnc2cc(-c3ccc(C#N)cc3)n3nc(-c4ccccc4)cc3c12,1,1,True,84
5041,CNc1ncnc2cc(-c3ccc(C(F)(F)F)cc3)n3nc(-c4ccccc4)cc3c12,1,1,True,84
5042,CNc1ncnc2cc(-c3ccc(OC)cc3)n3nc(-c4ccccc4)cc3c12,1,1,True,83
5043,CNc1ncnc2cc(-c3ccc(N(C)C)cc3)n3nc(-c4ccccc4)cc3c12,1,1,True,83
5044,CNc1ncnc2cc(-c3ccccc3)n3nc(-c4ccc(C#N)cc4)cc3c12,1,1,True,84
5045,CNc1ncnc2cc(-c3ccccc3)n3nc(-c4ccc(C(F)(F)F)cc4)cc3c12,1,1,True,83
5046,CNc1ncnc2cc(-c3ccccc3)n3nc(-c4ccc(OC)cc4)cc3c12,1,1,True,83
5047,CNc1ncnc2cc(-c3ccccc3)n3nc(-c4ccc(N(C)C)cc4)cc3c12,1,1,True,82
5048,CC(=O)N(C)c1ncnc2cc(-c3ccc(N(C)C)cc3)n3nc(-c4ccccc4)cc3c12,1,1,True,89
5049,CC(=O)N(C)c1ncnc2cc(-c3ccccc3)n3nc(-c4ccc(N(C)C)cc4)cc3c12,1,1,True,88
5050,CNc1ncnc2cc(-c3ccc(N(C)C)cc3)n3nc(-c4ccc(N(C)C)cc4)cc3c12,1,1,True,78
5051,CC(=O)N(C)c1ncnc2cc(-c3ccc(N(C)C)cc3)n3nc(-c4ccc(N(C)C)cc4)cc3c12,1,1,True,84
5052,CCCc1cc2c3c(NC)ncnc3cc(CCC)n2n1,1,1,True,64
5053,CCCc1cc2ncnc(NC)c2c2cc(C3CCCCC3)nn12,1,1,True,76
5054,COc1ccc(/C=c2\o/c(=C\c3ccccc3)c3ccccc23)cc1,1,1,True,52
5055,CSc1ccc(/C=c2\o/c(=C\c3ccccc3)c3ccccc23)cc1,1,1,True,52
5056,CC(C)(C)c1ccc(/C=c2\o/c(=C\c3ccccc3)c3ccccc23)cc1,1,1,True,52
5057,Cc1ccc(/C=c2\o/c(=C\c3ccccc3)c3ccccc23)cc1,1,1,True,48
5058,CN(C)c1ccc(/C=c2\o/c(=C\c3ccccc3)c3ccccc23)cc1,1,1,True,52
5059,C(\c1ccccc1)=c1\o/c(=C\c2ccc(N3CCCC3)cc2)c2ccccc12,1,1,True,60
5060,C(\c1ccccc1)=c1\o/c(=C\c2ccc(N3CCCCC3)cc2)c2ccccc12,1,1,True,62
5061,C(\c1ccccc1)=c1\o/c(=C\c2ccc(N3CCOCC3)cc2)c2ccccc12,1,1,True,62
5062,COc1ccccc1/C=c1\o/c(=C\c2ccccc2)c2ccccc12,1,1,True,57
5063,COc1ccc(/C=c2\o/c(=C\c3ccccc3)c3ccccc23)cc1OC,1,1,True,61
5064,COc1ccc(/C=c2\o/c(=C\c3ccccc3)c3ccccc23)c(OC)c1,1,1,True,67
5065,COc1ccc(/C=c2\o/c(=C\c3ccc(N(C)C)cc3)c3ccccc23)cc1,1,1,True,57
5066,Cc1ccc(/C=c2\o/c(=C\c3ccc(N(C)C)cc3)c3ccccc23)cc1,1,1,True,53
5067,CN(C)c1ccc(/C=c2\o/c(=C\c3ccc(Cl)cc3)c3ccccc23)cc1,1,1,True,54
5068,CN(C)c1ccc(/C=c2\o/c(=C\c3ccc(C(F)(F)F)cc3)c3ccccc23)cc1,1,1,True,58
5069,CN(C)c1ccc(/C=c2\o/c(=C\c3ccc(C#N)cc3)c3ccccc23)cc1,1,1,True,57
5070,COc1ccccc1/C=c1\o/c(=C\c2ccc(N(C)C)cc2)c2ccccc12,1,1,True,65
5071,CN(C)c1ccc(/C=c2\o/c(=C\c3ccccc3Cl)c3ccccc23)cc1,1,1,True,64
5072,CN(C)c1ccc(/C=c2\o/c(=C\c3cccc(Cl)c3)c3ccccc23)cc1,1,1,True,63
5073,CN(C)c1ccc(/C=c2\o/c(=C\c3ccc4ccccc4c3)c3ccccc23)cc1,1,1,True,68
5074,Cc1ccc2/c(=C/c3ccc(N(C)C)cc3)o/c(=C\c3ccccc3)c2c1,1,1,True,66
5075,CN(C)c1ccc(/C=c2\o/c(=C\c3ccccc3)c3cc(Cl)ccc23)cc1,1,1,True,67
5076,COc1ccc(/C=c2\o/c(=C\c3ccc(N(C)C)cc3)c3cc(OC)c(OC)cc23)cc1,1,1,True,61
5077,CN(C)c1ccc(/C=c2\o/c(=C\c3ccc(F)cc3)c3cc(F)ccc23)cc1,1,1,True,64
5078,OCc1ccc(/C=c2\o/c(=C\c3ccc(N4CCCCC4)cc3)c3ccccc23)cc1,1,1,True,68
5079,N#Cc1ccc2/c(=C/c3ccc(N4CCCCC4)cc3)o/c(=C\c3ccccc3)c2c1,1,1,True,81
5080,N#Cc1ccc(/C=c2\o/c(=C\c3ccc(N4CCCCC4)cc3)c3ccccc23)cc1,1,1,True,68
5081,CCCCn1c2cc(-c3ccc(/C=C(\C#N)C(=O)O)s3)ccc2c2ccc(N(c3ccccc3)c3ccccc3)cc21,1,1,True,105
5082,CCCCn1c2cc(-c3ccc(-c4ccc(/C=C(\C#N)C(=O)O)s4)s3)ccc2c2ccc(N(c3ccccc3)c3ccccc3)cc21,1,1,True,115
5083,CCCCn1c2cc(-c3cccs3)ccc2c2ccc(N(c3ccccc3)c3ccccc3)cc21,1,1,True,83
5084,CCCCn1c2cc(-c3ccc(-c4cccc(C=O)c4)s3)ccc2c2ccc(N(c3ccccc3)c3ccccc3)cc21,1,1,True,102
5085,CCCCn1c2cc(-c3ccc(-c4ccc(C=O)cc4)s3)ccc2c2ccc(N(c3ccccc3)c3ccccc3)cc21,1,1,True,100
5086,CCCCn1c2cc(-c3ccc(-c4ccc(-c5ccc(C=O)s5)s4)s3)ccc2c2ccc(N(c3ccccc3)c3ccccc3)cc21,1,1,True,104
5087,CCCCn1c2cc(-c3ccc(-c4ccc5c(c4)C(CC)(CC)c4cc(C=O)ccc4-5)s3)ccc2c2ccc(N(c3ccccc3)c3ccccc3)cc21,1,1,True,123
5088,CCCCn1c2cc(C=O)ccc2c2ccc(-c3ccc(-c4ccc5c6ccc(N(c7ccccc7)c7ccccc7)cc6n(CCCC)c5c4)s3)cc21,1,1,True,102
5089,CCCCn1c2cc(-c3ccc(-c4ccc(/C=C(\C#N)C(=O)O)cc4)s3)ccc2c2ccc(N(c3ccccc3)c3ccccc3)cc21,1,1,True,113
5090,CCCCn1c2cc(-c3ccc(-c4cccc(/C=C(\C#N)C(=O)O)c4)s3)ccc2c2ccc(N(c3ccccc3)c3ccccc3)cc21,1,1,True,113
5091,CCCCn1c2cc(-c3ccc(-c4ccc(-c5ccc(/C=C(\C#N)C(=O)O)s5)s4)s3)ccc2c2ccc(N(c3ccccc3)c3ccccc3)cc21,1,1,True,118
5092,CCCCn1c2cc(-c3ccc(-c4ccc5c(c4)C(CC)(CC)c4cc(/C=C(\C#N)C(=O)O)ccc4-5)s3)ccc2c2ccc(N(c3ccccc3)c3ccccc3)cc21,1,1,True,138
5093,CCCCn1c2cc(/C=C(\C#N)C(=O)O)ccc2c2ccc(-c3ccc(-c4ccc5c6ccc(N(c7ccccc7)c7ccccc7)cc6n(CCCC)c5c4)s3)cc21,1,1,True,114
5094,CCCCn1c(-c2cccs2)nc2c3cccnc3c3ncccc3c21,1,1,True,74
5095,CCCCn1c(-c2ccc(Br)s2)nc2c3cccnc3c3ncccc3c21,1,1,True,75
5096,CCCCn1c(-c2ccc(-c3ccncc3)s2)nc2c3cccnc3c3ncccc3c21,1,1,True,87
5097,CCCCn1c(-c2ccc(-c3ccc(C(=O)OCC)cc3)s2)nc2c3cccnc3c3ncccc3c21,1,1,True,101
5098,CCCCn1c(-c2ccc(-c3ccc(N(c4ccccc4)c4ccccc4)cc3)s2)nc2c3cccnc3c3ncccc3c21,1,1,True,100
5099,CCCCn1c(-c2ccc(-c3ccc4c(c3)c3ccccc3n4-c3ccccc3)s2)nc2c3cccnc3c3ncccc3c21,1,1,True,119
5100,CCCCn1c(-c2ccc(-c3cccs3)s2)nc2c3cccnc3c3ncccc3c21,1,1,True,88
5101,CCCCn1c(-c2ccc(-c3ccc(C=O)s3)s2)nc2c3cccnc3c3ncccc3c21,1,1,True,89
5102,CCCCn1c(-c2ccc(-c3ccc(C=O)o3)s2)nc2c3cccnc3c3ncccc3c21,1,1,True,96
5103,CCCCn1c(-c2ccc(-c3cccc4c3sc3ccccc34)s2)nc2c3cccnc3c3ncccc3c21,1,1,True,108
5104,COC(=O)C(C)(C)C1Oc2ccccc2C(=O)/C1=C\O,1,1,True,59
5105,COC(=O)C(C)(C)C1Oc2ccc(F)cc2C(=O)/C1=C\O,1,1,True,64
5106,COC(=O)C(C)(C)C1Oc2ccc(OC)cc2C(=O)/C1=C\O,1,1,True,66
5107,COC(=O)C(C)(C)C1Oc2c(Br)cc(Br)cc2C(=O)/C1=C\O,1,1,True,64
5108,COC(=O)C(C)(C)C1Oc2ccccc2C(=O)/C1=C\NS(=O)(=O)c1ccc(C)cc1,1,1,True,81
5109,COC(=O)C(C)(C)C1Oc2ccc(F)cc2C(=O)/C1=C\NS(=O)(=O)c1ccc(C)cc1,1,1,True,87
5110,COC(=O)C(C)(C)C1Oc2ccc(Cl)cc2C(=O)/C1=C\NS(=O)(=O)c1ccc(C)cc1,1,1,True,86
5111,COC(=O)C(C)(C)C1Oc2ccc(Br)cc2C(=O)/C1=C\NS(=O)(=O)c1ccc(C)cc1,1,1,True,87
5112,COC(=O)C(C)(C)C1Oc2ccc(C)cc2C(=O)/C1=C\NS(=O)(=O)c1ccc(C)cc1,1,1,True,80
5113,CCc1ccc2c(c1)C(=O)/C(=C\NS(=O)(=O)c1ccc(C)cc1)C(C(C)(C)C(=O)OC)O2,1,1,True,90
5114,COC(=O)C(C)(C)C1Oc2ccc(C(C)C)cc2C(=O)/C1=C\NS(=O)(=O)c1ccc(C)cc1,1,1,True,91
5115,COC(=O)C(C)(C)C1Oc2ccc(OC)cc2C(=O)/C1=C\NS(=O)(=O)c1ccc(C)cc1,1,1,True,89
5116,COC(=O)C(C)(C)C1Oc2ccccc2C(=O)/C1=C\NS(=O)(=O)c1ccc(OC)cc1,1,1,True,83
5117,COC(=O)C(C)(C)C1Oc2ccc(C)cc2C(=O)/C1=C\NS(=O)(=O)c1ccc(OC)cc1,1,1,True,85
5118,COC(=O)C(C)(C)C1Oc2ccc(OC)cc2C(=O)/C1=C\NS(=O)(=O)c1ccc(OC)cc1,1,1,True,87
5119,F[B-]1(F)n2c(c3cccc4cccc2c43)=Nc2cccc[n+]21,1,1,True,66
5120,Cc1cccc2[n+]1[B-](F)(F)n1c(c3cccc4cccc1c43)=N2,1,1,True,69
5121,F[B-]1(F)n2c(c3cccc4cccc2c43)=Nc2cccc(Cl)[n+]21,1,1,True,69
5122,F[B-]1(F)n2c(c3cccc4cccc2c43)=Nc2ccc3ccccc3[n+]21,1,1,True,75
5123,Cc1csc2[n+]1[B-](F)(F)n1c(c3cccc4cccc1c43)=N2,1,1,True,72
5124,F[B-]1(F)n2c(c3cccc4cccc2c43)=Nc2sc3ccccc3[n+]21,1,1,True,79
5125,CC(C)(C)c1ccc2c(c1)sc1[n+]2[B-](F)(F)n2c(c3cccc4cccc2c43)=N1,1,1,True,88
5126,CC(C)(C)c1ccc2c(c1)sc1[n+]2[B-](F)(F)n2c(c3cccc4c(Br)ccc2c43)=N1,1,1,True,92
5127,N#CC1=c2c3cccc4cccc(c43)n2[B-](F)(F)[n+]2ccccc21,1,1,True,70
5128,N#CC1=c2c3cccc4c(Br)ccc(c43)n2[B-](F)(F)[n+]2ccccc21,1,1,True,75
5129,CC(C)(C)c1ccc2c(c1)sc1[n+]2[B-](F)(F)n2c(c3cccc4cccc2c43)=C1C#N,1,1,True,94
5130,CC(C)(C)c1ccc2c(c1)sc1[n+]2[B-](F)(F)n2c(c3cccc4c(Br)ccc2c43)=C1C#N,1,1,True,98
5131,CCCCCCNc1cccc2[n+]1[B-](F)(F)n1c(c3cccc4cccc1c43)=N2,1,1,True,91
5132,OCCSc1cccc2[n+]1[B-](F)(F)n1c(c3cccc4cccc1c43)=N2,1,1,True,80
5133,CN(C)c1ccc(-n2nc(-c3cccc(Cl)c3)ccc2=O)cc1,1,1,True,62
5134,CCOc1ccccc1-c1ccc(=O)n(-c2ccc(N(C)C)cc2)n1,1,1,True,67
5135,CN(C)c1ccc(-n2nc(Cl)ccc2=O)cc1,1,1,True,43
5136,O=c1ccc(-c2cccc(Cl)c2)nn1-c1nc2ccccc2s1,1,1,True,68
5137,O=c1ccc(-c2ccccc2)nn1-c1nc2ccccc2s1,1,1,True,61
5138,O=c1ccc(-c2cccc(Cl)c2)nn1-c1cnc2ccccc2c1,1,1,True,73
5139,O=c1ccc(-c2cccc(Cl)c2)nn1-c1ccnc2ccccc12,1,1,True,71
5140,O=c1ccc(-c2cccc(Cl)c2)nn1-c1cccs1,1,1,True,56
5141,O=Cc1c2ccccc2n2c(-c3ccccc3)c(-c3ccccc3)c(-c3ccccc3)c(-c3ccccc3)c12,1,1,True,66
5142,COc1ccc(-c2c(-c3ccc(OC)cc3)c(-c3ccc(OC)cc3)n3c(c2-c2ccc(OC)cc2)c(C=O)c2ccccc23)cc1,1,1,True,81
5143,Cc1ccc(-c2c(-c3ccc(C)cc3)c(-c3ccc(C)cc3)n3c(c2-c2ccc(C)cc2)c(C=O)c2ccccc23)cc1,1,1,True,73
5144,COc1ccc(-c2c(-c3ccc(OC)cc3)c(-c3ccc(OC)cc3)n3c(c2-c2ccc(OC)cc2)c(C=O)c2cc(Br)ccc23)cc1,1,1,True,85
5145,Cc1ccc(-c2c(-c3ccc(C)cc3)c(-c3ccc(C)cc3)n3c(c2-c2ccc(C)cc2)c(C=O)c2cc(Br)ccc23)cc1,1,1,True,78
5146,COc1ccc2c(c1)c(C=O)c1c(-c3ccccc3)c(-c3ccccc3)c(-c3ccccc3)c(-c3ccccc3)n12,1,1,True,78
5147,COc1ccc(-c2c(-c3ccc(OC)cc3)c(-c3ccc(OC)cc3)n3c(c2-c2ccc(OC)cc2)c(C=O)c2cc(OC)ccc23)cc1,1,1,True,83
5148,COc1ccc2c(c1)c(C=O)c1c(-c3ccc(C)cc3)c(-c3ccc(C)cc3)c(-c3ccc(C)cc3)c(-c3ccc(C)cc3)n12,1,1,True,82
5149,CC(=O)c1c2ccccc2n2c(-c3ccccc3)c(-c3ccccc3)c(-c3ccccc3)c(-c3ccccc3)c12,1,1,True,67
5150,COc1ccc(-c2c(-c3ccc(OC)cc3)c(-c3ccc(OC)cc3)n3c(c2-c2ccc(OC)cc2)c(C(C)=O)c2ccccc23)cc1,1,1,True,80
5151,CC(=O)c1c2ccccc2n2c(-c3ccc(C)cc3)c(-c3ccc(C)cc3)c(-c3ccc(C)cc3)c(-c3ccc(C)cc3)c12,1,1,True,72
5152,O=Cc1c2cc(OCc3ccccc3)ccc2n2c(-c3ccccc3)c(-c3ccccc3)c(-c3ccccc3)c(-c3ccccc3)c12,1,1,True,90
5153,CCc1c(CC)c(CC)n2c(c1CC)c(C=O)c1ccccc12,1,1,True,57
5154,CCc1c(CC)c(CC)n2c(c1CC)c(C=O)c1cc(Br)ccc12,1,1,True,60
5155,CCCc1c(CCC)c(CCC)n2c(c1CCC)c(C=O)c1ccccc12,1,1,True,63
5156,CCCc1c(CCC)c(CCC)n2c(c1CCC)c(C=O)c1cc(Br)ccc12,1,1,True,68
5157,CCCc1c(CCC)c(CCC)n2c(c1CCC)c(C=O)c1cc(OC)ccc12,1,1,True,71
5158,COCCOCCN1C(=O)C2=C(c3ccc(Br)cc3)N(CCOCCOC)C(=O)C2=C1c1ccc(Br)cc1,1,1,True,57
5159,COCCOCCN1C(=O)C2=C(c3ccc(I)cc3)N(CCOCCOC)C(=O)C2=C1c1ccc(I)cc1,1,1,True,57
5160,COCCOCCOCCN1C(=O)C2=C(c3ccc(OC)cc3)N(CCOCCOCCOC)C(=O)C2=C1c1ccc(OC)cc1,1,1,True,63
5161,COCCOCCOCCN1C(=O)C2=C(c3ccncc3)N(CCOCCOCCOC)C(=O)C2=C1c1ccncc1,1,1,True,61
5162,COCCOCCOCCN1C(=O)C2=C(c3ccncc3)NC(=O)C2=C1c1ccncc1,1,1,True,80
5163,COCCOCCOCCOc1cc(/C=C/c2ccc(C3=C4C(=O)N(CCOCCOC)C(c5ccc(/C=C/c6cc(OCCOCCOCCOC)c(OCCOCCOCCOC)c(OCCOCCOCCOC)c6)cc5)=C4C(=O)N3CCOCCOC)cc2)cc(OCCOCCOCCOC)c1OCCOCCOCCOC,1,1,True,98
5164,COCCOCCN1C(=O)C2=C(c3ccc(/C=C/c4ccc(N(c5ccccc5)c5ccccc5)cc4)cc3)N(CCOCCOC)C(=O)C2=C1c1ccc(/C=C/c2ccc(N(c3ccccc3)c3ccccc3)cc2)cc1,1,1,True,86
5165,F[B-]1(F)N2C=CC=CC2=N/[N+]1=C/c1ccc(-c2cccs2)cc1,1,1,True,69
5166,F[B-]1(F)N2C=C(Cl)C=CC2=N/[N+]1=C/c1ccc(-c2cccs2)cc1,1,1,True,74
5167,F[B-]1(F)N2C=C(Br)C=CC2=N/[N+]1=C/c1ccc(-c2cccs2)cc1,1,1,True,72
5168,F[B-]1(F)N2C=C(I)C=CC2=N/[N+]1=C/c1ccc(-c2cccs2)cc1,1,1,True,74
5169,F[B-]1(F)N2C=C(Br)C=CC2=N/[N+]1=C/c1cccs1,1,1,True,58
5170,F[B-]1(F)N2C=C(n3cc(-c4ccccc4)nn3)C=CC2=N/[N+]1=C/c1ccc(-c2cccs2)cc1,1,1,True,105
5171,C#CC1=CN2C(=N/[N+](=C/c3ccc(-c4cccs4)cc3)[B-]2(F)F)C=C1,1,1,True,79
5172,CC(C)=[N+]1N=C2C=CC(Br)=CN2[B-]1(F)F,1,1,True,43
5173,CC(C)=[N+]1N=C2C=CC(I)=CN2[B-]1(F)F,1,1,True,44
5174,CO[B-]1(OC)N2C=C(Br)C=CC2=N[N+]1=C(C)C,1,1,True,46
5175,CO[B-]1(OC)N2C=C(I)C=CC2=N[N+]1=C(C)C,1,1,True,47
5176,c1cc(-c2nc3sc(-c4ccncc4)nc3s2)ccn1,1,1,True,31
5177,c1cc(-c2nc3sc(-c4cc[nH+]cc4)nc3s2)cc[nH+]1,1,1,True,32
5178,C[n+]1ccc(-c2nc3sc(-c4cc[n+](C)cc4)nc3s2)cc1,1,1,True,34
5179,CCCCCCCC[n+]1ccc(-c2nc3sc(-c4cc[n+](CCCCCCCC)cc4)nc3s2)cc1,1,1,True,56
5180,c1ccc(C[n+]2ccc(-c3nc4sc(-c5cc[n+](Cc6ccccc6)cc5)nc4s3)cc2)cc1,1,1,True,49
5181,COc1ccc(/C=C/c2ccc3ccccc3[nH+]2)cc1,1,1,True,57
5182,C(=C/c1ccc2ccccc2[nH+]1)\c1ccc(N(c2ccccc2)c2ccccc2)cc1,1,1,True,63
5183,COc1ccc2cc(/C=C/c3ccc4ccccc4[nH+]3)ccc2c1,1,1,True,68
5184,COc1ccc(/C=C/c2cc[nH+]c3ccccc23)cc1,1,1,True,58
5185,C(=C/c1cc[nH+]c2ccccc12)\c1ccc(N(c2ccccc2)c2ccccc2)cc1,1,1,True,65
5186,COc1ccc2cc(/C=C/c3cc[nH+]c4ccccc34)ccc2c1,1,1,True,71
5187,COc1ccc(/C=C/c2[nH+]ccc3ccccc23)cc1,1,1,True,57
5188,C(=C/c1[nH+]ccc2ccccc12)\c1ccc(N(c2ccccc2)c2ccccc2)cc1,1,1,True,63
5189,c1ccc(N(c2ccccc2)c2ccc(-c3ccc4ccccc4[nH+]3)cc2)cc1,1,1,True,56
5190,CCOC(=O)c1cc(N2CCC2)c(C(=O)OCC)cc1N1CCC1,1,1,True,38
5191,CCOC(=O)c1ccc(N2CCC2)cc1,1,1,True,42
5192,CCOC(=O)c1ccccc1N1CCC1,1,1,True,44
5193,CCOC(=O)c1ccc(C(=O)OCC)c(N2CCC2)c1,1,1,True,54
5194,COC(=O)c1cc(N2CCC2)ccc1N1CCC1,1,1,True,47
5195,Fc1ccc(/C=C/N(c2ccccc2)c2ccccc2)cc1,1,1,True,41
5196,Clc1ccc(/C=C/N(c2ccccc2)c2ccccc2)cc1,1,1,True,42
5197,Brc1ccc(/C=C/N(c2ccccc2)c2ccccc2)cc1,1,1,True,42
5198,Ic1ccc(/C=C/N(c2ccccc2)c2ccccc2)cc1,1,1,True,41
5199,C(=C/N(c1ccccc1)c1ccccc1)\c1ccc(-c2cccc3nsnc23)cc1,1,1,True,70
5200,N#Cc1ccc(/C=C/N(c2ccccc2)c2ccccc2)cc1,1,1,True,46
5201,COC(=O)c1ccc(/C=C/N(c2ccccc2)c2ccccc2)cc1,1,1,True,53
5202,CC(=O)c1ccc(/C=C/N(c2ccccc2)c2ccccc2)cc1,1,1,True,47
5203,O=Cc1ccc(/C=C/N(c2ccccc2)c2ccccc2)cc1,1,1,True,43
5204,O=[N+]([O-])c1ccc(/C=C/N(c2ccccc2)c2ccccc2)cc1,1,1,True,48
5205,O=[N+]([O-])c1cccc(/C=C/N(c2ccccc2)c2ccccc2)c1,1,1,True,51
5206,O=[N+]([O-])c1ccccc1/C=C/N(c1ccccc1)c1ccccc1,1,1,True,48
5207,COc1ccc(N(/C=C/c2ccc([N+](=O)[O-])cc2)c2ccc(OC)cc2)cc1,1,1,True,54
5208,O=[N+]([O-])c1ccc(/C=C/N2c3ccccc3Oc3ccccc32)cc1,1,1,True,58
5209,C/C(=C\N(c1ccccc1)c1ccccc1)c1ccc([N+](=O)[O-])cc1,1,1,True,51
5210,O=[N+]([O-])c1ccc(-c2ccc(/C=C/N(c3ccccc3)c3ccccc3)cc2)cc1,1,1,True,58
5211,COC1=NC2(C(C#N)=C(N)Oc3ccccc32)C(c2ccc(N(C)C)cc2)=C1C#N,1,1,True,80
5212,CCOC1=NC2(C(C#N)=C(N)Oc3ccccc32)C(c2ccc(N(C)C)cc2)=C1C#N,1,1,True,84
5213,COCCOCCOCCOC1=NC2(C(C#N)=C(N)Oc3ccccc32)C(c2ccc(N(C)C)cc2)=C1C#N,1,1,True,102
5214,COCCOCCOC1=NC2(C(C#N)=C(N)Oc3ccccc32)C(c2ccc(N(C)C)cc2)=C1C#N,1,1,True,99
5215,CN(C)c1ccc(C2=C(C#N)C(OCC(O)CO)=NC23C(C#N)=C(N)Oc2ccccc23)cc1,1,1,True,95
5216,CN(C)c1ccc(C2=C(C#N)C(NCCN)=NC23C(C#N)=C(N)Oc2ccccc23)cc1,1,1,True,89
5217,CN(C)c1ccc(C2=C(C#N)C(NCCO)=NC23C(C#N)=C(N)Oc2ccccc23)cc1,1,1,True,90
5218,COC1=NC2(C(C#N)=C(N)Oc3ccc4ccccc4c32)C(c2ccc(N(C)C)cc2)=C1C#N,1,1,True,92
5219,COC1=NC2(C(C#N)=C(N)Oc3ccccc32)C(c2ccc(-c3ccc(N(C)C)cc3)s2)=C1C#N,1,1,True,96
5220,COCCOCCOCCN1c2ccccc2Sc2cc(C3=C(C#N)C(OC)=NC34C(C#N)=C(N)Oc3ccccc34)ccc21,1,1,True,130
5221,COCCOCCOCCN1c2ccccc2Sc2cc(C3=C(C#N)C(NCCN)=NC34C(C#N)=C(N)Oc3ccccc34)ccc21,1,1,True,140
5222,CCC(=O)c1ccc2cc(N(C)C)ccc2c1,1,1,True,47
5223,C#Cc1ccc2cc(N(C)C)ccc2c1,1,1,True,41
5224,CC(C)n1nc(C#CC(=O)c2ccc3cc(N(C)C)ccc3c2)c2c(N)ncnc21,1,1,True,91
5225,CC(C)n1nc(CCC(=O)c2ccc3cc(N(C)C)ccc3c2)c2c(N)ncnc21,1,1,True,90
5226,CC(C)n1nc(C#Cc2ccc3cc(N(C)C)ccc3c2)c2c(N)ncnc21,1,1,True,81
5227,CC(C)n1nc(/C=C/c2ccc3cc(N(C)C)ccc3c2)c2c(N)ncnc21,1,1,True,84
5228,CC(C)n1nc(CCc2ccc3cc(N(C)C)ccc3c2)c2c(N)ncnc21,1,1,True,83
5229,c1ccc(N(c2ccccc2)c2ccc([P+](c3ccccc3)(c3ccccc3)c3ccccc3)cc2)cc1,1,1,True,40
5230,c1ccc(N(c2ccccc2)c2ccc(-c3ccc([P+](c4ccccc4)(c4ccccc4)c4ccccc4)cc3)cc2)cc1,1,1,True,50
5231,c1ccc([P+](c2ccccc2)(c2ccccc2)c2ccc(-c3ccc(-n4c5ccccc5c5ccccc54)cc3)cc2)cc1,1,1,True,59
5232,c1ccc(N(c2ccccc2)c2ccc(-c3ccc(-c4ccc([P+](c5ccccc5)(c5ccccc5)c5ccccc5)cc4)cc3)cc2)cc1,1,1,True,53
5233,c1ccc(N(c2ccccc2)c2ccc(-c3ccc(-c4ccc(-c5ccc([P+](c6ccccc6)(c6ccccc6)c6ccccc6)cc5)cc4)cc3)cc2)cc1,1,1,True,53
5234,c1ccc(N(c2ccccc2)c2ccc([P+](c3ccccc3)(c3ccccc3)c3ccccc3)c3ccccc23)cc1,1,1,True,56
5235,C[P+](c1ccccc1)(c1ccccc1)c1c2ccccc2c(N(c2ccccc2)c2ccccc2)c2ccccc12,1,1,True,51
5236,C[P+](c1ccccc1)(c1ccccc1)c1ccc(-c2ccc(N(c3ccccc3)c3ccccc3)cc2)c2ccccc12,1,1,True,67
5237,C[P+](c1ccccc1)(c1ccccc1)c1ccc(C#Cc2ccc(N(c3ccccc3)c3ccccc3)cc2)c2ccccc12,1,1,True,76
5238,C(#Cc1ccc([P+](CCC[P+](c2ccccc2)(c2ccccc2)c2ccc(N(c3ccccc3)c3ccccc3)cc2)(c2ccccc2)c2ccccc2)c2ccccc12)c1ccc(N(c2ccccc2)c2ccccc2)cc1,1,1,True,98
5239,CC1(C)C2=[N+](c3ccccc31)[B-](F)(F)n1cccc1-c1c2cc2n1CC=C2,1,1,True,89
5240,CC1(C)C2=[N+](c3ccc(Cl)cc31)[B-](F)(F)n1cccc1-c1c2cc2n1CC=C2,1,1,True,94
5241,CC1(C)C2=[N+](c3ccc(Br)cc31)[B-](F)(F)n1cccc1-c1c2cc2n1CC=C2,1,1,True,92
5242,COc1ccc2c(c1)C(C)(C)C1=[N+]2[B-](F)(F)n2cccc2-c2c1cc1n2CC=C1,1,1,True,99
5243,CCOC(=O)c1ccc2c(c1)C(C)(C)C1=[N+]2[B-](F)(F)n2cccc2-c2c1cc1n2CC=C1,1,1,True,110
5244,CN(C)c1nc(-c2ccc(Br)cc2)c(-c2ccc([N+](=O)[O-])s2)s1,1,1,True,62
5245,Cc1ccc(-c2nc(N(C)C)sc2-c2ccc([N+](=O)[O-])s2)cc1,1,1,True,62
5246,CCN(CC)c1nc(-c2ccccc2)c(-c2ccc([N+](=O)[O-])s2)s1,1,1,True,65
5247,CCN(CC)c1nc(-c2ccc(Br)cc2)c(-c2ccc([N+](=O)[O-])s2)s1,1,1,True,66
5248,CCN(CC)c1nc(-c2ccc(C)cc2)c(-c2ccc([N+](=O)[O-])s2)s1,1,1,True,66
5249,O=[N+]([O-])c1ccc(-c2sc(N3CCCCC3)nc2-c2ccccc2)s1,1,1,True,70
5250,Cc1ccc(-c2nc(N3CCCCC3)sc2-c2ccc([N+](=O)[O-])s2)cc1,1,1,True,72
5251,O=[N+]([O-])c1ccc(-c2sc(N3CCOCC3)nc2-c2ccccc2)s1,1,1,True,72
5252,O=[N+]([O-])c1ccc(-c2sc(N3CCOCC3)nc2-c2ccc(Br)cc2)s1,1,1,True,75
5253,Cc1ccc(-c2nc(N3CCOCC3)sc2-c2ccc([N+](=O)[O-])s2)cc1,1,1,True,74
5254,O=[N+]([O-])c1ccc(-c2sc(N3CCOCC3)nc2-c2ccco2)s1,1,1,True,71
5255,O=[N+]([O-])c1ccc(-c2sc(N(c3ccccc3)c3ccccc3)nc2-c2ccccc2)s1,1,1,True,67
5256,O=[N+]([O-])c1ccc(-c2sc(N(c3ccccc3)c3ccccc3)nc2-c2ccc(Br)cc2)s1,1,1,True,72
5257,Cc1ccc(-c2nc(N(c3ccccc3)c3ccccc3)sc2-c2ccc([N+](=O)[O-])s2)cc1,1,1,True,73
5258,O=[N+]([O-])c1ccc(-c2sc(N(c3ccccc3)c3ccccc3)nc2-c2cccs2)s1,1,1,True,72
5259,O=[N+]([O-])c1ccc(-c2sc(N(c3ccccc3)c3ccccc3)nc2-c2ccco2)s1,1,1,True,74
5260,O=[N+]([O-])c1ccc(-c2sc(N(c3ccccc3)c3ccccc3)nc2-c2ccc(-c3ccccc3)cc2)s1,1,1,True,77
5261,O=[N+]([O-])c1ccc(-c2sc(N(c3ccccc3)c3ccccc3)nc2-c2ccc3ccccc3c2)s1,1,1,True,82
5262,O=[N+]([O-])c1ccc(-c2sc(N(c3ccccc3)c3ccccc3)nc2-c2cc3ccccc3o2)s1,1,1,True,84
5263,O=[N+]([O-])c1ccc(-c2sc(N(c3ccccc3)c3ccccc3)nc2C(c2ccccc2)c2ccccc2)s1,1,1,True,73
5264,CN(C)c1nc(-c2ccccc2)c(-c2ccc([N+](=O)[O-])o2)s1,1,1,True,63
5265,CCN(CC)c1nc(-c2ccccc2)c(-c2ccc([N+](=O)[O-])o2)s1,1,1,True,67
5266,O=[N+]([O-])c1ccc(-c2sc(N3CCCCC3)nc2-c2ccccc2)o1,1,1,True,72
5267,O=[N+]([O-])c1ccc(-c2sc(N3CCOCC3)nc2-c2ccccc2)o1,1,1,True,73
5268,O=[N+]([O-])c1ccc(-c2sc(N(c3ccccc3)c3ccccc3)nc2-c2ccccc2)o1,1,1,True,68
5269,O=Cc1ccc(-c2sc(N(c3ccccc3)c3ccccc3)nc2-c2ccccc2)s1,1,1,True,65
5270,N#CC(C#N)=Cc1ccc(-c2sc(N(c3ccccc3)c3ccccc3)nc2-c2ccccc2)s1,1,1,True,78
5271,CCN1C(=O)C(=Cc2ccc(-c3sc(N(c4ccccc4)c4ccccc4)nc3-c3ccccc3)s2)C(=O)N(CC)C1=S,1,1,True,92
5272,CN(C)c1ccc(-c2nc(N(c3ccccc3)c3ccccc3)sc2-c2ccc([N+](=O)[O-])s2)cc1,1,1,True,76
5273,CCCCC(CC)CN1C(=O)C2=C(c3ccc(-c4nc(-c5ccccc5)c(-c5ccccc5)n4-c4ccccc4)cc3)N(CC(CC)CCCC)C(=O)C2=C1c1ccc(-c2nc(-c3ccccc3)c(-c3ccccc3)n2C)cc1,1,1,True,117
5274,CCCCC(CC)CN1C(=O)C2=C(c3ccc(-c4nc5c6ccccc6c6ccccc6c5n4-c4ccccc4)cc3)N(CC(CC)CCCC)C(=O)C2=C1c1ccc(-c2nc3c4ccccc4c4ccccc4c3n2C)cc1,1,1,True,124
5275,N#C/C(=C\C=C\c1ccccc1)c1ccc(N(c2ccccc2)c2ccccc2)cc1,1,1,True,58
5276,N#C/C(=C\C=C\c1ccccc1)c1ccc(N2c3ccccc3Cc3ccccc32)cc1,1,1,True,73
5277,CCCCCCCCC(=O)c1ccc2cc3cc(N(C)C)ccc3cc2c1,1,1,True,75
5278,CCCCn1c2ccc(-c3ccc(C=O)cc3)cc2c2cc(-c3ccc(C=O)cc3)ccc21,1,1,True,57
5279,CCCCN1c2ccc(-c3ccc(C=O)cc3)cc2C(C)(C)c2cc(-c3ccc(C=O)cc3)ccc21,1,1,True,64
5280,CCCCN1c2ccc(-c3ccc(C=O)cc3)cc2Oc2cc(-c3ccc(C=O)cc3)ccc21,1,1,True,63
5281,CCCCN1c2ccc(-c3ccc(C=O)cc3)cc2Sc2cc(-c3ccc(C=O)cc3)ccc21,1,1,True,62
5282,CN(C)c1ccc(C2=Nc3sc4ccccc4[n+]3[B-](F)(F)O2)cc1,1,1,True,70
5283,CN(C)c1ccc(C2=Nc3sc4cc(Br)ccc4[n+]3[B-](F)(F)O2)cc1,1,1,True,74
5284,CN(C)c1ccc(C2=Nc3sc4cc(-c5ccccc5)ccc4[n+]3[B-](F)(F)O2)cc1,1,1,True,84
5285,CN(C)c1ccc(C2=Nc3sc4cc(-c5ccc(C(F)(F)F)cc5)ccc4[n+]3[B-](F)(F)O2)cc1,1,1,True,89
5286,CN(C)c1ccc(C2=Nc3sc4cc(-c5ccc(C#N)cc5)ccc4[n+]3[B-](F)(F)O2)cc1,1,1,True,88
5287,COc1ccc(-c2ccc3c(c2)sc2[n+]3[B-](F)(F)OC(c3ccc(N(C)C)cc3)=N2)cc1,1,1,True,89
5288,CN(C)c1ccc(C2=Nc3sc4cc(-c5ccc(N(C)C)cc5)ccc4[n+]3[B-](F)(F)O2)cc1,1,1,True,80
5289,CN(C)c1ccc(C2=Nc3sc4cc(-c5cccs5)ccc4[n+]3[B-](F)(F)O2)cc1,1,1,True,88
5290,O=[N+]([O-])c1ccc(/C=C/c2ccc(-c3cc4ccccc4s3)s2)cc1,1,1,True,73
5291,N#CC(C#N)=Cc1ccc(/C=C/c2ccc(-c3cc4ccccc4s3)s2)cc1,1,1,True,77
5292,N#Cc1cc([N+](=O)[O-])ccc1/C=C/c1ccc(-c2cc3ccccc3s2)s1,1,1,True,84
5293,CCN(CC)c1c(F)cc2c(c1F)OC1=C(/C=C/C3=[N+](C)c4ccccc4C3(C)C)CCCC1=C2,1,1,True,106
5294,CCN(CCO)c1c(F)cc2c(c1F)OC1=C(/C=C/C3=[N+](C)c4ccccc4C3(C)C)CCCC1=C2,1,1,True,112
5295,CCCN(CCC)c1c(F)cc2c(c1F)OC1=C(/C=C/C3=[N+](C)c4ccccc4C3(C)C)CCCC1=C2,1,1,True,110
5296,C[N+]1=C(/C=C/C2=C3Oc4c(cc(F)c(N)c4F)C=C3CCC2)C(C)(C)c2ccccc21,1,1,True,96
5297,C[N+]1=C(/C=C/C2=C3Oc4c(cc(F)c(N5CCCC5)c4F)C=C3CCC2)C(C)(C)c2ccccc21,1,1,True,104
5298,C[N+]1=C(/C=C/C2=C3Oc4c(cc(F)c(N5CCCC5CO)c4F)C=C3CCC2)C(C)(C)c2ccccc21,1,1,True,116
5299,C[N+]1=C(/C=C/C2=C3Oc4c(cc(F)c(N5CCCCC5)c4F)C=C3CCC2)C(C)(C)c2ccccc21,1,1,True,106
5300,CC1CCCCN1c1c(F)cc2c(c1F)OC1=C(/C=C/C3=[N+](C)c4ccccc4C3(C)C)CCCC1=C2,1,1,True,114
5301,CC1CC(C)CN(c2c(F)cc3c(c2F)OC2=C(/C=C/C4=[N+](C)c5ccccc5C4(C)C)CCCC2=C3)C1,1,1,True,115
5302,C[N+]1=C(/C=C/C2=C3Oc4c(cc(F)c(N5CCC(C(=O)O)CC5)c4F)C=C3CCC2)C(C)(C)c2ccccc21,1,1,True,118
5303,C[N+]1=C(/C=C/C2=C3Oc4c(cc(F)c(N5CCCCCC5)c4F)C=C3CCC2)C(C)(C)c2ccccc21,1,1,True,109
5304,CN1CCN(c2c(F)cc3c(c2F)OC2=C(/C=C/C4=[N+](C)c5ccccc5C4(C)C)CCCC2=C3)CC1,1,1,True,110
5305,CCN1CCN(c2c(F)cc3c(c2F)OC2=C(/C=C/C4=[N+](C)c5ccccc5C4(C)C)CCCC2=C3)CC1,1,1,True,111
5306,C[N+]1=C(/C=C/C2=C3Oc4c(cc(F)c(N5CCN(C(=O)OC(C)(C)C)CC5)c4F)C=C3CCC2)C(C)(C)c2ccccc21,1,1,True,126
5307,C#CCN1CCN(c2c(F)cc3c(c2F)OC2=C(/C=C/C4=[N+](C)c5ccccc5C4(C)C)CCCC2=C3)CC1,1,1,True,119
5308,C[N+]1=C(/C=C/C2=C3Oc4c(cc(F)c(N5CCOCC5)c4F)C=C3CCC2)C(C)(C)c2ccccc21,1,1,True,108
5309,C[NH+]=C1c2cccn2[B-](F)(F)n2cccc21,1,1,True,37
5310,C#CC[NH+]=C1c2cccn2[B-](F)(F)n2cccc21,1,1,True,46
5311,C=CC[NH+]=C1c2cccn2[B-](F)(F)n2cccc21,1,1,True,46
5312,C[N+](C)=C1c2cccn2[B-](F)(F)n2cccc21,1,1,True,37
5313,CCn1c2ccccc2c2cc(C3=[O+][B-](F)(F)OC(c4ccc(OC)cc4)=C3)ccc21,1,1,True,89
5314,CCn1c2ccccc2c2cc(C3=[O+][B-](F)(F)OC(C)=C3)ccc21,1,1,True,73
5315,CCn1c2ccc(C3=[O+][B-](F)(F)OC(C)=C3)cc2c2cc(C3=[O+][B-](F)(F)OC(C)=C3)ccc21,1,1,True,60
5316,CCn1c2ccccc2c2cc(C3=CC(c4ccc5c(c4)c4ccccc4n5CC)=[O+][B-](F)(F)O3)ccc21,1,1,True,84
5317,CCOC(=O)c1cc(C#Cc2ccc3ccccc3c2)c(C(=O)OCC)cc1C#Cc1ccccc1,1,1,True,73
5318,CCOC(=O)c1cc(C#Cc2ccc3cc(N4CCC4)ccc3c2)c(C(=O)OCC)cc1C#Cc1ccccc1,1,1,True,88
5319,CCOC(=O)c1cc(C#Cc2ccc3cc(N4CCC4)ccc3c2)c(C(=O)OCC)cc1C#Cc1ccc([N+](=O)[O-])cc1,1,1,True,94
5320,FS(F)(F)(F)(F)c1ccc(-c2ccc(N(c3ccccc3)c3ccccc3)cc2)cc1,1,1,True,44
5321,FS(F)(F)(F)(F)c1ccc(/C=C/c2ccc(N(c3ccccc3)c3ccccc3)cc2)cc1,1,1,True,49
5322,FS(F)(F)(F)(F)c1ccc(C#Cc2ccc(N(c3ccccc3)c3ccccc3)cc2)cc1,1,1,True,49
5323,FS(F)(F)(F)(F)c1ccc(C#Cc2ccc(C#Cc3ccc(N(c4ccccc4)c4ccccc4)cc3)cc2)cc1,1,1,True,52
5324,FS(F)(F)(F)(F)c1ccc(/C=C/c2ccc(/C=C/c3ccc(N(c4ccccc4)c4ccccc4)cc3)cc2)cc1,1,1,True,52
5325,FS(F)(F)(F)(F)c1ccc(C#Cc2ccc(C#Cc3ccc(N(c4ccccc4)c4ccccc4)cc3)s2)cc1,1,1,True,62
5326,c1ccc(-c2nc3c(ccc4[nH]ccc43)o2)cc1,1,1,True,57
5327,CN(C)c1ccc2c(c1)C(C)(C)c1cc(C=O)ccc1-2,1,1,True,52
5328,CN(C)c1ccc2c(c1)C(C)(C)c1cc(C(=O)c3cn(C4CC(O)C(CO)O4)nn3)ccc1-2,1,1,True,101
5329,CCCCCCCCCCCCn1cc(C(=O)c2ccc3c(c2)C(C)(C)c2cc(N(C)C)ccc2-3)nn1,1,1,True,101
5330,CCCCCCCC[N+](C)(CCCn1cc(C(=O)c2ccc3c(c2)C(C)(C)c2cc(N(C)C)ccc2-3)nn1)CCCS(=O)(=O)[O-],1,1,True,127
5331,C(=C/c1c2ccccc2cc2ccccc12)\c1ccccc1/C=C/c1ccc2ccc3cccc4ccc1c2c34,1,1,True,78
5332,C(=C/c1c2ccccc2cc2ccccc12)\c1cccc(/C=C/c2ccc3ccc4cccc5ccc2c3c45)c1,1,1,True,82
5333,C(=C/c1c2ccccc2cc2ccccc12)\c1ccc(/C=C/c2ccc3ccc4cccc5ccc2c3c45)cc1,1,1,True,80
5334,C(=C\c1ccc2ccc3cccc4ccc1c2c34)\c1ccc(/C=C/c2c3ccccc3cc3ccccc23)cc1,1,1,True,80
5335,Nc1ccc(-c2ccc(N)cc2)cc1,1,1,True,17
5336,[C-]#[N+]c1ccc(-c2ccc(N)cc2)cc1,1,1,True,30
5337,[C-]#[N+]c1ccc(-c2ccc(NC)cc2)cc1,1,1,True,35
5338,[C-]#[N+]c1ccc(-c2ccc(N(C)C)cc2)cc1,1,1,True,35
5339,COC(=O)c1ccc(-c2ccc3c(c2)C(c2ccccc2)(c2ccccc2)c2cc(-c4ccc(C(=O)OC)cc4)ccc2N3)cc1,1,1,True,68
5340,COC(=O)c1ccc(-c2ccc3c(c2)[Si](c2ccccc2)(c2ccccc2)c2cc(-c4ccc(C(=O)OC)cc4)ccc2N3)cc1,1,1,True,69
5341,c1ccc(-c2ccc3c(c2)C(c2ccccc2)(c2ccccc2)c2cc(-c4ccccc4)ccc2N3)cc1,1,1,True,51
5342,C#CC(=O)c1ccc2c(c1)C(C)(C)c1cc(N(C)C)ccc1-2,1,1,True,59
5343,CCCCCCn1cc(C(=O)c2ccc3c(c2)C(C)(C)c2cc(N(C)C)ccc2-3)nn1,1,1,True,95
5344,CN(C)c1ccc2c(c1)C(C)(C)c1cc(C=C(C#N)C#N)ccc1-2,1,1,True,63
5345,CN(C)c1ccc2c(c1)C(C)(C)c1cc(-c3ccc4nsnc4c3)ccc1-2,1,1,True,74
5346,CCCCNC(=O)CCC(=O)c1ccc2c(c1)C(C)(C)c1cc(N(C)C)ccc1-2,1,1,True,83
5347,C=Cc1ccc2c(c1)C(C)(C)c1cc(N(C)C)ccc1-2,1,1,True,53
5348,CC1(C)c2cc(C=O)ccc2-c2ccc(N3CCCCCC3)cc21,1,1,True,65
5349,CC1(C)c2cc(C=O)ccc2-c2ccc(N3CCCCC3)cc21,1,1,True,62
5350,CC1(C)c2cc(C=O)ccc2-c2ccc(N3CCCC3)cc21,1,1,True,60
5351,CC1(C)c2cc(C=O)ccc2-c2ccc(N3CCC3)cc21,1,1,True,57
5352,CC1CN1c1ccc2c(c1)C(C)(C)c1cc(C=O)ccc1-2,1,1,True,59
5353,CC1(C)c2cc(C=O)ccc2-c2ccc(N3CCOCC3)cc21,1,1,True,66
5354,CC(C)(C)OC(=O)N1CCN(c2ccc3c(c2)C(C)(C)c2cc(C=O)ccc2-3)CC1,1,1,True,81
5355,CCN(CC)c1ccc(/C=C/C2=[O+][B-](F)(F)Oc3c2c(=O)oc2cc(N(CC)CC)ccc32)cc1,1,1,True,90
5356,CCN(CC)c1ccc2nc3c4ccccc4c(=O)cc-3oc2c1,1,1,True,72
5357,O=Cc1cc(N2CCCCC2)c2ccc3c(N4CCCCC4)cc(N4CCCCC4)c4ccc1c2c43,1,1,True,59
5358,O=Cc1cc(C=O)c2ccc3c(N4CCCCC4)cc(N4CCCCC4)c4ccc1c2c43,1,1,True,55
5359,O=Cc1cc(N2CCCCC2)c2ccc3c(C=O)cc(N4CCCCC4)c4ccc1c2c34,1,1,True,49
5360,O=Cc1cc(N2CCCCC2)c2ccc3c(N4CCCCC4)cc(C=O)c4ccc1c2c43,1,1,True,49
5361,O=Cc1cc(C=O)c2ccc3c(N4CCCCC4)cc(C=O)c4ccc1c2c43,1,1,True,58
5362,Cc1ccnc(-c2cc(/C=C/c3ccc(N4CCCC4)cc3)ccn2)c1,1,1,True,65
5363,CCCCN(CCCC)c1cc(OC)c(/C=C/c2ccnc(-c3cc(C)ccn3)c2)cc1OC,1,1,True,82
5364,COc1cc(N2CCCC2)c(OC)cc1/C=C/c1ccnc(-c2cc(C)ccn2)c1,1,1,True,77
5365,CCCCN(CCCC)c1cc(OC)c(/C=C/c2ccc(/C=C/c3ccnc(-c4cc(C)ccn4)c3)cc2)cc1OC,1,1,True,94
5366,COc1cc(N2CCCC2)c(OC)cc1/C=C/c1ccc(/C=C/c2ccnc(-c3cc(C)ccn3)c2)cc1,1,1,True,89
5367,CCCCOc1cc(/C=C/c2ccnc(-c3cc(C)ccn3)c2)c(OCCCC)cc1/C=C/c1ccc(N(CCCC)CCCC)cc1,1,1,True,93
5368,CCCCOc1cc(/C=C/c2cc(OC)c(N(CCCC)CCCC)cc2OC)c(OCCCC)cc1/C=C/c1ccnc(-c2cc(C)ccn2)c1,1,1,True,101
5369,CCCCOc1cc(/C=C/c2cc(OC)c(N3CCCC3)cc2OC)c(OCCCC)cc1/C=C/c1ccnc(-c2cc(C)ccn2)c1,1,1,True,99
5370,CCCCNC(=O)c1ccc2ccc3c(N4CCCCC4)ccc4ccc1c2c43,1,1,True,80
5371,CCN(CC)C(=O)c1ccc2ccc3c(N4CCCCC4)ccc4ccc1c2c43,1,1,True,74
5372,O=C(O)CCCNC(=O)c1ccc2ccc3c(N4CCCCC4)ccc4ccc1c2c43,1,1,True,83
5373,O=Cc1ccc(-c2ccc(N3CCCCC3)c3ccccc23)c2ccccc12,1,1,True,61
5374,CN(C)c1ccc2c(c1)CCc1cc(C=O)ccc1-2,1,1,True,50
5375,CN(C)c1ccc(-c2ccc(C=O)cc2)cc1,1,1,True,35
5376,Cc1cc(N(C)C)ccc1-c1ccc(C=O)cc1,1,1,True,44
5377,Cc1cc(C=O)ccc1-c1ccc(N(C)C)cc1,1,1,True,44
5378,Cc1cc(C=O)ccc1-c1ccc(N(C)C)cc1C,1,1,True,42
5379,Cc1cc(N(C)C)cc(C)c1-c1ccc(C=O)cc1,1,1,True,43
5380,Cc1cc(C=O)cc(C)c1-c1ccc(N(C)C)cc1,1,1,True,43
5381,CCCCCCCCC1(CCCCCCCC)c2cc(C=O)ccc2-c2ccc(/C=C/c3ccc(N(c4ccccc4)c4ccccc4)cc3)cc21,1,1,True,91
5382,CCCCCCCCC1(CCCCCCCC)c2cc(C#Cc3ccc(N(c4ccccc4)c4ccccc4)cc3)ccc2-c2ccc(C=O)cc21,1,1,True,100
5383,CCCCCCCCC1(CCCCCCCC)c2cc(C#CC#Cc3ccc(N(c4ccccc4)c4ccccc4)cc3)ccc2-c2ccc(C=O)cc21,1,1,True,105
5384,O=Cc1ccc2ccc3cccc4ccc1c2c34,1,1,True,46
5385,CCCCc1ccc2ccc3c(C=O)ccc4ccc1c2c43,1,1,True,62
5386,CCCCc1ccc2ccc3c(CCCC)cc(C=O)c4ccc1c2c43,1,1,True,71
5387,CCCCc1cc(C=O)c2ccc3c(CCCC)cc(CCCC)c4ccc1c2c34,1,1,True,58
5388,Cc1ccc2ccc3c(C)cc(C=O)c4ccc1c2c34,1,1,True,55
5389,CC(C)c1ccc2ccc3c(C(C)C)cc(C=O)c4ccc1c2c43,1,1,True,60
5390,C[Si](C)(C)c1ccc2ccc3c([Si](C)(C)C)cc(C=O)c4ccc1c2c43,1,1,True,59
5391,CCCCc1ccc2ccc3c(CCCC)cc(C(=O)CCC)c4ccc1c2c34,1,1,True,75
5392,N#Cc1ccc(-c2cn3ccc[n+]3[n-]2)cc1,1,1,True,50
5393,N#Cc1cccc(-c2cn3ccc[n+]3[n-]2)c1,1,1,True,53
5394,N#Cc1ccccc1-c1cn2ccc[n+]2[n-]1,1,1,True,50
5395,COC(=O)c1ccc(-c2cn3ccc[n+]3[n-]2)c(C#N)c1,1,1,True,66
5396,COC(=O)c1cc(C#N)c(-c2cn3ccc[n+]3[n-]2)c(C#N)c1,1,1,True,62
5397,COC(=O)c1ccc(-c2cn3ccc[n+]3[n-]2)cc1,1,1,True,57
5398,CCCCc1cc(C=O)c2ccc3c(CCCC)cc(N4CCCCC4)c4ccc1c2c34,1,1,True,80
5399,CCCCc1cc(C(=O)CCC)c2ccc3c(CCCC)cc(N4CCCCC4)c4ccc1c2c34,1,1,True,83
5400,O=[N+]([O-])c1ccc(-c2ccc(-c3ccc([N+](=O)[O-])cc3)s2)cc1,1,1,True,35
5401,O=[N+]([O-])c1ccc(-c2ccc(-c3ccc(-c4ccc([N+](=O)[O-])cc4)s3)s2)cc1,1,1,True,40
5402,O=[N+]([O-])c1ccc(-c2ccc(-c3ccc(-c4ccc(-c5ccc([N+](=O)[O-])cc5)s4)s3)s2)cc1,1,1,True,44
5403,O=[N+]([O-])c1ccc(C#Cc2ccc(C#Cc3ccc([N+](=O)[O-])cc3)s2)cc1,1,1,True,42
5404,O=[N+]([O-])c1ccc(C#Cc2ccc(-c3ccc(C#Cc4ccc([N+](=O)[O-])cc4)s3)s2)cc1,1,1,True,50
5405,O=[N+]([O-])c1ccc(C#Cc2ccc(-c3ccc(-c4ccc(C#Cc5ccc([N+](=O)[O-])cc5)s4)s3)s2)cc1,1,1,True,57
5406,Cc1c(C)c2cc3ccccc3n2c2nc3ccccc3cc12,1,1,True,66
5407,Cc1c(C)c2cc3ccccc3n2c2nc3cc4ccccc4cc3cc12,1,1,True,74
5408,Cc1c(C)c2cc3cc4ccccc4cc3n2c2nc3ccccc3cc12,1,1,True,73
5409,Cc1c(C)c2cc3cc4ccccc4cc3n2c2nc3cc4ccccc4cc3cc12,1,1,True,77
5410,CCCCCc1c(CCCCC)c2cc3ccccc3n2c2nc3ccccc3cc12,1,1,True,81
5411,CC(=O)c1c2c(cc3ccc(N(C)C)cc13)CCC2,1,1,True,60
5412,CC(=O)c1c2c(cc3cc(N(C)C)ccc13)CCC2,1,1,True,60
5413,CC(=O)c1c2c(cc3c(N(C)C)cccc13)CCC2,1,1,True,57
5414,CC(=O)c1c2c(cc3ccc(N4CCCC4)cc13)CCC2,1,1,True,67
5415,CC(=O)c1c2c(cc3ccc(N4CCCCC4)cc13)CCC2,1,1,True,69
5416,CC(=O)c1c2c(cc3ccc(N4CCOCC4)cc13)CCC2,1,1,True,71
5417,CC(=O)c1c2c(cc3ccc(NCc4ccccc4)cc13)CCC2,1,1,True,78
5418,CC(=O)c1c2c(cc3ccc(Nc4ccccc4)cc13)CCC2,1,1,True,72
5419,COc1ccc(Nc2ccc3cc4c(c(C(C)=O)c3c2)CCC4)cc1,1,1,True,76
5420,CN(C)c1ccc2cc3c(c(C=O)c2c1)CCC3,1,1,True,58
5421,O=Cc1c2c(cc3ccc(N4CCCC4)cc13)CCC2,1,1,True,65
5422,COC(=O)c1c2c(cc3ccc(N(C)C)cc13)CCC2,1,1,True,64
5423,CC(=O)c1c2c(c(-c3ccccc3)c3cc(N(C)C)ccc13)C(=O)CC2,1,1,True,70
5424,CN(C)c1ccc2cc3c(c([Si](C)(C)C)c2c1)C(=O)CC3,1,1,True,60
5425,CN(C)c1ccc2cc3c(cc2c1)C(=O)CC3,1,1,True,54
5426,CCN(CC)c1ccc(-c2oc3ccccc3c(=O)c2OC)cc1,1,1,True,63
5427,CCN(CC)c1ccc2cc(-c3oc4ccccc4c(=O)c3OC)oc2c1,1,1,True,80
5428,CCN(CC)c1ccc2c(c1)C(C)(C)c1cc(-c3oc4ccccc4c(=O)c3OC)ccc1-2,1,1,True,92
5429,Nc1ccc2c(c1)C(=O)NC2=O,1,0,False,31
5430,CN(C)c1ccc2c(c1)C(=O)NC2=O,1,1,True,35
5431,CCCCCCN(CCCCCC)c1ccc2cc3cc(C#N)ccc3cc2c1,1,1,True,69
5432,CCCCCCN(CCCCCC)c1ccc2cc3cc(C(=O)CC)ccc3cc2c1,1,1,True,73
5433,COc1ccc2c(c1)[nH]c1c3cccc4c3c(cc21)C(=O)N(c1c(C)cccc1C)C4=O,1,1,True,91
5434,COc1ccc2c(c1)oc1c3cccc4c3c(cc21)C(=O)N(c1c(C)cccc1C)C4=O,1,1,True,90
5435,c1ccc2c(c1)cc1c3ccccc3c3cc4ccccc4c4ccc2c1c43,1,1,True,40
5436,c1ccc2c(c1)cc1c3cccc4c5ccccc5cc(c5cccc2c51)c43,1,1,True,39
5437,c1ccc2cc3c(cc2c1)cc1c2cccc4c5cc6ccccc6cc5cc(c5cccc3c51)c42,1,1,True,47
5438,c1ccc2c(c1)cc1c3cc4ccccc4c4cccc(c5cccc2c51)c43,1,1,True,39
5439,c1ccc2c(c1)cc1ccc3cc4c5ccccc5cc5ccc6cc2c1c3c6c54,1,1,True,43
5440,c1ccc2cc3c(cc2c1)cc1ccc2cc4c5cc6ccccc6cc5cc5ccc6cc3c1c2c6c54,1,1,True,50
5441,c1ccc2cc3c(cc2c1)cc1ccc2c4cc5ccccc5cc4cc4ccc3c1c42,1,1,True,46
5442,c1ccc2cc3c(cc2c1)cc1ccc2c4ccccc4cc4ccc3c1c42,1,1,True,63
5443,c1ccc2c(c1)cc1ccc3c4cc5cc6ccc7c8ccccc8cc8ccc(c5cc4cc4ccc2c1c43)c6c87,1,1,True,55
5444,C#CCN(C)c1ccc2c(c1)C(C)(C)c1cc(C(C)=O)ccc1-2,1,1,True,67
5445,CC(=O)c1ccc2c(c1)C(C)(C)c1cc(N(C)CC#Cc3cn([C@H]4C[C@H](O)[C@@H](CO)O4)c(=O)nc3N)ccc1-2,1,1,True,122
5446,CCN(CC)c1ccc2cc3cc(-c4ccc(S(C)(=O)=O)cc4)n(CCCC(=O)OCc4ccccc4)c(=O)n3c2c1,1,1,True,114
5447,CCN(CC)c1ccc2cc3cc(-c4ccc([N+](=O)[O-])cc4)n(CCCC(=O)OCc4ccccc4)c(=O)n3c2c1,1,1,True,116
5448,CCN(CC)c1ccc2cc3cc(-c4ccc(C(F)(F)F)cc4)n(CCCC(=O)OCc4ccccc4)c(=O)n3c2c1,1,1,True,112
5449,CCN(CC)c1ccc2cc3cc(-c4ccc(C#N)cc4)n(CCCC(=O)OCc4ccccc4)c(=O)n3c2c1,1,1,True,115
5450,O=C(CCCn1c(-c2ccc(C(F)(F)F)cc2)cc2cc3ccc(N4CCOCC4)cc3n2c1=O)OCc1ccccc1,1,1,True,124
5451,[C-]#[N+]c1cccc2c(N)cccc12,1,1,True,34
5452,COc1ccc2cc(-c3ccc([N+](=O)[O-])cc3)ccc2c1,1,0,False,54
5453,O=[N+]([O-])c1ccc(C#Cc2ccc3ccccc3c2)cc1,1,1,True,53
5454,COc1ccc2cc(C#Cc3ccc([N+](=O)[O-])cc3)ccc2c1,1,1,True,60
5455,COc1cc2cc(-c3ccc([N+](=O)[O-])cc3)c(-c3ccc([N+](=O)[O-])cc3)cc2cc1OC,1,1,True,47
5456,O=[N+]([O-])c1ccc(C#Cc2cc3ccccc3cc2C#Cc2ccc([N+](=O)[O-])cc2)cc1,1,1,True,48
5457,COc1cc2cc(C#Cc3ccc([N+](=O)[O-])cc3)c(C#Cc3ccc([N+](=O)[O-])cc3)cc2cc1OC,1,1,True,55
5458,CCCCCCCCC1(CCCCCCCC)c2ccccc2-c2ccc(C#Cc3ccc4c(c3)Cc3cc(C#Cc5ccc6c(c5)C(CCCCCCCC)(CCCCCCCC)c5ccccc5-6)ccc3-4)cc21,1,1,True,90
5459,CCCCCCCCC1(CCCCCCCC)c2ccccc2-c2ccc(C#Cc3ccc4c(c3)C(=O)c3cc(C#Cc5ccc6c(c5)C(CCCCCCCC)(CCCCCCCC)c5ccccc5-6)ccc3-4)cc21,1,1,True,89
5460,CCCCCCCCC1(CCCCCCCC)c2ccccc2-c2ccc(C#Cc3ccc(C#Cc4ccc5c(c4)C(CCCCCCCC)(CCCCCCCC)c4ccccc4-5)c4nsnc34)cc21,1,1,True,92
5461,CN(C)c1ccc(-c2ccc3c(=O)c(O)coc3c2)cc1,1,1,True,58
5462,COc1coc2cc(-c3ccc(N(C)C)cc3)ccc2c1=O,1,1,True,61
5463,COC(=O)CN1C(=O)c2cc3ccc(N(C)C)cc3cc2C1=O,1,1,True,62
5464,CCN(CC)c1ccc2c(c1)C(C)(C)c1cc(C=O)ccc1-2,1,1,True,58
5465,CCCCCCCCC(=O)c1ccc2c(c1)C(C)(C)c1cc(N(CC)CC)ccc1-2,1,1,True,81
