SMILES,Class
Nc1c(/N=N/c2ccc([N+](=O)[O-])cc2)c(S(=O)(=O)[O][Na])cc2c1C(=O)/C(=N\Nc1ccccc1)C(S(=O)(=O)[O][Na])=C2,0
Nc1c(/N=N/c2ccc(S(=O)(=O)[O][Na])cc2)cc(S(=O)(=O)[O][Na])c2c1C(=O)/C(=N\Nc1ccc([N+](=O)[O-])cc1)C=C2,0
Nc1c(/N=N/c2ccc(S(=O)(=O)[O][Na])cc2)cc(S(=O)(=O)[O][Na])c2c1C(=O)/C(=N\Nc1cccc3ccccc13)C=C2,0
O=[N+]([O-])c1ccc2c(/N=N/c3c(O)ccc4ccccc34)c(O)cc(S(=O)(=O)[O][Na])c2c1,0
Nc1ccc(S(=O)(=O)[O][Na])c2c1C(=O)/C(=N\Nc1ccc(/N=N/c3ccc(S(=O)(=O)[O][Na])cc3)c3ccccc13)C(S(=O)(=O)[O][Na])=C2,0
O=S(=O)([O][Na])c1ccc(Nc2cc3cc4c(Nc5ccccc5)cccc4[n+](-c4ccccc4)c3cc2Nc2ccc(S(=O)(=O)[O][Na])cc2)cc1,0
Nc1ccc(/N=N/c2ccc(N/N=C3\C(=O)C=Cc4cc(S(=O)(=O)[O][Na])ccc43)c3ccccc23)cc1,0
Cc1ccc(Nc2ccc(/N=N/c3ccc(/N=N/c4cccc5c(S(=O)(=O)[O][Na])cccc45)c4ccccc34)c3cccc(S(=O)(=O)[O][Na])c23)cc1,0
Nc1ccc(/N=N/c2ccc(NS(=O)(=O)c3ccc(N/N=C4\C(=O)c5c(cc(S(=O)(=O)[O][K])c(/N=N/c6ccc([N+](=O)[O-])cc6)c5N)C=C4S(=O)(=O)[O][K])cc3)cc2)c(N)c1,0
O=C1C(S(=O)(=O)[O][Na])=Cc2cc(S(=O)(=O)[O][Na])ccc2/C1=N/Nc1ccc(/N=N/c2ccc3cc(S(=O)(=O)[O][Na])cc(S(=O)(=O)[O][Na])c3c2)c2ccccc12,0
COc1cc([N+](=O)[O-])ccc1/N=N/c1c(Nc2ccccc2)ccc2cc(S(=O)(=O)[O][Na])cc(O)c12,0
CN(/N=C1\C(=O)c2c(cc(S(=O)(=O)[O][Na])cc2N/N=C2\C(=O)C=Cc3ccccc32)C=C1S(=O)(=O)[O][Na])c1ccc(S(=O)(=O)[O][Na])c2ccccc12,0
Cc1ccc(S(=O)(=O)Nc2ccc3c(/N=N/c4c(O)ccc5ccccc45)c(O)cc(S(=O)(=O)[O][Na])c3c2)cc1,0
Nc1ccc(/N=N/c2ccc(/N=N/c3cccc(S(=O)(=O)[O][Na])c3)c3ccccc23)c2cccc(S(=O)(=O)[O][Na])c12,0
O=C1C(S(=O)(=O)[O][Na])=Cc2cc(S(=O)(=O)[O][Na])ccc2/C1=N/Nc1ccc(/N=N/c2cc(S(=O)(=O)[O][Na])cc3cc(S(=O)(=O)[O][Na])ccc23)c2ccc(S(=O)(=O)[O][Na])cc12,0
COc1cc(/N=N/c2ccc(-c3ccc(/N=N\c4cc(OC)c(N/N=C5\C(=O)c6cc(Nc7ccc(C(=O)[O][Na])cc7)ccc6C=C5S(=O)(=O)[O][Na])cc4C)cc3)cc2S(=O)(=O)[O][Na])ccc1N/N=C1\C(=O)c2cc(N)c(S(=O)(=O)[O][Na])cc2C=C1S(=O)(=O)[O][Na],0
Nc1c(/N=N/c2ccc([N+](=O)[O-])cc2)c(S(=O)(=O)[O][Na])cc2c1C(=O)/C(=N\Nc1ccc(S(=O)(=O)[O][Na])cc1)C(S(=O)(=O)[O][Na])=C2,0
O=[N+]([O-])c1cc(S(=O)(=O)[O][Na])cc(/N=N/c2c(O)ccc3ccccc23)c1O,0
N=C1C=CC(=O)c2c(Nc3ccc(S(=O)(=O)[O][Na])cc3)ccc(O)c21,0
Nc1ccc(Nc2ccc(N)c3c2C(=O)c2cccc(S(=O)(=O)[O][Na])c2C3=O)c2c1C(=O)c1c(cccc1S(=O)(=O)[O][Na])C2=O,0
O=C1/C(=N\Nc2ccc(/N=N/c3ccc(S(=O)(=O)[O][Na])cc3)c3ccccc23)C=C(S(=O)(=O)[O][Na])c2cccc(O)c21,0
O=S(=O)([O][Na])c1cc(O)c2c(/N=N/c3cc(Cl)ccc3O)c(O)ccc2c1,0
O=[N+]([O-])c1ccc2c(/N=N/c3ccc4cccc(S(=O)(=O)[O][Na])c4c3O)c(O)cc(S(=O)(=O)[O][Na])c2c1,0
CC(=O)Nc1cccc2ccc(O)c(/N=N/c3cc(S(C)(=O)=O)ccc3O)c12,0
CNS(=O)(=O)c1ccc(O)c(/N=N/c2c(O)ccc3cccc(NC(C)=O)c23)c1,0
O=[N+]([O-])c1ccc(/N=N/c2c(O)ccc3ccccc23)c(O)c1,0
Nc1ccc2ccc(N)c(/N=N/c3ccc(-c4ccc(/N=N/c5c(S(=O)(=O)[O][Na])cc6c(c5N)C(=O)/C(=N\Nc5ccc([N+](=O)[O-])cc5S(=O)(=O)[O][Na])C(S(=O)(=O)[O][Na])=C6)cc4)cc3)c2c1,0
CCN(CC)c1ccc(/N=N/c2ccc(-c3ccc(/N=N/c4c(S(=O)(=O)[O][Na])cc5c(c4N)C(=O)/C(=N\Nc4ccc(S(=O)(=O)[O][Na])cc4)C(S(=O)(=O)[O][Na])=C5)cc3)cc2)c(NC(C)=O)c1,0
Nc1ccc(/N=N/c2ccc(/N=N/c3cc(S(=O)(=O)[O][Na])cc4ccc(S(=O)(=O)[O][Na])cc34)c3ccccc23)c2ccccc12,0
Cc1cc(-c2ccc(N/N=C3\C(=O)c4ccccc4N=C3O)c(C)c2)ccc1/N=N/c1c(S(=O)(=O)[O][Na])cc2c(c1N)C(=O)/C(=N\Nc1ccc(S(=O)(=O)[O][Na])cc1)C(S(=O)(=O)[O][Na])=C2,0
O=[N+]([O-])c1ccc2c(/N=N/c3ccc(O)c(/N=N/c4cc(Cl)ccc4O)c3O)c(O)cc(S(=O)(=O)[O][Na])c2c1,0
Cc1c(/N=N/c2c(S(=O)(=O)[O][Na])cc3ccc(NCS(=O)(=O)[O][Na])cc3c2O)cc([N+](=O)[O-])cc1S(=O)(=O)[O][Na],0
Nc1ccc(/N=N\c2cc(/N=N/c3ccc(-c4ccc(/N=N/c5c(S(=O)(=O)[O][Na])cc6cc(S(=O)(=O)[O][Na])c(/N=N\c7ccc(N)cc7)c(O)c6c5N)cc4)cc3)c(N)cc2N)cc1,0
Cc1ccccc1Nc1cc(O)ccc1/N=N/c1ccc(-c2ccc(/N=N/c3c(S(=O)(=O)[O][Na])cc4c(c3N)C(=O)/C(=N\Nc3ccc(S(=O)(=O)[O][Na])cc3)C(S(=O)(=O)[O][Na])=C4)cc2)cc1,0
Cc1ccc(Nc2cc(Nc3cc4c(c(N(C)c5ccc(C)cc5S(=O)(=O)[O][Na])c3)C(=O)c3ccccc3C4=O)cc3c2C(=O)c2ccccc2C3=O)c(S(=O)(=O)[O][Na])c1,0
O=[N+]([O-])c1ccc2c(/N=N/c3cc(/N=N/c4cc(Cl)ccc4O)c(O)cc3O)c(O)cc(S(=O)(=O)[O][Na])c2c1,0
CC(=O)Nc1cccc2ccc(O)c(/N=N/c3ccc([N+](=O)[O-])cc3O)c12,0
O=[N+]([O-])c1ccc(O)c(/N=N/c2c(O)ccc3ccccc23)c1,0
Cc1ccccc1NC(=O)c1cc2ccccc2c(/N=N/c2c(O)cc(S(=O)(=O)[O][Na])c3cc([N+](=O)[O-])ccc23)c1O,0
NS(=O)(=O)c1ccc(N/N=C(\N=N\c2cc(Cl)ccc2O)c2ccccc2)cc1,0
NS(=O)(=O)c1ccc(N/N=C(/N=N/c2cc(Cl)ccc2O)c2ccccc2)cc1,0
Nc1ccc(/N=N/c2ccc(N/N=C3\C(=O)C(S(=O)(=O)[O][Na])=Cc4cc(S(=O)(=O)[O][Na])ccc43)c3ccccc23)cc1,0
CCN(CC)c1ccc(/N=N\c2ccc(-c3ccc(/N=N/c4c(S(=O)(=O)[O][Na])cc5c(c4N)C(=O)/C(=N\Nc4ccccc4)C(S(=O)(=O)[O][Na])=C5)cc3)cc2)c(O)c1,0
Nc1ccc(/N=N/c2ccc(S(=O)(=O)Nc3ccc(/N=N/c4c(S(=O)(=O)[O][Na])cc5c(c4N)C(=O)/C(=N\Nc4ccccc4)C(S(=O)(=O)[O][Na])=C5)cc3)cc2)c(N)c1,0
O=S(=O)([O][Na])c1cccc2c(/N=N/c3ccc(/N=N/c4ccc(Nc5ccccc5)c5c(S(=O)(=O)[O][Na])cccc45)c4ccccc34)cccc12,0
Nc1ccc(/N=N/c2ccc(N/N=C3\C(=O)c4c(cc(S(=O)(=O)[O][Na])c(/N=N/c5ccc([N+](=O)[O-])cc5)c4N)C=C3S(=O)(=O)[O][Na])cc2)c(N)c1,0
Nc1ccc(/N=N/c2ccc(S(=O)(=O)Nc3ccc(N/N=C4\C(=O)c5c(cc(S(=O)(=O)[O][Na])c(/N=N/c6ccc([N+](=O)[O-])cc6)c5N)C=C4S(=O)(=O)[O][Na])cc3)cc2)c(N)c1,0
O=S(=O)([O][Na])c1cc(O)c(/N=N/c2c(O)ccc3ccccc23)c2ccccc12,0
O=C1C=Cc2cc(S(=O)(=O)[O][Na])ccc2/C1=N/Nc1ccc(/N=N/c2ccc(Nc3ccccc3)c(S(=O)(=O)[O][Na])c2)c2ccccc12,0
Cc1ccccc1Nc1ccc(/N=N/c2ccc(N/N=C3\C(=O)C=Cc4cc(S(=O)(=O)[O][Na])ccc43)c3ccccc23)cc1S(=O)(=O)[O][Na],0
NC1=CCC(/N=N/c2ccc(/N=N/c3ccc(S(=O)(=O)[O][Na])c4ccccc34)c3ccc(S(=O)(=O)[O][Na])cc23)c2ccccc21,0
Cc1ccc([N+](=O)[O-])cc1/N=N/c1c(S(=O)(=O)[O][Na])cc2c(c1N)C(=O)/C(=N\Nc1ccccc1)C(S(=O)(=O)[O][Na])=C2,0
CC(=O)Nc1cccc2ccc(O)c(/N=N/c3cc(S(N)(=O)=O)ccc3O)c12,0
CCCCN(CCS(=O)(=O)[O][Na])c1ccc(C(=C2C=CC(=[N+](CCCC)CCS(=O)(=O)[O-])C=C2)c2ccc(Nc3ccc(OCC)cc3)cc2)cc1,0
COc1cccc(Nc2cc3c(cc2S(=O)(=O)[O][Na])nc2c4cccc(S(=O)(=O)[O-])c4c(Nc4ccccc4)cc2[n+]3-c2ccccc2)c1,0
O=S(=O)([O-])c1cc(S(=O)(=O)[O][Na])ccc1C(=C1C=CC(=[N+](Cc2ccccc2)Cc2ccccc2)C=C1)c1ccc(N(Cc2ccccc2)Cc2ccccc2)cc1,0
CCN(CC)c1ccc(/C(=C2C=C/C(=[N+](/CC)Cc3cccc(S(=O)(=O)[O-])c3)C=C/2C)c2ccc(N(CC)Cc3cccc(S(=O)(=O)[O][Na])c3)cc2C)cc1,0
CCN(CC)c1ccc(C(=C2C=CC(=[N+](CC)CC)C=C2)c2cc(S(=O)(=O)[O][Na])c(N)c3cc(S(=O)(=O)[O-])ccc23)cc1,0
CCN(Cc1cccc(S(=O)(=O)[O][Na])c1)c1ccc(/C(=C2C=C/C(=[N+](/CC)Cc3cccc(S(=O)(=O)[O-])c3)C=C\2C)c2ccc(Nc3ccccc3)cc2)c(C)c1,0
CC1=CC(=C(/c2ccc(NCc3cccc(S(=O)(=O)[O][Na])c3)c(C)c2)c2ccc(S(=O)(=O)[O-])cc2Cl)/C=CC/1=[NH+]\Cc1cccc(S(=O)(=O)[O][Na])c1,0
Cc1cc(C(O)(c2ccc(Nc3ccccc3)cc2)c2ccc(Nc3ccc(S(=O)(=O)[O][Na])cc3)cc2)ccc1N,0
CCOC(=O)c1ccccc1Cc1ccc(Nc2cc(S(=O)(=O)[O][Na])c(N)c3c2C(=O)c2ccccc2C3=O)c(C)c1,0
O=S(=O)([O][Na])c1cccc(/N=N/c2ccc(/N=N/c3ccc(Nc4ccccc4)c4c(S(=O)(=O)[O][Na])cccc34)c3ccccc23)c1,0
O=S(=O)([O][Na])c1cc(/N=N/c2ccc(/N=N/c3ccc(Nc4ccccc4)c4c(S(=O)(=O)[O][Na])cccc34)c3ccccc23)ccc1Cl,0
O=S(=O)([O][Na])c1ccc2c(/N=N/c3ccccc3)ccc(/N=N/c3ccc(Nc4ccccc4)c4c(S(=O)(=O)[O][Na])cccc34)c2c1,0
CCN(c1ccccc1)S(=O)(=O)c1cc([N+](=O)[O-])ccc1/N=N/c1c(N)ccc2cc(S(=O)(=O)[O][Na])cc(O)c12,0
Cc1ccc(Nc2ccc(/N=N/c3ccc(/N=N/c4ccccc4)c4ccc(S(=O)(=O)[O][Na])cc34)c3cccc(S(=O)(=O)[O][Na])c23)cc1,0
O=S(=O)([O][Na])c1ccc(Nc2ccc(C(O)(c3ccc(Nc4ccccc4)cc3)c3ccc(Nc4ccccc4)cc3)cc2)cc1,0
O=S(=O)([O-])c1ccc(Nc2ccc(C(=C3C=CC(=[NH+]c4ccccc4)C=C3)c3ccc(Nc4ccccc4)cc3)cc2)cc1,0
Cc1ccc(Nc2ccc(/N=N/c3ccc(/N=N/c4cccc(S(=O)(=O)[O][Na])c4)c4ccccc34)c3cccc(S(=O)(=O)[O][Na])c23)cc1,0
CCNc1cc(S(=O)(=O)[O][Na])c(Nc2cc3c(nc4ccc(N(CC)CC)cc4[n+]3-c3c(C)ccc(S(=O)(=O)[O-])c3C)c3ccccc23)cc1C,0
CCOc1ccc([NH+]=C2C=CC(=C(c3ccc(Nc4ccc(OCC)c(S(=O)(=O)[O][Na])c4)cc3)c3c(-c4ccccc4)n(C)c4ccccc34)C=C2)cc1S(=O)(=O)[O-],0
CC(=O)Nc1cccc2c1C(=O)c1c(NC3CCCCC3)cc(S(=O)(=O)[O][Na])c(N)c1C2=O,0
CC(C)(c1ccc(Nc2cc(S(=O)(=O)[O][Na])c(N)c3c2C(=O)c2ccccc2C3=O)cc1)c1ccc(Nc2cc(S(=O)(=O)[O][Na])c(N)c3c2C(=O)c2ccccc2C3=O)cc1,0
Nc1c(/N=N/c2cc(Cl)ccc2Cl)c(S(=O)(=O)[O][Na])cc2c1C(=O)/C(=N\Nc1cc(Cl)ccc1Oc1ccccc1)C(S(=O)(=O)[O][Na])=C2,0
Cc1cc(C)c(Nc2cc(S(=O)(=O)[O][Na])c(N)c3c2C(=O)c2ccccc2C3=O)c(C)c1,0
Cc1cc(C)c(S(=O)(=O)[O][Na])c(C)c1Nc1cc(S(=O)(=O)[O][Na])c(N)c2c1C(=O)c1ccccc1C2=O,0
CCN(Cc1cccc(S(=O)(=O)[O][Na])c1)c1ccc(C(=C2C=CC(=[N+](C)C)C=C2)c2ccc(N(C)C)cc2)c(S(=O)(=O)O)c1,0
O=S(=O)([O][Na])c1cc(/N=N/c2ccc(Nc3ccccc3)c3c(S(=O)(=O)[O][Na])cccc23)c2c(O)cccc2c1,0
CCCCCCCCCCCCc1ccc(Nc2cc(S(=O)(=O)[O][Na])c(N)c3c2C(=O)c2ccccc2C3=O)cc1S(=O)(=O)[O][Na],0
CCCCc1cc(Br)c(Nc2ccc(Nc3c(Br)cc(CCCC)c(S(=O)(=O)O)c3C)c3c2C(=O)c2ccccc2C3=O)c(C)c1S(=O)(=O)O,0
Nc1c(S(=O)(=O)[O][Na])cc(Nc2ccc(Cc3ccc(Nc4cc(S(=O)(=O)[O][Na])c(N)c5c4C(=O)c4ccccc4C5=O)cc3)cc2)c2c1C(=O)c1ccccc1C2=O,0
Cc1ccc(Nc2cc(S(=O)(=O)[O][Na])c(N)c3c2C(=O)c2ccccc2C3=O)c(S(=O)(=O)[O][Na])c1,0
CCNc1ccc(/C(=C2C=C/C(=[NH+]/CC)C(C)=C\2)c2ccc(S(=O)(=O)[O][Na])cc2S(=O)(=O)[O-])cc1C,0
CCN(CC)c1ccc(C(=C2C=CC(=[N+](CC)Cc3cccc(S(=O)(=O)[O-])c3)C=C2)c2ccc(N(CC)Cc3cccc(S(=O)(=O)[O][Na])c3)cc2)c(C)c1,0
Nc1c(S(=O)(=O)[O][Na])cc(Nc2ccc(-c3ccc(Nc4cc(S(=O)(=O)[O][Na])c(N)c5c4C(=O)c4ccccc4C5=O)cc3)cc2)c2c1C(=O)c1ccccc1C2=O,0
COc1ccc(Cl)cc1/N=N/c1c(S(=O)(=O)[O][Na])cc2cccc(S(=O)(=O)[O][Na])c2c1O,0
O=S(=O)([O][Na])c1cc(O)c(/N=N/c2ccc3ccccc3c2O)c2ccccc12,0
O=S(=O)(O)c1cccc2ccc(/N=N/c3c(O)cc(S(=O)(=O)[O][Na])c4ccccc34)c(O)c12,0
NS(=O)(=O)c1cccc2ccc(/N=N/c3c(O)cc(S(=O)(=O)[O][Na])c4ccccc34)c(O)c12,0
O=[N+]([O-])c1cc(O)c(/N=N/c2cc(S(=O)(=O)[O][Na])c3cccc(S(=O)(=O)[O][Na])c3c2O)cc1Cl,0
CN(c1ccc(C(=C2C=CC(=[N+](C)C)C=C2)c2ccc(N(C)c3cccc(S(=O)(=O)[O][Na])c3)cc2)cc1)c1cccc(S(=O)(=O)[O-])c1,0
CC(=O)Nc1cc(S(=O)(=O)[O][Na])cc2c1C(=O)/C(=N\Nc1ccc(Nc3ccccc3)cc1)C(S(=O)(=O)[O][Na])=C2,0
O=C1c2ccccc2C(=O)c2c(NC3CCCCC3Cc3cccc(S(=O)(=O)[O][Na])c3)ccc(NC3CCCCC3Cc3cccc(S(=O)(=O)[O][Na])c3)c21,0
CCN(Cc1cccc(S(=O)(=O)[O][Na])c1)c1ccc2nc3ccc(Nc4ccc(N)c(S(=O)(=O)[O][Na])c4)cc3[n+](-c3ccc(S(=O)(=O)[O-])cc3)c2c1,0
Nc1c(S(=O)(=O)[O][Na])cc(Nc2ccc(NC(=O)CCl)cc2)c2c1C(=O)c1ccccc1C2=O,0
CCOc1ccc(Nc2ccc3c(-c4c(Cl)ccc(Cl)c4C(=O)[O][Na])c4cc/c(=[NH+]\c5ccc(OCC)cc5S(=O)(=O)[O-])cc-4oc3c2)cc1,0
CC(=O)Nc1ccc(S(=O)(=O)[O][Na])c2ccc(/N=N/c3c(O)c(Cl)cc(Cl)c3Cl)c(O)c12,0
[Cl-].c1ccc(Nc2ccc3nc4cc(Nc5ccccc5)c(Nc5ccccc5)cc4[n+](-c4ccccc4)c3c2)cc1,0
[Cl-].c1ccc(Nc2cc3nc4cc(Nc5ccccc5)c(Nc5ccccc5)cc4[n+](-c4ccccc4)c3cc2Nc2ccccc2)cc1,0
Cc1ccc(S(=O)(=O)Nc2cc(S(=O)(=O)[O][Na])cc3c2C(=O)/C(=N\Nc2ccc(N)cc2)C(S(=O)(=O)[O][Na])=C3)cc1,0
Cn1c(-c2ccccc2)c(C(=C2C=CC(=[NH+]c3ccc(O)c(S(=O)(=O)[O-])c3)C=C2)c2ccc(Nc3ccc(O)c(S(=O)(=O)[O][Na])c3)cc2)c2ccccc21,0
C=CS(=O)(=O)c1cccc(Nc2cc(S(=O)(=O)[O][Na])c(N)c3c2C(=O)c2ccccc2C3=O)c1,0
Cc1cc(C(=C2C=CC(=[NH+]c3ccc(S(=O)(=O)[O][Na])cc3)C=C2)c2ccc(Nc3ccc(S(=O)(=O)[O-])cc3)cc2)c(S(=O)(=O)[O][Na])cc1N,0
Cc1cc(C)c(Nc2cc(S(=O)(=O)[O][Na])c(N)c3c2C(=O)c2ccccc2C3=O)c(C)c1NC(=O)/C(Br)=C/Br,0
CC(=O)Nc1ccc(Nc2cc(S(=O)(=O)[O][Na])c(N)c3c2C(=O)c2ccc(S(=O)(=O)[O][Na])cc2C3=O)cc1,0
CCCCc1ccc(Nc2cc(S(=O)(=O)[O][Na])c(N)c3c2C(=O)c2ccccc2C3=O)cc1,0
CCN(CC)c1ccc(/C(=C2C=C/C(=[N+](\CC)CCS(=O)(=O)[O-])C=C/2C)c2ccc(N(CC)CCS(=O)(=O)[O][Na])cc2C)cc1,0
Nc1c(S(=O)(=O)[O][Na])cc(Nc2ccccc2)c2c1C(=O)c1ccccc1C2=O,0
CCCCc1ccc(Nc2cc(S(=O)(=O)[O][Na])c(N)c3c2C(=O)c2ccccc2C3=O)c(S(=O)(=O)[O][Na])c1,0
O=S(=O)([O][Na])c1ccc2c(/N=N/c3ccc(/N=N/c4ccc(Nc5ccccc5)c(S(=O)(=O)[O][Na])c4)c4ccccc34)c(O)ccc2c1,0
Cc1cc(C)c(Nc2cc(S(=O)(=O)[O][Na])c(N)c3c2C(=O)c2ccccc2C3=O)c(C)c1CNC(=O)CCl,0
Cc1ccc(S(=O)(=O)N(C)Cc2ccc(Nc3cc(S(=O)(=O)[O][Na])c(N)c4c3C(=O)c3ccccc3C4=O)cc2)cc1,0
CCN(Cc1cccc(S(=O)(=O)[O][Na])c1)c1ccc(C(=C2C=CC(=[N+](CC)Cc3cccc(S(=O)(=O)[O-])c3)C=C2)c2ccc(Nc3ccccc3)cc2)cc1,0
CNc1ccc(Nc2ccc(C)cc2S(=O)(=O)[O][Na])c2c1C(=O)c1ccccc1C2=O,0
O=C(CCNc1ccc(NC2CCCCC2)c2c1C(=O)c1ccccc1C2=O)Nc1ccc(S(=O)(=O)[O][Na])cc1,0
Cc1cc(Nc2cc(S(=O)(=O)[O][Na])c(N)c3c2C(=O)c2ccccc2C3=O)cc(S(=O)(=O)NCCO)c1C,0
Nc1c(/N=N/c2cccc(N=O)c2)c(S(=O)(=O)[O][Na])cc2c1C(=O)/C(=N\Nc1ccccc1)C(S(=O)(=O)[O][Na])=C2,0
CCN(CC)c1ccc(C(=C2C=CC(=[N+](CC)CC)C=C2)c2ccc(S(=O)(=O)[O][Na])cc2S(=O)(=O)[O-])cc1,0
O=[N+]([O-])c1ccc(/N=N/c2cc(S(=O)(=O)[O][Na])c3ccccc3c2O)c(O)c1,0
CC(=O)Nc1cccc(Nc2cc(S(=O)(=O)[O][Na])c(N)c3c2C(=O)c2ccccc2C3=O)c1,0
NS(=O)(=O)c1cc(O)c(/N=N/c2c(O)ccc3ccccc23)cc1Cl,0
CC(=O)Nc1cccc2ccc(O)c(/N=N/c3cc(Cl)c(S(N)(=O)=O)cc3O)c12,0
Oc1ccc(Cl)cc1/N=N/c1c(O)ccc2ccccc12,0
CN(C)c1ccc(C(=C2C=CC(=[N+](C)C)C=C2)c2ccc(N(C)Cc3cccc(S(=O)(=O)[O-])c3)cc2)cc1S(=O)(=O)[O][Na],0
Nc1c(S(=O)(=O)[O][Na])cc(Nc2c(S(=O)(=O)[O][Na])ccc(NS(=O)(=O)c3ccccc3)c2S(=O)(=O)[O][Na])c2c1C(=O)c1ccccc1C2=O,0
O=[N+]([O-])c1cc(O)c(/N=N/c2ccc3c(S(=O)(=O)[O][Na])cccc3c2O)cc1Cl,0
O=C1c2ccccc2C(=O)c2c(NC3CCc4cc(S(=O)(=O)[O][Na])ccc4C3)ccc(NC3CCc4cc(S(=O)(=O)[O][Na])ccc4C3)c21,0
Cc1ccc(NS(=O)(=O)c2cc(Nc3cc(S(=O)(=O)[O][Na])c(N)c4c3C(=O)c3ccccc3C4=O)ccc2C)cc1,0
Cc1ccccc1/N=N/c1ccc(/N=N/c2ccc(Nc3ccccc3)c3c(S(=O)(=O)[O][Na])cccc23)c2cc(S(=O)(=O)[O][Na])ccc12,0
Cc1cccc(/N=N/c2ccc(/N=N/c3ccc(Nc4ccccc4)c4c(S(=O)(=O)[O][Na])cccc34)c3cc(S(=O)(=O)[O][Na])ccc23)c1,0
O=S(=O)([O][Na])c1cc(Cl)c(O)c(/N=N/c2c(S(=O)(=O)[O][Na])cc3cc(Nc4ccc5c(O)c(/N=N/c6cc(S(=O)(=O)[O][Na])cc(Cl)c6O)c(S(=O)(=O)[O][Na])cc5c4)ccc3c2O)c1,0
CC1=CC(=C(/c2ccc(NCc3cccc(S(=O)(=O)[O][Na])c3)c(C)c2)c2ccccc2Cl)/C=CC/1=[NH+]\Cc1cccc(S(=O)(=O)[O-])c1,0
CN(C)c1ccc(N/N=C2\C(=O)c3c(O)cc(S(=O)(=O)[O][Na])cc3C=C2S(=O)(=O)[O][Na])cc1,0
CC(=O)Nc1ccc(Nc2cc(S(=O)(=O)[O][Na])c(N)c3c2C(=O)c2ccccc2C3=O)cc1,0
CC(=O)N(C)c1ccc(Nc2cc(S(=O)(=O)[O][Na])c(N)c3c2C(=O)c2ccccc2C3=O)cc1,0
Nc1c(S(=O)(=O)[O][Na])cc(S(=O)(=O)[O][Na])c2ccc(/N=N/c3cc([N+](=O)[O-])ccc3O)c(O)c12,0
Nc1ccc(O)c2c1C(=O)c1c(O)c(S(=O)(=O)[O][Na])cc(N)c1C2=O,0
COc1cc(N/N=C2\C(=O)C=Cc3cc(S(=O)(=O)[O][Na])ccc32)c(Cl)cc1N/N=C1\C=Cc2c(cccc2S(=O)(=O)[O][Na])C1=O,0
Nc1cc(S(=O)(=O)[O][Na])c(O)c2c1C(=O)c1c(O)c(S(=O)(=O)[O][Na])cc(N)c1C2=O,0
Cc1ccc(Nc2cc(C)c(N)c3c2C(=O)c2ccccc2C3=O)c(S(=O)(=O)[O][Na])c1,0
O=S(=O)([O][Na])c1ccc(Nc2ccc(C(=C3C=CC(=[NH+]c4ccccc4)C=C3)c3ccc(Nc4ccc(S(=O)(=O)[O][Na])cc4)cc3)cc2)cc1,0
Cc1ccc(Nc2cc(C)c(N)c3c2C(=O)c2ccc(S(=O)(=O)[O][Na])cc2C3=O)c(S(=O)(=O)[O][Na])c1,0
CCN(Cc1ccccc1)c1ccc(C(=C2C=CC(=[N+](CC)Cc3ccccc3)C=C2)c2cc(O)c(S(=O)(=O)O)cc2S(=O)(=O)[O-])cc1,0
CCOC(=O)c1cccc(Nc2cc(S(=O)(=O)[O][Na])c(N)c3c2C(=O)c2ccccc2C3=O)c1,0
N#Cc1cccc(Nc2cc(S(=O)(=O)[O][Na])c(N)c3c2C(=O)c2ccccc2C3=O)c1,0
CNc1ccc(O)c2c1C(=O)c1c(O)c(S(=O)(=O)[O][Na])cc(NC)c1C2=O,0
Nc1cc(S(=O)(=O)[O][Na])c(N)c2c1C(=O)c1cc(S(=O)(=O)[O][Na])ccc1C2=O,0
O=S(=O)([O-])c1cc2nc3c4cccc(S(=O)(=O)[O][Na])c4c(Nc4ccccc4)cc3[n+](-c3ccccc3)c2cc1Nc1ccccc1,0
Nc1ccc(/N=N/c2c(S(=O)(=O)[O][Na])cc3cc(S(=O)(=O)[O][Na])cc(O)c3c2N)c([N+](=O)[O-])c1,0
Cc1cc(Nc2ccc(N)cc2S(=O)(=O)[O-])cc2c1nc1c3cccc(S(=O)(=O)[O][Na])c3c(Nc3ccccc3)cc1[n+]2-c1ccccc1,0
Nc1c(S(=O)(=O)[O][Na])cc(NC2CCCCC2)c2c1C(=O)c1ccccc1C2=O,0
CCNc1cc(S(=O)(=O)[O][Na])c(O)c2c1C(=O)c1c(O)c(S(=O)(=O)[O][Na])cc(NCC)c1C2=O,0
CCNc1cc(S(=O)(=O)[O][Na])c(O)c2c1C(=O)c1c(NCC)cc(S(=O)(=O)[O][Na])c(O)c1C2=O,0
Nc1cc(S(=O)(=O)[O][Na])c(O)c2c1C(=O)c1c(N)cc(S(=O)(=O)[O][Na])c(O)c1C2=O,0
CCN(Cc1ccccc1)c1ccc(C(=C2C=CC(=[N+](CC)Cc3ccccc3)C=C2)c2ccc(S(=O)(=O)[O][Na])cc2S(=O)(=O)[O-])cc1,0
Nc1c(/N=N/c2cc(S(=O)(=O)[O][Na])cc3cc(S(=O)(=O)[O][Na])cc(O)c23)ccc2c(O)cccc12,0
O=C1/C(=C2\Nc3ccc(S(=O)(=O)[O][Na])cc3C2=O)Nc2ccc(S(=O)(=O)[O][Na])cc21,0
CN(C)c1ccc(C(=C2C=CC(=[N+](C)C)C=C2)c2ccc(N(Cc3ccccc3)Cc3cccc(S(=O)(=O)[O-])c3)cc2)c(S(=O)(=O)[O][Na])c1,0
Cc1ccc(Nc2cc(Br)c(N)c3c2C(=O)c2ccccc2C3=O)c(S(=O)(=O)[O][Na])c1,0
Cc1cc(C)c(S(=O)(=O)[O][Na])c(C)c1Nc1ccc(Nc2c(C)cc(C)c(S(=O)(=O)[O][Na])c2C)c2c1C(=O)c1ccccc1C2=O,0
Nc1c(Br)cc(Nc2ccc(S(=O)(=O)[O][Na])cc2)c2c1C(=O)c1c(Nc3ccc(S(=O)(=O)[O][Na])cc3)cc(Br)c(N)c1C2=O,0
Cc1ccc(Nc2cc(Br)c(N)c3c2C(=O)c2c(N)c(Br)cc(Nc4ccc(C)cc4S(=O)(=O)[O][Na])c2C3=O)c(S(=O)(=O)[O][Na])c1,0
Cc1ccc(Nc2cc(Cl)c(N)c3c2C(=O)c2c(Nc4ccc(C)cc4S(=O)(=O)[O][Na])cc(Cl)c(N)c2C3=O)c(S(=O)(=O)[O][Na])c1,0
Cc1ccc(Nc2cc(Cl)c(N)c3c2C(=O)c2c(N)c(Cl)cc(Nc4ccc(C)cc4S(=O)(=O)[O][Na])c2C3=O)c(S(=O)(=O)[O][Na])c1,0
CCOc1ccc(Nc2ccc(C(=C3C=CC(=[N+](CC)Cc4cccc(S(=O)(=O)[O-])c4)C=C3)c3ccc(N(CC)Cc4cccc(S(=O)(=O)[O][Na])c4)cc3)cc2)cc1,0
O=S(=O)([O][Na])c1c(/N=N/c2c(Nc3ccccc3)ccc3ccccc23)ccc2c1S(=O)(=O)c1c-2ccc(/N=N/c2c(Nc3ccccc3)ccc3ccccc23)c1S(=O)(=O)[O][Na],0
CCOc1ccc(Nc2ccc(C(=C3C=CC(=[N+](C)C)C=C3)c3ccc(N(C)C)cc3)c3ccc(S(=O)(=O)[O-])cc23)c(S(=O)(=O)[O][Na])c1,0
Nc1c(/N=N/c2ccccc2Cl)c(S(=O)(=O)[O][Na])cc2cc(S(=O)(=O)[O][Na])c(/N=N/c3ccccc3Cl)c(O)c12,0
Cc1ccc(Nc2ccc(C(=C3C=CC(=[N+](C)C)C=C3)c3ccc(N(C)C)cc3)c3ccc(S(=O)(=O)[O-])cc23)c(S(=O)(=O)[O][Na])c1,0
Cc1ccc(Nc2ccc(/N=N/c3cc(S(=O)(=O)[O][Na])cc4cc(S(=O)(=O)[O][Na])cc(O)c34)c3cccc(S(=O)(=O)[O][Na])c23)cc1,0
CCN(Cc1cccc(S(=O)(=O)[O][Na])c1)c1ccc(C(=C2C=CC(=[N+](CC)Cc3cccc(S(=O)(=O)[O][Na])c3)C=C2)c2ccccc2S(=O)(=O)[O-])cc1,0
CCOc1ccc(Nc2ccc(/C(=C3C=C/C(=[N+](/CC)Cc4cccc(S(=O)(=O)[O-])c4)C=C/3C)c3ccc(N(CC)Cc4cccc(S(=O)(=O)[O][Na])c4)cc3C)cc2)cc1,0
CCN(Cc1cccc(S(=O)(=O)[O][Na])c1)c1ccc(/C(=C2C=C/C(=[N+](/CC)Cc3cccc(S(=O)(=O)[O-])c3)C=C\2C)c2ccc(Nc3ccccc3Nc3ccccc3)cc2)c(C)c1,0
O=S(=O)([O][Na])c1cc(O)c2c(/N=N/c3ccc(Nc4ccccc4)c4c(S(=O)(=O)[O][Na])cccc34)cc(S(=O)(=O)[O][Na])cc2c1,0
O=S(=O)([O-])c1ccc(Nc2ccc(C(=C3C=CC(=[NH+]c4ccc(S(=O)(=O)[O][Na])cc4)C=C3)c3ccc(Nc4ccc(S(=O)(=O)[O][Na])cc4)cc3)cc2)cc1,0
Cc1ccc(Nc2cc(Br)c(N)c3c2C(=O)c2ccc(S(=O)(=O)[O][Na])cc2C3=O)c(S(=O)(=O)[O][Na])c1,0
CN(C)c1ccc(C(=C2C=CC(=[N+](C)C)C=C2)c2ccc(Nc3ccc4ccc(S(=O)(=O)[O][Na])cc4c3)c3cc(S(=O)(=O)[O-])ccc23)cc1,0
CCN(Cc1ccc(S(=O)(=O)[O-])cc1)c1ccc2nc3c4ccccc4c(Nc4ccc(N(CC)CC)c(S(=O)(=O)[O][Na])c4)cc3[n+](-c3ccccc3)c2c1,0
O=C(O)c1cc([N+](=O)[O-])c(Nc2ccc(Nc3ccccc3)c(S(=O)(=O)[O][Na])c2)c([N+](=O)[O-])c1,0
Cc1c(Cl)cc(S(=O)(=O)[O][Na])cc1N/N=C1\C=CC(=O)c2ccccc21,0
CC1=C(Nc2ccc(Nc3ccc([N+](=O)[O-])cc3S(=O)(=O)[O][Na])c(C)c2)C(=O)C=C(Nc2ccc(Nc3ccc([N+](=O)[O-])cc3S(=O)(=O)[O][Na])c(C)c2)C1=O,0
Cc1cc(/N=N/c2ccc(O)c(/N=N/c3cccc4cc(S(=O)(=O)[O][Na])ccc34)c2O)ccc1/N=N/c1cc(S(=O)(=O)[O][Na])cc(Cl)c1C,0
O=[N+]([O-])c1ccc(/N=N/c2c(O)c(/N=N/c3ccc(Nc4ccccc4)c(S(=O)(=O)[O][Na])c3)cc(/N=N/c3cc(S(=O)(=O)[O][Na])cc4cc(S(=O)(=O)[O][Na])c(/N=N/c5ccc([N+](=O)[O-])cc5)c(O)c34)c2O)cc1,0
Nc1cc(N)c(/N=N/c2ccc(S(=O)(=O)[O][Na])c(/N=N/c3c(O)ccc(/N=N/c4ccc([N+](=O)[O-])cc4)c3O)c2)cc1/N=N/c1cccc(S(=O)(=O)[O][Na])c1,0
Nc1cc(N)c(/N=N/c2ccc(S(=O)(=O)[O][Na])c(/N=N/c3cc(/N=N/c4cccc(S(=O)(=O)[O][Na])c4)c(N)cc3N)c2)cc1/N=N/c1cccc(S(=O)(=O)[O][Na])c1,0
O=C1/C(=N\Nc2ccc([N+](=O)[O-])cc2)C(S(=O)(=O)[O][Na])=Cc2cc(S(=O)(=O)[O][Na])cc(/N=N/c3ccc(O)c(/N=N/c4cc([N+](=O)[O-])ccc4O)c3O)c21,0
O=C1/C(=N\Nc2ccc([N+](=O)[O-])cc2)C(S(=O)(=O)[O][Na])=Cc2ccc(/N=N/c3ccc(O)c(/N=N/c4cc(S(=O)(=O)[O][Na])cc([N+](=O)[O-])c4O)c3O)cc21,0
O=[N+]([O-])c1ccc(/N=N/c2ccc(O)c(/N=N/c3ccc(S(=O)(=O)[O][Na])c(/N=N/c4c(O)ccc(/N=N/c5ccc([N+](=O)[O-])cc5)c4O)c3)c2O)cc1,0
O=[N+]([O-])c1cc(S(=O)(=O)c2ccc(Nc3ccc(Nc4ccccc4)c(S(=O)(=O)[O][Na])c3)c([N+](=O)[O-])c2)ccc1Nc1ccc(Nc2ccccc2)c(S(=O)(=O)[O][Na])c1,0
Nc1cc(N)c(/N=N/c2ccc(S(=O)(=O)[O][Na])c(/N=N/c3c(O)ccc(/N=N/c4ccc([N+](=O)[O-])cc4)c3O)c2)cc1/N=N\c1cccc(S(=O)(=O)[O][Na])c1,0
O=S(=O)([O][Na])c1ccc(/N=N/c2ccc(O)c(/N=N/c3ccc(S(=O)(=O)[O][Na])c4ccccc34)c2O)c2ccccc12,0
Cc1cc(S(=O)(=O)[O][Na])ccc1/N=N/c1c(O)ccc(/N=N/c2cc([N+](=O)[O-])cc([N+](=O)[O-])c2O)c1O,0
O=C([O][Na])c1cc(/N=N/c2ccc(O)cc2O)cc(S(=O)(=O)[O][Na])c1O,0
Nc1cc(N)c(/N=N/c2cc([N+](=O)[O-])cc(S(=O)(=O)[O][Na])c2O)cc1Cl,0
O=C([O][Na])c1cc(/N=N/c2ccc(/N=N/c3cc(S(=O)(=O)[O][Na])cc(C(=O)[O][Na])c3O)c3cc(S(=O)(=O)[O][Na])ccc23)ccc1O,0
O=S(=O)([O][Na])c1ccc(/N=N/c2c(O)ccc(/N=N/c3ccc(S(=O)(=O)[O][Na])c4ccccc34)c2O)cc1,0
O=C1/C(=N\Nc2cc(Cl)ccc2Oc2ccc(S(=O)(=O)[O][Na])cc2)C(S(=O)(=O)[O][Na])=Cc2ccc(Nc3ccccc3)cc21,0
Nc1cc(N)c(/N=N/c2cccc3c(S(=O)(=O)[O][Na])cccc23)cc1/N=N/c1cc([N+](=O)[O-])ccc1O,0
COc1ccc([NH+]([O-])O)cc1N/N=C1/C=Cc2ccc(Nc3ccccc3)cc2C1=O,0
CCN(C(C)=O)c1ccc(C)c(N/N=C2\C(=O)c3cc(Nc4ccc(OC)cc4)ccc3C=C2S(=O)(=O)[O][Na])c1,0
CC1=NN(c2ccc(Cl)cc2)C(=O)/C1=N\Nc1cc(S(N)(=O)=O)ccc1O,0
O=C([O][Na])c1cc(S(=O)(=O)[O][Na])cc2c1Oc1cc([N+](=O)[O-])cc([N+](=O)[O-])c1N2,0
CN(CCS(=O)(=O)[O][Na])c1ccc(Nc2c([N+](=O)[O-])cc([N+](=O)[O-])cc2[N+](=O)[O-])cc1,0
O=S(=O)([O][Na])c1ccc(/N=N/c2c(O)ccc(/N=N/c3ccc(Nc4ccccc4)c(S(=O)(=O)[O][Na])c3)c2O)cc1,0
O=[N+]([O-])c1ccc(/N=N/c2cc(/N=N/c3ccc(S(=O)(=O)[O][Na])c4ccccc34)c(O)c(/N=N/c3cc(S(=O)(=O)[O][Na])cc4cc(S(=O)(=O)[O][Na])cc(O)c34)c2O)cc1,0
O=[N+]([O-])c1ccc(/N=N/c2c(O)c(/N=N/c3cc([N+](=O)[O-])cc([N+](=O)[O-])c3O)cc(/N=N/c3cc(S(=O)(=O)[O][Na])cc4cc(S(=O)(=O)[O][Na])cc(O)c34)c2O)cc1,0
O=[N+]([O-])c1ccc(O)c(/N=N/c2ccc(O)c(/N=N/c3ccccc3)c2O)c1,0
CC(=O)Nc1ccc(O)c(/N=N/c2cc([N+](=O)[O-])cc([N+](=O)[O-])c2O)c1,0
O=[N+]([O-])c1ccc(/N=N/c2c(O)c(/N=N/c3ccc(/N=N\c4ccc([N+](=O)[O-])cc4S(=O)(=O)O)cc3)cc(/N=N/c3cc(S(=O)(=O)O)cc4cc(S(=O)(=O)O)cc(O)c34)c2O)cc1,0
NS(=O)(=O)c1ccc(Nc2ccc(Nc3ccc(Nc4ccc(S(N)(=O)=O)cc4[N+](=O)[O-])cc3S(=O)(=O)[O][Na])cc2)c([N+](=O)[O-])c1,0
O=C1c2ccccc2C(=O)c2c(S(=O)(=O)[O][Na])ccc(Nc3ccc(S(=O)(=O)[O][Na])c4c3C(=O)c3ccccc3C4=O)c21,0
Nc1cc(N)c(S(=O)(=O)[O][Na])cc1/N=N/c1cc([N+](=O)[O-])cc([N+](=O)[O-])c1O,0
Cc1c(NC(=O)c2ccccc2)c2c(c3[nH]c4ccc5ccc(S(=O)(=O)[O][Na])cc5c4c13)C(=O)c1ccccc1C2=O,0
CC(=O)Nc1cc(C)cc(/N=N/c2cc([N+](=O)[O-])ccc2O)c1O,0
Cc1cc(S(=O)(=O)[O][Na])ccc1N/N=C1\C=CC(=O)c2ccccc21,0
Nc1ccc2c(c1)C(=O)/C(=N\Nc1ccc(-c3ccc(/N=N/c4c(N)c(S(=O)(=O)[O][Na])cc(S(=O)(=O)[O][Na])c4N)cc3Cl)c(Cl)c1)C(S(=O)(=O)[O][Na])=C2,0
O=[N+]([O-])c1ccc(Nc2ccc(/N=N/c3ccc(O)c(/N=N/c4ccc(Nc5ccc([N+](=O)[O-])cc5S(=O)(=O)[O][Na])cc4)c3O)cc2)c(S(=O)(=O)[O][Na])c1,0
Cc1c(Cl)cc(S(=O)(=O)[O][Na])cc1/N=N/c1c(O)ccc(/N=N/c2cc(Cl)c(C)c(S(=O)(=O)[O][Na])c2)c1O,0
Nc1cc(N)c(S(=O)(=O)[O][Na])cc1/N=N/c1cc([N+](=O)[O-])ccc1O,0
Nc1ccc(N/N=C2/C=Cc3c(cccc3S(=O)(=O)[O][Na])C2=O)cc1,0
O=S(=O)([O][Na])c1ccc(/N=N/c2cc(/N=N/c3ccc(S(=O)(=O)[O][Na])cc3)c(O)cc2O)cc1,0
O=[N+]([O-])c1ccc(/N=N/c2ccc(/N=N/c3cc(S(=O)(=O)[O][Na])ccc3O)c(O)c2O)cc1,0
Nc1ccc2cc(S(=O)(=O)[O][Na])c(/N=N/c3ccc(/N=N/c4ccc(S(=O)(=O)[O][Na])cc4)cc3)c(O)c2c1,0
CC(C)(C)c1ccc(O)c(/N=N/c2cc([N+](=O)[O-])cc(S(=O)(=O)[O][K])c2O)c1,0
O=C1/C(=N\Nc2ccc(S(=O)(=O)[O][Na])cc2)C=C(/N=N/c2ccc(S(=O)(=O)[O][Na])cc2)c2ccccc21,0
Nc1cc(/[N+]([O-])=N/c2ccc(/C=C/c3ccc([N+](=O)[O-])cc3S(=O)(=O)[O][Na])c(S(=O)(=O)[O][Na])c2)ccc1/N=N/c1cccc2c(S(=O)(=O)[O][Na])cccc12,0
O=[N+]([O-])c1ccc(/N=N/c2cc(/N=N/c3ccc(Nc4ccccc4)c(S(=O)(=O)[O][Na])c3)c(O)c(/N=N/c3cc(S(=O)(=O)[O][Na])cc4cc(S(=O)(=O)[O][Na])cc(O)c34)c2O)cc1,0
O=[N+]([O-])c1ccc(O)c(/N=N/c2c(Cl)nn(-c3ccc(S(=O)(=O)[O][Na])cc3)c2O)c1,0
O=[N+]([O-])c1ccc(O)c(/N=N/c2ccc(O)c(/N=N/c3ccc(S(=O)(=O)[O][Na])cc3)c2O)c1,0
O=[N+]([O-])c1ccc(/N=N/c2c(O)c(/N=N/c3ccc(/N=N/c4cccc5ccc(S(=O)(=O)[O][Na])cc45)cc3)cc(/N=N/c3cc(S(=O)(=O)[O][Na])cc4cc(S(=O)(=O)[O][Na])c(/N=N/c5ccc([N+](=O)[O-])cc5)c(O)c34)c2O)cc1,0
Cc1nn(-c2ccccc2)c(O)c1/N=N/c1cc(S(N)(=O)=O)ccc1O,0
O=[N+]([O-])c1ccc(/N=N/c2cc(/N=N/c3ccc(S(=O)(=O)[O][Na])c4ccccc34)c(O)c(/N=N/c3ccc4c(S(=O)(=O)[O][Na])cccc4c3)c2O)cc1,0
O=[N+]([O-])c1ccc(/N=N/c2c(O)c(/N=N/c3cc([N+](=O)[O-])ccc3O)cc(/N=N/c3cc(S(=O)(=O)[O][Na])cc4cc(S(=O)(=O)[O][Na])cc(O)c34)c2O)cc1,0
O=[N+]([O-])c1ccc(/N=N/c2cc(/N=N/c3cc(S(=O)(=O)[O][Na])cc4cc(S(=O)(=O)[O][Na])cc(O)c34)c(O)c(/N=N/c3ccc4c(S(=O)(=O)[O][Na])cccc4c3)c2O)cc1,0
O=[N+]([O-])c1ccc(/N=N/c2cc(/N=N/c3cc(S(=O)(=O)[O][Na])cc4cc(S(=O)(=O)[O][Na])cc(O)c34)c(O)c(/N=N/c3ccc(S(=O)(=O)[O][Na])cc3)c2O)cc1,0
Nc1cc(N)c(/N=N/c2ccc(S(=O)(=O)[O][Na])c3ccccc23)cc1/N=N/c1ccc(S(=O)(=O)[O][Na])c2ccccc12,0
CC1=NN(c2ccccc2)C(=O)/C1=N\Nc1cc([N+](=O)[O-])ccc1O,0
O=C1C=C/C(=N\Nc2ccc(S(=O)(=O)[O][Na])c3ccccc23)c2ccccc21,0
O=S(=O)([O][Na])c1ccc2cc(/N=N/c3cccc4ccccc34)ccc2c1,0
Nc1cc(/N=N/c2c(O)ccc(/N=N/c3cc(S(=O)(=O)[O][Na])ccc3O)c2O)ccc1[N+](=O)[O-],0
Cc1ccc2nc(-c3ccc(/N=N/c4c(O)ccc(/N=N/c5cc(S(=O)(=O)[O][Na])ccc5O)c4O)cc3)sc2c1S(=O)(=O)[O][Na],0
Nc1cc(/N=N/c2cc(/N=N/c3cc(S(=O)(=O)[O][Na])cc4cc(S(=O)(=O)[O][Na])cc(O)c34)c(O)c(/N=N/c3ccc([N+](=O)[O-])c(N)c3)c2O)ccc1[N+](=O)[O-],0
O=S(=O)([O][Na])c1ccc(O)c(/N=N/c2c(S(=O)(=O)[O][Na])cc3ccc(Nc4ccccc4)cc3c2O)c1,0
O=C1/C(=N\Nc2ccc(S(=O)(=O)[O][Na])cc2)C(S(=O)(=O)[O][Na])=Cc2ccc(Nc3ccccc3)cc21,0
O=C1/C(=N\Nc2ccc(S(=O)(=O)[O][Na])cc2)C(S(=O)(=O)[O][Na])=Cc2cc(Nc3ccccc3)ccc21,0
COc1ccccc1N/N=C1\C(=O)c2cc(NCCS(=O)(=O)[O][Na])ccc2C=C1S(=O)(=O)[O][Na],0
Cc1cc([N+](=O)[O-])ccc1N/N=C1\C(=O)c2cc(N)c(S(=O)(=O)[O][Na])cc2C=C1S(=O)(=O)[O][Na],0
Nc1ccc2c(c1)C(=O)/C(=N\Nc1ccc(CS(=O)(=O)[O][Na])cc1)C(S(=O)(=O)[O][Na])=C2,0
CNc1ccc2c(c1)C(=O)/C(=N\Nc1ccc(CS(=O)(=O)[O][Na])cc1)C(S(=O)(=O)[O][Na])=C2,0
O=[N+]([O-])c1cc(/N=N/c2c(O)ccc(/N=N/c3ccc(S(=O)(=O)[O][Na])cc3)c2O)c(O)c([N+](=O)[O-])c1,0
Cc1nn(-c2ccc(S(=O)(=O)[O][Na])cc2)c(O)c1/N=N/c1cc([N+](=O)[O-])ccc1O,0
CCN(Cc1cccc(S(=O)(=O)[O][Na])c1)c1ccc(C(=C2C=CC(=[N+](CC)Cc3cccc(S(=O)(=O)[O-])c3)C=C2)c2ccccc2Cl)cc1,0
Nc1ccc2c(S(=O)(=O)[O][Na])cccc2c1/N=N/c1ccc([N+](=O)[O-])cc1O,0
CNS(=O)(=O)c1ccc(O)c(/N=N/C(C(=O)Nc2ccccc2Cl)=C(/C)O)c1,0
CCN(CC)c1ccc(C(=C2C=CC(=[N+](CC)CC)C=C2)c2cc(NCc3cccc(S(=O)(=O)[O][Na])c3)ccc2S(=O)(=O)[O-])cc1,0
CCN(Cc1cccc(S(=O)(=O)[O][Na])c1)c1ccc(C(=C2C=CC(=[N+](CC)Cc3cccc(S(=O)(=O)[O-])c3)C=C2)c2cc(Cl)ccc2Cl)cc1,0
CN(C)c1ccc(C(=C2C=CC(=[N+](C)C)C=C2)c2cc(S(=O)(=O)[O][Na])cc3cc(S(=O)(=O)[O-])ccc23)cc1,0
Nc1c(/N=N/c2cc(Cl)ccc2Cl)c(S(=O)(=O)[O][Na])cc2c1C(=O)/C(=N\Nc1cccc3ccccc13)C(S(=O)(=O)[O][Na])=C2,0
CCN(CC)c1ccc(C(O)(c2ccc(N(CC)CC)cc2)c2c(S(=O)(=O)[O][Na])cc(S(=O)(=O)[O][Na])c(O)c2/N=N/c2c(C)nn(-c3ccccc3)c2O)cc1,0
Nc1ccc(/N=N/c2c(S(=O)(=O)[O][Na])cc3c(c2N)C(=O)/C(=N\Nc2ccccc2)C(S(=O)(=O)[O][Na])=C3)cc1,0
Cc1ccc(Nc2ccc(Nc3ccc(C)cc3S(=O)(=O)[O][Na])c3c2C(=O)c2ccccc2C3=O)c(S(=O)(=O)[O][Na])c1,0
CCCCc1ccc(Nc2ccc(Nc3ccc(CCCC)cc3S(=O)(=O)[O][Na])c3c2C(=O)c2ccccc2C3=O)c(S(=O)(=O)[O][Na])c1,0
CCCCc1ccc(Nc2ccc(Nc3ccc(CCCC)cc3S(=O)(=O)[O][Na])c3c2C(=O)c2c(O)ccc(O)c2C3=O)c(S(=O)(=O)[O][Na])c1,0
Nc1c(/N=N/c2ccc([N+](=O)[O-])cc2)c(S(=O)(=O)[O][Na])cc2c1C(=O)/C(=N\Nc1ccc(/N=N/c3ccccc3)cc1)C(S(=O)(=O)[O][Na])=C2,0
Nc1ccc(S(=O)(=O)[O][Na])c2ccc(/N=N/c3cc([N+](=O)[O-])cc([N+](=O)[O-])c3O)cc12,0
O=C1c2ccccc2C(=O)c2c(Nc3ccc(-c4ccc(S(=O)(=O)[O][Na])cc4)cc3)ccc(Nc3ccc(-c4ccc(S(=O)(=O)[O][Na])cc4)cc3)c21,0
CC(=O)Nc1ccc(Nc2ccc(NC3CCCCC3)c3c2C(=O)c2cc(S(=O)(=O)[O][Na])ccc2C3=O)cc1,0
Cc1ccc(Nc2ccc(Nc3ccc(C)cc3S(=O)(=O)[O][Na])c3c2C(=O)c2cccc(O)c2C3=O)c(S(=O)(=O)[O][Na])c1,0
Cc1ccc(Nc2ccc(Nc3ccc(C)cc3S(=O)(=O)[O][Na])c3c2C(=O)c2c(O)ccc(O)c2C3=O)c(S(=O)(=O)[O][Na])c1,0
Cc1ccc(Sc2cc(O)c3c(c2O)C(=O)c2c(Nc4ccc(C)cc4S(=O)(=O)[O][Na])ccc(Nc4ccc(C)cc4S(=O)(=O)[O][Na])c2C3=O)cc1,0
C/C(O)=C(/N=N/c1cc(S(N)(=O)=O)ccc1O)C(=O)Nc1ccccc1,0
O=C1c2ccccc2C(=O)c2c(Nc3ccc(C4CCCCC4)cc3S(=O)(=O)[O][Na])ccc(Nc3ccc(C4CCCCC4)cc3S(=O)(=O)[O][Na])c21,0
CCN(Cc1cccc(S(=O)(=O)[O][Na])c1)c1ccc(C(=C2C=CC(=[N+](CC)Cc3cccc(S(=O)(=O)[O][Na])c3)C=C2)c2ccc(S(=O)(=O)[O-])cc2)cc1,0
CN(C)c1ccc(C(=C2C=CC(=[N+](C)C)C=C2)c2c(O)c(S(=O)(=O)[O][Na])cc3cc(S(=O)(=O)[O-])ccc23)cc1,0
Nc1ccc(Oc2ccc(Nc3ccc(Nc4ccc(Oc5ccc(N)c(S(=O)(=O)[O][Na])c5)cc4)c4c3C(=O)c3ccccc3C4=O)cc2)cc1S(=O)(=O)[O][Na],0
CC(=O)C(/N=N/c1cc(S(N)(=O)=O)ccc1O)C(=O)Nc1ccccc1,0
CN(Cc1cccc(S(=O)(=O)[O][Na])c1)c1ccc(C(=C2C=CC(=[N+](C)Cc3cccc(S(=O)(=O)[O][Na])c3)C=C2)c2ccc(S(=O)(=O)[O-])cc2)cc1,0
CCN(CC)c1ccc(C(=C2C=CC(=[N+](CC)CC)C=C2)c2cc(S(=O)(=O)[O-])c(C)c(S(=O)(=O)[O][Na])c2C)cc1,0
O=NN(c1ccc(/N=N/c2ccc(S(=O)(=O)[O][Na])cc2)cc1)c1ccc([N+](=O)[O-])cc1[N+](=O)[O-],0
O=[N+]([O-])c1ccc(Nc2ccc(/N=N/c3ccc(S(=O)(=O)[O][Na])cc3)cc2)c([N+](=O)[O-])c1,0
O=C1C=Cc2cc(S(=O)(=O)O)cc(S(=O)(=O)O)c2/C1=N/Nc1ccccc1,0
CC(=O)C(/N=N/c1cc([N+](=O)[O-])cc(Cl)c1O)=C(\C)O,0
O=C([O][Na])c1ccccc1-c1c2ccc(=O)c(Br)c-2oc2c(Br)c([O][Na])ccc12,0
CCOc1ccc(C)cc1/N=N/c1ccc(/N=N/c2cccc(S(=O)(=O)[O][Na])c2)c2ccccc12,0
O=C1C=Cc2cc(S(=O)(=O)O)ccc2/C1=N/Nc1ccccc1,0
CC1=NN(c2ccccc2)C(=O)/C1=N\NC1=CC([N+](=O)[O-])=CC(S(=O)(=O)[O][Na])C1=O,0
CCOc1ccc(/N=N/c2ccc(/N=N/c3cccc(S(=O)(=O)[O][Na])c3)c3ccccc23)cc1,0
CCOc1ccc(/N=N/c2cc(C)c(/N=N/c3cc(S(=O)(=O)[O][Na])c4cccc(S(=O)(=O)[O][Na])c4c3)cc2OC)cc1,0
Cc1cccc(C)c1N/N=C1\C(=O)C(S(=O)(=O)[O][Na])=Cc2cc(S(=O)(=O)[O][Na])ccc21,0
CCOC(=O)C1=NN(c2ccc(S(=O)(=O)[O][Na])cc2)C(=O)/C1=N\Nc1ccc(S(=O)(=O)[O][Na])c2ccccc12,0
O=C1C(S(=O)(=O)[O][Na])=Cc2cc(S(=O)(=O)[O][Na])ccc2/C1=N/Nc1ccccc1,0
Cc1nn(-c2ccccc2)c(O)c1/N=N/c1cc([N+](=O)[O-])cc(S(=O)(=O)[O][Na])c1O,0
O=c1cc2n(-c3ccccc3)c3ccccc3nc-2c2ccc(S(=O)(=O)[O][Na])cc12,0
COc1ccc(/N=N/c2cc(C)c(/N=N/c3ccc(S(=O)(=O)[O][Na])cc3)cc2OC)cc1,0
Cc1ccc(N/N=C2\C(=O)C=Cc3cc(S(=O)(=O)[O][Na])ccc32)cc1,0
CCN(c1ccccc1)S(=O)(=O)c1ccccc1N/N=C1\C(=O)C=Cc2cc(S(=O)(=O)[O][Na])ccc21,0
Cc1nn(-c2ccc(S(=O)(=O)O)cc2)c(O)c1/N=N/c1cc([N+](=O)[O-])ccc1O,0
COc1cc(/N=N/c2c(C)n[nH]c2C)c(OC)cc1/N=N/c1cccc(S(=O)(=O)[O][Na])c1,0
Cc1ccc(N/N=C2\C(=O)C=Cc3cc(S(=O)(=O)[O][Na])ccc32)c(C)c1,0
O=C1C(S(=O)(=O)[O][Na])=Cc2cc(S(=O)(=O)[O][Na])ccc2/C1=N/Nc1cccc([N+](=O)[O-])c1,0
Cc1ccc(N/N=C2/C=C(S(=O)(=O)[O][Na])c3ccccc3C2=O)cc1S(=O)(=O)Nc1ccccc1,0
O=C1C=C/C(=N\Nc2ccc(S(=O)(=O)[O][Na])cc2)c2ccccc21,0
O=C1C=Cc2ccccc2/C1=N/Nc1ccc(S(=O)(=O)[O][Na])cc1[N+](=O)[O-],0
Cc1ccc(/N=N/c2c(O)ccc(/N=N/c3ccc(S(=O)(=O)[O][Na])cc3)c2O)c(C)c1,0
O=S(=O)([O][Na])c1ccc(/N=N/c2ccc(O)c(/N=N/c3ccccc3)c2O)cc1,0
CC(=O)Nc1ccc2c(c1)C=C(S(=O)(=O)[O][Na])/C(=N/Nc1ccccc1S(=O)(=O)[O][Na])C2=O,0
CC(=O)N(c1ccc(N/N=C2\C(=O)C=Cc3cc(S(=O)(=O)[O][Na])cc(S(=O)(=O)[O][Na])c32)cc1)C1CCCCC1,0
O=[N+]([O-])c1ccc(Nc2ccc(Nc3ccccc3)c(S(=O)(=O)[O][Na])c2)c([N+](=O)[O-])c1,0
O=C(CCl)Nc1ccc2c(c1)C=C(S(=O)(=O)[O][Na])/C(=N/Nc1ccccc1)C2=O,0
O=C1C=Cc2cc(S(=O)(=O)[O][Na])ccc2/C1=N/Nc1ccc(Cl)cc1,0
O=C1C=Cc2cc(S(=O)(=O)[O][Na])cc(S(=O)(=O)[O][Na])c2/C1=N/Nc1ccc(C2(c3ccc(/N=N/c4ccc(O)cc4)cc3)CCCCC2)cc1,0
O=C1/C(=N\Nc2ccc(/N=N/c3ccc(S(=O)(=O)[O][Na])cc3)cc2S(=O)(=O)[O][Na])C(O)=Nc2ccccc21,0
Cc1ccc(N/N=C2\C(=O)C=Cc3cc(S(=O)(=O)[O][Na])ccc32)cc1S(=O)(=O)Nc1ccccc1,0
Cc1ccc(S(=O)(=O)Oc2ccc(/N=N/c3ccc(-c4ccc(/N=N/c5c(N)c(S(=O)(=O)[O][Na])cc6cc(S(=O)(=O)[O][Na])ccc56)cc4)cc3)cc2)cc1,0
Cc1ccc(S(=O)(=O)Oc2ccc(/N=N\c3ccc(-c4ccc(N/N=C5\C(=O)C=Cc6cc(S(=O)(=O)[O][Na])cc(S(=O)(=O)[O][Na])c65)cc4C)c(C)c3)cc2)cc1,0
O=S(=O)([O][Na])c1ccc(/N=N/c2ccc(Nc3ccccc3)cc2)cc1,0
CCN(Cc1ccccc1)c1ccc(/N=N/c2cc(Cl)c(S(=O)(=O)[O][Na])cc2Cl)cc1,0
Cc1ccc(S(=O)(=O)Oc2ccc(/N=N/c3ccc(/N=N/c4ccc(Nc5ccc([N+](=O)[O-])cc5S(=O)(=O)[O][Na])cc4)c4cc(S(=O)(=O)[O][Na])ccc34)cc2C)cc1,0
CN(C)c1ccc(/N=N/c2ccc(S(=O)(=O)[O][Na])cc2)cc1,0
Cc1cc(N/N=C2\C(=O)C=Cc3cc(S(=O)(=O)[O][Na])ccc32)ccc1Cc1ccc(N/N=C2\C(=O)C=Cc3cc(S(=O)(=O)[O][Na])ccc32)cc1C,0
CC1=NN(c2ccccc2)C(=O)/C1=N\Nc1ccc(-c2ccc(N/N=C3\C(=O)C=Cc4ccccc43)cc2S(=O)(=O)[O][Na])c(S(=O)(=O)[O][Na])c1,0
O=S(=O)([O][Na])c1ccc(/N=N/c2ccc(O)cc2O)cc1,0
O=S(=O)([O][Na])c1cccc(/N=N/c2ccc(O)c3ncccc23)c1,0
CC1=NN(c2ccccc2)C(=O)/C1=N/Nc1cc([N+](=O)[O-])ccc1O,0
CC1=NN(c2ccc(S(=O)(=O)[O][Na])cc2)C(=O)/C1=N/Nc1ccc(-c2ccc(/N=N\c3ccc(OS(=O)(=O)c4ccc(C)cc4)cc3)c(S(=O)(=O)[O][Na])c2)cc1,0
Cc1ccc(S(=O)(=O)Oc2ccc(/N=N/c3ccc(Nc4ccc(S(=O)(=O)[O][Na])cc4[N+](=O)[O-])cc3)c(C)c2)cc1,0
O=C1C=Cc2ccccc2/C1=N/Nc1ccc(S(=O)(=O)O)cc1,0
Cc1nn(-c2ccccc2)c(O)c1/N=N/c1cc(S(=O)(=O)[O][Na])cc([N+](=O)[O-])c1O,0
Cc1nn(-c2cccc(S(N)(=O)=O)c2)c(O)c1/N=N/c1cc(S(N)(=O)=O)ccc1O,0
CC(=O)/C(=N/Nc1ccc(-c2ccc(N/N=C3\C(=O)C=Cc4cc(S(=O)(=O)[O][Na])cc(S(=O)(=O)[O][Na])c43)cc2C)c(C)c1)C(=O)Nc1ccccc1,0
Cc1cc(S(=O)(=O)[O][Na])ccc1N/N=C1\C(=O)C=Cc2ccccc21,0
CC(=O)Nc1ccc2c(c1)C(=O)/C(=N\Nc1c(C)cc(C)cc1S(=O)(=O)[O][Na])C(S(=O)(=O)[O][Na])=C2,0
Cc1nn(-c2ccccc2)c(O)c1/N=N/c1cc([N+](=O)[O-])ccc1O,0
O=S(=O)([O][Na])c1cc(S(=O)(=O)[O][Na])c2c(/N=N/c3ccc(C4(c5ccc(/N=N/c6ccc(O)cc6)cc5)CCCCC4)cc3)c(O)ccc2c1,0
C/C(O)=C(/N=N/c1cc(Cl)cc(S(=O)(=O)[O][Na])c1O)C(=O)Nc1ccccc1,0
Cc1n[nH]c(O)c1/N=N/c1cc([N+](=O)[O-])cc(Cl)c1O,0
CC(=O)Nc1cc([N+](=O)[O-])cc(/N=N/c2c(C)n[nH]c2O)c1O,0
CC(=O)Nc1cc(S(=O)(=O)[O][Na])cc2c1C(=O)/C(=N\Nc1ccccc1)C(S(=O)(=O)[O][Na])=C2,0
O=C1C=Cc2ccccc2/C1=N/Nc1ccc2cc(S(=O)(=O)[O][Na])ccc2c1,0
O=S(=O)([O-])c1ccc(Nc2cc3c(nc4ccccc4[n+]3-c3ccccc3)c3cc(S(=O)(=O)[O][Na])ccc23)cc1,0
O=C1/C(=N\Nc2ccc3cc(S(=O)(=O)[O][Na])ccc3c2)C=C(S(=O)(=O)[O][Na])c2ccccc21,0
O=S(=O)([O-])c1ccc(Nc2cc3c(nc4ccccc4[n+]3-c3ccccc3)c3cc(S(=O)(=O)[O][Na])ccc23)c(S(=O)(=O)[O][Na])c1,0
Cc1ccccc1/N=N/c1ccc(/N=N/c2c(N)ccc3ccc(S(=O)(=O)[O][Na])cc23)c(C)c1,0
Cc1ccccc1/N=N/c1ccc(/N=N/c2c(N)ccc3cc(S(=O)(=O)[O][Na])ccc23)c(C)c1,0
Cc1ccc(S(=O)(=O)Nc2cc(S(=O)(=O)[O][Na])cc3c2C(=O)/C(=N\Nc2ccccc2)C(S(=O)(=O)[O][Na])=C3)cc1,0
COc1ccccc1N/N=C1\C(=O)c2c(NC(=O)c3ccc(Cl)cc3Cl)ccc(S(=O)(=O)[O][Na])c2C=C1S(=O)(=O)[O][Na],0
Cc1cccc(N/N=C2\C(=O)c3c(NC(=O)c4ccccc4)ccc(S(=O)(=O)[O][Na])c3C=C2S(=O)(=O)[O][Na])c1,0
O=C1C=Cc2cc(S(=O)(=O)[O][Na])ccc2/C1=N/Nc1cccc2ccccc12,0
O=C(Nc1ccc(S(=O)(=O)[O][Na])c2c1C(=O)/C(=N\Nc1cccc(Cl)c1)C(S(=O)(=O)[O][Na])=C2)c1ccc(Cl)cc1Cl,0
Cc1ccc(S(=O)(=O)Oc2ccc(/N=N/c3ccc(-c4ccc(N/N=C5\C(=O)c6ccc(S(=O)(=O)[O][Na])cc6C=C5S(=O)(=O)[O][Na])cc4C)c(C)c3)cc2)cc1,0
O=C1C(S(=O)(=O)[O][Na])=Cc2cc(S(=O)(=O)[O][Na])ccc2/C1=N/Nc1ccc(/N=N/c2ccc(S(=O)(=O)[O][Na])cc2)cc1S(=O)(=O)[O][Na],0
Cc1ccc(S(=O)(=O)Oc2ccc(/N=N/c3ccc(-c4ccc(N/N=C5\C(=O)C=Cc6cc(S(=O)(=O)[O][Na])cc(S(=O)(=O)[O][Na])c65)c(C)c4)cc3C)cc2)cc1,0
Cc1ccccc1/N=N/c1ccc(N/N=C2\C(=O)C(S(=O)(=O)[O][Na])=Cc3cc(S(=O)(=O)[O][Na])ccc32)c(C)c1,0
O=C1/C(=N\Nc2ccc(/N=N/c3ccccc3)cc2)C=C(S(=O)(=O)[O][Na])c2ccccc21,0
CCN(c1ccccc1)S(=O)(=O)c1cc(/N=N/c2c(N)ccc3cc(S(=O)(=O)[O][Na])cc(O)c23)ccc1C,0
CCN(Cc1cccc(S(=O)(=O)[O][Na])c1)c1ccc(/N=N/c2ccc(/N=N/c3cccc(S(=O)(=O)[O][Na])c3)c3ccccc23)cc1,0
O=C1/C(=N\Nc2ccc(S(=O)(=O)[O][Na])c3ccccc23)C=Cc2c1cccc2S(=O)(=O)[O][Na],0
O=S(=O)([O][Na])c1cc(/N=N/c2ccc(C3(c4ccc(/N=N/c5cc(S(=O)(=O)[O][Na])c6ccccc6c5O)cc4)CCCCC3)cc2)c(O)c2ccccc12,0
Cc1ccc(S(=O)(=O)Oc2ccc(/N=N/c3cc4c(O)c(/N=N/c5ccccc5Oc5ccccc5C)c(S(=O)(=O)[O][Na])cc4cc3S(=O)(=O)[O][Na])cc2)cc1,0
COc1cc(-c2ccc(N/N=C3\C(=O)C=Cc4cc(S(=O)(=O)[O][Na])cc(S(=O)(=O)[O][Na])c43)c(OC)c2)ccc1/N=N/c1ccc(C(=O)S(=O)(=O)c2ccc(C)cc2)cc1,0
O=C1C=Cc2cc(S(=O)(=O)[O][Na])ccc2/C1=N/Nc1ccc(S(=O)(=O)[O][Na])c2ccccc12,0
CCN(C(=O)c1ccc(N/N=C2\C(=O)c3c(NC(=O)c4ccccc4)ccc(S(=O)(=O)[O][Na])c3C=C2S(=O)(=O)[O][Na])cc1)c1cccc2ccccc12,0
COc1cc(C2(c3ccc(N/N=C4\C(=O)c5cc(O)ccc5C=C4S(=O)(=O)[O][Na])c(OC)c3)CCCCC2)ccc1N/N=C1\C(=O)c2cc(O)ccc2C=C1S(=O)(=O)[O][Na],0
Cc1ccc(N/N=C2/C=C(S(=O)(=O)[O][Na])c3ccccc3C2=O)c(C)c1,0
CC(=O)Nc1ccc(N/N=C2\C(=O)c3ccc(NC(C)=O)cc3C=C2S(=O)(=O)[O][Na])cc1,0
CCCCCCCCCCCCc1ccc(N/N=C2\C(=O)c3c(cc(S(=O)(=O)[O][Na])cc3NC(C)=O)C=C2S(=O)(=O)[O][Na])cc1,0
O=C1/C(=N\Nc2ccc(S(=O)(=O)O)c3ccccc23)C=C(S(=O)(=O)O)c2ccccc21,0
O=C1C=Cc2ccccc2/C1=N/Nc1cccc2c(S(=O)(=O)[O][Na])cccc12,0
O=C1C=Cc2cc(S(=O)(=O)[O][Na])ccc2/C1=N/Nc1ccc(/N=N/c2ccc(S(=O)(=O)[O][Na])cc2)cc1,0
O=C(Nc1ccccc1)C1=Cc2ccccc2/C(=N/Nc2ccc(-c3ccc(N/N=C4\C(=O)C(C(=O)Nc5ccccc5)=Cc5ccccc54)cc3S(=O)(=O)[O][Na])c(S(=O)(=O)[O][Na])c2)C1=O,0
Cc1ccc(S(=O)(=O)Oc2ccc(/N=N/c3cc(S(=O)(=O)[O][Na])c(-c4cc(C)c(N/N=C5/C=C(S(=O)(=O)[O][Na])c6ccccc6C5=O)cc4S(=O)(=O)[O][Na])cc3C)cc2)cc1,0
Cc1ccccc1/N=N/c1ccc(N/N=C2/C=C(S(=O)(=O)[O][Na])c3ccccc3C2=O)c(C)c1,0
CC(=O)Nc1ccc2c(c1)C(=O)/C(=N\Nc1ccccc1-c1ccccc1)C(S(=O)(=O)[O][Na])=C2,0
O=C1C(S(=O)(=O)[O][Na])=Cc2cc(S(=O)(=O)[O][Na])ccc2/C1=N/Nc1ccc(/N=N/c2ccccc2)cc1,0
O=C1C=Cc2ccccc2/C1=N/Nc1ccc(/N=N/c2ccc(S(=O)(=O)[O][Na])cc2)cc1,0
[Li][O]S(=O)(=O)c1ccc(/N=N/c2ccc(/N=N/c3c(O)ccc4ccccc34)cc2)cc1,0
O=C1C(S(=O)(=O)[O][Na])=Cc2cc(S(=O)(=O)[O][Na])ccc2/C1=N/Nc1ccc(-c2ccc(N/N=C3\C(=O)C(S(=O)(=O)[O][Na])=Cc4cc(S(=O)(=O)[O][Na])ccc43)cc2Cl)c(Cl)c1,0
Cc1cc(C2(c3ccc(N/N=C4\C(=O)c5cc(O)ccc5C=C4S(=O)(=O)[O][Na])c(C)c3)CCCCC2)ccc1N/N=C1\C(=O)c2cc(O)ccc2C=C1S(=O)(=O)[O][Na],0
Cc1ccc(S(=O)(=O)Nc2cc(S(=O)(=O)[O][Na])cc3c2C(=O)/C(=N\Nc2ccc(C4CCCCC4)cc2C)C(S(=O)(=O)[O][Na])=C3)cc1,0
CC(=O)N(c1ccc(N/N=C2\C(=O)c3c(NC(=O)c4ccccc4)ccc(S(=O)(=O)[O][Na])c3C=C2S(=O)(=O)[O][Na])cc1)C1CCCCC1,0
O=C1C=Cc2ccc(S(=O)(=O)Nc3ccc(S(=O)(=O)[O][Na])c4c3C(=O)/C(=N\Nc3ccccc3)C(S(=O)(=O)[O][Na])=C4)cc2/C1=N/Nc1ccccc1,0
Cc1ccc(N/N=C2\C(=O)C=Cc3ccc(S(=O)(=O)Nc4ccc(S(=O)(=O)[O][Na])c5c4C(=O)/C(=N\Nc4ccc(C)cc4)C(S(=O)(=O)[O][Na])=C5)cc32)cc1,0
O=C1/C(=N\Nc2ccc3ccccc3c2)C(S(=O)(=O)[O][Na])=Cc2cc(S(=O)(=O)[O][Na])ccc21,0
Cc1cc(S(=O)(=O)Nc2cc(S(=O)(=O)[O][Na])cc3c2C(=O)/C(=N\Nc2cc(C(C)(C)CC(C)(C)C)ccc2OC(C)C)C(S(=O)(=O)[O][Na])=C3)c(C)cc1Cl,0
O=C(Nc1ccc(S(=O)(=O)[O][Na])c2cc(S(=O)(=O)[O][Na])c(/N=N/c3ccc(C4CCCCC4)cc3)c(O)c12)c1cc(Cl)ccc1Cl,0
O=C1/C(=N\Nc2ccc(C3(c4ccc(N/N=C5\C(=O)c6cc(OS(=O)(=O)c7ccccc7)ccc6C=C5S(=O)(=O)[O][Na])cc4)CCCCC3)cc2)C(S(=O)(=O)[O][Na])=Cc2ccc(O)cc21,0
CC(=O)/C(=N/Nc1ccc(-c2ccc(N/N=C3\C(=O)c4ccc(S(=O)(=O)[O][Na])cc4C=C3S(=O)(=O)[O][Na])cc2C)c(C)c1)C(=O)Nc1ccccc1,0
O=C1C(S(=O)(=O)[O][Na])=Cc2cc(S(=O)(=O)[O][Na])ccc2/C1=N/Nc1cccc2ccccc12,0
Cc1ccc(/N=N/c2cc(C)cc(C)c2N/N=C2\C(=O)C(S(=O)(=O)[O][Na])=Cc3cc(S(=O)(=O)[O][Na])ccc32)c(C)c1,0
Cc1ccc(S(=O)(=O)Nc2cc(S(=O)(=O)[O][Na])cc3c2C(=O)/C(=N\Nc2cc(Cl)ccc2OCc2ccccc2)C(S(=O)(=O)[O][Na])=C3)cc1,0
Cc1cc(N/N=C2\C(=O)C=Cc3cc(S(=O)(=O)[O][Na])ccc32)ccc1-c1ccc(N/N=C2\C(=O)C=Cc3cc(S(=O)(=O)[O][Na])ccc32)cc1C,0
O=C1/C(=N\Nc2ccc([N+](=O)[O-])cc2)C(S(=O)(=O)[O][Na])=Cc2cc(S(=O)(=O)[O][Na])cc(O)c21,0
Cc1ccccc1/N=N/c1ccc(N/N=C2\C(=O)C=Cc3cc(S(=O)(=O)[O][Na])cc(S(=O)(=O)[O][Na])c32)c(C)c1,0
O=S(=O)([O][Na])c1cc(Cl)cc(/N=N/c2c(O)nc3ccccc3c2O)c1O,0
O=C1C=Cc2cc(S(=O)(=O)O)cc(S(=O)(=O)O)c2/C1=N/Nc1ccc(S(=O)(=O)O)c2ccccc12,0
Cc1nn(-c2ccccc2)c(O)c1/N=N/c1cc(Cl)cc(S(=O)(=O)[O][Na])c1O,0
NS(=O)(=O)c1ccc(O)c(/N=N/c2c(O)ccc3ccccc23)c1,0
Cc1nn(-c2cccc(S(=O)(=O)[O][Na])c2)c(O)c1/N=N/c1cc(Cl)cc(S(=O)(=O)[O][Na])c1O,0
O=[N+]([O-])c1cc(/N=N/c2c(O)ccc3ccccc23)c(O)c(S(=O)(=O)[O][Na])c1,0
Cc1nn(-c2cccc(S(=O)(=O)[O][Na])c2)c(O)c1/N=N/c1c(O)cc(S(=O)(=O)[O][Na])c2ccccc12,0
CCN(CC)S(=O)(=O)c1ccc(O)c(/N=N/c2c(O)ccc3cc(S(=O)(=O)[O][Na])cc(S(=O)(=O)[O][Na])c23)c1,0
O=Cc1ccc(N/N=C2\C(=O)c3c(O)cc(S(=O)(=O)[O][Na])cc3C=C2S(=O)(=O)[O][Na])cc1,0
Cc1cc(/N=N/c2c(-c3ccccc3)nn(-c3ccccc3S(=O)(=O)[O][Na])c2O)c(O)c([N+](=O)[O-])c1,0
CN(C)c1ccc(/N=N/c2ccccc2C(=O)O)cc1,0
O=C1/C(=N\Nc2cccc3ccccc23)C=Cc2c1cccc2S(=O)(=O)O,0
Cc1nn(-c2ccccc2)c(O)c1/N=N/c1c(O)cc(S(=O)(=O)[O][Na])c2ccccc12,0
COc1ccc(C)cc1N/N=C1\C(=O)c2c(cccc2S(=O)(=O)[O][Na])C=C1S(=O)(=O)[O][Na],0
CC1=NN(c2cccc(S(N)(=O)=O)c2)C(=O)/C1=N/Nc1cc(Cl)ccc1O,0
O=[N+]([O-])c1cc(S(=O)(=O)[O][Na])cc(/N=N/c2c(O)nc3ccccc3c2O)c1O,0
CC1=NN(c2cccc(S(N)(=O)=O)c2)C(=O)/C1=N/Nc1ccc([N+](=O)[O-])cc1O,0
COc1ccc(C)cc1N/N=C1\C(=O)c2cc(S(=O)(=O)[O][Na])ccc2C=C1S(=O)(=O)[O][Na],0
CC1=NN(c2ccccc2)C(=O)/C1=N/Nc1ccc([N+](=O)[O-])cc1O,0
CC(=O)Nc1ccc(N/N=C2\C(=O)C(S(=O)(=O)[O][Na])=Cc3cc(S(=O)(=O)[O][Na])ccc32)cc1,0
CC(=O)Nc1ccc(/N=N/c2c(N)ccc3cc(S(=O)(=O)[O][Na])cc(O)c23)cc1,0
COc1cc(S(=O)(=O)[O][Na])c(Cl)cc1NC(=O)C(/N=N/c1ccc([N+](=O)[O-])cc1O)C(C)=O,0
Cc1ccccc1N/N=C1\C(=O)C(S(=O)(=O)[O][Na])=Cc2cc(S(=O)(=O)[O][Na])ccc21,0
O=C1C=Cc2cccc(S(=O)(=O)[O][Na])c2/C1=N/Nc1ccc(S(=O)(=O)[O][Na])c2ccccc12,0
Cc1ccccc1N/N=C1\C(=O)C=Cc2cccc(S(=O)(=O)[O][Na])c21,0
Cc1ccccc1N/N=C1\C(=O)C=Cc2cc(S(=O)(=O)[O][Na])ccc21,0
Cc1ccc(N/N=C2\C(=O)C(S(=O)(=O)[O][Na])=Cc3cc(S(=O)(=O)[O][Na])ccc32)c(C)c1,0
COc1ccccc1N/N=C1\C(=O)c2c(cc(S(=O)(=O)[O][Na])cc2NS(=O)(=O)c2ccc(C)cc2)C=C1S(=O)(=O)[O][Na],0
Cc1ccc(S(=O)(=O)Nc2cc(S(=O)(=O)[O][Na])cc3c2C(=O)/C(=N\Nc2ccccc2C)C(S(=O)(=O)[O][Na])=C3)cc1,0
Nc1ccc2cc(S(=O)(=O)[O][Na])cc(O)c2c1/N=N/c1ccc(Cl)cc1C(F)(F)F,0
O=C1C(S(=O)(=O)O)=Cc2cc(S(=O)(=O)O)ccc2/C1=N/Nc1ccc(S(=O)(=O)O)c2ccccc12,0
Cc1cccc(C)c1Nc1ccc2c(c1)oc1cc(Nc3c(C)ccc(S(=O)(=O)[O][Na])c3C)ccc1[c+]2-c1ccccc1S(=O)(=O)[O-],0
O=C1/C(=N\Nc2ccccc2)C(S(=O)(=O)[O][Na])=Cc2cc(S(=O)(=O)[O][Na])cc(O)c21,0
O=S(=O)([O][Na])c1cccc(/N=N/c2ccc(/N=N/c3ccc(N(CCO)CCO)cc3)c3ccccc23)c1,0
O=C1/C(=N\Nc2cccc3ccccc23)C(S(=O)(=O)[O][Na])=Cc2cc(S(=O)(=O)[O][Na])ccc21,0
CC(=O)Nc1ccc(S(=O)(=O)[O][Na])c(/N=N/c2c(N)ccc3cc(S(=O)(=O)[O][Na])cc(O)c23)c1,0
Cc1ccc(S(=O)(=O)c2ccc(Cl)cc2/N=N/c2c(N)ccc3cc(S(=O)(=O)[O][Na])cc(O)c23)cc1,0
O=C([O-])c1ccccc1C(=O)c1ccc(/N=N/c2c(O)ccc3ccccc23)c(O)c1.[Na+],0
O=C1/C(=N\Nc2ccc(S(=O)(=O)[O][Na])cc2)C=C(S(=O)(=O)[O][Na])c2cccc(O)c21,0
CCN(c1ccccc1)S(=O)(=O)c1cc(NC(C)=O)ccc1/N=N/c1c(N)ccc2cc(S(=O)(=O)[O][Na])cc(O)c12,0
Cc1ccc(S(=O)(=O)C(=O)c2ccc(/N=N/c3ccc(-c4ccc(N/N=C5\C(=O)c6ccc(S(=O)(=O)[O][Na])cc6C=C5S(=O)(=O)[O][Na])cc4)cc3)cc2)cc1,0
Nc1cc(S(=O)(=O)[O][Na])cc2c1C(=O)/C(=N\Nc1ccccc1)C(S(=O)(=O)[O][Na])=C2,0
Nc1ccc2cc(S(=O)(=O)[O][Na])cc(O)c2c1/N=N/c1ccccc1C(F)(F)F,0
Nc1ccc(/N=N/c2c(N)ccc3cc(S(=O)(=O)[O][Na])cc(O)c23)c(S(=O)(=O)[O][Na])c1,0
CC(=O)Nc1cc(S(=O)(=O)[O][Na])cc2c1C(=O)/C(=N\Nc1ccccc1C)C(S(=O)(=O)[O][Na])=C2,0
CCN(Cc1ccc(S(=O)(=O)[O][Na])cc1)c1ccc(/N=N/c2ccc(/N=N/c3ccccc3)cc2)cc1,0
O=S(=O)([O][Na])c1ccc(/N=N/c2ccc(/N=N/c3c(-c4ccccc4)[nH]c4ccccc34)cc2)cc1,0
O=C1C=Cc2cc(S(=O)(=O)[O][Na])cc(S(=O)(=O)[O][Na])c2/C1=N/Nc1cccc2c(S(=O)(=O)[O][Na])cccc12,0
CC1=NN(c2ccccc2)C(=O)/C1=N\Nc1cc([N+](=O)[O-])cc(S(=O)(=O)[O][Na])c1O,0
CN(C1CCCCC1)S(=O)(=O)c1ccccc1/N=N/c1c(N)ccc2cc(S(=O)(=O)[O][Na])cc(O)c12,0
CC1=NN(c2ccccc2)C(=O)/C1=N\Nc1cc(Cl)cc(S(=O)(=O)[O][Na])c1O,0
CC(=O)Nc1ccc(/N=N/c2c(N)ccc3cc(S(=O)(=O)[O][Na])cc(O)c23)c(S(=O)(=O)[O][Na])c1,0
O=C1C=Cc2cc(S(=O)(=O)[O][Na])cc(S(=O)(=O)[O][Na])c2/C1=N/Nc1ccc(C2(c3ccc(N/N=C4/C=C(S(=O)(=O)[O][Na])c5ccccc5C4=O)cc3)CCCCC2)cc1,0
Cc1nn(-c2cccc(S(N)(=O)=O)c2)c(O)c1/N=N/c1ccc([N+](=O)[O-])cc1O,0
COc1ccccc1N/N=C1/C=C(S(=O)(=O)[O][Na])c2ccccc2C1=O,0
CC(=O)Nc1cc(S(=O)(=O)[O][Na])cc2c1C(=O)/C(=N\Nc1ccc(C)cc1C)C(S(=O)(=O)[O][Na])=C2,0
O=C1C(S(=O)(=O)[O][Na])=Cc2cc(S(=O)(=O)[O][Na])cc(S(=O)(=O)[O][Na])c2/C1=N/Nc1ccc(S(=O)(=O)[O][Na])c2ccccc12,0
Nc1ccc2cc(S(=O)(=O)[O][Na])cc(O)c2c1/N=N/c1ccccc1S(=O)(=O)c1ccccc1,0
O=C1/C(=N\Nc2ccc(/N=N/c3ccc(S(=O)(=O)[O][Na])cc3)cc2S(=O)(=O)[O][Na])C(S(=O)(=O)[O][Na])=Cc2cc(/N=N/c3ccc(/C=C/c4ccc([N+](=O)[O-])cc4S(=O)(=O)[O][Na])c(S(=O)(=O)[O][Na])c3)ccc21,0
O=C1C=Cc2cc(S(=O)(=O)[O][Na])cc(S(=O)(=O)[O][Na])c2/C1=N/Nc1cccc2ccccc12,0
Nc1ccc2c(c1)C(=O)/C(=N\Nc1ccccc1)C(S(=O)(=O)[O][Na])=C2,0
O=C(O)c1ccccc1/N=N/c1c(O)ccc2ccccc12,0
O=C1C=Cc2cc(S(=O)(=O)[O][Na])ccc2/C1=N/Nc1ccc(-c2ccc(N/N=C3\C(=O)C=Cc4cc(S(=O)(=O)[O][Na])ccc43)cc2S(=O)(=O)[O][Na])c(S(=O)(=O)[O][Na])c1,0
Cc1nn(-c2ccccc2)c(O)c1/N=N/c1ccc(S(=O)(=O)[O][Na])cc1O,0
Cc1cc(/N=N/c2ccc3cc(S(=O)(=O)[O][Na])cc(S(=O)(=O)[O][Na])c3c2)ccc1N/N=C1\C(=O)C=CC2C=C(S(=O)(=O)[O][Na])C=C(S(=O)(=O)[O][Na])C12,0
COc1ccccc1N/N=C1\C(=O)c2ccc(S(=O)(=O)[O][Na])cc2C=C1S(=O)(=O)[O][Na],0
CCNc1cc2oc3cc(NCC)c(C)cc3[c+](-c3ccc(S(=O)(=O)[O][Na])cc3S(=O)(=O)[O-])c2cc1C,0
O=C([O][Na])c1ccccc1-c1c2cc(I)c(=O)c(I)c-2oc2c(I)c([O][Na])c(I)cc12,0
O=C(O)c1ccccc1-c1c2cc(I)c(=O)c(I)c-2oc2c(I)c(O)c(I)cc12,0
CCN(CC)c1ccc2c(-c3ccc(S(=O)(=O)[O][Na])cc3S(=O)(=O)[O-])c3ccc(=[N+](CC)CC)cc-3oc2c1,0
CCN(CCOS(=O)(=O)[O][Na])c1ccc(/N=N/c2ccc([N+](=O)[O-])cc2)cc1,0
Nc1ccc2cc(S(=O)(=O)[O][Na])cc(O)c2c1/N=N/c1ccccc1S(=O)(=O)[O][Na],0
COc1cc(/N=N/c2ccc(S(=O)(=O)[O][Na])cc2)ccc1N/N=C1\C(=O)C=Cc2cccc(S(=O)(=O)[O][Na])c21,0
CCN(c1ccccc1)S(=O)(=O)c1ccccc1/N=N/c1c(N)ccc2cc(S(=O)(=O)[O][Na])cc(O)c12,0
CCN(C(=O)c1ccccc1)c1ccc(N/N=C2/C=C(S(=O)(=O)[O][Na])c3ccccc3C2=O)c(C)c1,0
O=C1/C(=N\Nc2ccc(S(=O)(=O)[O][Na])c3ccccc23)C(S(=O)(=O)[O][Na])=Cc2cc(S(=O)(=O)[O][Na])cc(O)c21,0
Cc1cc(C(c2ccccc2)c2cc(C)c(/N=N/c3c(O)c(S(=O)(=O)[O][Na])cc4cc(S(=O)(=O)[O][Na])ccc34)cc2C)c(C)cc1/N=N/c1c(O)c(S(=O)(=O)[O][Na])cc2cc(S(=O)(=O)[O][Na])ccc12,0
O=C1C=Cc2ccccc2/C1=N/Nc1ccc(/N=N/c2ccc(S(=O)(=O)[O][Na])cc2)cc1S(=O)(=O)[O][Na],0
CCN(C(=O)c1ccccc1)c1ccc(N/N=C2\C(=O)c3cc(NC(C)=O)ccc3C=C2S(=O)(=O)[O][Na])cc1,0
CC(=O)Nc1ccc(N/N=C2\C(=O)c3ccc(S(=O)(=O)[O][Na])cc3C=C2S(=O)(=O)[O][Na])cc1,0
O=C1C=Cc2cccc(S(=O)(=O)[O][Na])c2/C1=N/Nc1ccc(/N=N/c2ccc(S(=O)(=O)[O][Na])cc2)cc1,0
Cc1cc(S(=O)(=O)[O][Na])ccc1/N=N/c1ccc(N/N=C2\C(=O)C=Cc3cccc(S(=O)(=O)[O][Na])c32)c(C)c1,0
O=C1C=CC2C=C(S(=O)(=O)[O][Na])C=C(S(=O)(=O)[O][Na])C2/C1=N/Nc1ccc(/N=N/c2ccccc2)cc1,0
Nc1c(/N=N/c2ccc([N+](=O)[O-])cc2)cc(S(=O)(=O)[O][Na])c2ccccc12,0
Cc1ccc(S(=O)(=O)Nc2cc(S(=O)(=O)[O][Na])cc3c2C(=O)/C(=N\Nc2ccc([N+](=O)[O-])cc2)C(S(=O)(=O)[O][Na])=C3)cc1,0
Cc1ccc(N/N=C2\C(=O)c3ccc(S(=O)(=O)[O][Na])cc3C=C2S(=O)(=O)[O][Na])c(C)c1,0
Cc1ccc(Nc2ccc3c4c(cc(=O)n3C)-c3ccccc3C(=O)c24)c(S(=O)(=O)[O][Na])c1,0
Cn1c(=O)cc2c3c(c(Nc4ccc(S(=O)(=O)[O][Na])cc4)ccc31)C(=O)c1ccccc1-2,0
Cn1c(=O)cc2c3c(c(Nc4ccc(S(=O)(=O)[O][Na])cc4S(=O)(=O)[O][Na])ccc31)C(=O)c1ccccc1-2,0
Cn1c(=O)cc2c3c(c(Nc4ccc(S(=O)(=O)[O][Na])c(Cl)c4)ccc31)C(=O)c1ccccc1-2,0
Cc1ccc(S(=O)(=O)C(=O)c2ccc(/N=N/c3ccc(-c4ccc(N/N=C5\C(=O)C=Cc6cc(S(=O)(=O)[O][Na])cc(S(=O)(=O)[O][Na])c65)cc4)cc3)cc2)cc1,0
COc1cc(-c2cc(OC)c(N/N=C3\C(=O)C=Cc4ccccc43)cc2S(=O)(=O)[O][Na])c(S(=O)(=O)[O][Na])cc1N/N=C1\C(=O)C=Cc2ccccc21,0
O=C([O][Na])c1ccccc1-c1c2cc(Br)c(=O)c(Br)c-2oc2c(Br)c([O][Na])c(Br)cc12,0
O=C1C=CC2C=CC=CC2/C1=N/Nc1ccc(S(=O)(=O)[O][Na])c2ccccc12,0
Cc1cc(-c2cc(C)c(N/N=C3\C(=O)C=Cc4ccccc43)cc2S(=O)(=O)[O][Na])c(S(=O)(=O)[O][Na])cc1N/N=C1\C(=O)C=Cc2ccccc21,0
O=C1C=Cc2ccccc2/C1=N/Nc1ccc2cccc(S(=O)(=O)[O][Na])c2c1,0
O=C([O][Na])c1ccccc1-c1c2cc([N+](=O)[O-])c(=O)c(Br)c-2oc2c(Br)c([O][Na])c([N+](=O)[O-])cc12,0
O=C([O][Na])c1c(Cl)c(Cl)c(Cl)c(Cl)c1-c1c2cc(Br)c(=O)c(Br)c-2oc2c(Br)c([O][Na])c(Br)cc12,0
O=C([O][Na])c1c(Cl)ccc(Cl)c1-c1c2cc(I)c(=O)c(I)c-2oc2c(I)c([O][Na])c(I)cc12,0
O=C([O-])c1c(Cl)c(Cl)c(Cl)c(Cl)c1-c1c2cc(I)c(=O)c(I)c-2oc2c(I)c([O-])c(I)cc12.[K+].[K+],0
O=C([O][Na])c1ccccc1-c1c2ccc(=O)c(I)c-2oc2c(I)c([O][Na])ccc12,0
O=C1C=Cc2ccccc2/C1=N/Nc1ccc(-c2ccc(N/N=C3\C(=O)C=Cc4ccccc43)cc2S(=O)(=O)[O][Na])c(S(=O)(=O)[O][Na])c1,0
O=C([O-])c1c(Cl)ccc(Cl)c1-c1c2cc(Br)c(=O)c(Br)c-2oc2c(Br)c([O-])c(Br)cc12.[K+].[K+],0
Cc1cc(N/N=C2\C(=O)C=Cc3ccccc32)ccc1-c1ccc(N/N=C2\C(=O)c3ccc(S(=O)(=O)[O][Na])cc3C=C2S(=O)(=O)[O][Na])cc1C,0
Nc1ccc2cc(S(=O)(=O)[O][Na])cc(O)c2c1/N=N/c1ccc([N+](=O)[O-])cc1S(=O)(=O)[O][Na],0
Cc1cc(C)c(Nc2cc(Oc3ccc(C(C)(C)C)c(S(=O)(=O)[O][Na])c3)c(N)c3c2C(=O)c2ccccc2C3=O)c(C)c1NC(=O)C(Br)CBr,0
CCN(c1ccccc1)S(=O)(=O)c1cc(N)ccc1/N=N/c1c(N)ccc2cc(S(=O)(=O)[O][Na])cc(O)c12,0
COc1ccccc1N/N=C1\C(=O)c2c(cc(S(=O)(=O)[O][Na])cc2NC(C)=O)C=C1S(=O)(=O)[O][Na],0
Cc1cc(C)c(S(=O)(=O)[O][Na])c(C)c1Nc1cc(OCCc2ccc(S(=O)(=O)[O][Na])cc2)c(N)c2c1C(=O)c1ccccc1C2=O,0
COc1cc(/N=N/c2ccc(S(=O)(=O)[O][Na])cc2)c(C)cc1N/N=C1/C=C(S(=O)(=O)[O][Na])c2ccccc2C1=O,0
CC(=O)Nc1ccc(/N=N/c2c(N)ccc3cc(S(=O)(=O)[O][Na])cc(O)c23)c(S(=O)(=O)c2ccc(C)cc2)c1,0
CCOc1cc(Nc2ccc(C)c(S(=O)(=O)[O][Na])c2)c(S(=O)(=O)[O-])cc1[C+](c1ccc(N(C)C)cc1)c1ccc(N(C)C)cc1,0
CN(C)c1ccc(C(=C2C=CC(=[N+](C)Cc3cccc(S(=O)(=O)[O-])c3)C=C2)c2ccc(N(C)C)cc2)cc1,0
CCN(CC)c1ccc([C+](c2ccc(N(CC)Cc3cccc(S(=O)(=O)[O-])c3)cc2)c2ccc(N(CC)Cc3cccc(S(=O)(=O)[O][Na])c3)cc2)cc1,0
Cc1ccc(S(=O)(=O)Oc2cc(S(=O)(=O)[O][Na])cc3cc(S(=O)(=O)[O][Na])c(/N=N/c4ccc(S(=O)(=O)[O][Na])c5ccccc45)c(N)c23)cc1,0
CC(=O)Nc1ccc(N/N=C2\C(=O)c3c(O)cc(S(=O)(=O)[O][Na])cc3C=C2S(=O)(=O)[O][Na])c(C)c1,0
CN(C)c1ccc(C(=C2C=CC(=[N+](C)C)C=C2)c2ccc(N(Cc3ccc(S(=O)(=O)[O-])cc3)Cc3ccc(S(=O)(=O)[O][Na])cc3)cc2)cc1,0
CCCCN(CCS(=O)(=O)[O][Na])c1ccc(C(=C2C=CC(=[N+](CCCC)CCS(=O)(=O)[O-])C=C2)c2ccc(N(CC)CC)cc2)cc1,0
CN(C)c1ccc(C(=C2C=CC(=[N+](C)C)C=C2)c2c(N(C)c3ccccc3)ccc3ccc(S(=O)(=O)[O-])cc23)cc1,0
CNc1ccc2ccccc2c1/N=N/c1ccc([N+](=O)[O-])cc1S(=O)(=O)[O][Na],0
Nc1ccc(N/N=C2\C(=O)c3c(O)cc(S(=O)(=O)[O][Na])cc3C=C2S(=O)(=O)[O][Na])cc1,0
O=C([O][Na])c1ccccc1-c1c2cc/c(=[NH+]\c3ccc(S(=O)(=O)[O-])cc3)cc-2oc2cc(Nc3ccccc3)ccc12,0
Cc1ccc(Nc2cccc3c2C(=O)c2cccc(Nc4ccc(C)cc4S(=O)(=O)[O][Na])c2C3=O)c(S(=O)(=O)[O][Na])c1,0
Cc1ccc(Nc2cccc3c2C(=O)c2c(Nc4ccc(C)cc4S(=O)(=O)[O][Na])cccc2C3=O)c(S(=O)(=O)[O][Na])c1,0
Nc1c(Cl)c(Cl)c(N)c2c1C(=O)c1ccc(S(=O)(=O)[O][Na])cc1C2=O,0
Cc1ccc(Nc2ccc3c4c(nc(=O)n3C)-c3ccccc3C(=O)c24)c(S(=O)(=O)[O][Na])c1,0
Nc1c(Oc2ccccc2)c(S(=O)(=O)[O][Na])c(N)c2c1C(=O)c1ccccc1C2=O,0
Nc1c(Oc2ccc(S(=O)(=O)[O][Na])cc2)c(Oc2ccc(S(=O)(=O)[O][Na])cc2)c(N)c2c1C(=O)c1ccccc1C2=O,0
Cc1ccc(Nc2ccc(O)c3c2C(=O)c2ccccc2C3=O)c(S(=O)(=O)[O][Na])c1,0
CCN(Cc1cccc(S(=O)(=O)[O][Na])c1)c1ccc(C(=C2C=CC(=[N+](CC)Cc3cccc(S(=O)(=O)[O-])c3)C=C2)c2ccc(N(C)C)cc2)cc1,0
CC(=O)Nc1ccc(N/N=C2\C(=O)c3c(cc(S(=O)(=O)[O][Na])cc3NS(=O)(=O)c3ccc(C)cc3)C=C2S(=O)(=O)[O][Na])cc1,0
COc1cc(N)c(S(=O)(=O)[O][Na])c2c1nc1c3cccc(S(=O)(=O)[O-])c3c(Nc3ccccc3)cc1[n+]2-c1ccccc1,0
CCCCCCCCCCCCOc1cc(Nc2ccc(S(=O)(=O)[O][Na])cc2)c2c(c1N)C(=O)c1ccccc1C2=O,0
Cc1ccc(S(=O)(=O)Nc2cc(S(=O)(=O)[O][Na])cc3c2C(=O)/C(=N/Nc2ccc(Oc4ccccc4C)cc2Oc2ccccc2C)C(S(=O)(=O)[O][Na])=C3)cc1,0
O=S(=O)([O][Na])c1cc(S(=O)(=O)[O][Na])c2c(/N=N/c3cc(Cl)ccc3O)c(O)ccc2c1,0
O=[N+]([O-])c1ccc2c(/N=N/c3ccc4ccccc4c3O)c(O)cc(S(=O)(=O)[O][Na])c2c1,0
Cc1cc(Nc2cccc(S(=O)(=O)N(C)c3ccc(S(=O)(=O)[O][Na])cc3)c2)c2c(c1N)C(=O)c1ccccc1C2=O,0
O=C(Nc1ccc(S(=O)(=O)O)c2c1C(=O)/C(=N\Nc1cccc3ccccc13)C(S(=O)(=O)O)=C2)c1ccccc1,0
CC(=O)Nc1ccc(N/N=C2\C(=O)c3c(cc(S(=O)(=O)[O][Na])cc3NC(C)=O)C=C2S(=O)(=O)[O][Na])cc1,0
CCNc1ccc(C(=C2C=CC(=[N+](CC)Cc3cccc(S(=O)(=O)[O-])c3)C=C2)c2ccc(N(CC)Cc3cccc(S(=O)(=O)[O][Na])c3)cc2)cc1C,0
COS(=O)c1ccc(O)c(/N=N/c2c(O)ccc3ccccc23)c1,0
NOS(=O)c1ccc(O)c(/N=N/c2c(O)ccc3ccccc23)c1,0
Cc1ccccc1Nc1ccc2c(c1)oc1cc(Nc3ccc(S(=O)(=O)[O-])cc3C)ccc1[c+]2-c1ccccc1C(=O)[O][Na],0
CC1=NN(c2c(C)cc(S(=O)(=O)[O][Na])cc2Cl)C(=O)/C1=N\Nc1ccc2ccccc2c1S(=O)(=O)[O][Na],0
O=[N+]([O-])c1cc([N+](=O)[O-])c2ccc(S(=O)(=O)[O][Na])cc2c1[O][Na],0
O=C([O][Na])c1cc(/N=N/c2ccc(S(=O)(=O)[O][Na])c3ccccc23)ccc1O,0
O=S(=O)([O][Na])c1ccc(/N=N/c2cc(S(=O)(=O)[O][Na])c(O)c(/N=N/c3ccc(S(=O)(=O)[O][Na])cc3)c2O)cc1,0
CC1=NNC(O)C1/N=N/c1ccc(S(=O)(=O)Nc2cc(S(=O)(=O)[O][Na])cc(C(=O)O)c2O)cc1,0
CC1=NN(c2ccc(S(=O)(=O)[O][Na])cc2)C(=O)/C1=N\Nc1ccccc1,0
C/C(O)=C(/N=N/c1cc(S(N)(=O)=O)ccc1O)C(=O)Nc1ccccc1Cl,0
CC1=NN(c2ccc(S(=O)(=O)[O][Na])cc2)C(=O)/C1=N\Nc1ccc(C(c2ccccc2)c2ccc(N/N=C3\C(=O)N(c4ccc(S(=O)(=O)[O][Na])cc4)N=C3C)cc2)cc1,0
C/C(O)=C(/N=N/c1cc(S(=O)(=O)[O][Na])ccc1O)C(=O)Nc1ccccc1,0
CC1=NN(c2ccc(S(=O)(=O)[O][Na])cc2)C(=O)/C1=N\Nc1ccc(C)cc1,0
O=C([O][Na])c1cc(/N=N/c2ccc(Cl)c(S(=O)(=O)[O][Na])c2)ccc1O,0
CC1=NN(c2ccccc2)C(=O)/C1=N\Nc1ccccc1C(=O)[O][Na],0
O=C1/C(=N\Nc2ccccc2Cl)C(c2ccccc2)=NN1c1ccccc1S(=O)(=O)[O][Na],0
CC1=NN(c2cccc(Cl)c2)C(=O)/C1=N\Nc1cc(Nc2nc(Cl)nc(N(C)c3ccccc3)n2)ccc1S(=O)(=O)[O][Na],0
O=C(O)C1=NN(c2ccccc2S(=O)(=O)O)C(=O)/C1=N\Nc1ccccc1S(=O)(=O)O,0
CCCCOc1cc(C(=O)[O][Na])ccc1N/N=C1\C(=O)N(c2cc(S(=O)(=O)[O][Na])ccc2Cl)N=C1C,0
CC(=O)Nc1cc([N+](=O)[O-])cc(/N=N/C(C(C)=O)=C(/C)O)c1O,0
O=S(=O)([O][Na])OCCOc1ccc(/N=N/c2cc(-c3ccccc3)ccc2O)cc1,0
CC1=NN(c2cc(Cl)c(S(=O)(=O)[O][Na])cc2Cl)C(=O)/C1=N\Nc1ccccc1,0
C/C(O)=C(/N=N/c1ccc(S(N)(=O)=O)cc1O)C(=O)Nc1ccccc1,0
CCOC(=O)C1=NN(c2c(C)cc(S(=O)(=O)[O][Na])cc2Cl)C(=O)/C1=N\Nc1c(C)cccc1Cl,0
Cc1nn(-c2cc(Cl)c(S(=O)(=O)[O][Na])cc2Cl)c(O)c1/N=N/c1cc(Nc2nc(O)nc(Nc3cccc(S(=O)(=O)[O][Na])c3)n2)ccc1S(=O)(=O)[O][Na],0
Cc1nn(-c2cc(Cl)c(S(=O)(=O)[O][Na])cc2Cl)c(O)c1/N=N/c1ccc(Nc2nc(O)nc(Nc3cccc(S(=O)(=O)[O][Na])c3)n2)cc1S(=O)(=O)[O][Na],0
CC1=NN(c2cc(Cl)c(S(=O)(=O)[O][Na])cc2Cl)C(=O)/C1=N\Nc1ccc(S(=O)(=O)[O][Na])cc1,0
CC1=NN(c2cc(Cl)c(S(=O)(=O)[O][Na])cc2Cl)C(=O)/C1=N\Nc1cccc(S(=O)(=O)Nc2ccccc2)c1,0
CC1=NN(c2c(C)cc(S(=O)(=O)[O][Na])cc2Cl)C(=O)/C1=N\Nc1ccc(S(=O)(=O)[O][Na])cc1,0
Cc1cc(O)ccc1/N=N/c1ccc(/C=C/c2ccc(/N=N/c3ccc(O)cc3C)cc2S(=O)(=O)[O][Na])c(S(=O)(=O)[O][Na])c1,0
O=C([O][Na])c1cc(/N=N/c2ccc3cc(S(=O)(=O)[O][Na])ccc3c2)ccc1O,0
CC(=O)/C(=N/Nc1ccc(-c2nc3ccc(C)c(S(=O)(=O)[O][Na])c3s2)cc1)C(=O)Nc1ccccc1,0
CC1=NN(c2cc(Cl)c(S(=O)(=O)[O][Na])cc2Cl)C(=O)/C1=N\N(C)c1ccc2ccccc2c1S(=O)(=O)[O][Na],0
Cc1cc(O)ccc1/N=N/c1ccc(Nc2ccc(S(=O)(=O)[O][Na])cc2[N+](=O)[O-])cc1,0
O=C1c2ccc(S(=O)(=O)[O][Na])cc2C(=O)C1c1ccc2cc(Cl)ccc2n1,0
Cc1ccc(O)c(/N=N/c2ccc3cc(S(=O)(=O)[O][Na])ccc3c2)c1,0
Cc1cc(/N=N/c2ccc3cc(S(=O)(=O)[O][Na])ccc3c2)ccc1O,0
CC1=NN(c2cc(S(=O)(=O)[O][Na])ccc2Cl)C(=O)/C1=N\Nc1ccc2ccccc2c1S(=O)(=O)[O][Na],0
COc1ccc(/N=N/c2ccc(/N=N/c3cccc(S(=O)(=O)[O][Na])c3)cc2OC)cc1,0
CC(=O)/C(=N/Nc1ccc(S(=O)(=O)Nc2ccccc2C(=O)[O][Na])cc1O)C(=O)Nc1ccccc1Cl,0
Cc1ccc(S(=O)(=O)Oc2ccc(/N=N\c3ccc(/C=C/c4ccc(/N=N\c5ccc(OS(=O)(=O)c6ccc(C)cc6)cc5)cc4S(=O)(=O)[O][Na])c(S(=O)(=O)[O][Na])c3)cc2)cc1,0
O=C(O)C1=NN(c2ccc(S(=O)(=O)[O][Na])cc2)C(=O)/C1=N\Nc1ccc(S(=O)(=O)[O][Na])cc1,0
O=C(O)C1=NN(c2ccc(S(=O)(=O)O)cc2)C(=O)/C1=N\Nc1ccc(S(=O)(=O)O)cc1,0
COc1cc(S(=O)(=O)[O][Na])c(C)cc1NC(=O)C(/N=N/c1ccc([N+](=O)[O-])cc1O)=C(\C)O,0
O=[N+]([O-])c1cc([N+](=O)[O-])c2ccccc2c1[O][Na],0
O=C([O][Na])c1ccccc1/N=N/c1c(O)ccc2ccccc12,0
CC1=NN(c2ccc(S(=O)(=O)[O][Na])cc2)C(=O)/C1=N\Nc1ccc(C)c(S(=O)(=O)Nc2ccccc2)c1,0
O=S(=O)([O][Na])c1cc(/N=N/c2ccc(Nc3ccccc3)cc2)ccc1Cl,0
O=C([O][Na])C1=NN(c2ccc(S(=O)(=O)[O][Na])cc2)C(=O)/C1=N\Nc1ccccc1,0
CC1=NN(c2cc(S(=O)(=O)[O][Na])ccc2Cl)C(=O)/C1=N\Nc1cccc(S(=O)(=O)Nc2ccccc2)c1,0
O=C1c2ccccc2C(=O)C1c1ccc2cc(S(=O)(=O)[O][Na])cc(S(=O)(=O)[O][Na])c2n1,0
O=NN(c1ccc(/N=N/c2ccc3c(S(=O)(=O)[O][Na])cccc3c2)cc1)c1ccc([N+](=O)[O-])cc1,0
CC1=NN(c2cc(S(=O)(=O)[O][Na])ccc2Cl)C(=O)/C1=N\Nc1ccccc1,0
O=S(=O)([O][Na])c1cccc(/N=N/c2ccc(Nc3ccccc3)cc2)c1,0
CCOc1ccc(/N=N/c2ccc(Sc3ccc(/N=N/c4ccc(OCC)cc4)cc3S(=O)(=O)[O][Na])c(S(=O)(=O)[O][Na])c2)cc1,0
CC1=NN(c2ccccc2)C(=O)/C1=N\Nc1ccc(S(=O)(=O)[O][Na])cc1,0
CC1=NN(c2ccc(Cl)cc2S(=O)(=O)[O][Na])C(=O)/C1=N\Nc1ccc(OS(=O)(=O)c2ccc(C)cc2)cc1,0
CC1=NN(c2cc(S(=O)(=O)[O][Na])ccc2Cl)C(=O)/C1=N\Nc1ccc(OS(=O)(=O)c2ccc(C)cc2)cc1,0
CC1=NN(c2c(C)cc(S(=O)(=O)[O][Na])cc2Cl)C(=O)/C1=N\Nc1ccccc1Cl,0
CC1=NN(c2ccccc2)C(=O)/C1=N\Nc1ccc(-c2ccc(N/N=C3\C(=O)N(c4ccccc4)N=C3C)cc2S(=O)(=O)[O][Na])c(S(=O)(=O)[O][Na])c1,0
CC(=O)/C(=N/Nc1cc(S(=O)(=O)[O][Na])c(-c2cc(C)c(N/N=C(/C(C)=O)C(=O)Nc3ccccc3)cc2S(=O)(=O)[O][Na])cc1C)C(=O)Nc1ccccc1,0
CC1=NN(c2cc(Cl)c(S(=O)(=O)[O][Na])cc2Cl)C(=O)/C1=N\Nc1ccc(C)c(S(=O)(=O)Nc2ccccc2)c1,0
Cc1nn(-c2ccccc2)c(N)c1/N=N/c1cc(Cl)c(S(=O)(=O)[O][Na])cc1Cl,0
O=C1C(c2ccc3c(ccc4cc(S(=O)(=O)[O][Na])ccc43)n2)=C(O)c2ccc(S(=O)(=O)[O][Na])cc21,0
CCN(C(C)=O)c1ccc(C)c(N/N=C2\C(=O)N(c3ccc(S(=O)(=O)[O][Na])cc3Cl)N=C2C)c1,0
Cc1cc(S(=O)(=O)[O][Na])ccc1-n1nc(C)c(/N=N/c2cc(S(=O)(=O)[O][Na])ccc2C(=O)O)c1O,0
CC1=NN(c2c(C)cc(S(=O)(=O)[O][Na])cc2Cl)C(=O)/C1=N\Nc1ccc(C(c2ccccc2)c2ccc(N/N=C3\C(=O)N(c4c(C)cc(S(=O)(=O)[O][Na])cc4Cl)N=C3C)cc2)cc1,0
Cc1nn(-c2ccccc2)c(O)c1/N=N/c1ccccc1C(=O)O,0
CCN(c1ccccc1)S(=O)(=O)c1ccccc1N/N=C1\C(=O)N(c2cc(Cl)c(S(=O)(=O)[O][Na])cc2Cl)N=C1C,0
O=NN(c1ccc(/N=N/c2ccc(S(=O)(=O)[O][Na])cc2)c([N+](=O)[O-])c1)c1ccc([N+](=O)[O-])cc1[N+](=O)[O-],0
Cc1cc(/N=N/c2ccc(Nc3ccc([N+](=O)[O-])cc3S(=O)(=O)[O][Na])cc2)ccc1OS(=O)(=O)c1ccccc1,0
COc1cc(/N=N/c2cccc(C(=O)[O][Na])c2)ccc1N,0
CC1=NN(c2cc(S(=O)(=O)[O][Na])ccc2Cl)C(=O)/C1=N\Nc1ccc(-c2ccc(/N=N/c3ccc(OS(=O)(=O)c4ccccc4)cc3)cc2C)c(C)c1,0
Cc1cc(S(=O)(=O)[O][Na])ccc1/N=N/c1cc(C)c(N)c(S(=O)(=O)[O][Na])c1,0
Cc1ccc(N2C(=O)c3cccc4c(N)c(S(=O)(=O)[O][Na])cc(c34)C2=O)cc1,0
CCCCCCCCCCCCc1ccc(N/N=C2\C(=O)N(c3cc(Cl)c(S(=O)(=O)[O][Na])cc3Cl)N=C2C)cc1,0
O=C([O][Na])c1ccccc1-c1c2ccc(=O)cc-2oc2cc([O][Na])ccc12,0
O=C([O][Na])c1ccccc1-c1c2cc(Cc3ccccc3)c(=O)c(Cl)c-2oc2c(Cl)c([O][Na])ccc12,0
CC1=NN(c2ccc(S(=O)(=O)[O][Na])cc2)C(=O)/C1=N\Nc1ccc(OS(=O)(=O)c2ccc(C)cc2)cc1,0
Cc1cc(/N=N/c2c(C)nn(-c3cc(S(=O)(=O)[O][Na])cc(C(=O)[O][Na])c3O)c2O)ccc1-c1ccc(/N=N/c2c(C)nn(-c3cc(S(=O)(=O)[O][Na])cc(C(=O)[O][Na])c3O)c2O)cc1C,0
Cc1[nH]c2ccccc2c1/N=N/c1ccc(-c2ccc(/N=N/c3c(C)[nH]c4ccccc34)cc2S(=O)(=O)[O][Na])c(S(=O)(=O)[O][Na])c1,0
C=S(=C)([O][Na])c1cc(/N=N/c2ccc(S(=O)(=O)[O][Na])cc2)ccc1N,0
O=C([O][Na])c1cc(/N=N/c2cccc(S(=O)(=O)[O][Na])c2)ccc1O,0
C/C(O)=C(/N=N/c1cc([N+](=O)[O-])cc(S(=O)(=O)[O][Na])c1O)C(=O)Nc1ccccc1,0
CCN(CC)c1ccc2nc3ccc(/N=N/c4ccc(O)cc4)cc3[n+](-c3ccccc3)c2c1.[Cl-],0
CN(C)c1ccc2nc3cc4nc5ccc(N(C)C)cc5[n+](-c5ccccc5)c4cc3[o+]c2c1.[Cl-].[Cl-],0
CN(C)c1ccc(C(=C2C=CC(=[N+](C)C)C=C2)c2ccccc2Cl)cc1.[Cl-],0
CN(C)c1ccc(Nc2cc3[o+]c4cc(N(C)C)ccc4nc3c3ccccc23)cc1.[Cl-],0
CCNc1ccc(C(=C2C=CC(=[N+](C)C)C=C2)c2ccc(N(C)C)cc2)c2ccccc12.[Cl-],0
CCN(CC)c1ccc2nc3c(cc(N)c4ccccc43)[o+]c2c1.[Cl-],0
CCN(CC)c1ccc(Nc2cc3c(nc4ccc(N(CC)CC)cc4[n+]3-c3ccccc3)c3ccccc23)cc1.[Cl-],0
CCN(CC)c1ccc2nc3c4ccccc4c(Nc4ccc(N(C)C)cc4)cc3[n+](-c3ccccc3)c2c1.[Cl-],0
CCN(CC)c1ccc(Nc2cc3c(nc4ccc(N(C)C)cc4[n+]3-c3ccccc3)c3ccccc23)cc1.[Cl-],0
CCN(CC)c1ccc(C(=C2C=CC(=[N+](CC)CC)C=C2)c2ccc(Nc3ccc(C)cc3)c3ccccc23)cc1.[Cl-],0
Cc1cc2nc3cc(C)c(N/N=C4\C(=O)C=Cc5ccccc54)cc3[n+](-c3ccccc3)c2cc1N.[Cl-],0
COS(=O)(=O)[O-].COc1ccc2c(c1)sc(/N=N/c1ccc(N(C)CCC#N)cc1)[n+]2C,0
Cc1cc2nc3ccc(N(C)C)cc3[s+]c2cc1N.[Cl-],0
CCOc1ccc(Nc2ccc(/C(=C3/C=CC(=[N+](CCO)CCO)C=C3C)c3ccc(N(CCO)CCO)cc3C)cc2)cc1.[Cl-],0
CN(C)c1ccc(C(=C2C=CC(=[N+](C)C)C=C2)c2ccc([N+](C)(C)C)cc2)cc1.[Cl-].[Cl-],0
CNc1ccc(NCCC[N+](C)(C)C)c2c1C(=O)c1ccccc1C2=O.[Cl-],0
CCNc1ccc(/C(=C2C=C/C(=[NH+]/CC)C(C)=C\2)c2ccccc2Cl)cc1C.[Cl-],0
CCNc1cc2[s+]c3cc(NCC)c(C)cc3nc2cc1C.[Cl-],0
CCN(CC)c1ccc2nc3ccc(N(C)C)cc3[s+]c2c1.[Cl-],0
CN(C)c1ccc(C(=C2C=CC(=[N+](C)C)C=C2)c2ccc(Nc3ccccc3)c3ccccc23)cc1.[Cl-],0
CCN(CC)c1ccc2nc3ccc(N(CC)CC)cc3[o+]c2c1.[Cl-],0
CCN(CCO)c1ccc(/N=N/c2sc3cc(OC)ccc3[n+]2C)cc1.COS(=O)(=O)[O-],0
CN(C)Cc1ccc(Nc2ccc(N)c3c2C(=O)c2ccccc2C3=O)cc1,0
COS(=O)(=O)[O-].COc1ccc2c(c1)sc(/N=N/c1ccc(N(C)C)cc1)[n+]2C,0
CN(C)c1ccc2nc3c(ccc4ccccc43)[o+]c2c1.[Cl-],0
COc1ccc2c(c1)sc(/N=N/c1ccc(N(C)C)cc1)[n+]2C.[Cl-],0
CCNc1ccc(C(=C2C=CC(=[N+](CC)CC)C=C2)c2ccc(N(CC)CC)cc2)c2ccccc12.[Cl-],0
CN(C)c1ccc(C(=C2C=CC(=[N+](C)C)C=C2)c2ccc(N(C)c3ccccc3)c3ccccc23)cc1.[Cl-],0
CCOc1ccc(Nc2ccc(C(=C3C=CC(=[N+](CC)CC)C=C3)c3ccc(N(CC)CC)cc3)c3ccccc23)cc1.[Cl-],0
C[N+](C)(C)c1cccc(Nc2cc(N)c3c(c2O)C(=N)C=C(Br)C3=O)c1.[Cl-],0
Nc1ccc(/N=N/c2cccc(/N=N/c3ccc(N)cc3N)c2)c(N)c1,0
CCN(CC[n+]1ccccc1)c1ccc(/N=N/c2c(Cl)cc([N+](=O)[O-])cc2Cl)c(C)c1.[Cl-],0
C[N+](C)(C)c1ccc2ccc(O)c(/N=N/c3ccc(N)cc3)c2c1.[Cl-],0
CCN(CC[N+](C)(C)C)c1ccc(/N=N/c2c(Cl)cc([N+](=O)[O-])cc2Cl)cc1.[Cl-],0
COc1ccc(/N=N/c2ccc(N)cc2N)cc1/N=N/c1ccc(N)cc1N,0
Cc1cc(/N=N/c2ccc(C)c(/N=N/c3cc(C)c(N)cc3N)c2)c(N)cc1N,0
CCN(CC)c1ccc(C(=C2C=CC(=[N+](CC)CC)C=C2)c2ccccc2)cc1.O=S(=O)([O-])O,0
CCN(CC)c1ccc(C(=C2C=CC(=[N+](CC)CC)C=C2)c2ccccc2)cc1.[Cl-],0
Cc1cc(/N=N/c2ccccc2)c(N)cc1[NH3+].[Cl-],0
CN(C)c1ccc2cc3ccc(N(C)C)cc3[nH+]c2c1.[Cl-],0
Cc1cc2c(-c3ccc(N)cc3)c3ccccc3[nH+]c2cc1N.O=[N+]([O-])[O-],0
Nc1ccc(-c2c3ccccc3[nH+]c3cc(N)ccc23)cc1.O=[N+]([O-])[O-],0
Cc1cc2c(-c3ccccc3)c3cc(C)c(N(C)C)cc3[nH+]c2cc1N(C)C.[Cl-],0
CN(C)c1ccc2cc3ccc(N(C)C)cc3[n+](C)c2c1.COS(=O)(=O)[O-],0
Nc1cc([NH3+])ccc1/N=N/c1ccccc1.[Cl-],0
Cc1[nH]c2ccccc2c1/C=C/C1=[N+](C)c2ccccc2C1(C)C.[Cl-],0
Cn1c(-c2ccccc2)c(/C=C/C2=[N+](C)c3ccccc3C2(C)C)c2ccccc21.[Cl-],0
CN(C)c1ccc(-c2c3ccc(N)cc3[nH+]c3cc(N(C)C)ccc23)cc1.[Cl-],0
CN(CCC#N)c1ccc(/N=N/c2ccc(C(=O)C[N+](C)(C)C)cc2)cc1.[Cl-],0
Cc1cc(N)ccc1/N=N/c1ccc(C(=O)C[N+](C)(C)C)cc1.[Cl-],0
COc1ccc(C)cc1/N=N/c1c(C)nn(C(N)=[NH2+])c1O.[Cl-],0
CCN(CC[N+](C)(C)C)c1ccc(/N=N/c2ccc([N+](=O)[O-])cc2)cc1.[Cl-],0
Cc1cc2cc3cc(C)c(N)cc3[n+](C)c2cc1N.[Cl-],0
Cc1cc2c(-c3ccccc3)c3cc(C)c(N)cc3[n+](C)c2cc1N.[Cl-],0
CCN(CC)c1ccc(/N=N/c2cc[n+](CCO)n2Cc2ccccc2)cc1.[Cl-],0
CCNc1cc2oc3cc(=[NH+]CC)c(C)cc-3c(-c3ccccc3C(=O)OCC)c2cc1C.[Cl-],0
CCNc1cc2oc3cc(=[NH+]CC)c(C)cc-3c(-c3ccccc3C(=O)OC)c2cc1C.[Cl-],0
CCNc1cc2c(cc1C)nc1cc(C)c(NCC)cc1[n+]2-c1ccccc1.[Cl-],0
CN(C)c1ccc2c(CCC(=O)O)c3ccc(=[N+](C)C)cc-3oc2c1.[Cl-],0
CCN(CC)CCCNc1nc(NCCCN(CC)CC)nc(Nc2ccc3c(c2)C=C(S(=O)(=O)O)/C(=N/Nc2ccc(/N=N/c4ccccc4)cc2)C3=O)n1,0
C[N+](C)(C)c1ccc2c(c1)/C(=N/Nc1ccc(N)cc1[N+](=O)[O-])C(=O)C=C2.[Cl-],0
CN1/C(=C\C=C\C2=[N+](C)c3ccccc3C2(C)C)C(C)(C)c2ccccc21.[Cl-],0
CN(CCCl)c1ccc(/C=C/C2=[N+](C)c3ccccc3C2(C)C)cc1.[Cl-],0
CN(CCC#N)c1ccc(/C=C/C2=[N+](C)c3ccccc3C2(C)C)cc1.[Cl-],0
Cc1cc2nc3cc(C)c(N)cc3[n+](-c3ccccc3)c2cc1N.[Cl-],0
CCN(CC)c1ccc(/N=N/c2n(C)cn[n+]2C)cc1.[Cl-],0
CC[N+](C)(C)c1ccc(N/N=N/c2nc(-c3ccccc3)ns2)cc1.[Cl-],0
CCN(CC[N+](C)(C)C)c1ccc(/N=N/c2ccc([N+](=O)[O-])cc2C#N)cc1.COS(=O)(=O)[O-],0
CN(CCC#N)c1ccc(/C=C/C2=[N+](C)c3ccc(Cl)cc3C2(C)C)cc1.[Cl-],0
CCn1c2ccccc2c2cc(/C=C/C3=[N+](C)c4ccc(Cl)cc4C3(C)C)ccc21.[Cl-],0
Cn1c(-c2ccccc2)c(/N=N/c2scc[n+]2C)c2ccccc21.[Cl-],0
CCOC(=O)c1ccccc1C1=C2C=CC(=[N+](C)C)C=C2OC2C=C(N)C(C)=CC12.[Cl-],0
CCOC(=O)c1ccccc1-c1c2ccc(=[N+](C)C)cc-2oc2cc(N)c(C)cc12.[Cl-],0
C[n+]1ccccc1/N=N/c1ccc(N)cc1.[Cl-],0
C[N+](C)(C)c1cccc(/N=N/c2ccc(/N=N/c3c(O)ccc4cc(S(=O)(=O)N(CCO)CCO)ccc34)cc2)c1.[Cl-],0
Cc1ccc(N2C(/N=N/c3sc4ccccc4[n+]3CCC(N)=O)c3ccccc3N2C)cc1.[Cl-],0
CCN(Cc1ccccc1)c1ccc(/C=C/C2=[N+](C)c3ccccc3C2(C)C)c(C)c1.[Cl-],0
CN1c2ccccc2C(/N=N/c2sc3ccccc3[n+]2CCC(N)=O)C1c1ccccc1.[Cl-],0
Cc1ccc(C2C(/N=N/c3sc4ccccc4[n+]3CCC(N)=O)c3ccccc3N2C)cc1.[Cl-],0
CCOC(=O)c1ccccc1-c1c2ccc(=[N+](CC)CC)cc-2oc2cc(N)c(C)cc12.[Cl-],0
CN(Cc1ccccc1)c1ccc(/N=N/c2n(C)cn[n+]2C)cc1.[Br-],0
Cc1cc2nc3ccc(N(C)C)cc3[nH+]c2cc1N.[Cl-],0
CN(C)c1ccc(/N=N/c2n(C)cn[n+]2C)cc1.[Cl-],0
CN(C)c1ccc(/C=C/C2=[N+](C)c3ccccc3C2(C)C)cc1.[Cl-],0
CN(C)c1ccc(/N=N/c2sc3ccccc3[n+]2C)cc1.[Cl-],0
CCN(CC[n+]1ccccc1)c1ccc(/N=N/c2ccc([N+](=O)[O-])cc2Cl)cc1.[Cl-],0
CCN(CCOc1ccc([N+](C)(C)C)cc1)c1ccc(/N=N/c2cc(Cl)c(S(=O)(=O)N(C)C)cc2Cl)cc1.[Cl-],0
Nc1cc2c(nc3c4ccccc4ccc3[n+]2-c2cccc3ccccc23)c2ccccc12.[Cl-],0
Nc1cc2c(nc3c4ccccc4c(N)cc3[n+]2-c2cccc3ccccc23)c2ccccc12.[Cl-],0
CN(CC[N+](C)(C)C)c1ccc(/N=N/c2nc3cc(Br)cc(Br)c3s2)cc1.[Cl-],0
COc1ccccc1N/N=C1\C(=O)CCc2ccc([N+](C)(C)C)cc21.[Cl-],0
CCNc1cc2oc3c/c(=[NH+]/CC)ccc-3c(-c3ccccc3C(=O)O)c2cc1C.[Cl-],0
Nc1ccc(C(=C2C=CC(=[NH2+])C=C2)c2ccc(N)cc2)cc1.[Cl-],0
CN(C)CCN(C)c1ccc(/C=C/C2=[N+](C)c3ccccc3C2(C)C)cc1.[Cl-],0
CCN(Cc1ccccc1)c1ccc(/N=N/c2n(C)c(=N)[nH][n+]2C)cc1.[Cl-],0
CCN(CC[N+](C)(C)C)c1ccc(/N=N/c2ccc([N+](=O)[O-])cc2Cl)cc1.[Cl-],0
CC1=CC(=C(c2cc(C)c(N)c(C)c2)c2ccc(Nc3ccc(O)c(S(=O)(=O)[O][Na])c3)cc2S(=O)(=O)[O-])C=C(C)C1=[NH2+],0
CCN(CC)c1ccc2c(-c3ccccc3C(=O)O)c3ccc(=[N+](CC)CC)cc-3oc2c1.[Cl-],0
CCOC(=O)c1ccccc1-c1c2ccc(=[N+](CC)CC)cc-2oc2cc(N(CC)CC)ccc12.[Cl-],0
CCN(CC)c1ccc2c(-c3ccccc3C(=O)OC)c3ccc(=[N+](CC)CC)cc-3oc2c1.[Cl-],0
Cc1cc2nc3ccc(Nc4ccccc4)cc3[n+](-c3ccccc3)c2cc1N.[Cl-],0
Cc1cc(C(=C2C=CC(=[NH2+])C=C2)c2ccc(N)cc2)ccc1N.[Cl-],0
CCN(CC)c1ccc(/C=C/C2=[N+](C)c3ccccc3C2(C)C)c(C)c1.[Cl-],0
CCN(CC)c1ccc(/C=C/C2=[N+](C)c3ccccc3C2(C)C)cc1.[Cl-],0
CN(C)c1ccc(/N=N/c2cccc[n+]2C)cc1.[Cl-],0
CC1=CC(=C(c2ccc(N)c(C)c2)c2ccc(N)c(C)c2)C=CC1=[NH2+].[Cl-],0
CCOc1ccc(N(C)c2ccc(/C=C/C3=[N+](C)c4ccc(C(=O)OC)cc4C3(C)C)cc2)cc1,0
Cc1cc(N)ccc1/C=C/c1sc2ccccc2[n+]1C.[Cl-],0
Cc1cc(N(C)C)ccc1C(=C1C=CC(=[N+](C)C)C=C1)c1ccc(N(C)C)cc1.[Cl-],0
CCN(CC)c1ccc(C(=C2C=CC(=[N+](CC)CC)C=C2)c2ccc(N(CC)CC)cc2)cc1.[Cl-],0
CCN(CC)c1ccc2nc3ccc(N)cc3[n+](-c3ccccc3)c2c1.[Cl-],0
CNc1cc2c(cc1C)nc1ccc(Nc3ccccc3)cc1[n+]2-c1ccccc1.[Cl-],0
CCN(CCCl)c1ccc(/C=C/C2=[N+](C)c3ccccc3C2(C)C)c(C)c1.[Cl-],0
Cc1ccc2c(c1)sc(-c1ccc(N(C)C)cc1)[n+]2C.[Cl-],0
CC1=CC(=O)N(CCCN(C)C)C(=O)/C1=N\Nc1ccc(C(=O)NCCCNC(=O)c2ccc(N/N=C3\C(=O)N(CCCN(C)C)C(=O)C=C3C)cc2)cc1,0
COc1ccc(N/C=C/C2=[N+](C)c3ccccc3C2(C)C)c(OC)c1.[Cl-],0
Cc1nc2ccc(N/C=C/C3=[N+](C)c4ccccc4C3(C)C)cc2s1.[Cl-],0
COc1ccc(N/C=C/C2=[N+](C)c3ccccc3C2(C)C)cc1.[Cl-],0
C[N+](C)(C)CC(=O)c1ccc(/N=N/c2ccc(NCCC#N)c(Cl)c2)cc1.[Cl-],0
COS(=O)(=O)[O-].COc1ccc2c(c1)sc(/N=N/N(C)c1ccc([N+](=O)[O-])cc1)[n+]2C,0
CN(C)c1ccc(C(=[NH2+])c2ccc(N(C)C)cc2)cc1.[Cl-],0
CC1Cc2ccccc2N1/C=C/C1=[N+](C)c2ccccc2C1(C)C.[Cl-],0
C[N+]1=C(/C=C/n2c3c(c4ccccc42)CCCC3)C(C)(C)c2cc(Cl)ccc21.[Cl-],0
CN1C(=C/N=N/c2sc3ccccc3[n+]2C)N(C)c2ccccc21.COS(=O)(=O)[O-],0
Cn1cn[n+](C)c1/N=N/c1c(-c2ccccc2)n(C)c2ccccc12.[Cl-],0
COS(=O)(=O)[O-].COc1ccc(N(C)/N=C/C2=[N+](C)c3ccccc3C2(C)C)cc1,0
Cc1ccc(N(C)/N=C/C2=[N+](C)c3ccccc3C2(C)C)cc1.[Cl-],0
CNc1ccc(C(=[NH2+])c2ccc(NC)c(C)c2)cc1C.[Cl-],0
CCN(CC)c1ccc(C(=[NH2+])c2ccc(N(CC)CC)cc2)cc1.[Cl-],0
Cn1c2c(/N=N/c3ccc(S(=O)(=O)Oc4ccccc4)cc3)c(N)ccc2c[n+]1C.[Cl-],0
Cn1c2c(/N=N/c3ccc(Cl)cc3)c(O)ccc2c[n+]1C.[Cl-],0
CN(C)c1ccc2cc(-c3n(C)c4ccccc4[n+]3C)c(=O)oc2c1.[Cl-],0
CN(/N=C/c1cc[n+](C)c(=O)n1C)c1ccccc1.[Cl-],0
CN(/N=C/C1=[N+](C)c2ccccc2C1(C)C)c1ccccc1.COS(=O)(=O)[O-],0
Cn1nc(/C=C/C2=[N+](C)c3ccccc3C2(C)C)c2ccccc21.[Cl-],0
COc1ccc2c(c1)CC=CN2/C=C/C1=[N+](C)c2ccccc2C1(C)C.[Cl-],0
CC1=NN(c2ccccc2)C(=O)/C1=N\N(C)c1cccc([N+](C)(C)C)c1.[Cl-],0
Cc1cc2cc3cc(C)c(N)cc3[nH+]c2cc1N.O=C[O-],0
COc1ccc(C)cc1/N=N/C1=C(O)[N+](=C(C)C)N=C1C.[Cl-],0
Cc1cc2cc3ccc(N(C)C)cc3[nH+]c2cc1N.[Cl-],0
CCn1nc[n+](CC)c1/N=N/c1c(-c2ccc(C)cc2)n(C)c2ccccc12.[Cl-],0
Cc1cc2c(C)c3cc(C)c(N)cc3[nH+]c2cc1N.[Cl-],0
CCN(Cc1ccccc1)c1ccc(/C=C(\C#N)C(=O)OCC[N+](C)(C)C)cc1.[Cl-],0
COc1cc(/N=N/c2ccc(/N=N\c3ccc(N)c4cc(S(=O)(=O)[O][Na])ccc34)cc2)c(C)cc1/N=N/c1c(S(=O)(=O)[O][Na])cc2ccc(N)cc2c1O,0
Cc1cc(/N=N/c2ccc(/N=N/c3c(S(=O)(=O)[O][Na])cc4ccc(/N=N\c5cc(C)c(NC(=O)C[O][Na])cc5N)cc4c3O)cc2)c(N)cc1N,0
O=C1c2c(cc(S(=O)(=O)[O][Na])cc2/N=N/c2c(O)ccc3ccccc23)C=C(S(=O)(=O)[O][Na])C1/N=N/c1ccc(-c2ccc(/N=N/C3C(=O)c4c(cc(S(=O)(=O)[O][Na])cc4/N=N/c4c(O)ccc5ccccc45)C=C3S(=O)(=O)[O][Na])cc2)cc1,0
O=C1C=Cc2cc(S(=O)(=O)[O][Na])cc(O)c2/C1=N/Nc1ccc(/N=N/c2ccc(/N=N/c3ccccc3)c3cc(S(=O)(=O)[O-])[c]([Na])cc23)c2cc(S(=O)(=O)[O-])[c]([Na])cc12,0
Nc1ccc2cc(S(=O)(=O)[O][Na])c(/N=N/c3ccc(/N=N/c4ccc(/N=N/c5cc(S(=O)(=O)[O][Na])c6cccc(S(=O)(=O)[O][Na])c6c5)c5ccccc45)c4ccc(S(=O)(=O)[O][Na])cc34)c(O)c2c1,0
O=[N+]([O-])c1ccc(/N=N/c2c(S(=O)(=O)[O][Na])cc3cc(/N=N\c4ccc(O)c5ncccc45)ccc3c2O)c(O)c1,0
Nc1cc(N)c(/N=N/c2ccc(-c3ccc(/N=N/c4c(S(=O)(=O)[O][Na])cc5cc(S(=O)(=O)[O][Na])c(/N=N/c6ccccc6)c(O)c5c4N)cc3)cc2)cc1Cl,0
COc1cc(/N=N\c2c(S(=O)(=O)[O][Na])cc3c(/N=N\c4ccc(O)c(C(=O)[O][Na])c4)c(N)ccc3c2O)ccc1/N=N/c1c(S(=O)(=O)[O][Na])cc2cc(S(=O)(=O)[O][Na])c(/N=N\c3ccc(/N=N\c4c(S(=O)(=O)[O][Na])cc5c(/N=N\c6ccc(O)c(C(=O)[O][Na])c6)c(N)ccc5c4O)cc3C(=O)[O][Na])c(N)c2c1O,0
Nc1ccc(/N=N/c2ccc(/N=N/c3c(S(=O)(=O)[O][Na])cc4cc(S(=O)(=O)[O][Na])c(/N=N/c5ccc([N+](=O)[O-])cc5)c(N)c4c3O)cc2)c(N)c1,0
Nc1c(/N=N/c2ccc(-c3ccc(/N=N/c4ccc5c(S(=O)(=O)[O][Na])cccc5c4N)cc3)cc2)c(S(=O)(=O)[O][Na])cc2c1C(=O)/C(=N\Nc1ccccc1)C(S(=O)(=O)[O][Na])=C2,0
Nc1ccc2cc(S(=O)(=O)[O][Na])c(/N=N/c3ccc(-c4ccc(/N=N/c5c(S(=O)(=O)[O][Na])cc6cc(S(=O)(=O)[O][Na])c(/N=N/c7ccc([N+](=O)[O-])cc7)c(N)c6c5O)cc4)cc3)c(O)c2c1,0
COS(=O)(=O)c1cc2ccc(/N=N\c3ccc(N)c4cc(S(=O)(=O)[O-])[c]([Na])cc34)cc2c(O)c1/N=N/c1ccc(/N=N\c2ccc(N)cc2N)cc1,0
CCNc1ccc2cc(S(=O)(=O)[O][Na])c(/N=N/c3ccc(-c4ccc(/N=N/c5c(S(=O)(=O)[O][Na])cc6cc(S(=O)(=O)[O][Na])cc(N)c6c5O)cc4)cc3)c(O)c2c1,0
Nc1ccc(/N=N/c2ccc3cc(S(=O)(=O)[O][Na])c(/N=N/c4ccc(Nc5ccc(/N=N/c6c(S(=O)(=O)[O][Na])cc7ccc(N)cc7c6O)cc5)c(S(=O)(=O)[O][Na])c4)c(O)c3c2)c(N)c1,0
Nc1ccc(/N=N/c2ccc3c(c2)C(=O)C(=NNc2ccc(Nc4ccc(N/N=C5\C(=O)c6cc(N/N=C7\C(=O)c8cc(N)ccc8C=C7S(=O)(=O)[O][Na])ccc6C=C5S(=O)(=O)[O][Na])cc4S(=O)(=O)[O][Na])cc2)C(S(=O)(=O)[O][Na])=C3)c(N)c1,0
Cc1cc(-c2ccc(/N=N/c3c(S(=O)(=O)[O][Na])cc4cc(S(=O)(=O)[O][Na])c(/N=N/c5ccccc5)c(O)c4c3N)c(C)c2)ccc1/N=N/c1ccc(N)cc1N,0
Nc1cc(O)ccc1/N=N/c1ccc(/N=N/c2c(S(=O)(=O)[O][Na])cc3cc(S(=O)(=O)[O][Na])c(/N=N/c4ccccc4)c(O)c3c2N)cc1,0
Nc1ccc(/N=N/c2ccc(N/N=C3\C(=O)c4cc(/N=N/c5cc(S(=O)(=O)[O][Na])c(N)cc5N)ccc4C=C3S(=O)(=O)[O][Na])cc2)c(N)c1,0
Nc1ccc(/N=N/c2ccc(NC(=O)c3ccc(/N=N/c4c(S(=O)(=O)[O][Na])cc5c(c4N)C(=O)/C(=N\Nc4ccccc4)C(S(=O)(=O)[O][Na])=C5)cc3)cc2)c(N)c1,0
Nc1cc(O)ccc1/N=N/c1ccc(Nc2ccc(/N=N/c3cc4c(cc3S(=O)(=O)[O][Na])C=C(S(=O)(=O)[O][Na])/C(=N/Nc3ccccc3)C4=O)cc2S(=O)(=O)[O][Na])cc1,0
COc1cc(/N=N/c2ccc(N)cc2)c(C)cc1/N=N/c1c(S(=O)(=O)[O][Na])cc2ccc(N)cc2c1O,0
Nc1cc(O)ccc1/N=N/c1ccc(NC(=O)c2ccc(/N=N/c3c(S(=O)(=O)[O][Na])cc4cc(S(=O)(=O)[O][Na])c(/N=N/c5ccccc5)c(O)c4c3N)cc2)cc1,0
Nc1c(/N=N\c2ccc(-c3nc4ccc(/N=N/c5ccc(NCC(=O)[O][Na])cc5O)cc4[nH]3)cc2)c(S(=O)(=O)[O][Na])cc2c1C(=O)/C(=N\Nc1ccccc1)C(S(=O)(=O)[O][Na])=C2,0
Nc1ccc(/N=N/c2ccc(NC(=O)c3ccc(/N=N/c4c(S(=O)(=O)[O][Na])cc5cc(S(=O)(=O)[O][Na])c(/N=N\c6ccccc6)c(O)c5c4N)cc3)cc2)c(N)c1,0
Nc1ccc(/N=N\c2ccc(/N=N/c3c(S(=O)(=O)[O][Na])cc4cc(S(=O)(=O)[O][Na])c(/N=N/c5ccc(/N=N\c6ccc(N)cc6N)cc5)c(O)c4c3N)cc2)c(N)c1,0
Cc1cc(/N=N/c2ccc3c(c2)C(=O)/C(=N\Nc2ccc(Nc4ccc(N/N=C5\C(=O)c6cc(/N=N/c7cc(C)c(NCCO)cc7N)ccc6C=C5S(=O)(=O)[O][Na])cc4S(=O)(=O)[O][Na])cc2)C(S(=O)(=O)[O][Na])=C3)c(N)cc1NCCO,0
Cc1cc(/N=N/c2ccc3c(c2)C(=O)/C(=N\Nc2ccc(Nc4cc(/N=N/c5ccc(/N=N/c6cc(C)c(N)cc6N)c6cc(S(=O)(=O)[O][Na])ccc56)ccc4S(=O)(=O)[O][Na])cc2)C(S(=O)(=O)[O][Na])=C3)c(N)cc1N,0
Cc1cc(/N=N/c2ccc3c(c2)C(=O)/C(=N\Nc2ccc(Nc4ccc(N/N=C5\C(=O)c6cc(/N=N/c7ccc(N)cc7N)ccc6C=C5S(=O)(=O)[O][Na])cc4S(=O)(=O)[O][Na])cc2)C(S(=O)(=O)[O][Na])=C3)c(N)cc1N,0
Nc1c(/N=N/c2ccc(Nc3ccc(/N=N/c4ccc(O)cc4O)cc3)c(S(=O)(=O)[O][Na])c2)cc(S(=O)(=O)[O][Na])c2c1C(=O)/C(=N\Nc1ccc(S(=O)(=O)[O][Na])cc1)C=C2,0
Nc1cc(NCCO)ccc1/N=N\c1ccc2cc(S(=O)(=O)[O][Na])c(/N=N/c3ccc(/N=N/c4ccc(N)c5cc(S(=O)(=O)[O][Na])ccc45)cc3)c(O)c2c1,0
COC(=N)c1ccc(/N=N\c2cc(/N=N/c3ccc(-c4ccc(/N=N/c5c(S(=O)(=O)[O][Na])cc6cc(S(=O)(=O)[O][Na])cc(N)c6c5O)c(OC)c4)cc3OC)c(N)cc2N)cc1,0
Cc1cc(/N=N/c2ccc3cc(S(=O)(=O)[O][Na])c(/N=N/c4ccc(/N=N/c5ccc(N)c6cc(S(=O)(=O)[O][Na])ccc56)cc4)c(O)c3c2)c(N)cc1C(=N)CO[O][Na],0
Nc1ccc(/N=N/c2ccc3cc(S(=O)(=O)[O][Na])c(/N=N\c4ccc(Nc5ccc(/N=N/c6c(S(=O)(=O)[O][Na])cc7ccc(/N=N/c8ccc(N)cc8N)cc7c6O)cc5S(=O)(=O)[O][Na])cc4)c(O)c3c2)c(N)c1,0
Cc1cc(-c2ccc(/N=N/c3ccc(/N=N\c4cc(S(=O)(=O)[O][Na])c5cccc(O)c5c4O)c4cc(S(=O)(=O)[O][Na])ccc34)c(C)c2)ccc1/N=N/c1cc(S(=O)(=O)[O][Na])c2cccc(O)c2c1O,0
Nc1ccc(/N=N\c2ccc3cc(S(=O)(=O)[O][Na])c(/N=N/c4ccc(-c5ccc(/N=N/c6c(S(=O)(=O)[O][Na])cc7cc(S(=O)(=O)[O][Na])cc(O)c7c6O)cc5)cc4)c(O)c3c2)c(N)c1,0
Cc1cc(/N=N\c2ccc(/N=N/c3c(S(=O)(=O)[O][Na])cc4cc(S(=O)(=O)[O][Na])c(/N=N/c5ccc(/N=N\c6cc(C)c(N)cc6N)cc5)c(O)c4c3N)cc2)c(N)cc1N,0
Nc1ccc2cc(S(=O)(=O)[O][Na])c(/N=N/c3ccc(-c4ccc(/N=N/c5c(S(=O)(=O)[O][Na])cc6ccc(N)cc6c5O)cc4)cc3)c(O)c2c1,0
Nc1ccc2cc(S(=O)(=O)[O][Na])c(/N=N/c3ccc(/N=N/c4ccccc4)c4ccccc34)c(O)c2c1,0
Cc1cc(-c2ccc(/N=N/c3c(S(=O)(=O)[O][Na])cc4cc(S(=O)(=O)[O][Na])cc(N)c4c3O)c(C)c2)ccc1/N=N/c1ccc(O)cc1Nc1ccccc1,0
Nc1cc(C(N)CO)ccc1/N=N/c1ccc2cc(S(=O)(=O)[O][Na])c(/N=N/c3ccc(Nc4ccc(/N=N/c5c(S(=O)(=O)[O][Na])cc6ccc(/N=N/c7ccc(C(N)CO)cc7N)cc6c5O)cc4S(=O)(=O)[O][Na])cc3)c(O)c2c1,0
Nc1ccc(/N=N\c2ccc(/N=N/c3c(S(=O)(=O)[O][Na])cc4ccc(/N=N/c5ccc(N)cc5N)cc4c3O)cc2S(=O)(=O)[O][Na])c(N)c1,0
Nc1ccc(/N=N/c2ccc(-c3ccc(/N=N/c4c(S(=O)(=O)[O][Na])cc5cc(S(=O)(=O)[O][Na])c(/N=N/c6ccccc6)c(O)c5c4N)cc3)cc2)c(N)c1,0
Cc1cc(/N=N/c2ccc(-c3ccc(/N=N/c4c(S(=O)(=O)[O][Na])cc5cc(S(=O)(=O)[O][Na])c(/N=N/c6ccccc6)c(O)c5c4N)cc3)cc2)c(N)cc1N,0
O=C([O][Na])c1cc(/N=N/c2ccc(-c3ccc(/N=N/c4ccc(/N=N\c5cc(S(=O)(=O)[O][Na])c6ccccc6c5O)c5ccccc45)cc3)cc2)ccc1O,0
CCN(CC)c1ccc(/N=N/c2ccc(-c3ccc(/N=N\c4c(S(=O)(=O)[O][Na])cc5cc(S(=O)(=O)[O][Na])c(/N=N/c6ccc(S(=O)(=O)[O][Na])cc6)c(O)c5c4N)cc3)cc2)c(NC(C)=O)c1,0
Nc1ccc(/N=N\c2ccc3cc(S(=O)(=O)[O][Na])c(/N=N/c4ccc(/N=N/c5ccc(O)c(C(=O)[O][Na])c5)c5ccccc45)c(O)c3c2)c(N)c1,0
Nc1ccc2c(O)c(/N=N\c3ccc4cc(S(=O)(=O)[O][Na])c(/N=N/c5ccc(/N=N/c6ccc(O)c(C(=O)[O][Na])c6)c6ccccc56)c(O)c4c3)c(S(=O)(=O)[O][Na])cc2c1,0
Nc1ccc2cc(S(=O)(=O)[O][Na])c(/N=N/c3ccc(/N=N/c4ccc(O)c(C(=O)[O][Na])c4)c4ccccc34)c(O)c2c1,0
Nc1ccc2cc(S(=O)(=O)[O][Na])c(/N=N/c3ccc(/N=N/c4ccc(/N=N/c5ccccc5)c5ccc(S(=O)(=O)[O][Na])cc45)c4ccc(S(=O)(=O)[O][Na])cc34)c(O)c2c1,0
Nc1ccc2cc(S(=O)(=O)[O][Na])cc(O)c2c1/N=N/c1ccc(/N=N/c2ccc(/N=N/c3cc(S(=O)(=O)[O][Na])c4cccc(S(=O)(=O)[O][Na])c4c3)c3ccc(S(=O)(=O)[O][Na])cc23)c2cc(S(=O)(=O)[O][Na])ccc12,0
O=S(=O)([O][Na])c1ccc2c(/N=N/c3ccc4cc(S(=O)(=O)[O][Na])c(/N=N/c5ccc(/N=N/c6ccc(/N=N/c7cc(S(=O)(=O)[O][Na])c8cccc(S(=O)(=O)[O][Na])c8c7)c7ccccc67)c6ccc(S(=O)(=O)[O][Na])cc56)c(O)c4c3)c(O)ccc2c1,0
Nc1cc(N)c([N+](=O)[O-])cc1/N=N/c1ccc(S(=O)(=O)[O][Na])c2ccc(/N=N/c3ccc(/N=N/c4ccc(/N=N/c5cc(S(=O)(=O)[O][Na])c6cccc(S(=O)(=O)[O][Na])c6c5)c5ccccc45)c4ccc(S(=O)(=O)[O][Na])cc34)c(O)c12,0
Nc1cc(N)c([N+](=O)[O-])cc1/N=N/c1ccc(S(=O)(=O)[O][Na])c2ccc(/N=N/c3ccc(/N=N/c4ccc(/N=N/c5cc(S(=O)(=O)[O][Na])ccc5S(=O)(=O)[O][Na])c5ccccc45)c4ccc(S(=O)(=O)[O][Na])cc34)c(O)c12,0
Nc1ccc(/N=N/c2cc(S(=O)(=O)[O][Na])c3c(c2N)C(=O)/C(=N\Nc2ccc(/N=N/c4ccc(N)c5cc(S(=O)(=O)[O][Na])ccc45)cc2)C=C3)cc1,0
Nc1ccc2c(c1)C(=O)/C(=N\Nc1ccc3c(c1)C(=O)/C(=N\Nc1ccc(/N=N/c4ccc(N)c5cc(S(=O)(=O)[O][Na])ccc45)cc1)C(S(=O)(=O)[O][Na])=C3)C(S(=O)(=O)[O][Na])=C2,0
Nc1cc(S(=O)(=O)[O][Na])cc2c1C(=O)/C(=N\Nc1ccc(-c3ccc(/N=N\c4ccc(N/N=C5\C(=O)c6c(N)cc(S(=O)(=O)[O][Na])cc6C=C5S(=O)(=O)[O][Na])c5ccccc45)cc3)cc1)C(S(=O)(=O)[O][Na])=C2,0
COc1cc(-c2ccc(N/N=C3\C(=O)c4cc(N)ccc4C=C3S(=O)(=O)[O][Na])c(OC)c2)ccc1/N=N/c1ccc(N)c2cc(S(=O)(=O)[O][Na])ccc12,0
COc1cc(-c2ccc(/N=N/c3ccc(N)c4c[c]([Na])c(S(=O)(=O)[O-])cc34)c(OC)c2)ccc1/N=N/c1ccc(N)c2cc(S(=O)(=O)[O-])[c]([Na])cc12,0
Nc1ccc(/N=N\c2ccc3cc(S(=O)(=O)[O][Na])c(/N=N/c4ccc(/N=N/c5ccc(N)c6cc(S(=O)(=O)[O][Na])ccc56)cc4)c(O)c3c2)c(N)c1,0
Nc1ccc(/N=N/c2ccc(N/N=C3\C(=O)c4c(N)ccc(S(=O)(=O)[O][Na])c4C=C3S(=O)(=O)[O][Na])cc2)c(N)c1,0
COc1cc(-c2ccc(N/N=C3\C(=O)c4ccc(N)c(/N=N/c5ccc([N+](=O)[O-])cc5C(=O)[O][Na])c4C=C3S(=O)(=O)[O][Na])c(OC)c2)ccc1/N=N\c1ccc(O)c(C(=O)[O][Na])c1,0
COc1cc(/N=N/c2cccc3c(O)cc(S(=O)(=O)[O][Na])cc23)c(C)cc1N/N=C1/C=Cc2c(S(=O)(=O)[O][Na])ccc(NC(=O)c3ccccc3)c2C1=O,0
COc1cc(N/N=C2\C(=O)c3ccc(N)c(/N=N/c4ccc([N+](=O)[O-])cc4C(=O)[O][Na])c3C=C2S(=O)(=O)[O][Na])c(OC)cc1/N=N/c1ccc(/N=N/c2ccc(O)c(C(=O)[O][Na])c2)c2ccc(S(=O)(=O)[O][Na])cc12,0
COc1cc(-c2ccc(N/N=C3/C=Cc4c(S(=O)(=O)[O][Na])cc(S(=O)(=O)[O][Na])c(N)c4C3=O)c(OC)c2)ccc1N/N=C1/C=Cc2c(S(=O)(=O)[O][Na])cc(S(=O)(=O)[O][Na])c(N)c2C1=O,0
COc1cc(-c2ccc(N/N=C3\C(=O)c4c(O)cc(S(=O)(=O)[O][Na])cc4C=C3S(=O)(=O)[O][Na])c(OC)c2)ccc1N/N=C1\C(=O)c2c(O)cc(S(=O)(=O)[O][Na])cc2C=C1S(=O)(=O)[O][Na],0
O=S(=O)([O][Na])c1cc2c(cc1Nc1ccccc1)Oc1c(Cl)c3c(c(Cl)c1=N2)Oc1cc(Nc2ccccc2)c(S(=O)(=O)[O][Na])cc1N=3,0
O=S(=O)([O][Na])c1ccc2[nH]c3cc4c(cc3c2c1)N=c1c(Cl)c2c(c(Cl)c1O4)=Nc1cc3c(cc1O2)[nH]c1c(S(=O)(=O)[O][Na])cc(S(=O)(=O)[O][Na])cc13,0
CCn1c2ccc(S(=O)(=O)[O][Na])cc2c2cc3c(cc21)Oc1c(Cl)c2c(c(Cl)c1=N3)Oc1cc3c(cc1N=2)c1cc(S(=O)(=O)[O][Na])cc(S(=O)(=O)[O][Na])c1n3CC,0
O=S(=O)([O][Na])c1cc(S(=O)(=O)[O][Na])c2ccc3c4nc5c(Cl)c6oc7cc8ccc9c(S(=O)(=O)[O][Na])cc(S(=O)(=O)[O][Na])c%10ccc(c7nc6c(Cl)c5oc4cc4ccc1c2c43)c8c9%10,0
Nc1cc(S(=O)(=O)[O][Na])cc2c1C(=O)/C(=N\Nc1ccc(-c3ccc(N/N=C4\C(=O)c5c(cc(S(=O)(=O)[O][Na])c(/N=N/c6cc(Cl)ccc6Cl)c5N)C=C4S(=O)(=O)[O][Na])cc3)cc1)C(S(=O)(=O)[O][Na])=C2,0
Nc1ccc2c(c1)C=C(S(=O)(=O)[O][Na])/C(=N/Nc1ccc(/N=N/c3ccc(/N=N/c4cccc(S(=O)(=O)[O][Na])c4)c4cc(S(=O)(=O)[O][Na])ccc34)c3ccccc13)C2=O,0
COc1cc(/N=N/c2ccc(N)c3cc(S(=O)(=O)[O][Na])ccc23)c(C)cc1N/N=C1/C=C(S(=O)(=O)[O][Na])c2ccccc2C1=O,0
COc1cc(/N=N/c2c(C)cc(C)cc2S(=O)(=O)[O][Na])c(C)cc1N/N=C1\C(=O)c2ccc(Nc3ccc(O)c(C(=O)[O][Na])c3)cc2C=C1S(=O)(=O)[O][Na],0
COc1cc(-c2ccc(N/N=C3\C(=O)c4cccc(N)c4C=C3S(=O)(=O)[O][Na])c(OC)c2)ccc1N/N=C1/C=C(S(=O)(=O)[O][Na])c2ccccc2C1=O,0
Nc1ccc(/N=N\c2ccc(/N=N/c3ccc(N/N=C4/C=C(S(=O)(=O)[O][Na])c5ccccc5C4=O)c4ccc(S(=O)(=O)[O][Na])cc34)c3ccc(S(=O)(=O)[O][Na])cc23)cc1,0
Nc1ccc(/N=N/c2ccc(/N=N/c3ccc(N/N=C4\C(=O)C=Cc5cc(S(=O)(=O)[O][Na])ccc54)c4ccc(S(=O)(=O)[O][Na])cc34)c3ccc(S(=O)(=O)[O][Na])cc23)cc1,0
Nc1ccc(/N=N/c2ccc(/N=N/c3ccc(N/N=C4\C(=O)C=Cc5cc(S(=O)(=O)[O][Na])ccc54)c4ccc(S(=O)(=O)[O][Na])cc34)c3cc(S(=O)(=O)[O][Na])ccc23)cc1,0
CCOc1cc(/N=N/c2cc(OC)c(N)cc2Cl)c2cc(S(=O)(=O)[O][Na])ccc2c1N/N=C1\C(=O)C=Cc2cc(S(=O)(=O)[O][Na])ccc21,0
COc1cc(/N=N/c2ccc(N/N=C3/C=C(S(=O)(=O)[O][Na])c4ccccc4C3=O)c3ccc(S(=O)(=O)[O][Na])cc23)c(C)cc1N,0
COc1cc(/N=N/c2ccc(N)c3cc(S(=O)(=O)[O][Na])ccc23)c(C)cc1N/N=C1\C(=O)C=Cc2cc(S(=O)(=O)[O][Na])ccc21,0
COc1cc(/N=N/c2ccc(/N=N/c3ccc(/N=N/c4cc(S(=O)(=O)[O][Na])c5cccc(S(=O)(=O)[O][Na])c5c4)c4ccccc34)c3ccc(S(=O)(=O)[O][Na])cc23)c(C)cc1N,0
COc1cc(/N=N/c2ccc(/N=N/c3ccc(N/N=C4\C(=O)c5ccccc5C=C4S(=O)(=O)[O][Na])c4ccc(S(=O)(=O)[O][Na])cc34)c3ccc(S(=O)(=O)[O][Na])cc23)c(Cl)cc1N,0
COc1cc(/N=N/c2ccc(N)c3cc(S(=O)(=O)[O][Na])ccc23)c(C)cc1N/N=C1\C(=O)C=Cc2ccc(S(=O)(=O)[O][Na])cc21,0
Nc1ccc(/N=N/c2ccc(N/N=C3\C(=O)C=Cc4ccc(S(=O)(=O)[O][Na])cc43)c3ccccc23)c2ccc(S(=O)(=O)[O][Na])cc12,0
CCOc1cc(/N=N/C2=CC(OC)=C(N)CC2)c2cc(S(=O)(=O)[O][Na])ccc2c1N/N=C1\C(=O)C=Cc2cc(S(=O)(=O)[O][Na])ccc21,0
C=S(=O)([O][Na])C1=Cc2c(ccc(N)c2/N=N/c2ccc(N)cc2S(=O)(=O)[O][Na])C(=O)/C1=N\Nc1ccc(-c2ccc(N/N=C3\C(=O)c4ccc(N)c(/N=N\c5ccc(N)cc5)c4C=C3S(=O)(=O)[O][Na])cc2)cc1,0
Nc1ccc2c(c1)C(=O)/C(=N\Nc1ccc(/N=N/c3ccc(N)c4ccc(S(=O)(=O)[O][Na])cc34)c3ccccc13)C(S(=O)(=O)[O][Na])=C2,0
Cc1cc(/N=N/c2ccc(/N=N/c3ccc(/N=N/c4cc(S(=O)(=O)[O][Na])c5cccc(S(=O)(=O)[O][Na])c5c4)c4ccccc34)c3ccc(S(=O)(=O)[O][Na])cc23)c(C)cc1N,0
CC1=NN(c2ccccc2)C(=O)/C1=N\Nc1ccc(/N=N/c2ccc(/N=N/c3ccc(N)cc3)c3cc(S(=O)(=O)[O][Na])ccc23)c2cc(S(=O)(=O)[O][Na])ccc12,0
COc1cc(-c2ccc(N/N=C3\C(=O)c4c(NC(C)=O)ccc(S(=O)(=O)[O][Na])c4C=C3S(=O)(=O)[O][Na])c(OC)c2)ccc1/N=N/c1cc(C)c(N)cc1NC(C)=O,0
COc1cc(/N=N/c2ccc(N/N=C3\C(=O)c4ccccc4C=C3S(=O)(=O)[O][Na])c3ccc(S(=O)(=O)[O][Na])cc23)c(Cl)cc1N,0
Cc1cc(-c2ccc(N/N=C3\C(=O)c4c(N)cc(S(=O)(=O)[O][Na])cc4C=C3S(=O)(=O)[O][Na])c(C)c2)ccc1N/N=C1\C(=O)c2c(N)cc(S(=O)(=O)[O][Na])cc2C=C1S(=O)(=O)[O][Na],0
Nc1ccc2c(c1)C=C(S(=O)(=O)[O][Na])/C(=N/Nc1ccc(/N=N/c3ccc(N)c(S(=O)(=O)[O][Na])c3)c3ccccc13)C2=O,0
COc1cc(/N=N/c2ccc(N)cc2S(=O)(=O)[O][Na])c(C)cc1N/N=C1\C(=O)c2ccc(Nc3ccccc3)cc2C=C1S(=O)(=O)[O][Na],0
Nc1ccc2c(c1)C=C(S(=O)(=O)[O][Na])/C(=N/Nc1ccc(/N=N/c3ccc(/N=N\c4ccc(O)c(C(=O)[O][Na])c4)c4ccc(S(=O)(=O)[O][Na])cc34)c3ccccc13)C2=O,0
O=C(COc1cc(/N=N/c2ccc(O)c(C(=O)[O][Na])c2)c2cc(S(=O)(=O)[O][Na])ccc2c1N/N=C1\C(=O)c2ccc(Nc3ccc(NC(=O)c4ccccc4)cc3)cc2C=C1S(=O)(=O)[O][Na])[O][Na],0
COc1cc(-c2ccc(N/N=C3\C(=O)c4c(N)cc(S(=O)(=O)[O][Na])cc4C=C3S(=O)(=O)[O][Na])c(OC)c2)ccc1N/N=C1\C(=O)c2c(N)cc(S(=O)(=O)[O][Na])cc2C=C1S(=O)(=O)[O][Na],0
COc1cc(-c2ccc(N/N=C3\C(=O)c4ccc(N)c(/N=N/C5=NNC(C(=O)[O][Na])N5)c4C=C3S(=O)(=O)[O][Na])c(OC)c2)ccc1N/N=C1/C(=O)c2ccc(N)c(/N=N/C3=NNC(C(=O)[O][Na])N3)c2C=C1S(=O)(=O)[O][Na],0
COc1cc(-c2ccc(N/N=C3\C(=O)c4ccc(N)cc4C=C3S(=O)(=O)[O][Na])c(OC)c2)ccc1N/N=C1/C=C(S(=O)(=O)[O][Na])c2ccccc2C1=O,0
COc1cc(-c2ccc(N/N=C3\C(=O)c4ccc(N)cc4C=C3S(=O)(=O)[O][Na])c(OC)c2)ccc1N/N=C1\C(=O)c2ccc(N)cc2C=C1S(=O)(=O)[O][Na],0
COc1cc(N/N=C2/C=C(S(=O)(=O)[O][Na])c3cccc(O)c3C2=O)c(Cl)cc1/N=N/c1ccc(N(C)/N=C2\C(=O)C=Cc3ccc(S(=O)(=O)[O][Na])cc32)c2ccc(S(=O)(=O)[O][Na])cc12,0
COc1ccc(Nc2ccc3c(c2)C=C(S(=O)(=O)[O][Na])/C(=N/Nc2ccc(-c4ccc(N/N=C5\C(=O)c6ccc(Nc7ccc(OC)cc7)cc6C=C5S(=O)(=O)[O][Na])c(OCC(=O)[O][Na])c4)cc2OCC(=O)[O][Na])C3=O)cc1,0
COc1cc(N/N=C2\C(=O)c3ccc(Nc4ccc5c(c4)C=C(S(=O)(=O)[O][Na])/C(=N/Nc4cc(OC)c(/N=N\c6ccc(O)c(C(=O)[O][Na])c6)cc4OC)C5=O)cc3C=C2S(=O)(=O)[O][Na])c(OC)cc1/N=N\c1ccc(O)c(C(=O)[O][Na])c1,0
Nc1ccc(S(=O)(=O)[O][Na])c2c1C(=O)/C(=N\Nc1ccc(-c3ccc(N/N=C4\C(=O)c5c(cccc5S(=O)(=O)[O][Na])C=C4S(=O)(=O)[O][Na])cc3)cc1)C=C2,0
COc1cc(/N=N\c2ccc(O)c(C(=O)[O][Na])c2)c(C)cc1N/N=C1\C(=O)c2ccc(Nc3ccc4c(c3)C=C(S(=O)(=O)[O][Na])/C(=N/Nc3cc(C)c(/N=N\c5ccc(O)c(C(=O)[O][Na])c5)cc3OC)C4=O)cc2C=C1S(=O)(=O)[O][Na],0
COc1ccc(C)cc1N/N=C1\C(=O)c2ccc(Nc3ccc4c(c3)C=C(S(=O)(=O)[O][Na])/C(=N/Nc3cc(C)c(/N=N\c5ccc(O)c(C(=O)[O][Na])c5)cc3OC)C4=O)cc2C=C1S(=O)(=O)[O][Na],0
Nc1ccc2c(c1Cl)C=C(S(=O)(=O)[O][Na])/C(=N/Nc1ccc(-c3ccc(N/N=C4\C(=O)c5ccc(N)c(Cl)c5C=C4S(=O)(=O)[O][Na])c(OCC(=O)[O][Na])c3)cc1OCC(=O)[O][Na])C2=O,0
Nc1ccc2c(c1)C=C(S(=O)(=O)[O][Na])/C(=N/Nc1ccc(-c3ccc(N/N=C4\C(=O)c5ccc(N)cc5C=C4S(=O)(=O)[O][Na])c(O)c3)cc1O)C2=O,0
COc1ccc(Nc2ccc3c(c2)C=C(S(=O)(=O)[O][Na])/C(=N/Nc2ccc(-c4ccc(N/N=C5\C(=O)c6ccc(NC(=O)c7ccccc7)cc6C=C5S(=O)(=O)[O][Na])c(OCC(=O)[O][Na])c4)cc2OCC(=O)[O][Na])C3=O)c(OC)c1,0
COc1cc(-c2ccc(N/N=C3\C(=O)c4ccc(Nc5ccccc5)cc4C=C3S(=O)(=O)[O][Na])c(OC)c2)ccc1N/N=C1/C=C(S(=O)(=O)[O][Na])c2ccccc2C1=O,0
CN(/N=C1\C(=O)c2cc(N/N=C3/C=Cc4c(S(=O)(=O)[O][Na])cc(S(=O)(=O)[O][Na])c(N)c4C3=O)ccc2C=C1S(=O)(=O)[O][Na])c1ccc(Nc2ccc(N/N=C3\C(=O)c4cc(N/N=C5/C=Cc6c(S(=O)(=O)[O][Na])cc(S(=O)(=O)[O][Na])c(N)c6C5=O)ccc4C=C3S(=O)(=O)[O][Na])cc2)c(S(=O)(=O)[O][Na])c1,0
Nc1cc(S(=O)(=O)[O][Na])cc2c1C(=O)/C(=N\Nc1ccc(/N=N\c3ccc(Nc4ccc(/N=N/c5ccc(N/N=C6\C(=O)c7c(N)cc(S(=O)(=O)[O][Na])cc7C=C6S(=O)(=O)[O][Na])c6cc(S(=O)(=O)[O][Na])ccc56)cc4)c(S(=O)(=O)[O][Na])c3)c3cc(S(=O)(=O)[O][Na])ccc13)C(S(=O)(=O)[O][Na])=C2,0
Nc1c(S(=O)(=O)[O][Na])cc(S(=O)(=O)[O][Na])c2c1C(=O)/C(=N\Nc1ccc(-c3ccc(N/N=C4\C(=O)c5ccc(Nc6ccccc6)cc5C=C4S(=O)(=O)[O][Na])cc3)cc1)C=C2,0
COc1cc(/N=N/c2ccc3c(c2)C(=O)/C(=N\Nc2ccc(-c4ccc(N/N=C5/C=C(S(=O)(=O)[O][Na])c6ccccc6C5=O)c(OC)c4)cc2OC)C(S(=O)(=O)[O][Na])=C3)ccc1N,0
O=[N+]([O-])c1cc(S(=O)(=O)[O][Na])cc(/N=N/c2c(S(=O)(=O)[O][Na])cc3cc(Nc4ccc5c(O)c(/N=N/c6cc(S(=O)(=O)[O][Na])cc([N+](=O)[O-])c6O)c(S(=O)(=O)[O][Na])cc5c4)ccc3c2O)c1O,0
O=[N+]([O-])c1ccc2c(/N=N/c3c(S(=O)(=O)[O][Na])cc4cc(Nc5ccc6c(O)c(/N=N/c7c(O)cc(S(=O)(=O)[O][Na])c8cc([N+](=O)[O-])ccc78)c(S(=O)(=O)[O][Na])cc6c5)ccc4c3O)c(O)cc(S(=O)(=O)[O][Na])c2c1,0
Nc1ccc2c(c1)C=C(S(=O)(=O)[O][Na])/C(=N/Nc1ccc(/N=N/c3ccc(/N=N/c4cccc(S(=O)(=O)[O][Na])c4)c4ccccc34)c3ccc(S(=O)(=O)[O][Na])cc13)C2=O,0
Nc1cc(S(=O)(=O)[O][Na])cc2c1C(=O)/C(=N\Nc1ccc(-c3ccc(N/N=C4\C(=O)C=Cc5ccccc54)cc3)cc1)C(S(=O)(=O)[O][Na])=C2,0
O=S(=O)([O][Na])c1cc2c(cc1Nc1ccc(Cl)cc1)Oc1c(Cl)c3c(c(Cl)c1=N2)Oc1cc(Nc2ccc(Cl)cc2)c(S(=O)(=O)[O][Na])cc1N=3,0
Nc1ccc2c(c1)C(=O)/C(=N\Nc1ccc(-c3ccc(N/N=C4\C(=O)c5c(N)cc(S(=O)(=O)[O][Na])cc5C=C4S(=O)(=O)[O][Na])cc3)cc1)C(S(=O)(=O)[O][Na])=C2,0
Cc1cc(-c2ccc(N/N=C3\C(=O)c4c(N)cc(S(=O)(=O)[O][Na])cc4C=C3S(=O)(=O)[O][Na])c(C)c2)ccc1N/N=C1/C=C(S(=O)(=O)[O][Na])c2ccccc2C1=O,0
O=S(=O)([O][Na])c1cc(O)c2c(O)c(/N=N/c3ccc(-c4ccc(/N=N/c5c(O)ccc6cc(S(=O)(=O)[O][Na])cc(O)c56)c(O)c4)cc3O)c(S(=O)(=O)[O][Na])cc2c1,0
COc1cc(-c2ccc(N/N=C3\C(=O)c4ccc(Nc5ccccc5)cc4C=C3S(=O)(=O)[O][Na])c(OC)c2)ccc1N/N=C1/C=Cc2c(S(=O)(=O)[O][Na])cc(S(=O)(=O)[O][Na])c(N)c2C1=O,0
COc1cc(-c2ccc(/N=N/c3c(S(=O)(=O)[O][Na])cc4cc(S(=O)(=O)[O][Na])cc(N)c4c3O)c(OC)c2)ccc1/N=N/c1c(S(=O)(=O)[O][Na])cc2cc(S(=O)(=O)[O][Na])cc(N)c2c1O,0
COc1cc(-c2ccc(N/N=C3\C(=O)C=Cc4ccccc43)c(OC)c2)ccc1N/N=C1/C=Cc2c(S(=O)(=O)[O][Na])cc(S(=O)(=O)[O][Na])c(N)c2C1=O,0
Nc1c(S(=O)(=O)[O][Na])cc(S(=O)(=O)[O][Na])c2ccc(/N=N/c3ccc(-c4ccc(/N=N/c5ccc6c(S(=O)(=O)[O][Na])cc(S(=O)(=O)[O][Na])c(N)c6c5O)c(C(=O)O)c4)cc3C(=O)O)c(O)c12,0
COc1cc(-c2ccc(N/N=C3\C(=O)c4c(N)cc(S(=O)(=O)[O][Na])cc4C=C3S(=O)(=O)[O][Na])c(OC)c2)ccc1N/N=C1\C(=O)c2ccc(Nc3ccccc3)cc2C=C1S(=O)(=O)[O][Na],0
Nc1cc(S(=O)(=O)[O][Na])cc2c1C(=O)/C(=N\Nc1ccc(-c3ccc(N/N=C4/C=C(S(=O)(=O)[O][Na])c5ccccc5C4=O)cc3)cc1)C(S(=O)(=O)[O][Na])=C2,0
Cc1cc(-c2ccc(N/N=C3/C=Cc4c(S(=O)(=O)[O][Na])ccc(N)c4C3=O)c(C)c2)ccc1N/N=C1/C=Cc2c(S(=O)(=O)[O][Na])ccc(N)c2C1=O,0
Nc1ccc(/N=N/c2ccc(/N=N/c3ccc(N/N=C4\C(=O)c5cc(N)ccc5C=C4S(=O)(=O)[O][Na])c4ccc(S(=O)(=O)[O][Na])cc34)c3ccc(S(=O)(=O)[O][Na])cc23)cc1,0
Cc1cc(-c2ccc(N/N=C3\C(=O)c4c(O)cc(S(=O)(=O)[O][Na])cc4C=C3S(=O)(=O)[O][Na])c(C)c2)ccc1N/N=C1\C(=O)c2c(O)cc(S(=O)(=O)[O][Na])cc2C=C1S(=O)(=O)[O][Na],0
Nc1ccc2c(c1)C=C(S(=O)(=O)[O][Na])/C(=N/Nc1ccc(/N=N/c3ccc(/N=N\c4cccc(S(=O)(=O)[O][Na])c4)c4ccccc34)c3cc(S(=O)(=O)[O][Na])ccc13)C2=O,0
Cc1cc(-c2ccc(N/N=C3\C(=O)c4cc(N/N=C5/C=C(S(=O)(=O)[O][Na])c6cccc(O)c6C5=O)ccc4C=C3S(=O)(=O)[O][Na])c(C)c2)ccc1N/N=C1/C=C(S(=O)(=O)[O][Na])c2cccc(O)c2C1=O,0
Cc1cc(-c2ccc(N/N=C3\C(=O)c4c(cc(S(=O)(=O)[O][Na])cc4S(=O)(=O)[O][Na])C=C3S(=O)(=O)[O][Na])c(C)c2)ccc1N/N=C1\C(=O)C=Cc2ccccc21,0
Cc1cc(N/N=C2\C(=O)c3ccc(Nc4ccccc4)cc3C=C2S(=O)(=O)[O][Na])c(O)cc1/N=N/c1cc(S(=O)(=O)[O][Na])c2cccc(S(=O)(=O)[O][Na])c2c1,0
Nc1ccc2c(c1)C=C(S(=O)(=O)[O][Na])/C(=N\Nc1ccc(/N=N/c3ccc(Nc4ccc(/N=N/c5ccc(N/N=C6/C(=O)c7ccc(N)cc7C=C6S(=O)(=O)[O][Na])c6ccc(S(=O)(=O)[O][Na])cc56)cc4S(=O)(=O)[O][Na])cc3)c3cc(S(=O)(=O)[O][Na])ccc13)C2=O,0
Nc1ccc2c(c1)C=C(S(=O)(=O)[O][Na])/C(=N\Nc1ccc(/N=N/c3ccc(Nc4ccc(/N=N/c5ccc(N/N=C6/C(=O)c7ccc(N)cc7C=C6S(=O)(=O)[O][Na])c6cc(S(=O)(=O)[O][Na])ccc56)cc4S(=O)(=O)[O][Na])cc3)c3ccc(S(=O)(=O)[O][Na])cc13)C2=O,0
COc1cc(/N=N/c2ccc([N+](=O)[O-])cc2S(=O)(=O)[O][Na])c(C)cc1N/N=C1\C(=O)c2ccc(Nc3ccccc3)cc2C=C1S(=O)(=O)[O][Na],0
Cc1cc(-c2ccc(N/N=C3\C(=O)c4c(N)cc(S(=O)(=O)[O][Na])cc4C=C3S(=O)(=O)[O][Na])c(C)c2)ccc1N/N=C1\C(=O)c2ccc(N)cc2C=C1S(=O)(=O)[O][Na],0
Cc1cc(-c2ccc(N/N=C3\C(=O)c4ccc(N)cc4C=C3S(=O)(=O)[O][Na])c(C)c2)ccc1N/N=C1/C=C(S(=O)(=O)[O][Na])c2ccccc2C1=O,0
COc1cc(-c2ccc(N/N=C3\C(=O)c4c(cccc4S(=O)(=O)[O][Na])C=C3S(=O)(=O)[O][Na])c(OC)c2)ccc1/N=N\c1ccc(N/N=C2/C(=O)c3c(cccc3S(=O)(=O)[O][Na])C=C2S(=O)(=O)[O][Na])c2ccccc12,0
COc1cc(-c2ccc(N/N=C3\C(=O)c4ccc(S(=O)(=O)[O][Na])cc4C=C3S(=O)(=O)[O][Na])c(OC)c2)ccc1N/N=C1/C=Cc2c(cccc2S(=O)(=O)[O][Na])C1=O,0
Cc1cc(S(=O)(=O)[O][Na])c(/N=N/c2ccc(/N=N/c3ccc(N/N=C4\C(=O)c5ccc(Nc6ccccc6)cc5C=C4S(=O)(=O)[O][Na])c4ccccc34)c3ccc(S(=O)(=O)[O][Na])cc23)cc1S(=O)(=O)[O][Na],0
Cc1cc(-c2ccc(N/N=C3\C(=O)c4c(O)cc(S(=O)(=O)[O][Na])cc4C=C3S(=O)(=O)[O][Na])c(C)c2)ccc1N/N=C1/C=C(S(=O)(=O)[O][Na])c2ccccc2C1=O,0
Nc1ccc2c(c1)C=C(S(=O)(=O)[O][Na])/C(=N/Nc1ccc(/N=N/c3ccc(N/N=C4/C=C(S(=O)(=O)[O][Na])c5ccccc5C4=O)cc3)c3cc(S(=O)(=O)[O][Na])ccc13)C2=O,0
Nc1ccc2c(c1)C=C(S(=O)(=O)[O][Na])/C(=N/Nc1ccc(/N=N/c3ccc(N/N=C4/C=C(S(=O)(=O)[O][Na])c5ccccc5C4=O)cc3)c3ccc(S(=O)(=O)[O][Na])cc13)C2=O,0
O=C1/C(=N\Nc2ccc(/N=N/c3ccc(N/N=C4/C=C(S(=O)(=O)[O][Na])c5ccccc5C4=O)c4ccc(S(=O)(=O)[O][Na])cc34)c3ccc(S(=O)(=O)[O][Na])cc23)C(S(=O)(=O)[O][Na])=Cc2cc(Nc3ccccc3)ccc21,0
COc1cc(-c2ccc(N/N=C3\C(=O)c4ccc(S(=O)(=O)[O][Na])cc4C=C3S(=O)(=O)[O][Na])c(OC)c2)ccc1N/N=C1/C=C(S(=O)(=O)[O][Na])c2ccccc2C1=O,0
COc1cc(-c2ccc(N/N=C3\C(=O)c4c(Cl)cc(S(=O)(=O)[O][Na])cc4C=C3S(=O)(=O)[O][Na])c(OC)c2)ccc1N/N=C1/C=C(S(=O)(=O)[O][Na])c2ccccc2C1=O,0
COc1cc(-c2ccc(N/N=C3\C(=O)c4c(Cl)cc(S(=O)(=O)[O][Na])cc4C=C3S(=O)(=O)[O][Na])c(OC)c2)ccc1N/N=C1\C(=O)c2c(Cl)cc(S(=O)(=O)[O][Na])cc2C=C1S(=O)(=O)[O][Na],0
Nc1cc(N)c(/N=N/c2ccc(-c3ccc(N/N=C4\C(=O)c5c(N)cc(S(=O)(=O)[O][Na])cc5C=C4S(=O)(=O)[O][Na])cc3)cc2)cc1/N=N\c1ccc2cc(S(=O)(=O)[O][Na])cc(O)c2c1,0
Cc1ccc([N+](=O)[O-])cc1/N=N/c1c(S(=O)(=O)[O][Na])cc2c(c1N)C(=O)/C(=N\Nc1ccc(-c3ccc(N/N=C4/C=Cc5c(S(=O)(=O)[O][Na])ccc(N)c5C4=O)c(C)c3)cc1C)C(S(=O)(=O)[O][Na])=C2,0
COc1cc(-c2ccc(N/N=C3/C=Cc4c(S(=O)(=O)[O][Na])ccc(N)c4C3=O)c(OC)c2)ccc1N/N=C1/C=Cc2c(S(=O)(=O)[O][Na])ccc(N)c2C1=O,0
Cc1cc([C+](c2ccc(Nc3ccc4ccc(S(=O)(=O)[O-])cc4c3)cc2)c2ccc(Nc3ccc4ccc(S(=O)(=O)[O][Na])cc4c3)cc2)ccc1N,0
Nc1ccc(S(=O)(=O)[O][Na])c2c1C(=O)/C(=N\Nc1ccc(-c3ccc(N/N=C4\C(=O)C=Cc5cccc(S(=O)(=O)[O][Na])c54)cc3)cc1)C=C2,0
Nc1ccc2c(c1/N=N/c1ccc([N+](=O)[O-])cc1S(=O)(=O)[O][Na])C=C(S(=O)(=O)[O][Na])/C(=N/Nc1ccc(-c3ccc(N/N=C4/C(=O)c5c(N)cc(S(=O)(=O)[O][Na])cc5C=C4S(=O)(=O)[O][Na])cc3)cc1)C2=O,0
COc1cc(-c2ccc(N/N=C3\C(=O)C=Cc4cccc(S(=O)(=O)[O][Na])c43)c(OC)c2)ccc1N/N=C1/C=Cc2c(S(=O)(=O)[O][Na])ccc(N)c2C1=O,0
C=S(=O)([O][Na])C1=Cc2cc(S(=O)(=O)[O][Na])cc(N)c2C(=O)/C1=N\Nc1ccc(-c2ccc(N/N=C3\C(=O)c4ccc(N)cc4C=C3S(=O)(=O)[O][Na])cc2)cc1,0
C=S(=O)([O][Na])C1=Cc2cc(S(=O)(=O)[O][Na])cc(O)c2C(=O)/C1=N\Nc1ccc(-c2ccc(N/N=C3\C(=O)c4c(O)cc(S(=O)(=O)[O][Na])cc4C=C3S(=O)(=O)[O][Na])cc2)cc1,0
COc1cc(-c2ccc(N/N=C3/C=Cc4c(cccc4S(=O)(=O)[O][Na])C3=O)c(OC)c2)ccc1N/N=C1/C=Cc2c(cccc2S(=O)(=O)[O][Na])C1=O,0
COS(=O)(=O)C1=Cc2cc(S(=O)(=O)[O][Na])c(/N=N/c3cc(Cl)ccc3Cl)c(N)c2C(=O)/C1=N\Nc1ccc(-c2ccc(N/N=C3\C(=O)c4cc(N)ccc4C=C3S(=O)(=O)[O][Na])cc2)cc1,0
Cc1cc(-c2ccc(N/N=C3/C=Cc4c(S(=O)(=O)[O][Na])cc(S(=O)(=O)[O][Na])c(N)c4C3=O)c(C)c2)ccc1N/N=C1/C=Cc2c(S(=O)(=O)[O][Na])cc(S(=O)(=O)[O][Na])c(N)c2C1=O,0
O=C1/C(=N\Nc2ccc(/N=N/c3ccc([N+](=O)[O-])cc3S(=O)(=O)[O][Na])c3cc(S(=O)(=O)[O][Na])ccc23)C(S(=O)(=O)[O][Na])=Cc2cc(Nc3ccccc3)ccc21,0
O=C1/C(=N\Nc2ccc(/N=N/c3ccc(S(=O)(=O)[O][Na])c4ccc(S(=O)(=O)[O][Na])cc34)c3ccccc23)C(S(=O)(=O)[O][Na])=Cc2cc(Nc3ccccc3)ccc21,0
O=C1C=Cc2cc(S(=O)(=O)[O][Na])ccc2/C1=N/Nc1ccc(-c2ccc(N/N=C3\C(=O)c4c(O)cc(S(=O)(=O)[O][Na])cc4C=C3S(=O)(=O)[O][Na])cc2)cc1,0
Nc1cc(S(=O)(=O)[O][Na])cc2c1C(=O)/C(=N\Nc1ccc(-c3ccc(N/N=C4\C(=O)c5c(N)cc(S(=O)(=O)[O][Na])cc5C=C4S(=O)(=O)[O][Na])cc3)cc1)C(S(=O)(=O)[O][Na])=C2,0
Cc1cc(-c2ccc(N/N=C3\C(=O)c4cccc(N)c4C=C3S(=O)(=O)[O][Na])c(C)c2)ccc1N/N=C1/C=Cc2c(S(=O)(=O)[O][Na])ccc(N)c2C1=O,0
Cc1cc(-c2ccc(N/N=C3\C(=O)c4c(cccc4S(=O)(=O)[O][Na])C=C3S(=O)(=O)[O][Na])c(C)c2)ccc1/N=N\c1ccc(N/N=C2\C(=O)c3c(cccc3S(=O)(=O)[O][Na])C=C2S(=O)(=O)[O][Na])c2ccccc12,0
Nc1cc(S(=O)(=O)[O][Na])cc2c1C(=O)/C(=N\Nc1ccc(-c3ccc(N(N)/N=C4/C=Cc5c(S(=O)(=O)[O][Na])ccc(N)c5C4=O)cc3)cc1)C(S(=O)(=O)[O][Na])=C2,0
COc1cc(-c2ccc(N/N=C3\C(=O)c4c(cccc4S(=O)(=O)[O][Na])C=C3S(=O)(=O)[O][Na])c(OC)c2)ccc1N/N=C1\C(=O)c2ccc(N)cc2C=C1S(=O)(=O)[O][Na],0
COc1cc(/N=N/c2cc(S(=O)(=O)[O][Na])cc3cc(S(=O)(=O)[O][Na])cc(O)c23)c(C)cc1N/N=C1\C(=O)c2ccc(Nc3ccccc3)cc2C=C1S(=O)(=O)[O][Na],0
O=C1/C(=N\Nc2ccc(/N=N/c3ccc(/N=N\c4cc(S(=O)(=O)[O][Na])c5cccc(S(=O)(=O)[O][Na])c5c4)c4ccccc34)c3ccc(S(=O)(=O)[O][Na])cc23)C(S(=O)(=O)[O][Na])=Cc2cc(Nc3ccccc3)ccc21,0
O=C1/C(=N\Nc2ccc(/N=N/c3ccc(/N=N\c4cc(S(=O)(=O)[O][Na])ccc4S(=O)(=O)[O][Na])c4ccccc34)c3cc(S(=O)(=O)[O][Na])ccc23)C(S(=O)(=O)[O][Na])=Cc2cc(Nc3ccccc3)ccc21,0
COS(=O)(=O)c1cc(/N=N/c2ccc(/N=N/c3ccc(N/N=C4\C(=O)c5ccc(N)cc5C=C4S(=O)(=O)[O][Na])c4cc(S(=O)(=O)[O][Na])ccc34)c3ccccc23)cc2c(S(=O)(=O)[O][Na])cccc12.[Na],0
Nc1ccc2c(c1)C=C(S(=O)(=O)[O][Na])/C(=N/Nc1ccc(/N=N/c3ccc(/N=N/c4ccccc4)c4cc(S(=O)(=O)[O][Na])ccc34)c3cc(S(=O)(=O)[O][Na])ccc13)C2=O,0
Nc1ccc2c(c1)C=C(S(=O)(=O)[O][Na])/C(=N/Nc1ccc(/N=N/c3ccc(/N=N/c4cccc(S(=O)(=O)[O][Na])c4)c4cc(S(=O)(=O)[O][Na])ccc34)c3cc(S(=O)(=O)[O][Na])ccc13)C2=O,0
O=C1/C(=N\Nc2ccc(/N=N/c3ccc(/N=N\c4cccc(S(=O)(=O)[O][Na])c4)c4cc(S(=O)(=O)[O][Na])ccc34)c3cc(S(=O)(=O)[O][Na])ccc23)C(S(=O)(=O)[O][Na])=Cc2cc(Nc3ccccc3)ccc21,0
COc1cc(-c2ccc(/N=N/c3ccc4c(S(=O)(=O)[O][Na])cc(S(=O)(=O)[O][Na])c(N)c4c3O)c(OC)c2)ccc1/N=N/c1ccc2c(S(=O)(=O)[O][Na])cc(S(=O)(=O)[O][Na])c(N)c2c1O,0
COC(=O)c1ccccc1-c1c2ccc(=[N+](C)C)cc-2oc2cc(O)ccc12.[Cl-],0
O=C1/C(=N\Nc2ccc(/N=N/c3ccc(/N=N\c4cc(S(=O)(=O)[O][Na])ccc4S(=O)(=O)[O][Na])c4ccc(S(=O)(=O)[O][Na])cc34)c3ccccc23)C(S(=O)(=O)[O][Na])=Cc2cc(Cc3ccccc3)ccc21,0
COc1cc(-c2ccc(N/N=C3/C=C(S(=O)(=O)[O][Na])c4ccccc4C3=O)c(OC)c2)ccc1N/N=C1/C=C(S(=O)(=O)[O][Na])c2ccccc2C1=O,0
COc1cc(-c2ccc(/N=N/c3c(O)c(S(=O)(=O)[O][Na])cc4cc(S(=O)(=O)[O][Na])ccc34)c(OC)c2)ccc1/N=N/c1c(O)c(S(=O)(=O)[O][Na])cc2cc(S(=O)(=O)[O][Na])ccc12,0
O=C1/C(=N\Nc2ccc(/N=N/c3ccc(/N=N\c4cc(S(=O)(=O)[O][Na])cc5cc(S(=O)(=O)[O][Na])cc(O)c45)c4ccccc34)c3ccc(S(=O)(=O)[O][Na])cc23)C(S(=O)(=O)[O][Na])=Cc2cc(Nc3ccccc3)ccc21,0
Nc1ccc2c(c1)C=C(S(=O)(=O)[O][Na])/C(=N/Nc1ccc(/N=N/c3ccc(/N=N/c4cc(S(=O)(=O)[O][Na])ccc4S(=O)(=O)[O][Na])c4ccc(S(=O)(=O)[O][Na])cc34)c3ccccc13)C2=O,0
CCOc1cc(/N=N/c2ccc(/N=N\c3cc(S(=O)(=O)[O][Na])ccc3S(=O)(=O)[O][Na])c3ccccc23)c2cc(S(=O)(=O)[O][Na])ccc2c1N/N=C1\C(=O)c2ccc(Nc3ccccc3)cc2C=C1S(=O)(=O)[O][Na],0
O=S(=O)([O][Na])c1cc(O)c2c(O)c(/N=N/c3ccc(-c4ccc(/N=N/c5c(S(=O)(=O)[O][Na])cc6cc(S(=O)(=O)[O][Na])cc(O)c6c5O)c(O)c4)cc3O)c(S(=O)(=O)[O][Na])cc2c1,0
Nc1ccc(/N=N/c2ccc(/N=N/c3ccc(/N=N/c4c(S(=O)(=O)[O][Na])cc5cc(NC(=O)c6ccccc6)ccc5c4O)c4ccc(S(=O)(=O)[O][Na])cc34)c3ccc(S(=O)(=O)[O][Na])cc23)cc1S(=O)(=O)[O][Na],0
COc1cc(-c2ccc(N/N=C3\C(=O)C(S(=O)(=O)[O][Na])=Cc4cc(S(=O)(=O)[O][Na])ccc43)c(OC)c2)ccc1N/N=C1/C=C(S(=O)(=O)[O][Na])c2ccccc2C1=O,0
O=S(=O)([O][Na])c1cc(S(=O)(=O)[O][Na])c2c(O)c(/N=N\c3ccc(-c4ccc(/N=N/c5c(S(=O)(=O)[O][Na])cc6c(ccc7nc8ccccc8nc76)c5O)c(O)c4)cc3O)c(S(=O)(=O)[O][Na])cc2c1,0
O=C([O][Na])c1cccc(Nc2ccc3c(O)c(/N=N\c4ccc(-c5ccc(/N=N/c6c(S(=O)(=O)[O][Na])cc7cc(Nc8cccc(C(=O)[O][Na])c8)ccc7c6O)c(C(=O)[O][Na])c5)cc4C(=O)[O][Na])c(S(=O)(=O)[O][Na])cc3c2)c1,0
O=S(=O)([O][Na])c1cc2cccc(S(=O)(=O)[O][Na])c2c(O)c1/N=N/c1ccc(-c2ccc(/N=N/c3c(S(=O)(=O)[O][Na])cc4cccc(S(=O)(=O)[O][Na])c4c3O)c(O)c2)cc1O,0
Nc1ccc2cc(S(=O)(=O)[O][Na])cc(O)c2c1/N=N/c1ccc(/N=N/c2c(N)ccc3cc(S(=O)(=O)[O][Na])cc(O)c23)c(S(=O)(=O)[O][Na])c1,0
O=S(=O)([O][Na])c1cc2cc(Nc3ccccc3)ccc2c(O)c1/N=N/c1ccc(-c2ccc(/N=N/c3c(S(=O)(=O)[O][Na])cc4cccc(S(=O)(=O)[O][Na])c4c3O)c(O)c2)cc1O,0
Cc1cc(/N=N/c2ccc(S(=O)(=O)[O][Na])cc2)c(N)c(/N=N/c2ccc(-c3ccc(/N=N/c4ccc(O)c(C(=O)[O][Na])c4)cc3)cc2)c1N,0
O=C([O][Na])c1cc(/N=N/c2ccc(-c3ccc(/N=N\c4ccc(/N=N/c5ccc(O)c(C(=O)[O][Na])c5)c5cc(S(=O)(=O)[O][Na])ccc45)cc3)cc2)ccc1O,0
O=[N+]([O-])c1ccc(/C=C/c2ccc(/N=N/c3ccc(/N=N/c4cc(S(=O)(=O)[O][Na])cc(Cl)c4O)c(O)c3)cc2S(=O)(=O)[O][Na])c(S(=O)(=O)[O][Na])c1,0
Cc1cc(NC(=O)Nc2ccc(/N=N/c3ccc(/N=N/c4ccc(/N=N/c5ccc(S(=O)(=O)[O][Na])cc5)cc4S(=O)(=O)[O][Na])c(C)c3)c(C)c2)ccc1/N=N/c1ccc(/N=N/c2ccc(/N=N/c3ccc(S(=O)(=O)[O][Na])cc3)cc2S(=O)(=O)[O][Na])c(C)c1,0
O=C(Nc1ccc2c(O)c(/N=N/c3ccccc3C(=O)O)c(S(=O)(=O)[O][Na])cc2c1)Nc1ccc2c(O)c(/N=N/c3ccccc3C(=O)O)c(S(=O)(=O)[O][Na])cc2c1,0
Nc1cc(N)c(/N=N/c2ccc(S(=O)(=O)[O][Na])c(/N=N/c3c(O)ccc(/N=N/c4ccc([N+](=O)[O-])cc4)c3O)c2)cc1/N=N/c1ccc(S(=O)(=O)[O][Na])cc1,0
COc1cc(/N=N/c2cc(S(=O)(=O)[O][Na])cc(N)c2C)c(C)cc1NC(=O)Nc1cc(C)c(/N=N/c2cc(S(=O)(=O)[O][Na])cc(N)c2C)cc1OC,0
Nc1cc(N)c(/N=N/c2ccc(/N=N/c3ccc(-c4ccc(/N=N\c5ccc(O)c(C(=O)[O][Na])c5)cc4)cc3)c3ccc(S(=O)(=O)[O][Na])cc23)cc1/N=N/c1cccc2cc(S(=O)(=O)[O][Na])ccc12,0
COS(=O)(=O)c1cc(/N=N/c2cccc(/N=N/c3c(S(=O)(=O)[O][Na])cc(/N=N/c4cc(S(=O)(=O)[O][Na])c(N)cc4N)c(C)c3N)c2)c(N)cc1N,0
Nc1ccc(/N=N/c2cccc(/N=N/c3cc(S(=O)(=O)[O][Na])c(/N=N/c4ccc(N)cc4N)cc3N)c2)c(N)c1,0
Nc1cc(N)c(/N=N/c2ccc(/N=N/c3ccc(-c4ccc(/N=N\c5ccc(O)c(C(=O)[O][Na])c5)cc4)cc3)c3ccc(S(=O)(=O)[O][Na])cc23)cc1/N=N/c1ccc2cc(S(=O)(=O)[O][Na])cc(O)c2c1,0
Nc1ccc(/N=N/c2cccc(NC(=O)Nc3cccc(/N=N/c4cc(S(=O)(=O)[O][Na])c(N)cc4N)c3)c2)c(N)c1,0
Cc1cc(-c2ccc(/N=N/c3cc(S(=O)(=O)[O][Na])c(N)cc3N)c(C)c2)ccc1/N=N/c1ccc(O)cc1,0
Cc1c(N=Nc2ccc(/N=N/c3cc(/N=N/c4cc(S(=O)(=O)[O][Na])cc(/N=N/c5cc(/N=N/c6c(S(=O)(=O)[O][Na])cc(N=Nc7cc(S(=O)(=O)[O][Na])cc(/N=N\c8ccc(N)cc8N)c7C)c7ccccc67)c(N)cc5N)c4C)c(N)cc3N)c3cc(S(=O)(=O)[O][Na])ccc23)cc(S(=O)(=O)[O][Na])cc1/N=N\c1ccc(N)cc1N,0
Nc1ccc(/N=N/c2ccc(-c3ccc(N/N=C4\C(=O)c5cc(/N=N/c6ccc(N)cc6N)c(S(=O)(=O)[O][Na])cc5C=C4S(=O)(=O)[O][Na])cc3)cc2)c(N)c1,0
Nc1ccc(/N=N/c2ccc(NC(=O)Nc3ccc(/N=N/c4ccc(N)cc4N)c(S(=O)(=O)[O][Na])c3)cc2S(=O)(=O)[O][Na])c(N)c1,0
Cc1cc(/N=N/c2ccc(S(=O)(=O)[O][Na])cc2)c(N)c(/N=N/c2ccc(-c3ccc(/N=N/c4cc(C)c(O)c(C(=O)[O][Na])c4)cc3)cc2)c1N,0
Cc1cc(/N=N/c2ccc(-c3ccc(/N=N/c4cc(/N=N/c5ccc(S(=O)(=O)[O][Na])cc5)c(N)cc4N)cc3)cc2)cc(C(=O)[O][Na])c1O,0
O=C([O][Na])c1cc(/N=N/c2ccc(-c3ccc(N/N=C4\C(=O)c5c(cc(S(=O)(=O)[O][Na])cc5/N=N/c5ccc(O)cc5O)C=C4S(=O)(=O)[O][Na])cc3)cc2)ccc1O,0
Nc1cc(NCC(=O)[O][Na])c(S(=O)(=O)[O][Na])cc1/N=N\c1cccc(/N=N/c2c(S(=O)(=O)[O][Na])cc3ccc(/N=N/c4cc(S(=O)(=O)[O][Na])c(NCC(=O)[O][Na])cc4N)cc3c2O)c1,0
COc1ccccc1NC(=O)/C(=N\Nc1ccc(-c2ccc(N/N=C3\C(=O)N(c4ccc5cc(S(=O)(=O)[O][Na])ccc5c4)N=C3C)c(C(=O)[O][Na])c2)cc1C(=O)[O][Na])C(C)=O,0
Cc1nn(-c2ccccc2)c(O)c1/N=N/c1ccc(-c2ccc(/N=N/c3c(S(=O)(=O)[O][Na])cc4cc(C(=O)[O][Na])c(O)cc4c3O)c(C(=O)[O][Na])c2)cc1C(=O)[O][Na],0
Cc1cc(/N=N/c2ccc(S(=O)(=O)O[CH2][Na])cc2)c(N)c(/N=N/c2ccc(-c3ccc(/N=N/c4c(S(=O)(=O)[O][Na])cc(N)c(Cl)c4N)cc3)cc2)c1N,0
Cc1cc(S(=O)(=O)[O][Na])c(N)c(/N=N/c2ccc(-c3ccc(/N=N/c4cc(/N=N\c5ccc(S(=O)(=O)[O][Na])c6ccccc56)c(N)cc4N)cc3)cc2)c1N,0
NOS(=O)c1ccc(O)c(/N=N/c2ccc(O)c(/N=N/c3ccc(-c4ccc(/N=N/c5ccc(O)c(C(=O)[O][Na])c5)cc4)cc3)c2O)c1,0
O=C([O][Na])c1cc(/N=N/c2ccc(/N=N/c3cc(C(=O)[O][Na])c(O)c4cc(S(=O)(=O)[O][Na])ccc34)cc2)ccc1O,0
Cc1ccc2nc(-c3ccc4nc(-c5ccc(/N=N/c6c(O)ccc(/N=N/c7ccc8c(S(=O)(=O)[O][Na])ccc(S(=O)(=O)[O][Na])c8c7)c6O)cc5)sc4c3)sc2c1S(=O)(=O)[O][Na],0
Cc1c(/N=N/c2ccc(N)cc2N)cc(S(=O)(=O)[O][Na])cc1/N=N/c1ccc(N)cc1N,0
O=C([O][Na])c1cc(/N=N/c2ccc(-c3ccc(/N=N/c4ccc(O)cc4O)c(S(=O)(=O)[O][Na])c3)cc2)ccc1O,0
O=C([O][Na])c1cc(/N=N/c2ccc(-c3ccc(/N=N/c4c(S(=O)(=O)[O][Na])cc5ccc(/N=N\c6ccc(O)cc6O)cc5c4O)cc3)cc2)ccc1O,0
Nc1ccc(/N=N/c2ccc(S(=O)(=O)[O][Na])cc2)c(N)c1,0
Nc1ccc2c(c1)C(O)/C(=N\Nc1ccc(-c3ccc(/N=N/c4ccc(O)c(C(=O)[O][Na])c4)cc3)cc1)C(S(=O)(=O)[O][Na])=C2,0
CCOc1ccc(/N=N\c2ccc(/N=N/c3ccc(/N=N/c4ccc(S(=O)(=O)[O][Na])cc4)cc3)c3cc(S(=O)(=O)[O][Na])ccc23)cc1,0
O=C([O][Na])c1cc(/N=N/c2ccc(/N=N/c3ccc(/N=N/c4cc(C(=O)[O][Na])c(O)c(S(=O)(=O)[O][Na])c4)cc3)cc2)cc(S(=O)(=O)[O][Na])c1O,0
O=C([O][Na])c1cc(/N=N/c2ccc(-c3ccc(/N=N/c4ccc(O)c(/N=N/c5ccc(S(=O)(=O)[O][Na])c6ccccc56)c4O)cc3)cc2)ccc1O,0
Nc1cc(N)c(/N=N/c2cc(S(=O)(=O)[O][Na])cc3cc(S(=O)(=O)[O][Na])c(/N=N/c4ccc(-c5ccc(/N=N/c6ccc(O)c(C(=O)[O][Na])c6)cc5)cc4)c(O)c23)cc1/N=N/c1ccc(S(=O)(=O)[O][Na])cc1,0
Cc1cc(-c2ccc(/N=N/c3c(N)c(C)cc(/N=N/c4ccc(S(=O)(=O)[O][Na])cc4)c3N)c(C)c2)ccc1/N=N/c1ccc(O)c(C(=O)[O][Na])c1,0
Nc1ccc2cc(S(=O)(=O)[O][Na])c(/N=N/c3ccc(C(=O)Nc4ccc(/N=N/c5ccc(O)c(C(=O)[O][Na])c5)cc4)cc3)c(O)c2c1,0
Nc1ccc(/N=N/c2ccc(/N=N/c3ccc(-c4ccc(/N=N\c5ccc(O)c(C(=O)[O][Na])c5)cc4)cc3)c3ccc(S(=O)(=O)[O][Na])cc23)c(N)c1,0
Nc1ccc(/N=N/c2cccc(/N=N/c3cc(/N=N/c4ccc(/N=N/c5ccc(-c6ccc(/N=N\c7ccc(O)c(C(=O)[O][Na])c7)cc6)cc5)c5ccc(S(=O)(=O)[O][Na])cc45)c(N)cc3N)c2)c(N)c1,0
Nc1c(/N=N/c2ccc(/N=N/c3ccc(-c4ccc(/N=N\c5ccc(O)c(C(=O)[O][Na])c5)cc4)cc3)c3ccc(S(=O)(=O)[O][Na])cc23)ccc2c(S(=O)(=O)[O][Na])cccc12,0
Cc1ccc2nc(-c3ccc4nc(-c5ccc(N/N=C6\C(=O)c7cc(Nc8ccccc8)ccc7C=C6S(=O)(=O)[O][Na])cc5)sc4c3)sc2c1S(=O)(=O)[O][Na],0
CC.Cc1cc(/N=N/c2cc3c(cc2S(=O)(=O)[O][Na])C=C(S(=O)(=O)[O][Na])/C(=N/Nc2ccc(S(=O)(=O)[O][Na])c4ccccc24)C3=O)c(N)c(/N=N/c2ccc(-c3ccc(/N=N\c4ccc(O)c(C(=O)[O][Na])c4)cc3)cc2)c1N,0
Cc1cc(N=Nc2ccc(/N=N/c3cc([N+](=O)[O-])c(N)cc3N)c(C)c2)ccc1/N=N/c1cc(S(=O)(=O)[O][Na])c2cccc(S(=O)(=O)[O][Na])c2c1,0
Nc1cc(N)c(/N=N/c2ccc(S(=O)(=O)[O][Na])c3ccccc23)cc1/N=N/c1cccc2ccccc12,0
Nc1cc(N)c(/N=N/c2ccc(S(=O)(=O)[O][Na])c3ccccc23)cc1/N=N/c1ccc(-c2ccc(/N=N/c3cc(/N=N/c4ccc(S(=O)(=O)[O][Na])c5ccccc45)c(N)cc3N)cc2)cc1,0
Nc1cc(N)c(/N=N/c2cc(S(=O)(=O)[O][Na])cc3c2C(=O)/C(=N\Nc2ccc(-c4ccc(/N=N/c5ccc(O)cc5)cc4)cc2)C(S(=O)(=O)[O][Na])=C3)cc1N=Nc1ccc2cc(S(=O)(=O)[O][Na])cc(O)c2c1,0
Nc1cc(N)c(/N=N\c2ccc(S(=O)(=O)[O][Na])c3ccccc23)cc1/N=N\c1cccc(/N=N/c2cc(/N=N/c3ccc(S(=O)(=O)[O][Na])c4ccccc34)c(N)cc2N)c1,0
Nc1ccc2c(c1)C(=O)/C(=N\Nc1ccc(/N=N\c3ccc(-c4ccc(/N=N\c5ccc(O)c(C(=O)[O][Na])c5)cc4)cc3)c3ccc(S(=O)(=O)[O][Na])cc13)C(S(=O)(=O)[O][Na])=C2,0
O=C([O][Na])c1cc(/N=N/c2ccc(-c3ccc(/N=N/c4c(O)ccc(/N=N/c5cccc(S(=O)(=O)[O][Na])c5)c4O)cc3)cc2)ccc1O,0
Nc1ccc(/N=N/c2cc(S(=O)(=O)[O][Na])cc3c2C(=O)/C(=N\Nc2ccc(-c4ccc(/N=N/c5ccc(O)c(C(=O)[O][Na])c5)cc4)cc2)C(S(=O)(=O)[O][Na])=C3)c(N)c1,0
COS(=O)(=O)c1c(C)ccc2nc(-c3ccc4nc(-c5ccc(/N=N/c6cc(C)c(N)cc6N)cc5)sc4c3)sc12,0
O=C([O][Na])c1cc(/N=N/c2ccc(-c3ccc(/N=N\c4ccc(/N=N/c5ccc(O)cc5)c5cc(S(=O)(=O)[O][Na])ccc45)cc3)cc2)ccc1O,0
Nc1ccc(/N=N/c2ccc(-c3ccc(N/N=C4\C(=O)c5cc(N)ccc5C=C4S(=O)(=O)[O][Na])cc3)cc2)c(N)c1,0
Nc1ccc(/N=N/c2ccc3c(c2)C(=O)/C(=N\Nc2ccc(-c4ccc(/N=N/c5ccc(O)c(C(=O)[O][Na])c5)cc4)cc2)C(S(=O)(=O)[O][Na])=C3)c(N)c1,0
COS(=O)(=O)C1=Cc2ccc(Nc3ccccc3)cc2C(=O)/C1=N\Nc1ccc(-c2ccc(/N=N/c3ccc(O)c(C(=O)[O][Na])c3)cc2)cc1,0
O=C([O][Na])c1cc(/N=N/c2ccc(-c3ccc(/N=N/c4ccc(O)c(/N=N/c5ccc(S(=O)(=O)[O][Na])cc5)c4O)cc3)cc2)ccc1O,0
Nc1c(O)cc2cc(S(=O)(=O)[O][Na])ccc2c1/N=N/c1ccc(-c2ccc(/N=N/c3ccc(O)c(C(=O)[O][Na])c3)cc2)cc1,0
Nc1cc(N)c(/N=N/c2ccc(S(=O)(=O)[O][Na])c3ccccc23)cc1/N=N/c1ccc(-c2ccc(/N=N/c3ccc(O)c(C(=O)[O][Na])c3)cc2)cc1,0
Cc1cc(S(=O)(=O)[O][Na])c(N)c(/N=N/c2ccc(/N=N\c3ccc(-c4ccc(/N=N/c5ccc(O)c(C(=O)[O][Na])c5)cc4)cc3)c3ccc(S(=O)(=O)[O][Na])cc23)c1N,0
Nc1ccc(/N=N/c2ccc(/N=N/c3ccc(S(=O)(=O)[O][Na])c4ccc(S(=O)(=O)[O][Na])cc34)c3ccccc23)c(N)c1,0
Cc1cc(/N=N/c2ccc(S(=O)(=O)[O][Na])cc2)c(N)c(/N=N/c2ccc(-c3ccc(N/N=C4\C(=O)c5cc(N)ccc5C=C4S(=O)(=O)[O][Na])cc3)cc2)c1N,0
Nc1ccc2c(c1)C(=O)/C(=N\Nc1ccc(-c3ccc(/N=N/c4cc(/N=N/c5ccc(S(=O)(=O)[O][Na])cc5)c(N)cc4N)cc3)cc1S(=O)(=O)[O][Na])C(S(=O)(=O)[O][Na])=C2,0
Nc1ccc(/N=N/c2ccc3c(c2)C=C(S(=O)(=O)[O][Na])/C(=N/Nc2cc(S(=O)(=O)[O][Na])cc4c2C(=O)/C(=N\Nc2ccc(-c5ccc(/N=N/c6ccc(O)c(C(=O)[O][Na])c6)cc5)cc2)C(S(=O)(=O)[O][Na])=C4)C3=O)c(N)c1,0
O=C([O][Na])c1cc(/N=N\c2ccc(-c3ccc(/N=N/c4ccc(/N=N/c5cc(/N=N/c6cc(S(=O)(=O)[O][Na])cc7c(/N=N/c8ccc(O)c(/N=N/c9ccc(/N=N/c%10ccc(-c%11ccc(/N=N\c%12ccc(O)c(C(=O)[O][Na])c%12)cc%11)cc%10)c%10ccc(S(=O)(=O)[O][Na])cc9%10)c8)cc(S(=O)(=O)[O][Na])cc67)ccc5O)c5cc(S(=O)(=O)[O][Na])ccc45)cc3)cc2)ccc1O,0
Nc1c(/N=N/c2cccc3ccccc23)c(S(=O)(=O)[O][Na])cc2cc(S(=O)(=O)[O][Na])c(/N=N/c3ccc(-c4ccc(/N=N\c5ccc(O)c(C(=O)[O][Na])c5)cc4)cc3)c(O)c12,0
Nc1ccc(/N=N/c2ccc(S(=O)(=O)[O][Na])cc2)c2ccccc12,0
Nc1cc(N)c(/N=N/c2ccc(-c3ccc(/N=N/c4ccc(O)c(C(=O)[O][Na])c4)cc3)cc2)cc1/N=N\c1ccc(S(=O)(=O)[O][Na])cc1S(=O)(=O)[O][Na],0
Nc1ccc(/N=N/c2ccc(-c3ccc(/N=N/c4cc(S(=O)(=O)[O][Na])c5ccccc5c4N)cc3)cc2)c(N)c1,0
Nc1ccc(/N=N/c2ccc3c(c2)C(=O)/C(=N\Nc2ccc(-c4ccc(/N=N/c5ccc(O)cc5)cc4S(=O)(=O)[O][Na])c(S(=O)(=O)[O][Na])c2)C(S(=O)(=O)[O][Na])=C3)c(N)c1,0
O=C([O][Na])c1cc(/N=N/c2ccc(-c3ccc(/N=N/c4c(O)ccc(/N=N/c5cc(S(=O)(=O)[O][Na])ccc5O)c4O)cc3)cc2)ccc1O,0
COc1cc(/N=N/c2ccc(/N=N/c3cc(S(=O)(=O)OC)c4cccc(S(=O)(=O)[O][Na])c4c3)c3ccccc23)c(C)cc1/N=N/c1cc([N+](=O)[O-])c(N)cc1N.[Na],0
Nc1c(/N=N/c2ccc(-c3ccc(/N=N/c4ccc(O)cc4)cc3)cc2)c(S(=O)(=O)[O][Na])cc2c1C(=O)/C(=N\Nc1ccccc1)C(S(=O)(=O)[O][Na])=C2,0
Nc1c(/N=N/c2ccccc2Cl)c(S(=O)(=O)[O][Na])cc2c1C(=O)/C(=N\Nc1ccc(-c3ccc(/N=N\c4ccc(O)cc4)cc3)cc1)C(S(=O)(=O)[O][Na])=C2,0
CCOc1cc(/N=N/C2C=c3c(S(=O)(=O)[O][Na])cccc3=CC2)c2ccccc2c1N/N=C1/C=C(S(=O)(=O)[O][Na])c2cccc(O)c2C1=O,0
Nc1c(/N=N/c2cc(Cl)ccc2Cl)c(S(=O)(=O)[O][Na])cc2c1C(=O)/C(=N\Nc1ccc(-c3ccc(/N=N\c4ccc(O)cc4)cc3)cc1)C(S(=O)(=O)[O][Na])=C2,0
CCOc1cc(/N=N/c2ccc(-c3ccccc3)cc2S(=O)(=O)[O][Na])c2cc(S(=O)(=O)[O][Na])ccc2c1N/N=C1\C(=O)c2c(cccc2NC(=O)c2ccccc2)C=C1S(=O)(=O)[O][Na],0
Nc1c(/N=N/c2ccc(-c3ccc(/N=N/c4ccc(O)cc4)cc3)cc2)c(S(=O)(=O)[O][Na])cc2c1C(=O)/C(=N\Nc1cccc3ccccc13)C(S(=O)(=O)[O][Na])=C2,0
Cc1cc(-c2ccc(N/N=C3/C=Cc4c(S(=O)(=O)[O][Na])cc(/N=N/c5cc(S(=O)(=O)[O][Na])ccc5S(=O)(=O)[O][Na])c(N)c4C3=O)c(C)c2)ccc1/N=N\c1ccc(O)c(C(=O)[O][Na])c1,0
Nc1c(S(=O)(=O)[O][Na])cc(S(=O)(=O)[O][Na])c2c1C(=O)/C(=N\Nc1ccc(/N=N/c3ccc(-c4ccc(/N=N\c5ccc(O)c(C(=O)[O][Na])c5)cc4)cc3)c3cc(S(=O)(=O)[O][Na])ccc13)C=C2,0
Nc1c(S(=O)(=O)[O][Na])cc(S(=O)(=O)[O][Na])c2c1C(=O)/C(=N\Nc1ccc(-c3ccc(/N=N/c4ccc(O)c(C(=O)[O][Na])c4)cc3)cc1)C=C2,0
O=C([O][Na])c1cc(/N=N\c2ccc(-c3ccc(/N=N/c4ccc(N/N=C5/C=C(S(=O)(=O)[O][Na])c6cccc(O)c6C5=O)c5cc(S(=O)(=O)[O][Na])ccc45)cc3)cc2)ccc1O,0
CCOc1cc(/N=N/c2ccc(/C=C/c3ccc(/N=N\c4ccc(OC)cc4)cc3S(=O)(=O)[O][Na])c(S(=O)(=O)[O][Na])c2)c2cc(S(=O)(=O)[O][Na])ccc2c1NN=C1C=Cc2c(S(=O)(=O)[O][Na])ccc(NC(C)=O)c2C1=O,0
COc1ccc(/N=N\c2ccc(/C=C/c3ccc(/N=N/c4cc(OCCO)c(NN=C5C=Cc6c(S(=O)(=O)[O][Na])ccc(NC(C)=O)c6C5=O)c5ccc(S(=O)(=O)[O][Na])cc45)cc3S(=O)(=O)[O][Na])c(S(=O)(=O)[O][Na])c2)cc1,0
COc1cc(/N=N/c2cc(S(=O)(=O)[O][Na])cc3cc(S(=O)(=O)[O][Na])cc(O)c23)c(C)cc1N/N=C1\C(=O)c2c(cc(S(=O)(=O)[O][Na])cc2Nc2nc(Nc3ccccc3)nc(Nc3ccc(/N=N/c4ccc(C(=O)[O][Na])c(O)c4)cc3)n2)C=C1S(=O)(=O)[O][Na],0
Nc1c(S(=O)(=O)[O][Na])cc(Nc2ccc(Nc3nc(Nc4ccccc4)nc(Nc4ccc(/N=N/c5ccc(O)c(C(=O)[O][Na])c5)cc4)n3)c(S(=O)(=O)[O][Na])c2)c2c1C(=O)c1ccccc1C2=O,0
CCOc1cc(/N=N/c2ccc(NC(=O)c3ccc(/N=N\c4ccc(O)c(C(=O)[O][Na])c4)cc3)cc2)c2cc(S(=O)(=O)[O][Na])ccc2c1N/N=C1\C(=O)c2c(cc(S(=O)(=O)[O][Na])cc2NC(C)=O)C=C1S(=O)(=O)[O][Na],0
CCOc1cc(/N=N/c2cc(C)c(/N=N/c3ccc4cccc(S(=O)(=O)[O][Na])c4c3)c(C)c2)c2cc(S(=O)(=O)[O][Na])ccc2c1N/N=C1\C(=O)c2c(cc(S(=O)(=O)[O][Na])cc2NC(C)=O)C=C1S(=O)(=O)[O][Na],0
CCOc1cc(/N=N\c2ccc(/C=C/c3ccc(-n4nc5cc(S(=O)(=O)[O][Na])c6ccccc6c5n4)cc3S(=O)(=O)[O][Na])c(S(=O)(=O)[O][Na])c2)c2cc(S(=O)(=O)[O][Na])ccc2c1N/N=C1\C(=O)c2ccc(Nc3ccccc3)cc2C=C1S(=O)(=O)[O][Na],0
CCOc1cc(/N=N/c2ccc(/C=C/c3ccc(/N=N\c4ccc(OC)cc4)cc3S(=O)(=O)[O][Na])c(S(=O)(=O)[O][Na])c2)c2cc(S(=O)(=O)[O][Na])ccc2c1N/N=C1\C(=O)c2ccc(Nc3cccc(C(=O)[O][Na])c3)cc2C=C1S(=O)(=O)[O][Na],0
COc1ccc(/N=N\c2ccc(/C=C/c3ccc(/N=N/c4cc(OCCO)c(N/N=C5\C(=O)c6ccc(Nc7cccc(C(=O)[O][Na])c7)cc6C=C5S(=O)(=O)[O][Na])c5ccc(S(=O)(=O)[O][Na])cc45)cc3S(=O)(=O)[O][Na])c(S(=O)(=O)[O][Na])c2)cc1,0
CCOc1cc(/N=N/c2cc(Cl)c(S(=O)(=O)[O][Na])cc2Cl)c2cc(S(=O)(=O)[O][Na])ccc2c1N/N=C1\C(=O)c2ccc(NC(=O)c3ccc(N)cc3)cc2C=C1S(=O)(=O)[O][Na],0
Nc1ccc(N/N=C2/C=Cc3c(S(=O)(=O)[O][Na])cc(/N=N/c4ccc(-c5ccc(/N=N/c6ccc(O)c(C(=O)[O][Na])c6)cc5)cc4)c(N)c3C2=O)cc1,0
Nc1ccc(C(=O)Nc2ccc3c(c2)C=C(S(=O)(=O)[O][Na])/C(=N/Nc2ccc(/N=N/c4ccc5c(S(=O)(=O)[O][Na])cccc5c4)c4c(O)cc(S(=O)(=O)[O][Na])cc24)C3=O)cc1,0
Cc1[nH]c2ccccc2c1/N=N/c1ccc2c(c1)C(=O)/C(=N\Nc1ccc(/N=N/c3ccc(N)c4ccc(S(=O)(=O)[O][Na])cc34)c3cc(S(=O)(=O)[O][Na])ccc13)C(S(=O)(=O)[O][Na])=C2,0
CCOc1cc(/N=N/c2c(C)cc(S(=O)(=O)[O][Na])cc2Cl)c2cc(S(=O)(=O)[O][Na])ccc2c1N/N=C1\C(=O)c2c(cc(S(=O)(=O)[O][Na])cc2NC(=O)c2ccc(N)cc2)C=C1S(=O)(=O)[O][Na],0
CCOc1cc(/N=N/c2ccc(N)cc2S(=O)(=O)[O][Na])c2cc(S(=O)(=O)[O][Na])ccc2c1N/N=C1\C(=O)c2ccc(NC(=O)c3ccc(N/N=C4\C(=O)N(c5ccccc5)N=C4C)cc3)cc2C=C1S(=O)(=O)[O][Na],0
CCOc1cc(/N=N/c2ccc(/N=N\c3cccc(S(=O)(=O)[O][Na])c3)c3ccc(S(=O)(=O)[O][Na])cc23)c2cc(S(=O)(=O)[O][Na])ccc2c1N/N=C1\C(=O)c2ccc(NC(=O)c3cccc(N)c3)cc2C=C1S(=O)(=O)[O][Na],0
Nc1c(/N=N\c2ccc(NC(=O)Nc3ccc(/N=N/c4cc(S(=O)(=O)[O][Na])c5cc(S(=O)(=O)[O][Na])cc(O)c5c4N)cc3)cc2)cc(S(=O)(=O)[O][Na])c2cc(S(=O)(=O)[O][Na])cc(O)c12,0
COc1cc(-c2ccc(N/N=C3/C=Cc4c(S(=O)(=O)[O][Na])ccc(N)c4C3=O)c(OC)c2)ccc1/N=N/c1ccc(O)cc1,0
Nc1ccc(/N=N/c2cc(S(=O)(=O)[O][Na])c3c(c2N)C(=O)/C(=N\Nc2ccc(-c4ccc(/N=N/c5ccc(O)cc5)cc4)cc2)C(S(=O)(=O)[O][Na])=C3)cc1,0
COc1cc(/N=N/c2cc(C(=O)[O][Na])c(O)c(S(=O)(=O)[O][Na])c2)c(C)cc1N/N=C1\C(=O)c2c(cc(S(=O)(=O)[O][Na])cc2Nc2nc(Nc3ccccc3)nc(Nc3ccc(/N=N/c4ccc(C(=O)[O][Na])c(O)c4)cc3)n2)C=C1S(=O)(=O)[O][Na],0
Nc1c(/N=N/c2ccc([N+](=O)[O-])cc2)c(S(=O)(=O)[O][Na])cc2c1C(=O)/C(=N\Nc1ccc(-c3ccc(/N=N\c4ccc(O)cc4)cc3)cc1)C(S(=O)(=O)[O][Na])=C2,0
Nc1c(/N=N/c2ccc(-c3ccc(/N=N/c4ccc(O)c(C(=O)[O][Na])c4)cc3)cc2)cc(S(=O)(=O)[O][Na])c2cc(S(=O)(=O)[O][Na])cc(O)c12,0
Cc1cc(/N=N\c2ccc(-c3ccc(N/N=C4\C(=O)c5c(cc(S(=O)(=O)[O][Na])c(/N=N/c6cc(Cl)ccc6Cl)c5N)C=C4S(=O)(=O)[O][Na])cc3)cc2)ccc1O,0
Nc1c(/N=N/c2ccc([N+](=O)[O-])cc2)c(S(=O)(=O)[O][Na])cc2c1C(=O)/C(=N\Nc1ccc(-c3ccc(/N=N\c4ccc(O)c(C(=O)[O][Na])c4)cc3)cc1)C(S(=O)(=O)[O][Na])=C2,0
Cc1cc(-c2ccc(/N=N/c3c(S(=O)(=O)[O][Na])cc4c(c3N)C(=O)/C(=N\Nc3ccccc3)C(S(=O)(=O)[O][Na])=C4)c(C)c2)ccc1/N=N/c1ccc(O)cc1,0
Nc1c(/N=N/c2ccc([N+](=O)[O-])cc2)c(S(=O)(=O)[O][Na])cc2cc(S(=O)(=O)[O][Na])c(/N=N/c3ccc(C(=O)Nc4ccc(/N=N\c5ccc(O)cc5)cc4)cc3)c(O)c12,0
Nc1c(/N=N/c2ccccc2[N+](=O)[O-])c(S(=O)(=O)[O][Na])cc2c1C(=O)/C(=N\Nc1ccc(-c3ccc(/N=N/c4ccc(O)c(C(=O)[O][Na])c4)cc3)cc1)C(S(=O)(=O)[O][Na])=C2,0
O=C([O][Na])c1cc(/N=N/c2ccc(-c3ccc(/N=N/c4c(C(=O)[O][Na])nn(-c5ccc(S(=O)(=O)[O][Na])cc5)c4O)cc3)cc2)ccc1O,0
Cc1cc(-c2ccc(/N=N/c3c(N)c(C)cc(S(=O)(=O)[O][Na])c3N)c(C)c2)ccc1/N=N/c1c(N)c(C)cc(S(=O)(=O)[O][Na])c1N,0
CCOc1ccc(/N=N/c2ccc(-c3ccc(/N=N/c4c(N)c(S(=O)(=O)[O][Na])cc5cc(S(=O)(=O)[O][Na])ccc45)cc3)cc2)cc1,0
O=C(Nc1ccc2c(c1)C=C(S(=O)(=O)[O][Na])/C(=N/Nc1ccccc1)C2=O)Nc1ccc2c(c1)C=C(S(=O)(=O)[O][Na])/C(=N/Nc1ccc(C(=O)[O][Na])cc1)C2=O,0
O=C([O][Na])c1cc(/N=N/c2ccc(/N=N/c3ccc(S(=O)(=O)[O][Na])c(C(=O)[O][Na])c3O)cc2)ccc1O,0
Cc1ccccc1N/N=C1/C=Cc2cc(NC(=O)Nc3ccc4c(c3)C=C(S(=O)(=O)[O][Na])/C(=N/Nc3ccc(S(=O)(=O)[O][Na])cc3)C4=O)ccc2C1=O,0
Cc1ccc(N/N=C2\C(=O)c3ccc(NC(=O)Nc4ccc5c(c4)C=C(S(=O)(=O)[O][Na])/C(=N/Nc4ccc(C)cc4S(=O)(=O)[O][Na])C5=O)cc3C=C2S(=O)(=O)[O][Na])c(S(=O)(=O)[O][Na])c1,0
CCOc1ccc(/N=N/c2ccc(-c3ccc(/N=N/c4c(N)c(S(=O)(=O)[O][Na])cc5cc(S(=O)(=O)[O][Na])ccc45)c(C)c3)cc2C)cc1,0
Cc1ccc2nc(-c3ccc(/N=N/c4c(C(=O)[O][Na])nn(-c5ccc(S(=O)(=O)[O][Na])cc5)c4O)cc3)sc2c1S(=O)(=O)[O][Na],0
Cc1ccc2nc(-c3ccc(/N=N/c4ccc(O)c(/N=N/c5ccccc5)c4O)cc3)sc2c1S(=O)(=O)[O][Na],0
Cc1ccc2nc(-c3ccc4nc(-c5ccc(/N=N/c6ccc(O)c(/N=N/c7ccccc7)c6O)cc5)sc4c3)sc2c1S(=O)(=O)[O][Na],0
Cc1ccc2nc(-c3ccc4nc(-c5ccc(/N=N\c6c(O)ccc(/N=N/c7ccc(-c8nc9ccc(-c%10nc%11ccc(C)c(S(=O)(=O)[O][Na])c%11s%10)cc9s8)cc7)c6O)cc5)sc4c3)sc2c1S(=O)(=O)[O][Na],0
Cc1nn(-c2ccc3c(S(=O)(=O)[O][Na])cc(S(=O)(=O)[O][Na])cc3c2)c(O)c1/N=N/c1ccc(-c2ccc(/N=N\c3ccc(O)c(C(=O)[O][Na])c3)cc2)cc1,0
Cc1nn(-c2cccc(S(=O)(=O)[O][Na])c2)c(O)c1/N=N/c1ccc(-c2ccc(/N=N\c3ccc(O)c(C(=O)[O][Na])c3)cc2)cc1,0
Cc1ccc2nc(-c3ccc4nc(-c5ccc(/N=N/c6c(N)c(/N=N/c7cccc(S(=O)(=O)[O][Na])c7)cc(S(=O)(=O)[O][Na])c6N)cc5)sc4c3)sc2c1S(=O)(=O)[O][Na],0
Cc1cc(/N=N/c2ccc(-c3ccc(/N=N/c4cc(S(=O)(=O)[O][Na])c5ccccc5c4N)cc3)cc2)ccc1O,0
O=C(Nc1ccc2c(c1)C=C(S(=O)(=O)[O][Na])/C(=N/Nc1ccccc1)C2=O)Nc1ccc2c(c1)C=C(S(=O)(=O)[O][Na])/C(=N/Nc1ccccc1)C2=O,0
O=C(Nc1ccc2c(c1)C=C(S(=O)(=O)[O][Na])/C(=N/Nc1ccccc1)C2=O)Nc1ccc2c(c1)C=C(S(=O)(=O)[O][Na])/C(=N/Nc1cccc(C(=O)[O][Na])c1)C2=O,0
Nc1cc(N)c([N+](=O)[O-])cc1/N=N/c1ccc(C(=O)Nc2ccc3c(c2)C=C(S(=O)(=O)[O][Na])/C(=N/Nc2ccc(S(=O)(=O)[O][Na])cc2)C3=O)cc1,0
CC1=NN(c2ccc(S(=O)(=O)[O][Na])cc2)C(=O)/C1=N\Nc1ccc(-c2ccc(/N=N/c3cc(C)c(O)c(C(=O)[O][Na])c3)c(C)c2)cc1C,0
CC1=NN(c2ccc(S(=O)(=O)[O][Na])cc2)C(=O)/C1=N\Nc1ccc(-c2ccc(/N=N/c3ccc(O)c(C(=O)[O][Na])c3)c(C)c2)cc1C,0
Cc1nn(-c2cc(S(=O)(=O)[O][Na])c3cccc(S(=O)(=O)[O][Na])c3c2)c(O)c1/N=N/c1ccc(-c2ccc(/N=N/c3ccc(O)c(C(=O)[O][Na])c3)cc2)cc1,0
Cc1cc(N)ccc1/N=N/c1ccc(S(=O)(=O)[O][Na])cc1,0
Nc1ccc(/N=N/c2ccc(S(=O)(=O)[O][Na])cc2)cc1,0
Cc1cc(/N=N/c2cccc(S(=O)(=O)[O][Na])c2)c(C)cc1N,0
Cc1cc(/N=N/c2ccc(S(=O)(=O)[O][Na])cc2)c(C)cc1N,0
COc1cc(/N=N/c2cccc(S(=O)(=O)[O][Na])c2)c(C)cc1N,0
COc1cc(/N=N/c2ccc(S(=O)(=O)[O][Na])cc2)c(C)cc1N,0
Nc1cc(N)c([N+](=O)[O-])cc1/N=N/c1ccc(-c2ccc(/N=N/c3cc([N+](=O)[O-])c(N)cc3N)c(S(=O)(=O)[O][Na])c2)cc1S(=O)(=O)[O][Na],0
COc1ccc(/N=N/c2cc(C)c(N)cc2C)cc1S(=O)(=O)[O][Na],0
COc1cc(/N=N/c2cc(S(=O)(=O)[O][Na])cc3ccc(S(=O)(=O)[O][Na])cc23)c(C)cc1NC(=O)Nc1cc(C)c(/N=N/c2cc(S(=O)(=O)[O][Na])cc3ccc(S(=O)(=O)[O][Na])cc23)cc1OC,0
O=C([O][Na])C1=NN(c2ccccc2)C(O)C1/N=N/c1ccc(C(=O)Nc2ccc3c(O)c(/N=N/c4ccccc4)c(S(=O)(=O)[O][Na])cc3c2)cc1,0
Cc1cc(-c2ccc(/N=N/c3cc(S(=O)(=O)[O][Na])c(N)cc3N)c(C)c2)ccc1/N=N/c1cc(C)c(O)c(C(=O)[O][Na])c1,0
Cc1cc(-c2ccc(/N=N/c3c(N)c(C)cc(S(=O)(=O)[O][Na])c3N)c(C)c2)ccc1/N=N/c1ccc(O)c(C(=O)[O][Na])c1,0
Nc1ccc(/N=N/c2cccc(S(=O)(=O)[O][Na])c2)cc1,0
COc1ccc(/N=N/c2ccc(/C=C/c3ccc(N)cc3S(=O)(=O)[O][Na])c(S(=O)(=O)[O][Na])c2)cc1,0
COc1cc(/N=N/c2ccc(S(=O)(=O)[O][Na])c3ccc(S(=O)(=O)[O][Na])cc23)c(C)cc1NC(=O)Nc1cc(C)c(/N=N/c2ccc(S(=O)(=O)[O][Na])c3ccc(S(=O)(=O)[O][Na])cc23)cc1OC,0
Cc1cc(-c2ccc(/N=N/c3c(N)c(C)cc(S(=O)(=O)[O][Na])c3N)c(C)c2)ccc1/N=N/c1cc(C)c(O)c(C(=O)[O][Na])c1,0
COc1cc(/N=N/c2cccc(S(=O)(=O)[O][Na])c2)ccc1N,0
Nc1ccc(/N=N/c2ccc(C(=O)[O][Na])cc2)cc1,0
COc1cc(/N=N/c2ccc3cc(S(=O)(=O)[O][Na])cc(S(=O)(=O)[O][Na])c3c2)c(C)cc1NC(=O)Nc1cc(C)c(/N=N/c2ccc3cc(S(=O)(=O)[O][Na])cc(S(=O)(=O)[O][Na])c3c2)cc1OC,0
Nc1cccc(N2N=C(C(=O)[O][Na])/C(=N/Nc3cccc(NC(=O)c4cccc(N/N=C5\C(=O)N(c6cccc(N)c6)N=C5C(=O)[O][Na])c4)c3)C2=O)c1,0
Cc1cc(NC(=O)c2ccc(N/N=C3\C(=O)c4ccc(NC(=O)c5ccc(N)cc5)cc4C=C3S(=O)(=O)[O][Na])cc2)ccc1/N=N/c1ccc2cc(S(=O)(=O)[O][Na])cc(S(=O)(=O)[O][Na])c2c1,0
Nc1cccc(C(=O)Nc2cccc(C(=O)Nc3ccc4c(c3)C=C(S(=O)(=O)[O][Na])/C(=N/Nc3ccccc3)C4=O)c2)c1,0
Nc1c(/N=N/c2ccc(-c3ccc(/N=N/c4ccc(O)c(C(=O)[O][Na])c4)cc3)cc2)cc(S(=O)(=O)[O][Na])c2ccccc12,0
Cc1cc(/N=N/c2ccc(-c3ccc(/N=N/c4cc(S(=O)(=O)[O][Na])c5ccccc5c4N)cc3)cc2)cc(C(=O)[O][Na])c1O,0
Cc1c(S(=O)(=O)[O][Na])ccc2nc(-c3ccc(/N=N/c4ccc(O)c(/N=N/c5ccccc5)c4O)cc3)sc12,0
COc1cc(/N=N/c2cc(S(=O)(=O)[O][Na])cc(NC(=O)c3cccc(N)c3)c2C)c(C)cc1NC(=O)Nc1cc(C)c(/N=N/c2cc(S(=O)(=O)[O][Na])cc(NC(=O)c3cccc(N)c3)c2C)cc1OC,0
CC1=NN(c2ccc(-c3nc4ccc(C)c(S(=O)(=O)[O][Na])c4s3)cc2)C(=O)/C1=N\Nc1ccc(NC(=O)c2cccc(N)c2)cc1S(=O)(=O)[O][Na],0
Nc1cccc(N2N=C(C(=O)[O][Na])/C(=N/Nc3ccc(C(=O)Nc4ccc(NC(=O)Nc5ccc(NC(=O)c6ccc(N/N=C7\C(=O)N(c8cccc(N)c8)N=C7C(=O)[O][Na])cc6)c(S(=O)(=O)[O][Na])c5)cc4S(=O)(=O)[O][Na])cc3)C2=O)c1,0
Nc1cccc(N2N=C(C(=O)[O][Na])/C(=N/Nc3ccc(C(=O)Nc4ccc5c(c4)C=C(S(=O)(=O)[O][Na])/C(=N/Nc4ccccc4)C5=O)cc3)C2=O)c1,0
Cc1cc(/N=N/c2ccc(Oc3ccc(/N=N/c4cc(C)c(N)cc4O)cc3S(=O)(=O)[O][Na])cc2)c(O)cc1N,0
O=C([O][Na])c1cc(/N=N\c2ccc(Nc3nc(Nc4ccc(/N=N/c5ccc(O)c(C(=O)[O][Na])c5)cc4)nc(Nc4ccc5c(O)c(/N=N/c6ccccc6C(=O)[O][Na])c(S(=O)(=O)[O][Na])cc5c4)n3)cc2)ccc1O,0
CC1=NN(c2cccc(S(=O)(=O)[O][Na])c2)C(=O)/C1=N\Nc1ccc(NC(=O)Nc2ccc(N/N=C(\C(=O)Nc3ccccc3)C(C)O)c(C(=O)[O][Na])c2)cc1C(=O)[O][Na],0
Nc1ccc2cc(C(=O)[O][Na])cc(O)c2c1/N=N/c1ccc(-c2ccc(/N=N/c3ccc(O)c(C(=O)[O][Na])c3)cc2)cc1,0
Nc1c(/N=N/c2ccc(-c3ccc(/N=N/c4cc(S(=O)(=O)[O][Na])c5ccccc5c4O)cc3)cc2)cc(S(=O)(=O)[O][Na])c2ccccc12,0
Nc1c(S(=O)(=O)[O][Na])cc2cc(S(=O)(=O)[O][Na])cc(O)c2c1/N=N/c1ccc(NC(=O)Nc2ccc(/N=N/c3c(N)c(S(=O)(=O)[O][Na])cc4cc(S(=O)(=O)[O][Na])cc(O)c34)cc2)cc1,0
Nc1cc(N)c([N+](=O)[O-])cc1/N=N/c1ccc(/N=N/c2ccc(/N=N/c3cc(S(=O)(=O)[O][Na])ccc3S(=O)(=O)[O][Na])c3ccccc23)c2ccc(S(=O)(=O)[O][Na])cc12,0
Cc1cc(S(=O)(=O)[O][Na])cc(Cl)c1/N=N/c1ccc(N/N=C2\C(=O)c3ccc(NC(=O)C4CCCCC4)cc3C=C2S(=O)(=O)[O][Na])cc1,0
Cc1ccc(/N=N/c2c(S(=O)(=O)[O][Na])cc3cc(S(=O)(=O)[O][Na])cc(Nc4nc(Cl)nc(Cc5ccc(-c6nc7ccc(C)cc7s6)cc5)n4)c3c2O)cc1,0
CC(=O)Nc1ccc(NC(=O)Nc2ccc3c(c2)C=C(S(=O)(=O)[O][Na])/C(=N/Nc2ccc(/N=N/c4c(Cl)cc(Cl)cc4S(=O)(=O)[O][Na])c(C)c2)C3=O)cc1,0
CC(=O)Nc1ccc(NC(=O)Nc2ccc3c(c2)C=C(S(=O)(=O)[O][Na])/C(=N/Nc2ccc(-c4nc5ccc(C)c(S(=O)(=O)[O][Na])c5s4)cc2S(=O)(=O)[O][Na])C3=O)cc1,0
Nc1ccc(C(=O)Nc2ccc3c(c2)C=C(S(=O)(=O)[O][Na])/C(=N/Nc2ccc(/N=N/c4ccc(S(=O)(=O)[O][Na])cc4)cc2)C3=O)cc1,0
Nc1cccc(C(=O)Nc2ccc3c(c2)C=C(S(=O)(=O)[O][Na])/C(=N/Nc2ccccc2)C3=O)c1,0
Cc1ccccc1N/N=C1\C(=O)c2ccc3nc(-c4ccc(N)cc4)sc3c2C=C1S(=O)(=O)[O][Na],0
Nc1ccc2c(c1)C=C(S(=O)(=O)[O][Na])/C(=N/Nc1cccc(NC(=O)Nc3cccc(N/N=C4\C(=O)c5ccc(N)cc5C=C4S(=O)(=O)[O][Na])c3)c1)C2=O,0
Cc1cc(N/N=C2\C(=O)c3ccc(NC(=O)c4ccc(N)cc4)cc3C=C2S(=O)(=O)[O][Na])ccc1/N=N/c1cccc(S(=O)(=O)[O][Na])c1,0
Nc1cccc(N/N=C2\C(=O)c3ccc(NC(=O)Nc4ccc5c(c4)C=C(S(=O)(=O)[O][Na])/C(=N/Nc4cccc(N)c4)C5=O)cc3C=C2S(=O)(=O)[O][Na])c1,0
COc1ccccc1N/N=C1\C(=O)c2ccc(NC(=O)c3ccc(N)cc3)cc2C=C1S(=O)(=O)[O][Na],0
Cc1ccc(N/N=C2\C(=O)c3ccc(NC(=O)c4cccc(N)c4)cc3C=C2S(=O)(=O)[O][Na])c(C)c1,0
Cc1cc(S(=O)(=O)[O][Na])ccc1/N=N/c1ccc(N/N=C2\C(=O)c3ccc(NC(=O)c4cccc(N)c4)cc3C=C2S(=O)(=O)[O][Na])c(C)c1,0
Cc1cc(S(=O)(=O)[O][Na])ccc1/N=N/c1ccc(N/N=C2\C(=O)c3ccc(NC(=O)c4ccc(N)cc4)cc3C=C2S(=O)(=O)[O][Na])c(C)c1,0
Nc1ccc2cc(S(=O)(=O)[O][Na])cc(O)c2c1/N=N/c1ccc(-c2ccc(/N=N/c3cc(S(=O)(=O)[O][Na])c4ccccc4c3N)cc2)cc1,0
Cc1cc(C(=O)Nc2ccc3c(c2)C=C(S(=O)(=O)[O][Na])/C(=N/Nc2ccc(/N=N/c4cc(S(=O)(=O)[O][Na])c5cccc(S(=O)(=O)[O][Na])c5c4)c(C)c2)C3=O)ccc1N,0
COC(=O)c1cccc(/N=N/c2c(S(=O)(=O)[O][Na])cc3cc(NC(=O)Nc4ccc5c(O)c(/N=N/c6ccccc6C(C)=O)c(S(=O)(=O)[O][Na])cc5c4)ccc3c2O)c1,0
Nc1ccc(C(=O)Nc2ccc3c(c2)C=C(S(=O)(=O)[O][Na])/C(=N/Nc2ccc(C(=O)Nc4ccc(N/N=C5\C(=O)N(c6ccccc6)N=C5C(=O)[O][Na])cc4)cc2)C3=O)cc1,0
Cc1ccccc1N/N=C1\C(=O)c2ccc3nc(-c4cccc(N)c4)[nH]c3c2C=C1S(=O)(=O)[O][Na],0
Cc1cc(C(=O)Nc2ccc3c(c2)C=C(S(=O)(=O)[O][Na])/C(=N/Nc2ccc(C(=O)Nc4ccc(O)c(C(=O)[O][Na])c4)cc2C)C3=O)ccc1N,0
Nc1ccc(C(=O)Nc2ccc3c(c2)C=C(S(=O)(=O)[O][Na])/C(=N/Nc2ccc(C(=O)Nc4ccc(O)c(C(=O)[O][Na])c4)cc2)C3=O)cc1,0
Nc1ccc(C(=O)Nc2ccc3c(c2)C=C(S(=O)(=O)[O][Na])/C(=N/Nc2ccc(NC(=O)c4ccc(N)cc4)cc2S(=O)(=O)[O][Na])C3=O)cc1,0
Nc1ccc2c(c1)C=C(S(=O)(=O)[O][Na])/C(=N/Nc1cccc(/N=N/c3cccc(N/N=C4\C(=O)c5ccc(N)cc5C=C4S(=O)(=O)[O][Na])c3)c1)C2=O,0
Nc1cccc(N/N=C2\C(=O)c3ccc(Nc4ccc5c(c4)C=C(S(=O)(=O)[O][Na])/C(=N/Nc4cccc(N)c4)C5=O)cc3C=C2S(=O)(=O)[O][Na])c1,0
Cc1cc(-c2ccc(/N=N/c3c(N)c(S(=O)(=O)[O][Na])cc4cc(S(=O)(=O)[O][Na])cc(O)c34)c(C)c2)ccc1/N=N/c1cc(S(=O)(=O)[O][Na])c2ccccc2c1N,0
Cc1cc(NC(=O)c2cc(S(=O)(=O)[O][Na])c3cccc(S(=O)(=O)[O][Na])c3c2)cc(C)c1N/N=C1\C(=O)c2ccc(NC(=O)c3ccc(N)cc3)cc2C=C1S(=O)(=O)[O][Na],0
Nc1ccc(C(=O)Nc2cccc(C(=O)Nc3ccc4c(c3)C=C(S(=O)(=O)[O][Na])/C(=N/Nc3ccc(/N=N\c5ccc(S(=O)(=O)[O][Na])cc5)cc3)C4=O)c2)cc1,0
Nc1cccc(C(=O)Nc2ccc3c(c2)C=C(S(=O)(=O)[O][Na])/C(=N/Nc2ccc(/N=N/c4ccc(S(=O)(=O)[O][Na])cc4)cc2)C3=O)c1,0
Nc1ccc(C(=O)Nc2ccc3c(c2)C=C(S(=O)(=O)[O][Na])/C(=N/Nc2ccc(NC(=O)c4ccc(/N=N\c5ccc(O)c(C(=O)[O][Na])c5)cc4)cc2)C3=O)cc1,0
Nc1ccc(C(=O)Nc2ccc3c(c2)C=C(S(=O)(=O)[O][Na])/C(=N/Nc2ccc(C(=O)Nc4ccc(/N=N/c5ccc(O)c(C(=O)[O][Na])c5)cc4)cc2)C3=O)cc1,0
Nc1ccc2c(c1)C=C(S(=O)(=O)[O][Na])/C(=N/Nc1ccc3c(c1)C=C(S(=O)(=O)[O][Na])/C(=N/Nc1ccccc1)C3=O)C2=O,0
Cc1ccc(N/N=C2\C(=O)c3ccc4nc(-c5cccc(N)c5)sc4c3C=C2S(=O)(=O)[O][Na])c(C)c1,0
Nc1ccc2c(O)cc(S(=O)(=O)[O][Na])cc2c1/N=N/c1cccc(/N=N/c2cccc(/N=N/c3c(N)ccc4c(O)cc(S(=O)(=O)[O][Na])cc34)c2)c1,0
Nc1c(/N=N/c2ccc(-c3ccc(N/N=C4\C(=O)C=Cc5cccc(S(=O)(=O)[O][Na])c54)cc3)cc2)cc(S(=O)(=O)[O][Na])c2ccccc12,0
CC1=NN(c2ccc(NC(=O)Nc3ccc(N4N=C(C)/C(=N\Nc5c(O)cc(S(=O)(=O)[O][Na])c6cc([N+](=O)[O-])ccc56)C4=O)cc3)cc2)C(=O)/C1=N\Nc1c(O)cc(S(=O)(=O)[O][Na])c2cc([N+](=O)[O-])ccc12,0
O=C(COc1ccc(Cl)cc1N/N=C1\C(=O)c2ccc(NC(=O)c3ccc(/N=N/c4ccc(O)c5ncccc45)cc3)cc2C=C1S(=O)(=O)[O][Na])[O][Na],0
O=C(Nc1ccc2c(c1)C=C(S(=O)(=O)[O][Na])/C(=N/Nc1cc([N+](=O)[O-])ccc1O)C2=O)Nc1ccc2c(c1)C=C(S(=O)(=O)[O][Na])/C(=N/Nc1cc([N+](=O)[O-])ccc1O)C2=O,0
O=C1C(S(=O)(=O)[O][Na])=Cc2cc(S(=O)(=O)[O][Na])ccc2/C1=N/Nc1ccc(-c2ccc(/N=N/c3ccc(O)c(C(=O)[O][Na])c3)cc2)cc1,0
Cc1nn(-c2ccccc2)c(N)c1/N=N/c1ccc(-c2ccc(/N=N/c3c(C)nn(-c4ccccc4)c3N)c(OCC(=O)[O][Na])c2)cc1OCC(=O)[O][Na],0
NS(=O)(=O)c1ccc(O)c(/C=N/c2c(S(=O)(=O)[O][Na])cc3c(c2O)C=C/C(=N/c2nc(Nc4ccccc4)nc(Nc4ccc(/N=N\c5ccc(O)c(C(=O)[O][Na])c5)cc4)n2)C3=O)c1,0
Nc1ccc(/N=N/c2ccc3c(c2)C=C(S(=O)(=O)[O][Na])/C(=N/Nc2ccccc2C(=O)[O][Na])C3=O)cc1C(=O)[O][Na],0
COc1cc(/N=N/c2cc(C(=O)[O][Na])c(O)c(S(=O)(=O)[O][Na])c2)c(C)cc1N,0
C=C(Nc1ccc2c(c1)C=C(S(=O)(=O)[O][Na])/C(=N/Nc1cc(C)c(/N=N/c3ccc(S(=O)(=O)[O][Na])cc3)cc1C)C2=O)Nc1ccc2c(O)cc(S(=O)(=O)[O][Na])cc2c1,0
Cc1cc(S(=O)(=O)[O][Na])ccc1N/N=C1\C(=O)c2ccc(NC(=O)Nc3ccc4c(O)cc(S(=O)(=O)[O][Na])cc4c3)cc2C=C1S(=O)(=O)[O][Na],0
Cc1cc(N/N=C2\C(=O)c3ccc(NC(=O)Nc4ccc5c(c4)C=C(S(=O)(=O)[O][Na])/C(=N/Nc4ccc(/N=N/c6c(Cl)cc(Cl)cc6S(=O)(=O)[O][Na])c(C)c4)C5=O)cc3C=C2S(=O)(=O)[O][Na])ccc1/N=N/c1c(Cl)cc(Cl)cc1S(=O)(=O)[O][Na],0
Cc1cc(-c2ccc(/N=N/c3cc(S(=O)(=O)[O][Na])c4ccccc4c3N)c(C)c2)ccc1/N=N/c1cc(S(=O)(=O)[O][Na])c2ccccc2c1N,0
Cc1ccc2nc(-c3ccc(N/N=C4\C(=O)c5c(Cl)cc(S(=O)(=O)[O][Na])cc5C=C4S(=O)(=O)[O][Na])cc3)sc2c1,0
Cc1cc(-c2ccc(/N=N/c3c(N)ccc4cc(S(=O)(=O)[O][Na])ccc34)c(C)c2)ccc1/N=N/c1c(N)ccc2cc(S(=O)(=O)[O][Na])ccc12,0
Cc1ccc(N/N=C2\C(=O)c3ccc(NC(=O)c4ccc(N)cc4)cc3C=C2S(=O)(=O)[O][Na])c(C)c1,0
Cc1cc(-c2ccc(/N=N/c3c(N)ccc4ccc(S(=O)(=O)[O][Na])cc34)c(C)c2)ccc1/N=N/c1c(N)ccc2cc(S(=O)(=O)[O][Na])ccc12,0
C=C(Nc1ccc2c(c1)C=C(S(=O)(=O)[O][Na])/C(=N/Nc1cc(S(=O)(=O)[O][Na])ccc1O)C2=O)Nc1ccc2c(c1)C=C(S(=O)(=O)[O][Na])/C(=N/Nc1cc(S(=O)(=O)[O][Na])ccc1O)C2=O,0
COc1ccc(/N=N/c2c(S(=O)(=O)[O][Na])cc3cc(Nc4nc(Nc5ccc6c(O)c(/N=N/c7ccc(OC)cc7S(=O)(=O)[O][Na])c(S(=O)(=O)[O][Na])cc6c5)nc(N(CCO)CCO)n4)ccc3c2O)c(S(=O)(=O)[O][Na])c1,0
O=S(=O)([O][Na])c1cc(Nc2nc(Nc3ccc(/C=C\c4ccc(Nc5nc(Nc6cc(S(=O)(=O)[O][Na])cc7cc(S(=O)(=O)[O][Na])c(/N=N/c8ccccc8)c(O)c67)nc(N6CCOCC6)n5)cc4S(=O)(=O)[O][Na])c(S(=O)(=O)[O][Na])c3)nc(N3CCOCC3)n2)c2c(O)c(/N=N/c3ccccc3)c(S(=O)(=O)[O][Na])cc2c1,0
CC(=O)Nc1ccc(N/N=C2\C(=O)c3ccc(NC(=O)Nc4ccc5c(c4)C=C(S(=O)(=O)[O][Na])/C(=N/Nc4ccccc4)C5=O)cc3C=C2S(=O)(=O)[O][Na])cc1,0
COc1ccccc1N/N=C1\C(=O)c2ccc(NC(=O)Nc3ccc4c(c3)C=C(S(=O)(=O)[O][Na])/C(=N/Nc3ccc(S(=O)(=O)[O][Na])cc3C)C4=O)cc2C=C1S(=O)(=O)[O][Na],0
COc1ccc(/N=N/c2c(S(=O)(=O)[O][Na])cc3cc(Nc4nc(NCCO)nc(Nc5ccc6c(O)c(/N=N/c7cc(S(=O)(=O)[O][Na])ccc7O)c(S(=O)(=O)[O][Na])cc6c5)n4)ccc3c2O)c(S(=O)(=O)[O][Na])c1,0
O=C(Nc1ccc2c(c1)C=C(S(=O)(=O)[O][Na])/C(=N/Nc1cc([N+](=O)[O-])ccc1O)C2=O)Nc1ccc2c(c1)C=C(S(=O)(=O)[O][Na])/C(=N/Nc1ccccc1C(=O)[O][Na])C2=O,0
O=C1/C(=N\Nc2ccc(/N=N/c3ccc(S(=O)(=O)[O][Na])cc3)cc2)C(S(=O)(=O)[O][Na])=Cc2cc(Nc3nc(NCCO)nc(NCCO)n3)ccc21,0
O=C(Nc1ccc2c(c1)C=C(S(=O)(=O)[O][Na])/C(=N/Nc1ccc(S(=O)(=O)[O-])cc1)C2=O)Nc1ccc2c(c1)C=C(S(=O)(=O)[O][Na])/C(=N/Nc1ccc(S(=O)(=O)[O-])cc1)C2=O,0
COc1cc(S(=O)(=O)[O-])c(C)cc1N/N=C1\C(=O)c2ccc(NC(=O)Nc3ccc4c(c3)C=C(S(=O)(=O)[O][Na])/C(=N/Nc3cc(C)c(S(=O)(=O)[O-])cc3OC)C4=O)cc2C=C1S(=O)(=O)[O][Na],0
COc1ccccc1N/N=C1\C(=O)c2ccc(NC(=O)Nc3ccc4c(c3)C=C(S(=O)(=O)[O][Na])/C(=N/Nc3ccc(S(=O)(=O)[O][Na])c5ccccc35)C4=O)cc2C=C1S(=O)(=O)[O][Na],0
Cc1ccc(N/N=C2\C(=O)c3ccc(NC(=O)Nc4ccc5c(c4)C=C(S(=O)(=O)[O][Na])/C(=N/Nc4cccc6c(S(=O)(=O)[O][Na])cccc46)C5=O)cc3C=C2S(=O)(=O)[O][Na])c(C)c1,0
Nc1c(/N=N/c2ccc(-c3ccc(/N=N/c4cc(S(=O)(=O)[O][Na])c5ccccc5c4N)cc3)cc2)cc(S(=O)(=O)[O][Na])c2ccccc12,0
Nc1ccc2c(O)cc(S(=O)(=O)[O][Na])cc2c1/N=N/c1ccc(-c2ccc(/N=N/c3ccc(O)c(C(=O)[O][Na])c3)cc2)cc1,0
CCOc1cc(S(=O)(=O)OC)cc2c1C(=O)/C(=N\N(C)c1ccc(-c3nc4ccc(C)cc4s3)cc1)C(S(=O)(=O)OC)=C2,0
O=S(=O)([O][Na])c1cc2cc(Nc3ccc4c(O)c(/N=N/c5ccccc5)c(S(=O)(=O)[O][Na])cc4c3)ccc2c(O)c1/N=N/c1ccccc1,0
O=C(Nc1ccc2c(c1)C=C(S(=O)(=O)[O][Na])/C(=N/Nc1ccc(/N=N\c3ccc4cc(S(=O)(=O)[O][Na])cc(S(=O)(=O)[O][Na])c4c3)cc1)C2=O)Nc1ccc2c(c1)C=C(S(=O)(=O)[O][Na])/C(=N/Nc1ccc(/N=N\c3ccc4cc(S(=O)(=O)[O][Na])cc(S(=O)(=O)[O][Na])c4c3)cc1)C2=O,0
Nc1ccc2c(c1)C=C(S(=O)(=O)[O][Na])/C(=N/Nc1ccc(-c3ccc(/N=N/c4ccc(O)c(C(=O)[O][Na])c4)cc3)cc1)C2=O,0
Cc1cc(-c2ccc(/N=N/c3c(N)c(S(=O)(=O)[O][Na])cc4cc(S(=O)(=O)[O][Na])ccc34)c(C)c2)ccc1/N=N/c1c(N)ccc2cc(S(=O)(=O)[O][Na])ccc12,0
O=C(Nc1ccc2c(c1)C=C(S(=O)(=O)[O][Na])/C(=N/Nc1ccc3c(S(=O)(=O)[O][Na])cccc3c1)C2=O)Nc1ccc2c(c1)C=C(S(=O)(=O)[O][Na])/C(=N/Nc1ccc3c(S(=O)(=O)[O][Na])cccc3c1)C2=O,0
CCOc1ccc(/N=N/c2ccc(-c3ccc(N/N=C4\C(=O)C=Cc5cc(S(=O)(=O)[O][Na])cc(S(=O)(=O)[O][Na])c54)cc3)cc2)cc1,0
CCOc1ccc(/N=N/c2ccc(-c3ccc(N/N=C4\C(=O)C=Cc5cc(S(=O)(=O)[O][Na])cc(S(=O)(=O)[O][Na])c54)c(C)c3)cc2C)cc1,0
O=C(Nc1ccc2c(c1)C=C(S(=O)(=O)[O][Na])/C(=N/Nc1ccccc1)C2=O)Nc1ccc2c(c1)C=C(S(=O)(=O)[O][Na])/C(=N/Nc1ccc3cc(S(=O)(=O)[O][Na])ccc3c1)C2=O,0
Cc1cc(-c2ccc(N/N=C3\C(=O)c4ccc(N)cc4C=C3S(=O)(=O)[O][Na])c(C)c2)ccc1/N=N/c1c(N)ccc2c(S(=O)(=O)[O][Na])cc(S(=O)(=O)[O][Na])cc12,0
Nc1ccc2cc(S(=O)(=O)[O][Na])cc(O)c2c1/N=N/c1ccc(-c2ccc(/N=N/c3c(N)c(S(=O)(=O)[O][Na])cc4cc(S(=O)(=O)[O][Na])ccc34)cc2)cc1,0
O=C1C=Cc2cccc(S(=O)(=O)[O][Na])c2/C1=N/Nc1ccc(-c2ccc(N/N=C3\C(=O)C=Cc4cccc(S(=O)(=O)[O][Na])c43)cc2)cc1,0
Cc1ccc2nc(-c3ccc(N/N=C4/C=C(S(=O)(=O)[O][Na])c5ccccc5C4=O)cc3)sc2c1S(=O)(=O)[O][Na],0
Nc1c(S(=O)(=O)[O][Na])cc2cc(S(=O)(=O)[O][Na])ccc2c1/N=N/c1ccc(-c2ccc(/N=N/c3c(N)c(S(=O)(=O)[O][Na])cc4cc(S(=O)(=O)[O][Na])ccc34)c(Cl)c2)cc1Cl,0
Cc1ccc2nc(-c3ccc(N/N=C4\C(=O)c5c(cccc5S(=O)(=O)[O][Na])C=C4S(=O)(=O)[O][Na])cc3)sc2c1,0
CNc1ccc2ccc(S(=O)(=O)[O][Na])cc2c1/N=N/c1ccc(NC(=O)Nc2ccc(/N=N/c3c(NC)ccc4ccc(S(=O)(=O)[O][Na])cc34)c(S(=O)(=O)[O][Na])c2)cc1S(=O)(=O)[O][Na],0
O=C1/C(=N\Nc2cccc(/N=N/c3ccc(O)cc3O)c2)C(S(=O)(=O)[O][Na])=Cc2cc(/N=N/C3=CCC(O)C=C3O)ccc21,0
Cc1cc(C)c2nc(-c3ccc(N/N=C4\C(=O)c5c(cccc5S(=O)(=O)[O][Na])C=C4S(=O)(=O)[O][Na])c(C)c3)sc2c1,0
COC(=O)c1cc(/N=N/c2ccc(-c3ccc(N/N=C4\C(=O)c5ccc(O)cc5C=C4S(=O)(=O)[O][Na])cc3)cc2)ccc1O,0
Nc1ccc2c(c1)C=C(S(=O)(=O)[O][Na])/C(=N/Nc1ccc(-c3ccc(/N=N/c4ccc(O)cc4S(=O)(=O)[O][Na])cc3)cc1)C2=O,0
O=C(Nc1ccc2c(c1)C=C(S(=O)(=O)[O][Na])/C(=N/Nc1cccc3c(S(=O)(=O)[O][Na])cccc13)C2=O)Nc1ccc2c(c1)C=C(S(=O)(=O)[O][Na])/C(=N/Nc1cccc3c(S(=O)(=O)[O][Na])cccc13)C2=O,0
COc1ccccc1N/N=C1/C(=O)c2ccc3nc(-c4cccc(N/N=C5/C=Cc6c(S(=O)(=O)[O][Na])cc(S(=O)(=O)[O][Na])c(N)c6C5=O)c4)[nH]c3c2C=C1S(=O)(=O)[O][Na],0
Cc1cc(-c2ccc(/N=N/c3c(N)c(S(=O)(=O)[O][Na])cc4cc(S(=O)(=O)[O][Na])ccc34)c(C)c2)ccc1/N=N/c1c(N)c(S(=O)(=O)[O][Na])cc2cc(S(=O)(=O)[O][Na])ccc12,0
O=C1/C(=N\Nc2cccc(-c3nc4ccc5c(c4[nH]3)C=C(S(=O)(=O)[O][Na])/C(=N/Nc3ccccc3)C5=O)c2)C=C(S(=O)(=O)[O][Na])c2ccccc21,0
COC(=O)c1cc(/N=N/c2ccc(-c3ccc(N/N=C4\C(=O)c5ccc(NC(C)=O)cc5C=C4S(=O)(=O)[O][Na])cc3)cc2)cc(C)c1O,0
O=C1C=Cc2cc(S(=O)(=O)[O][Na])ccc2/C1=N/Nc1cccc(-c2nc3ccc4c(c3[nH]2)C=C(S(=O)(=O)[O][Na])/C(=N/Nc2ccccc2)C4=O)c1,0
Nc1ccc2c(c1)C=C(S(=O)(=O)[O][Na])/C(=N/Nc1ccc(-c3ccc(/N=N/c4c(N)c(S(=O)(=O)[O][Na])cc5cc(S(=O)(=O)[O][Na])ccc45)cc3)cc1)C2=O,0
Nc1c(/N=N/c2ccc(-c3ccc(/N=N/c4cc(S(=O)(=O)[O][Na])c5ccccc5c4N)c(Cl)c3)cc2Cl)cc(S(=O)(=O)[O][Na])c2ccccc12,0
Cc1ccccc1N/N=C1\C(=O)c2ccc(NC(=O)Nc3ccc4c(c3)C=C(S(=O)(=O)[O][Na])/C(=N/Nc3ccc(S(=O)(=O)[O][Na])cc3C)C4=O)cc2C=C1S(=O)(=O)[O][Na],0
O=C(Nc1ccc(/N=N/c2ccc(O)c(C(=O)[O][Na])c2)cc1)c1ccc(/N=N/c2c(S(=O)(=O)[O][Na])cc3cc(NC(=O)c4ccccc4)ccc3c2O)cc1,0
COc1ccccc1N/N=C1\C(=O)c2ccc(NC(=O)Nc3ccc(NC(C)=O)cc3)cc2C=C1S(=O)(=O)[O][Na],0
CC(=O)Nc1ccc(NC(=O)Nc2ccc3c(c2)C=C(S(=O)(=O)[O][Na])/C(=N/Nc2ccccc2C)C3=O)cc1,0
Cc1cc(-c2ccc(/N=N/c3c(N)ccc4cc(S(=O)(=O)[O][Na])ccc34)c(C)c2)ccc1/N=N/c1cc(S(=O)(=O)[O][Na])c2ccccc2c1N,0
Cc1cc(-c2ccc(/N=N/c3cc(S(=O)(=O)[O][Na])c4ccccc4c3N)c(C)c2)ccc1/N=N/c1ccc(O)cc1O,0
Cc1ccc2nc(-c3ccc4nc(-c5ccc(/N=N/c6cc(S(=O)(=O)[O][Na])c7ccccc7c6O)cc5)sc4c3)sc2c1S(=O)(=O)[O][Na],0
COc1cc(-c2ccc(/N=N/c3cc(S(=O)(=O)[O][Na])c4ccccc4c3N)c(OC)c2)ccc1/N=N/c1cc(S(=O)(=O)[O][Na])c2ccccc2c1N,0
C=c1ccc2cc(S(=O)(=O)[O][Na])ccc2/c1=C/Nc1ccc(-c2nc3ccc(-c4nc5ccc(C)c(S(=O)(=O)[O][Na])c5s4)cc3s2)cc1,0
COc1ccccc1N/N=C1\C(=O)c2ccc(NC(=O)Nc3ccc4c(c3)C=C(S(=O)(=O)[O][Na])/C(=N/Nc3ccc5cc(S(=O)(=O)[O][Na])ccc5c3)C4=O)cc2C=C1S(=O)(=O)[O][Na],0
Cc1ccccc1N/N=C1\C(=O)c2ccc(NC(=O)Nc3ccc4c(c3)C=C(S(=O)(=O)[O][Na])/C(=N/Nc3ccc5cc(S(=O)(=O)[O][Na])ccc5c3)C4=O)cc2C=C1S(=O)(=O)[O][Na],0
Nc1ccc2c(c1)C=C(S(=O)(=O)[O][Na])/C(=N/Nc1ccc(-c3ccc(/N=N/c4c(N)ccc5cc(S(=O)(=O)[O][Na])ccc45)cc3)cc1)C2=O,0
C=C(Nc1ccc(/N=N/c2c(N)ccc3cc(S(=O)(=O)[O][Na])cc(O)c23)c(S(=O)(=O)[O][Na])c1)Nc1ccc(/N=N/c2c(N)ccc3cc(S(=O)(=O)[O][Na])cc(O)c23)c(S(=O)(=O)[O][Na])c1,0
COc1cc(/N=N/c2ccc(OC)c(S(=O)(=O)[O][Na])c2)c(C)cc1N,0
CC(=O)Nc1ccc2c(c1)C=C(S(=O)(=O)[O][Na])/C(=N/Nc1cc(C)c(/N=N/c3ccc(Cl)cc3S(=O)(=O)[O][Na])cc1C)C2=O,0
COc1cc(/N=N/c2cc(S(=O)(=O)[O][Na])cc3cc(S(=O)(=O)[O][Na])cc(O)c23)c(C)cc1NC(=O)Nc1cc(C)c(/N=N/c2cc(S(=O)(=O)[O][Na])cc3cc(S(=O)(=O)[O][Na])cc(O)c23)cc1OC,0
CC(=O)Nc1ccc2c(c1)C=C(S(=O)(=O)[O][Na])/C(=N/Nc1ccc(/N=N/c3ccc(Cl)cc3S(=O)(=O)[O][Na])c(C)c1)C2=O,0
O=C(Nc1ccc2c(c1)C=C(S(=O)(=O)[O][Na])/C(=N/Nc1ccc(/N=N\c3ccc(S(=O)(=O)[O][Na])cc3)cc1S(=O)(=O)[O][Na])C2=O)Nc1ccc2c(c1)C=C(S(=O)(=O)[O][Na])/C(=N/Nc1ccc(/N=N\c3ccc(S(=O)(=O)[O][Na])cc3)cc1S(=O)(=O)[O][Na])C2=O,0
O=C(Nc1ccc2c(c1)C=C(S(=O)(=O)[O][Na])/C(=N\Nc1ccc(/N=N/c3ccc(S(=O)(=O)[O][Na])cc3)cc1)C2=O)c1ccccc1,0
O=C(Nc1ccc2c(O)c(/N=N/c3cc(S(=O)(=O)[O][Na])ccc3O)c(S(=O)(=O)[O][Na])cc2c1)Nc1ccc2c(O)c(/N=N/c3cc(S(=O)(=O)[O][Na])ccc3O)c(S(=O)(=O)[O][Na])cc2c1,0
O=C(NC1=CCC(/N=N/c2ccc(/N=N/c3ccc(S(=O)(=O)[O][Na])cc3)c3cc(S(=O)(=O)[O][Na])ccc23)C=C1)Nc1ccc(/N=N\c2ccc(/N=N/c3ccc(S(=O)(=O)[O][Na])cc3)c3cc(S(=O)(=O)[O][Na])ccc23)cc1,0
Cc1cc(N/N=C2\C(=O)c3ccc(NC(=O)c4ccccc4)cc3C=C2S(=O)(=O)[O][Na])ccc1/N=N/c1ccc(S(=O)(=O)[O][Na])cc1C,0
CC(=O)Nc1ccc2c(c1)C(=O)/C(=N\Nc1ccc(-c3ccc(/N=N/c4ccc(O)c(C(=O)[O][Na])c4)cc3)cc1)C(S(=O)(=O)[O][Na])=C2,0
COc1ccc(S(=O)(=O)[O][Na])cc1/N=N/c1c(S(=O)(=O)[O][Na])cc2cc(Nc3nc(Nc4ccccc4)nc(Nc4cc(C)c(/N=N/c5cc(S(=O)(=O)[O][Na])cc6cc(S(=O)(=O)[O][Na])cc(O)c56)cc4OC)n3)ccc2c1O,0
Cc1ccc2nc(-c3ccc(Nc4nc(Cl)nc(Nc5cc(S(=O)(=O)[O][Na])cc6cc(S(=O)(=O)[O][Na])c(/N=N/c7ccccc7C(=O)[O][Na])c(O)c56)n4)cc3)sc2c1S(=O)(=O)[O][Na],0
Cc1cc(/N=N/c2ccc(S(=O)(=O)[O][Na])cc2)ccc1N/N=C1\C(=O)c2ccc(NC(=O)c3ccccc3)cc2C=C1S(=O)(=O)[O][Na],0
NS(=O)(=O)c1ccc(O)c(/N=N/c2c(S(=O)(=O)[O][Na])cc3cc(NC(=O)Nc4ccc5c(O)c(/N=N/c6cc(S(N)(=O)=O)ccc6O)c(S(=O)(=O)[O][Na])cc5c4)ccc3c2O)c1,0
O=C(Nc1ccc2c(O)c(/N=N/c3cc(S(=O)(=O)[O][Na])ccc3O)c(S(=O)(=O)[O][Na])cc2c1)Nc1ccc2c(O)c(/N=N/c3ccccc3C(=O)O)c(S(=O)(=O)[O][Na])cc2c1,0
Nc1ccc2cc(S(=O)(=O)[O][Na])cc(O)c2c1/N=N/c1ccc(-c2ccc(/N=N/c3c(N)ccc4cc(S(=O)(=O)[O][Na])cc(O)c34)cc2)cc1,0
CC(=O)Nc1cc(S(=O)(=O)[O][Na])cc2c1C(=O)/C(=N\Nc1ccc(-c3nc4c(C)cc(C)cc4s3)cc1C)C(S(=O)(=O)[O][Na])=C2,0
O=C1/C(=N\Nc2ccccc2O)C(S(=O)(=O)[O][Na])=Cc2cc(Nc3ccc4c(c3)C=C(S(=O)(=O)[O][Na])/C(=N/Nc3ccccc3O)C4=O)ccc21,0
O=C(Nc1ccc2c(c1)C=C(S(=O)(=O)[O][Na])/C(=N/Nc1ccccc1O)C2=O)Nc1ccc2c(c1)C=C(S(=O)(=O)[O][Na])/C(=N/Nc1ccccc1O)C2=O,0
COc1cc(/N=N/c2c(S(=O)(=O)[O][Na])ccc3ccccc23)c(C)cc1N/N=C1\C(=O)c2ccc(Nc3ccccc3)cc2C=C1S(=O)(=O)[O][Na],0
Nc1ccc2c(c1)C=C(S(=O)(=O)[O][Na])/C(=N/Nc1ccc(-c3ccc(N/N=C4\C(=O)c5ccc(N)cc5C=C4S(=O)(=O)[O][Na])cc3)cc1)C2=O,0
COc1cc(-c2ccc(N/N=C3/C=C(S(=O)(=O)[O][Na])c4ccc(O)cc4C3=O)c(OC)c2)ccc1/N=N/c1cc(C)c(N)cc1N,0
Cc1cc(N/N=C2\C(=O)c3ccc(N)c(S(=O)(=O)[O][Na])c3C=C2S(=O)(=O)[O][Na])c(C)cc1/N=N/c1ccccc1S(=O)(=O)[O][Na],0
O=C1/C(=N\Nc2ccc(-c3ccc(N/N=C4\C(=O)c5ccc(S(=O)(=O)[O][Na])cc5C=C4S(=O)(=O)[O][Na])cc3)cc2)C(S(=O)(=O)[O][Na])=Cc2cc(Nc3ccccc3)ccc21,0
Cc1cc(-c2ccc(N/N=C3/C=C(S(=O)(=O)[O][Na])c4ccccc4C3=O)c(C)c2)ccc1/N=N/c1cc(S(=O)(=O)[O][Na])c2ccccc2c1N,0
O=C1C=Cc2ccccc2/C1=N/Nc1ccc(-c2ccc(N/N=C3\C(=O)c4c(cc(S(=O)(=O)[O][Na])cc4S(=O)(=O)[O][Na])C=C3S(=O)(=O)[O][Na])cc2)cc1,0
Cc1cc(N/N=C2\C(=O)c3ccc(Nc4ccccc4)cc3C=C2S(=O)(=O)[O][Na])c(C)cc1/N=N/c1cc(S(=O)(=O)[O][Na])c2cccc(S(=O)(=O)[O][Na])c2c1,0
Nc1ccc2c(c1)C=C(S(=O)(=O)[O][Na])/C(=N/Nc1ccc(-c3ccc(N/N=C4\C(=O)c5ccc(S(=O)(=O)[O][Na])cc5C=C4S(=O)(=O)[O][Na])cc3)cc1)C2=O,0
Cc1cc(-c2ccc(N/N=C3/C=Cc4c(cccc4S(=O)(=O)[O][Na])C3=O)c(C)c2)ccc1N/N=C1/C=C(S(=O)(=O)[O][Na])c2ccccc2C1=O,0
O=S(=O)(Cc1ccc2c(O)c(/N=N/c3ccc(-c4ccc(/N=N/c5cc(S(=O)(=O)[O][Na])c6ccccc6c5O)cc4)cc3)c(S(=O)(=O)[O][Na])cc2c1)[O][Na],0
COc1cc(/N=N/c2cccc(S(=O)(=O)[O][Na])c2)c(C)cc1N/N=C1\C(=O)c2ccc(Nc3ccccc3)cc2C=C1S(=O)(=O)[O][Na],0
COc1cc(/N=N/c2cc(S(=O)(=O)[O][Na])c3cccc(S(=O)(=O)[O][Na])c3c2)c(C)cc1N/N=C1\C(=O)c2ccc(Nc3ccccc3)cc2C=C1S(=O)(=O)[O][Na],0
O=C1C=Cc2cccc(S(=O)(=O)[O][Na])c2/C1=N/Nc1ccc(-c2ccc(N/N=C3\C(=O)c4c(cccc4S(=O)(=O)[O][Na])C=C3S(=O)(=O)[O][Na])cc2)cc1,0
COc1cc(-c2ccc(/N=N/c3c(N)ccc4cc(S(=O)(=O)[O][Na])cc(O)c34)c(OC)c2)ccc1/N=N/c1c(N)ccc2cc(S(=O)(=O)[O][Na])cc(O)c12,0
O=C(CNc1ccc2c(c1)C=C(S(=O)(=O)[O][Na])/C(=N/Nc1ccc(-c3ccc(N/N=C4\C(=O)c5ccc(NCC(=O)[O][Na])cc5C=C4S(=O)(=O)[O][Na])cc3)cc1)C2=O)[O][Na],0
COc1cc(/N=N/c2ccc(C)cc2S(=O)(=O)[O][Na])c(C)cc1N/N=C1\C(=O)c2ccc(Nc3ccccc3)cc2C=C1S(=O)(=O)[O][Na],0
Cc1ccc(/N=N/c2cc(C)c(N/N=C3\C(=O)c4ccc(Nc5ccccc5)cc4C=C3S(=O)(=O)[O][Na])cc2C)c(S(=O)(=O)[O][Na])c1,0
Nc1ccc2cc(S(=O)(=O)[O][Na])cc(O)c2c1/N=N/c1ccc(-c2ccc(N/N=C3/C=C(S(=O)(=O)[O][Na])c4ccccc4C3=O)cc2)cc1,0
O=C1/C(=N\Nc2ccc(-c3ccc(N/N=C4/C=C(S(=O)(=O)[O][Na])c5ccccc5C4=O)cc3)cc2)C=C(S(=O)(=O)[O][Na])c2ccccc21,0
NS(=O)(=O)c1ccc(O)c(/N=N/c2c(S(=O)(=O)[O][Na])cc3cc(Nc4ccccc4)ccc3c2O)c1,0
O=C(Nc1cc(O)c(/N=N/c2c(O)ccc3cc(S(=O)(=O)[O-])ccc23)cc1S(=O)(=O)[O-])Nc1cc(O)c(/N=N/c2c(O)ccc3cc(S(=O)(=O)[O-])ccc23)cc1S(=O)(=O)[O-].[NH4+].[NH4+].[NH4+].[NH4+],0
CNS(=O)(=O)c1ccc(O)c(/N=N/c2c(S(=O)(=O)[O][Na])cc3cc(Nc4ccc5c(O)c(/N=N/c6cc(S(=O)(=O)NC)ccc6O)c(S(=O)(=O)[O][Na])cc5c4)ccc3c2O)c1,0
Cc1ccccc1/N=N/c1ccc(/N=N/c2c(S(=O)(=O)[O][Na])cc3cc(N)ccc3c2O)c2ccc(S(=O)(=O)[O][Na])cc12,0
O=S(=O)([O][Na])c1ccc2c(c1)Cc1cc3c(cc1-2)N=c1c(Cl)c2c(c(Cl)c1O3)=Nc1cc3c(cc1O2)Cc1cc(S(=O)(=O)[O][Na])ccc1-3,0
O=S(=O)([O][Na])c1ccc(O)c(/N=N/c2c(S(=O)(=O)[O][Na])cc3cc(Nc4ccccc4)ccc3c2O)c1,0
Cc1cc(N/N=C2\C(=O)c3ccc(Nc4ccccc4)cc3C=C2S(=O)(=O)[O][Na])c(C)cc1/N=N/c1cc(S(=O)(=O)[O][Na])cc2cc(S(=O)(=O)[O][Na])cc(O)c12,0
Nc1ccc2cc(S(=O)(=O)[O][Na])cc(O)c2c1/N=N/c1ccc(NC(=O)Nc2ccc(/N=N/C3C(=O)c4cccc(Nc5ccccc5)c4C=C3S(=O)(=O)[O][Na])c(S(=O)(=O)[O][Na])c2)cc1S(=O)(=O)[O][Na],0
COc1cc(/N=N/c2ccc(S(=O)(=O)[O][Na])cc2)ccc1N/N=C1\C(=O)c2ccc(NC(=O)c3ccccc3)cc2C=C1S(=O)(=O)[O][Na],0
COc1cc(/N=N/c2ccc(S(=O)(=O)[O][Na])cc2)c(C)cc1N/N=C1\C(=O)c2ccc(NC(=O)c3ccccc3)cc2C=C1S(=O)(=O)[O][Na],0
NS(=O)(=O)c1ccc(O)c(/N=N/c2c(S(=O)(=O)[O][Na])cc3cc(Nc4ccc5c(O)c(/N=N/c6cc(S(N)(=O)=O)ccc6O)c(S(=O)(=O)[O][Na])cc5c4)ccc3c2O)c1,0
Cc1cc(C)c(/N=N/c2cc(C)c(N/N=C3\C(=O)c4ccc(Nc5ccccc5)cc4C=C3S(=O)(=O)[O][Na])cc2C)c(S(=O)(=O)[O][Na])c1,0
COc1cc(/N=N/c2c(C)cc(C)cc2S(=O)(=O)[O][Na])c(C)cc1N/N=C1\C(=O)c2ccc(NC(=O)c3ccc(N)cc3)cc2C=C1S(=O)(=O)[O][Na],0
Cc1cc(N/N=C2\C(=O)c3ccc4nc(-c5ccc(N)cc5)sc4c3C=C2S(=O)(=O)[O][Na])ccc1/N=N/c1ccc(Cl)cc1S(=O)(=O)[O][Na],0
O=C1/C(=N\Nc2ccc(-c3ccc(N/N=C4/C=Cc5c(cccc5S(=O)(=O)[O][Na])C4=O)c(C(=O)[O][Na])c3)cc2C(=O)[O][Na])C(S(=O)(=O)[O][Na])=Cc2cc(Nc3ccccc3)ccc21,0
COc1cc(-c2ccc(NC(=O)C(=O)[O][Na])c(OC)c2)ccc1N/N=C1\C(=O)c2ccc(Nc3ccccc3)cc2C=C1S(=O)(=O)[O][Na],0
COc1ccc(Nc2ccc3c(c2)C=C(S(=O)(=O)[O][Na])/C(=N/Nc2ccc(NC(=O)Nc4ccc(N/N=C5\C(=O)c6ccc(Nc7ccc(OC)cc7)cc6C=C5S(=O)(=O)[O][Na])c(OCC(=O)[O][Na])c4)cc2OCC(=O)[O][Na])C3=O)cc1,0
O=C(Nc1ccc(N/N=C2\C(=O)c3ccc(Nc4ccccc4)cc3C=C2S(=O)(=O)[O][Na])c(C(=O)[O][Na])c1)Nc1ccc(N/N=C2\C(=O)c3ccc(Nc4ccccc4)cc3C=C2S(=O)(=O)[O][Na])c(C(=O)[O][Na])c1,0
O=C1C=Cc2cc(S(=O)(=O)[O][Na])cc(S(=O)(=O)[O][Na])c2/C1=N/Nc1ccc(-c2ccc(N/N=C3\C(=O)c4ccc(Nc5ccccc5)cc4C=C3S(=O)(=O)[O][Na])cc2)cc1,0
O=C(Nc1ccc2c(O)c(/N=N/c3c(O)cc(S(=O)(=O)[O][Na])c4ccccc34)c(S(=O)(=O)[O][Na])cc2c1)Nc1ccc2c(O)c(/N=N/c3c(O)cc(S(=O)(=O)[O][Na])c4ccccc34)c(S(=O)(=O)[O][Na])cc2c1,0
Nc1ccc(/N=N/c2ccc(-c3ccc(N/N=C4\C(=O)c5c(N)cc(S(=O)(=O)[O][Na])cc5C=C4S(=O)(=O)[O][Na])cc3)cc2)c(N)c1,0
O=C(Nc1ccc2c(O)c(/N=N/c3ccccc3O)c(S(=O)(=O)[O][Na])cc2c1)Nc1ccc2c(O)c(/N=N/c3ccccc3O)c(S(=O)(=O)[O][Na])cc2c1,0
O=C([O][Na])c1cc(/N=N/c2ccc(-c3ccc(/N=N/c4ccc(O)c(C(=O)[O][Na])c4)cc3)cc2)ccc1O,0
Cc1ccc2nc(-c3ccc4nc(-c5ccc(/N=N/c6ccc(O)c(C(=O)[O][Na])c6)cc5)sc4c3)sc2c1S(=O)(=O)[O][Na],0
O=S(=O)([O][Na])c1cc(/N=N/c2ccc(/C=C/c3ccc(-n4nc5cc(S(=O)(=O)[O][Na])c6ccccc6c5n4)cc3S(=O)(=O)[O][Na])c(S(=O)(=O)[O][Na])c2)ccc1/C=C/c1ccc(-n2nc3cc(S(=O)(=O)[O][Na])c4ccccc4c3n2)cc1S(=O)(=O)[O][Na],0
COc1cc(/N=N/c2cccc(S(=O)(=O)[O][Na])c2)ccc1NC(=O)Nc1ccc(/N=N/c2ccc3cc(S(=O)(=O)[O][Na])cc(S(=O)(=O)[O][Na])c3c2)cc1,0
COc1cc(/N=N/c2cccc(S(=O)(=O)[O][Na])c2)ccc1NC(=O)Nc1ccc(/N=N/c2ccc3cc(S(=O)(=O)[O][Na])cc(S(=O)(=O)[O][Na])c3c2)cc1C,0
Cc1ccc2nc(-c3ccc4nc(C5C(=O)c6ccccc6C5=O)ccc4c3)sc2c1S(=O)(=O)[O][Na],0
CCOc1ccc(/N=N/c2ccc(/C=C/c3ccc(/N=N/c4ccc(OCC)cc4)cc3S(=O)(=O)[O][Na])c(S(=O)(=O)[O][Na])c2)cc1,0
COc1cc(/N=N/c2cccc(S(=O)(=O)[O][Na])c2)ccc1NC(=O)Nc1ccc(/N=N/c2cccc(S(=O)(=O)[O][Na])c2)cc1OC,0
Cc1ccc2nc(-c3ccc(/N=N/C4C(=O)N=NC4C)cc3)sc2c1S(=O)(=O)[O][Na],0
Cc1[nH]c2cc(S(=O)(=O)[O][Na])ccc2c1/N=N/c1ccc(NC(=O)Nc2ccc(/N=N/c3c(C)[nH]c4ccc(S(=O)(=O)[O][Na])cc34)cc2)cc1,0
Cc1nn(-c2ccc(/C=C/c3ccc(Nc4nc(Nc5ccc(/C=C/c6ccc(-n7nc(C)c(/N=N/c8ccc(S(=O)(=O)[O][Na])cc8C(=O)O)c7O)cc6S(=O)(=O)[O][Na])c(S(=O)(=O)[O][Na])c5)nc(N5CCOCC5)n4)cc3S(=O)(=O)[O][Na])c(S(=O)(=O)[O][Na])c2)c(O)c1/N=N/c1ccccc1C(=O)O,0
COc1cc(/N=N/c2cccc(S(=O)(=O)[O][Na])c2)c(C)cc1NC(=O)Nc1cc(C)c(/N=N/c2cccc(S(=O)(=O)[O][Na])c2)cc1OC,0
CC(=O)C(/N=N/c1ccc(-c2nc3ccc(C)c(S(=O)(=O)[O][Na])c3s2)cc1)C(=O)Nc1cccc(S(N)(=O)=O)c1,0
COc1cc(/N=N/c2cc(S(=O)(=O)[O][Na])c3cccc(S(=O)(=O)[O][Na])c3c2)c(C)cc1Nc1nc(Nc2cc(C)c(/N=N/c3cc(S(=O)(=O)[O][Na])c4cccc(S(=O)(=O)[O][Na])c4c3)cc2OC)[nH]c(=O)n1,0
COc1cc(/N=N/c2cccc(S(=O)(=O)[O][Na])c2)ccc1Nc1nc(NCCO)nc(Nc2ccc(/N=N/c3cccc(S(=O)(=O)[O][Na])c3)cc2OC)n1,0
Cc1ccc2nc(-c3ccc(/N=N/C4C(=O)NC(=O)NC4=O)cc3)sc2c1S(=O)(=O)[O][Na],0
Cc1ccc2nc(-c3ccc4nc(-c5ccc(/N=N/c6c(C)nn(-c7ccccc7)c6O)cc5)sc4c3)sc2c1S(=O)(=O)[O][Na],0
COc1cc(S(=O)(=O)[O][Na])c(C)cc1NC(=O)/C(=N\Nc1ccc(-c2nc3ccc(C)c(S(=O)(=O)[O][Na])c3s2)cc1)C(C)=O,0
CC(=O)Nc1cc(Nc2nc(Cl)nc(N3CCN(c4nc(Cl)nc(Nc5ccc(/N=N/c6cc(S(=O)(=O)[O][Na])c7cccc(S(=O)(=O)[O][Na])c7c6)c(NC(C)=O)c5)n4)CC3)n2)ccc1/N=N/c1cc(S(=O)(=O)[O][Na])c2cccc(S(=O)(=O)[O][Na])c2c1,0
CCOC(=O)/C(=N/Nc1ccc(-c2nc3ccc(-c4nc5ccc(C)c(S(=O)(=O)[O][Na])c5s4)cc3s2)cc1)C(C)=O,0
COc1cc(/N=N/c2ccc(OC)c(S(=O)(=O)[O][Na])c2)c(C)cc1NC(=O)Nc1ccc(/N=N/c2ccc(O)c(C(=O)[O][Na])c2)cc1,0
CC(=O)/C(=N/Nc1ccc(-c2nc3ccc(C(=O)[O][Na])c(S(=O)(=O)[O][Na])c3s2)cc1)C(=O)Nc1ccccc1,0
Cc1cc(-c2ccc(/N=N/c3ccc(O)c(C(=O)[O][Na])c3)c(C)c2)ccc1/N=N/c1ccc(O)c(C(=O)[O][Na])c1,0
Cc1cc(/N=N/c2ccc(-c3ccc(/N=N/c4cc(C)c(O)c(C(=O)[O][Na])c4)cc3)cc2)cc(C(=O)[O][Na])c1O,0
CC(=O)/C(=N/Nc1ccc(-c2nc3ccc(-c4nc5ccc(C)c(S(=O)(=O)[O][Na])c5s4)cc3s2)cc1)C(=O)Nc1ccccc1,0
O=C([O][Na])c1cc(/N=N/c2ccc(-c3ccc(/N=N/Nc4ccc(S(=O)(=O)[O][Na])cc4)cc3)cc2)ccc1O,0
Cc1c(/N=N/c2cc([N+](=O)[O-])c(N)cc2N)cc(S(=O)(=O)[O][Na])cc1/N=N/c1cc([N+](=O)[O-])c(N)cc1N,0
O=C(Nc1ccc(/N=N/c2ccc(O)c(C(=O)[O][Na])c2)cc1)Nc1ccc(/N=N/c2ccc(O)c(C(=O)[O][Na])c2)cc1,0
COc1ccccc1NC(O)/C(=N\Nc1ccc(-c2nc3ccc(C)c(S(=O)(=O)[O][Na])c3s2)cc1S(=O)(=O)OC)C(C)=O,0
Cc1ccc2nc(-c3ccc(/N=N/c4ccc(-c5nc6ccc(C)c(S(=O)(=O)[O][Na])c6s5)cc4)cc3)sc2c1S(=O)(=O)[O][Na],0
Cc1ccc2nc(-c3ccc4nc(-c5ccc(N=Nc6ccc(-c7nc8ccc(-c9nc%10ccc(C)c(S(=O)(=O)[O][Na])c%10s9)cc8s7)cc6)cc5)sc4c3)sc2c1S(=O)(=O)[O][Na],0
CC(=O)Nc1cc(NC(=O)Nc2ccc(/N=N/c3ccc(S(=O)(=O)[O][Na])cc3)c(NC(C)=O)c2)ccc1/N=N/c1ccc(S(=O)(=O)[O][Na])cc1,0
Cc1cc(NC(=O)Nc2ccc(/N=N/c3ccc(C(=O)Nc4cc(S(=O)(=O)[O][Na])cc(C(=O)[O][Na])c4O)cc3)c(C)c2)ccc1/N=N/c1ccc(C(=O)Nc2cc(S(=O)(=O)[O][Na])cc(C(=O)[O][Na])c2O)cc1,0
COc1cc(/N=N/c2cc(S(=O)(=O)[O][Na])c3cccc(S(=O)(=O)[O][Na])c3c2)c(C)cc1NC(=O)Nc1cc(C)c(/N=N/c2cc(S(=O)(=O)[O][Na])c3cccc(S(=O)(=O)[O][Na])c3c2)cc1OC,0
Cc1nn(-c2ccc(/C=C\c3ccc(NC(=O)Nc4ccc(/C=C\c5ccc(-n6nc(C)c(/N=N\c7ccccc7C(=O)O)c6O)cc5S(=O)(=O)[O][Na])c(S(=O)(=O)[O][Na])c4)cc3S(=O)(=O)[O][Na])c(S(=O)(=O)[O][Na])c2)c(O)c1/N=N\c1ccccc1C(=O)O,0
O=S(=O)([O][Na])c1cc(/N=N/c2ccc(O)cc2)ccc1/C=C/c1ccc(/N=N/c2ccc(O)cc2)cc1S(=O)(=O)[O][Na],0
COc1cc(/N=N/c2ccc(S(=O)(=O)[O][Na])cc2)c(C)cc1NC(=O)Nc1ccc(/N=N/c2ccc(O)c(C(=O)[O][Na])c2)cc1,0
COc1cc(/N=N/c2ccc(Cl)c(S(=O)(=O)[O][Na])c2)c(C)cc1NC(=O)Nc1ccc(/N=N/c2ccc(O)c(C(=O)[O][Na])c2)cc1,0
COc1cc(/N=N/c2cccc(S(=O)(=O)[O][Na])c2)ccc1NC(=O)Nc1ccc(/N=N/c2ccc(O)c(C(=O)[O][Na])c2)cc1,0
Cc1cc(-c2ccc(/N=N/c3cc(C)c(O)c(C(=O)[O][Na])c3)c(C)c2)ccc1/N=N/c1cc(C)c(O)c(C(=O)[O][Na])c1,0
COc1cc(/N=N/c2cccc(C(=O)[O][Na])c2)ccc1NC(=O)Nc1ccc(/N=N/c2cccc(C(=O)[O][Na])c2)cc1OC,0
O=C1C(c2ccc3c(ccc4cc(S(=O)(=O)[O][Na])c(S(=O)(=O)[O][Na])cc43)n2)=C(O)c2ccccc21,0
Cc1cc(NC(=O)Nc2ccc(/N=N/c3cc(S(=O)(=O)[O][Na])c4cccc(S(=O)(=O)[O][Na])c4c3)c(C)c2)ccc1/N=N/c1cc(S(=O)(=O)[O][Na])c2cccc(S(=O)(=O)[O][Na])c2c1,0
Cc1cc(NC(=O)Nc2cc(C)c(/N=N/c3cc(S(=O)(=O)[O][Na])c4cccc(S(=O)(=O)[O][Na])c4c3)cc2C)c(C)cc1/N=N/c1cc(S(=O)(=O)[O][Na])c2cccc(S(=O)(=O)[O][Na])c2c1,0
CC(=O)Nc1cc(NC(=O)Nc2ccc(/N=N/c3ccc4cccc(S(=O)(=O)[O][Na])c4c3)c(NC(C)=O)c2)ccc1/N=N/c1ccc2cccc(S(=O)(=O)[O][Na])c2c1,0
Cc1ccc2nc(-c3ccc4nc(-c5ccc(N)cc5)sc4c3)sc2c1S(=O)(=O)[O][Na],0
Cc1ccc2nc(-c3ccc4nc(-c5ccc6nc(-c7ccc(N)cc7)sc6c5)sc4c3)sc2c1S(=O)(=O)[O][Na],0
Nc1ccc(C(=O)Nc2ccc(NC(=O)c3ccc(/N=N\c4ccc(C(=O)Nc5ccc(NC(=O)c6ccc(/N=N\c7ccc(C(=O)Nc8ccc(NC(=O)c9ccc(N)cc9)cc8S(=O)(=O)[O][Na])cc7)cc6)c(S(=O)(=O)[O][Na])c5)cc4)cc3)c(S(=O)(=O)[O][Na])c2)cc1,0
Nc1ccc(C(=O)Nc2ccc(C(=O)Nc3ccc(/C=C/c4ccc(NC(=O)c5ccc(N)cc5)cc4S(=O)(=O)[O][Na])c(S(=O)(=O)[O][Na])c3)cc2)cc1,0
Nc1cccc(-n2nc(C(=O)[O][Na])c(/N=N/c3ccc(C(=O)Nc4ccc(/N=N/c5ccc(O)c(C(=O)[O][Na])c5)cc4)cc3)c2O)c1,0
COc1cc(/N=N/c2cc(N)ccc2S(=O)(=O)[O][Na])c(C)cc1NC(=O)Nc1cc(C)c(/N=N/C2C=C(N)C=CC2S(=O)(=O)[O][Na])cc1OC,0
COc1ccc(S(=O)(=O)[O][Na])cc1NC(=O)/C(=N\Nc1ccc(NC(=O)Nc2ccc(N/N=C(/C(C)=O)C(=O)Nc3ccc(S(=O)(=O)[O][Na])cc3)c(C(=O)[O][Na])c2)cc1C(=O)[O][Na])C(C)=O,0
CC1=NN(c2ccc(-c3ccc(NC(=O)Nc4ccc(-c5ccc(N6N=C/C(=N/Nc7ccc(S(=O)(=O)[O][Na])cc7C(=O)[O][Na])C6=O)cc5)cc4)cc3)cc2)C(=O)/C1=N\Nc1ccc(S(=O)(=O)[O][Na])cc1C(=O)[O][Na],0
O=C([O][Na])c1cc(/N=N/c2ccc(/C=C/c3ccc(/N=N/c4ccc(O)c(C(=O)[O][Na])c4)cc3S(=O)(=O)[O][Na])c(S(=O)(=O)[O][Na])c2)ccc1O,0
O=C([O][Na])c1cc(/N=N/c2ccc(CCc3ccc(/N=N/c4ccc(O)c(C(=O)[O][Na])c4)cc3S(=O)(=O)[O][Na])c(S(=O)(=O)[O][Na])c2)ccc1O,0
O=C([O][Na])c1cc(/N=N/c2ccc(Sc3ccc(/N=N/c4ccc(O)c(C(=O)[O][Na])c4)cc3S(=O)(=O)[O][Na])c(S(=O)(=O)[O][Na])c2)ccc1O,0
COS(=O)(=O)c1c(C)ccc2nc(-c3ccc(N/N=C(/C(C)=O)C(=O)Nc4ccccc4)cc3)sc12,0
COc1cc(/N=N/c2cc(S(=O)(=O)[O][Na])c3cccc(S(=O)(=O)[O][Na])c3c2)c(C)cc1Nc1nc(O)nc(Nc2cc(C)c(/N=N/c3cc(S(=O)(=O)[O][Na])c4cccc(S(=O)(=O)[O][Na])c4c3)cc2OC)n1,0
Cc1cc(Nc2nc(NCCO)nc(Nc3ccc(/N=N/c4cc(S(=O)(=O)[O][Na])c5cccc(S(=O)(=O)[O][Na])c5c4)c(C)c3)n2)ccc1/N=N/c1cc(S(=O)(=O)[O][Na])c2cccc(S(=O)(=O)[O][Na])c2c1,0
Cc1ccc2nc(-c3ccc(/N=N/Nc4ccc(-c5nc6ccc(C)c(S(=O)(=O)[O][Na])c6s5)cc4)cc3)sc2c1S(=O)(=O)[O][Na],0
Nc1ccc(/N=N/c2ccc(N)c3ccccc23)cc1,0
COc1cc(/N=N/c2ccc(N)cc2)c(C)cc1N,0
COc1cc(/N=N/c2ccc(C)cc2)c(OC)cc1N,0
COc1cc(N)ccc1/N=N/c1ccc(N)cc1,0
COc1cc(/N=N/c2ccc(N)cc2)c(OC)cc1N,0
COc1cc(/N=N/c2ccc([N+](=O)[O-])cc2)c(OC)cc1N,0
CN(C)c1ccc(/N=N/c2ccc(N)cc2)cc1,0
Nc1ccc(/N=N/c2cccc3ccccc23)c2ccccc12,0
COc1cc(N)ccc1/N=N/c1ccc(N(CCO)CCO)cc1C,0
COc1cc(-c2ccc(N)c(OC)c2)ccc1N,0
CN(C)c1ccc(/N=N/c2ccc(N)cc2Cl)cc1,0
Nc1ccc(/N=N/c2ccc(N(CCO)CCO)cc2)cc1,0
Nc1ccc(N)c2c1C(=O)c1c(N)ccc(N)c1C2=O,0
CCN(CC(O)CO)c1ccc(/N=N/c2ncc([N+](=O)[O-])s2)c(C)c1,0
Nc1ccc(O)c2c1C(=O)c1c(O)ccc(Nc3ccccc3)c1C2=O,0
CCN(CCC#N)c1ccc(/N=N/c2ncc([N+](=O)[O-])s2)c(C)c1,0
Cc1cc(N(CCO)CCO)ccc1/N=N/c1ncc([N+](=O)[O-])s1,0
N=C1C=C(Br)C(=O)c2c(N)ccc(O)c21,0
CC(=O)Nc1ccc(Nc2ccc(O)c3c2C(=O)c2ccccc2C3=O)cc1,0
COc1cc(N=Nc2ccc([N+](=O)[O-])cc2)c(OC)cc1N,0
Nc1ccc(O)c2c1C(=O)c1c(O)c(-c3ccc(O)cc3)cc(N)c1C2=O,0
COc1ccc(-c2cc(N)c3c(c2O)C(=O)c2c(N)ccc(O)c2C3=O)cc1,0
Nc1ccc(O)c2c1C(=O)c1c(Nc3ccccc3)ccc(O)c1C2=O,0
COCCOC(=O)CCNc1cc(NC(C)=O)c(/N=N/c2c(Br)cc([N+](=O)[O-])cc2[N+](=O)[O-])cc1OC,0
CCN(CCC(=O)OC)c1ccc(/N=N/c2ncc([N+](=O)[O-])s2)c(C)c1,0
CCCC(=O)Nc1cc(NCCOCCC#N)c(OC)cc1/N=N/c1c(Cl)cc([N+](=O)[O-])cc1[N+](=O)[O-],0
Cc1cc(-c2cc(O)c3c(c2N)C(=O)c2c(O)ccc(N)c2C3=O)ccc1O,0
CC(=O)Nc1cc(N(CCO)CCOCCO)ccc1/N=N/c1c(Br)cc([N+](=O)[O-])cc1C#N,0
COc1cc(/N=N/c2c(Cl)cc([N+](=O)[O-])cc2[N+](=O)[O-])c(NC(C)=O)cc1N(CCOC(C)=O)Cc1ccccc1,0
COc1cc(/N=N/c2c(Br)cc([N+](=O)[O-])cc2[N+](=O)[O-])c(NC(C)=O)cc1N(CCOC(C)=O)Cc1ccccc1,0
CC(C)Nc1ccc(NC(C)C)c2c1C(=O)c1ccccc1C2=O,0
CCOc1cc(/N=N/c2c(Br)cc([N+](=O)[O-])cc2[N+](=O)[O-])c(NC(C)=O)cc1N(CCOC(=O)OC)CCOC(=O)OC,0
CNc1ccc(NC)c2c1C(=O)c1ccccc1C2=O,0
CCOc1cc(/N=N/c2c(Br)cc([N+](=O)[O-])cc2[N+](=O)[O-])c(NC(C)=O)cc1N(CCC(=O)OC)CCC(=O)OC,0
CCCCOCCn1c(=N)c2c(N)c3c(=O)c4ccccc4c(=O)c3c(N)c2c1=O,0
Nc1ccc(O)c2c1C(=O)c1c(O)c(-c3ccc(COc4ccccc4)cc3)cc(N)c1C2=O,0
Cc1cc(O)ccc1-c1cc(N)c2c(c1O)C(=O)c1c(N)ccc(O)c1C2=O,0
CCOc1ccc(-c2cc(N)c3c(c2O)C(=O)c2c(N)ccc(O)c2C3=O)cc1,0
COc1cc(/N=N/c2c(Br)cc([N+](=O)[O-])cc2[N+](=O)[O-])c(NC(C)=O)cc1NCC(O)COc1ccccc1,0
COCC(O)CNc1cc(NCC(O)COc2ccccc2)c(OC)cc1/N=N/c1c(Br)cc([N+](=O)[O-])cc1[N+](=O)[O-],0
CCN(CCC(=O)OC)c1ccc(/N=N/c2snc3ccc([N+](=O)[O-])cc23)cc1,0
COc1ccc2nc(/N=N/c3cc4c(c5cccc(O)c35)NCC(O)C4)sc2c1,0
CCOC(=O)Oc1ccc(-c2cc(N)c3c(c2O)C(=O)c2c(N)ccc(O)c2C3=O)cc1,0
CCN(CC)c1ccc(/N=N/c2c(C#N)cc([N+](=O)[O-])cc2C#N)c(NC(C)=O)c1,0
Nc1ccc(O)c2c1C(=O)c1c(O)c(Oc3ccc(O)cc3)cc(N)c1C2=O,0
COc1ccc(Oc2cc(N)c3c(c2O)C(=O)c2c(N)ccc(O)c2C3=O)cc1,0
Oc1ccc(/N=N/c2ccc(/N=N/c3ccccc3)c3ccccc23)cc1,0
COc1cc(/N=N/c2c(Br)cc([N+](=O)[O-])cc2[N+](=O)[O-])c(NC(C)=O)cc1N(CCO)CCO,0
COc1cc(/N=N/c2c(Br)cc([N+](=O)[O-])cc2[N+](=O)[O-])c(NC(C)=O)cc1N(C(=O)CCCO)C(=O)CCCO,0
Nc1c2c(=O)c3ccccc3c(=O)c2c(N)c2c(=O)n(CCO)c(=O)c12,0
CCCCOC(=O)CCn1c(=O)c2c(N)c3c(=O)c4ccccc4c(=O)c3c(N)c2c1=O,0
O=C1c2ccccc2C(=O)c2c(Nc3ccccc3)ccc(O)c21,0
Cc1ccc(Nc2ccc(Nc3ccc(C)cc3)c3c2C(=O)c2ccccc2C3=O)cc1,0
Cc1ccc(Nc2ccc(O)c3c2C(=O)c2ccccc2C3=O)cc1,0
Nc1cc2c(=O)c3cc(Br)ccc3[nH]c2c2c1C(=O)c1ccccc1C2=O,0
CCC(=O)Nc1cc(N(CC)CC)ccc1/N=N/c1c(Br)cc([N+](=O)[O-])cc1C#N,0
CCC(C)Nc1ccc(N)c2c1C(=O)c1c(O)ccc([N+](=O)O)c1C2=O,0
Nc1ccc(Nc2ccccc2)c2c1C(=O)c1ccccc1C2=O,0
Nc1ccc(O)c2c1C(=O)c1c(O)ccc(Nc3ccc(Cl)cc3)c1C2=O,0
CCCCn1c(=N)c2c(N)c3c(=O)c4ccccc4c(=O)c3c(N)c2c1=O,0
CCCCC(O)Cn1c(=N)c2c(N)c3c(=O)c4ccccc4c(=O)c3c(N)c2c1=O,0
COCCCn1c(=N)c2c(N)c3c(=O)c4ccccc4c(=O)c3c(N)c2c1=O,0
N=C1C=C(Br)C(=O)c2c(N)cc(Br)c(O)c21,0
CCN(CCC(=O)OCCOC)c1cc(NC(C)=O)c(/N=N/c2c(Br)cc([N+](=O)[O-])cc2[N+](=O)[O-])cc1OC,0
C=CCN(Cc1ccccc1)c1ccc(/N=N/c2c(Br)cc([N+](=O)[O-])cc2C#N)c(NC(C)=O)c1,0
C=CCN(CCC(=O)OC)c1cc(NC(C)=O)c(/N=N/c2c(Br)cc([N+](=O)[O-])cc2[N+](=O)[O-])cc1OC,0
C=CCN(Cc1ccccc1)c1cc(NC(C)=O)c(/N=N/c2c(Br)cc([N+](=O)[O-])cc2C#N)cc1OC,0
CCOCCOc1ccc(-c2cc(N)c3c(c2O)C(=O)c2c(N)ccc(O)c2C3=O)cc1,0
CNc1ccc(O)c2c1C(=O)c1ccccc1C2=O,0
CCN(CC)c1cc(NC(C)=O)c(/N=N/c2c(I)cc([N+](=O)[O-])cc2C#N)cc1OC,0
CCN(CC)c1ccc(/N=N/c2c(I)cc([N+](=O)[O-])cc2C#N)c(NC(C)=O)c1,0
O=C1c2ccccc2C(=O)c2c(NCCO)ccc(NCCO)c21,0
CNc1ccc(Nc2ccccc2)c2c1C(=O)c1ccccc1C2=O,0
COCCN(CCOC)c1ccc(/N=N/c2c(Br)cc([N+](=O)[O-])cc2C#N)c(NC(C)=O)c1,0
N#CCCN(CCOC(=O)c1ccccc1)c1ccc(/N=N/c2ccc([N+](=O)[O-])cc2)cc1,0
Cc1cc(N(CCC#N)CCOC(=O)c2ccccc2)ccc1/N=N/c1ccc([N+](=O)[O-])cc1Cl,0
COCCNc1cc(NC(C)=O)c(/N=N/c2c(Cl)cc([N+](=O)[O-])cc2[N+](=O)[O-])cc1OCCOC,0
CNc1ccc(O)c2c1C(=O)c1c(O)ccc(NC)c1C2=O,0
COCCN(CCC(C)OC)c1ccc(/N=N/c2c(Cl)cc([N+](=O)[O-])cc2C#N)c(NC(C)=O)c1,0
COCCN(CCOC)c1cc(NC(C)=O)c(/N=N/c2c(Cl)cc([N+](=O)[O-])cc2C#N)cc1OC,0
O=C1c2c(O)ccc(Nc3ccc(CCO)cc3)c2C(=O)c2c([N+](=O)[O-])ccc(O)c21,0
COCCNc1cc(NC(C)=O)c(/N=N/c2c(Cl)cc([N+](=O)[O-])cc2C#N)cc1OCCOC,0
COCCOc1cc(/N=N/c2c(Cl)cc([N+](=O)[O-])cc2C#N)c(NC(C)=O)cc1N(CCOC)CCOC,0
Nc1c(C(=O)NCCO)cc(Nc2ccccc2)c2c1C(=O)c1ccccc1C2=O,0
COc1cc(/N=N/c2c(Br)cc([N+](=O)[O-])cc2[N+](=O)[O-])c(NC(C)=O)cc1NCCC#N,0
CCN(CCC#N)c1cc(NC(C)=O)c(/N=N/c2c(Br)cc([N+](=O)[O-])cc2[N+](=O)[O-])cc1OC,0
CCN(CC)c1cc(NC(C)=O)c(/N=N/c2c(Br)cc([N+](=O)[O-])cc2[N+](=O)[O-])cc1OC,0
CCNc1cc(NC(C)=O)c(/N=N/c2c(Br)cc([N+](=O)[O-])cc2[N+](=O)[O-])cc1OC,0
CC(=O)OCCN(CCOC(C)=O)c1ccc(/N=N/c2ncc([N+](=O)[O-])s2)cc1,0
CC(=O)OCCN(CCOC(C)=O)c1ccc(/N=N/c2c(C#N)cc([N+](=O)[O-])cc2C#N)c(C)c1,0
CC(=O)OCCN(CCOC(C)=O)c1ccc(/N=N/c2ncc([N+](=O)[O-])s2)c(C)c1,0
CC(O)Oc1ccc(Nc2ccc(O)c3c2C(=O)c2ccccc2C3=O)cc1,0
Nc1ccc(O)c2c1C(=O)c1c(O)c(OC(=O)c3ccccc3)cc(N)c1C2=O,0
CNc1ccc(NCCO)c2c1C(=O)c1ccccc1C2=O,0
COCCN(CCOC)c1cc(NC(C)=O)c(/N=N/c2c(Br)cc([N+](=O)[O-])cc2[N+](=O)[O-])cc1OC,0
CCN(Cc1ccccc1)c1ccc(/N=N/c2c(C#N)cc([N+](=O)[O-])cc2[N+](=O)[O-])c(NC(C)=O)c1,0
CCCCn1c(=O)c2c(N)c3c(=O)c4ccccc4c(=O)c3c(N)c2c1=O,0
COc1cc(Nc2nc(Nc3ccccc3)nc(NC(C)C)n2)c2c(c1N)C(=O)c1ccccc1C2=O,0
CCN(CC)c1ccc(/N=N/c2c(Br)cc([N+](=O)[O-])c3cnsc23)c(NC(=O)COc2ccccc2)c1,0
CCC(=O)Nc1cc2c(cc1/N=N/c1c(Br)cc([N+](=O)[O-])cc1[N+](=O)[O-])C(C)CC(C)(C)N2CC,0
CCOCCOCCN(CC)c1ccc(/N=N/c2c(C#N)cc([N+](=O)[O-])cc2C#N)c(NC(C)=O)c1,0
CCC(=O)Nc1cc2c(cc1/N=N/c1c(C#N)cc([N+](=O)[O-])cc1[N+](=O)[O-])C(C)CC(C)(C)N2CC,0
CCN(CC)c1ccc(/N=N/c2ncc([N+](=O)[O-])s2)cc1,0
CNc1ccc(NCCOCCO)c2c1C(=O)c1ccccc1C2=O,0
COCCCNc1ccc(/N=N/c2ccc([N+](=O)[O-])cc2C)c2c(O)cccc12,0
Cc1cc(N)c2c(c1O)C(=O)c1c(O)ccc(N)c1C2=O,0
CCCCCCN(CCCCCC)c1ccc(/C=C2/C(=C(C#N)C#N)c3ccccc3S2(=O)=O)c(C)c1,0
CCOC(=O)c1cc([N+](=O)[O-])sc1/N=N/c1ccc(N(C(=O)CC(C)=O)C(=O)CC(C)=O)cc1C,0
CCCCn1nnc(-c2c(N)c3c(c(N)c2C#N)C(=O)c2ccccc2C3=O)n1,0
CCCCN(CCCc1ccccc1)c1ccc(C2=C(C#N)C(=C(C#N)C#N)NC2=O)cc1,0
CCN(CC)c1ccc(/N=N/c2c(C#N)cc([N+](=O)[O-])cc2C#N)c(C)c1,0
O=C1c2ccccc2C(=O)c2c(NCCCO)ccc(NCCO)c21,0
O=[N+]([O-])c1ccc(/N=N/c2cc3c(c4cccc(O)c24)NCC(O)C3)c(Cl)c1,0
NOS(=O)c1cccc(Nc2ccc(O)c3c2C(=O)c2c(O)ccc(N)c2C3=O)c1,0
CNc1cc(C(N)=O)c(N)c2c1C(=O)c1ccccc1C2=O,0
Nc1ccc(O)c2c1C(=O)c1c(Nc3ccc(CCO)cc3)ccc(O)c1C2=O,0
O=C1c2c(O)ccc([N+](=O)[O-])c2C(=O)c2c(O)ccc(Nc3ccccc3)c21,0
Nc1ccc(O)c2c1C(=O)c1c(O)c(Br)cc(N)c1C2=O,0
NC(=O)c1cc(NC2CCCCC2)c2c(c1N)C(=O)c1ccccc1C2=O,0
COCCCn1c(=O)c2c(N)c3c(=O)c4ccccc4c(=O)c3c(N)c2c1=O,0
COc1ccc(Nc2ccc(Nc3ccc(OC)cc3)c3c2C(=O)c2ccccc2C3=O)cc1,0
COc1ccc(Nc2ccc(Nc3ccc(O)cc3)c3c2C(=O)c2ccccc2C3=O)cc1,0
COc1ccc(Nc2ccc(O)c3c2C(=O)c2ccccc2C3=O)cc1CCO,0
O=C1c2c(O)ccc(O)c2C(=O)c2c(NCCO)ccc(NCCO)c21,0
CCOc1cc(/N=N/c2c(Br)cc([N+](=O)[O-])cc2[N+](=O)[O-])c(NC(C)=O)cc1N(CCOC(C)=O)CCOC(C)=O,0
CCOc1cc(/N=N/c2c(Cl)cc([N+](=O)[O-])cc2[N+](=O)[O-])c(NC(C)=O)cc1N(CCOC(C)=O)CCOC(C)=O,0
O=C1c2c(O)ccc(Nc3ccccc3)c2C(=O)c2c([N+](=O)[O-])ccc(O)c21,0
O=C1c2ccccc2C(=O)c2c(Nc3cccc(CO)c3)ccc(O)c21,0
Nc1ccc(O)c2c1C(=O)c1c(N)cc(Br)c(O)c1C2=O,0
Nc1ccc(O)c2c1C(=O)c1c(O)ccc([N+](=O)[O-])c1C2=O,0
O=[N+]([O-])c1cc(Cl)c(/N=N/c2ccc(NCCO)c3ccccc23)c([N+](=O)[O-])c1,0
COc1ccc(Nc2ccc(N)c3c2C(=O)c2ccccc2C3=O)cc1,0
COc1cc(/N=N/c2c(Br)cc([N+](=O)[O-])cc2[N+](=O)[O-])c(NC(C)=O)cc1N(CCO)CCC#N,0
Nc1c(OCCCCCCO)cc(O)c2c1C(=O)c1ccccc1C2=O,0
Cc1cc(O)c2c(c1N)C(=O)c1c(O)ccc(N)c1C2=O,0
O=[N+]([O-])c1cc(Cl)c(/N=N/c2ccc(N(CCCO)CCCO)cc2Cl)c(Cl)c1,0
COC(=O)OCCN(CCOC(=O)OC)c1ccc(/N=N/c2c(Cl)cc([N+](=O)[O-])cc2Cl)c(C)c1,0
COC(=O)OCCN(CCOC(=O)OC)c1ccc(/N=N/c2c(Cl)cc([N+](=O)[O-])cc2Cl)cc1,0
COCCNc1cc(NCCOC)c(/N=N\c2cccc3c2C(=O)c2ccccc2C3=O)c(C)c1C#N,0
Cc1cc(N(C)CCO)ccc1/N=N/c1c(Cl)cc([N+](=O)[O-])cc1Cl,0
O=C(O)c1cc([N+](=O)[O-])c(Nc2ccc(Nc3ccccc3)cc2)c([N+](=O)[O-])c1,0
O=[N+]([O-])c1cc(Cl)c(/N=N/c2ccc(N(CCO)CCO)cc2Cl)c(Br)c1,0
N=c1cc/c(=N\c2ccc(OCc3ccccc3)cc2)c2c(=O)ccc(=O)c1=2,0
CNc1ccc(Nc2ccc(N)cc2)c2c1C(=O)c1ccccc1C2=O,0
O=C1c2c(O)ccc(O)c2C(=O)c2c(Nc3ccccc3)ccc(Nc3ccccc3)c21,0
O=C1c2ccccc2C(=O)c2c(Nc3ccccc3)ccc(Nc3ccccc3)c21,0
CCN(CC)c1ccc(/N=N/c2sc([N+](=O)[O-])cc2[N+](=O)[O-])c(NC(C)=O)c1,0
O=[N+]([O-])c1ccc(/N=N/c2ccc(Nc3ccccc3)cc2)cc1,0
CCN(CCO)c1ccc(/N=N/c2ccc(S(N)(=O)=O)cc2)cc1,0
Cc1ccc2c(c1N)C(=O)c1ccccc1C2=O,0
O=C(OCCSc1cc(O)c2c(c1O)C(=O)c1ccccc1C2=O)c1ccccc1,0
COC(=O)CCN(CCC(=O)OC)c1ccc(/N=N/c2ccc(C(=O)OC)cc2)c(NC(C)=O)c1,0
CCN(Cc1ccccc1)c1ccc(/N=N/c2ccc(S(C)(=O)=O)cc2Cl)c(NC(C)=O)c1,0
O=[N+]([O-])c1ccc(/N=N/c2ccc(NCCO)c(Cl)c2)cc1,0
COc1ccc(Nc2ccc(Cl)cc2[N+](=O)[O-])cc1,0
CC(=O)OCCN(CCOC(C)=O)c1ccc(/N=N/c2ccc([N+](=O)[O-])cc2)c(Cl)c1,0
CCN(CCO)c1ccc(/N=N/c2cc(Cl)c([N+](=O)[O-])cc2Cl)cc1,0
O=[N+]([O-])c1cc(Cl)c(/N=N/c2ccc(N(CCO)CCO)cc2)c(Cl)c1,0
COc1cc(/N=N/c2ccccc2)c(C)cc1/N=N/c1ccc(O)cc1,0
COc1c(C)cc(/N=N/c2ccccc2)cc1N=Nc1ccc(O)cc1,0
COc1cc(/N=N/c2ccc([N+](=O)[O-])cc2)c(C)cc1/N=N/c1ccc(O)cc1,0
CCN(CCC#N)c1ccc(/N=N/c2ccc([N+](=O)[O-])cc2)cc1,0
COc1cc(/N=N/c2ccc([N+](=O)[O-])cc2)ccc1/N=N/c1ccc(O)cc1,0
Nc1ccc(/N=N/c2ccc([N+](=O)[O-])cc2)cc1,0
CC(=O)OCCN(CCC#N)c1ccc(/N=N/c2c(Cl)cc([N+](=O)[O-])cc2Cl)cc1,0
CC(=O)OCCN(CCC#N)c1ccc(/N=N/c2ccc([N+](=O)[O-])cc2)cc1,0
COCCCN1C(=O)c2ccc3c(=O)n4c5cc(C)ccc5nc4c4ccc(c2c34)C1=O,0
CCCCN(CCC#N)c1ccc(/N=N/c2ccc([N+](=O)[O-])cc2)cc1,0
CCN(CCC#N)c1ccc(/N=N/c2c(Cl)cc([N+](=O)[O-])cc2Cl)cc1,0
COc1cc(/N=N/c2ccc(OCCO)cc2)c(C)cc1/N=N/c1ccc(O)cc1,0
N#CCCNc1ccc(/N=N/c2c(Cl)cc([N+](=O)[O-])cc2Cl)c(Cl)c1,0
COc1ccc(NC(=O)c2cc3ccccc3c(/N=N/c3ccccc3)c2O)cc1,0
N#CCCN(CCC#N)c1ccc(/N=N/c2ccc([N+](=O)[O-])cc2Cl)cc1,0
N#CCCN(CCOC(=O)Nc1ccccc1)c1ccc(/N=N/c2ccc([N+](=O)[O-])cc2)cc1,0
CN(CCO)c1ccc(/N=N/c2c(Cl)cc([N+](=O)[O-])cc2Cl)cc1,0
CCN(CCC#N)c1ccc(/N=N/c2c(Cl)cc(S(=O)(=O)N(C)C)cc2Cl)cc1,0
CCN(CCO)c1ccc(/N=N/c2c(Cl)cc(S(=O)(=O)N(C)C)cc2Cl)cc1,0
CC(=O)OCCN(CCOC(C)=O)c1ccc(/N=N/c2ccc(/N=N/c3ccc([N+](=O)[O-])cc3)c(Cl)c2)cc1,0
CCN(CCC#N)c1ccc(/N=N/c2ccc(S(C)(=O)=O)cc2Cl)c(C)c1,0
Cc1cc(/N=N/c2ccc(/N=N/c3ccc(O)c(C)c3)c(Cl)c2)ccc1O,0
Cc1cc(/N=N/c2ccc(/N=N/c3ccc(O)cc3C)cc2)ccc1O,0
CC1=NN(c2ccccc2)C(=N)/C1=N\Nc1ccc([N+](=O)[O-])cc1[N+](=O)[O-],0
Cc1cc(N(CCC#N)CCN2C(=O)C=CC2=O)ccc1/N=N/c1ccc([N+](=O)[O-])cc1,0
CN(CCC#N)c1ccc(/N=N/c2c(Br)cc([N+](=O)[O-])cc2Br)cc1,0
Cc1cc(N(CCC#N)CCOC(=O)c2ccccc2)ccc1/N=N/c1c(Cl)cc([N+](=O)[O-])cc1Cl,0
CC(=O)Nc1ccc(/N=N/c2ccc(/N=N/c3ccc(O)cc3)cc2C)cc1,0
N#CCCN(CCC#N)c1ccc(/N=N/c2c(Cl)cc([N+](=O)[O-])cc2Cl)cc1,0
Cc1cc(/N=N/c2ccc([N+](=O)[O-])cc2)c(C)cc1N,0
CC1=NN(c2ccccc2)C(=O)/C1=N\Nc1ccc(/N=N/c2ccccc2)cc1,0
N#CCCN(CCOC(=O)Cc1ccccc1)c1ccc(/N=N/c2ccc([N+](=O)[O-])cc2)cc1,0
N#CCCN(CCO)c1ccc(/N=N/c2c(Cl)cc([N+](=O)[O-])cc2Cl)cc1,0
CC(=O)OCCN(CCOC(C)=O)c1ccc(/N=N/c2c(Cl)cc([N+](=O)[O-])cc2Cl)cc1,0
N#CCCOCCN(CCC#N)c1ccc(/N=N/c2ccc([N+](=O)[O-])cc2)cc1,0
CC(=O)OCCN(CCOC(C)=O)c1ccc(/N=N/c2c(Cl)cc([N+](=O)[O-])cc2Cl)c(Cl)c1,0
CCN(CCC#N)c1ccc(/N=N/c2cc(Cl)c(S(=O)(=O)N(C)C)cc2Cl)cc1,0
O=[N+]([O-])c1ccc(Nc2ccc(/N=N/c3c(Cl)cc([N+](=O)[O-])cc3Cl)cc2)cc1,0
CCN(CCO)c1ccc(/N=N/c2ccc([N+](=O)[O-])cc2)cc1,0
CCN(CCC#N)c1ccc(/N=N/c2ccc([N+](=O)[O-])cc2Cl)cc1,0
COC(=O)CCN(CCC#N)c1ccc(/N=N/c2ccc([N+](=O)[O-])cc2Cl)cc1,0
N#Cc1cc([N+](=O)[O-])ccc1/N=N/c1ccc(N(CCO)CCO)cc1,0
CCN(CCO)c1ccc(/N=N/c2ccc(S(C)(=O)=O)cc2Cl)c(C)c1,0
COc1cc(N)c2c(c1N)C(=O)c1ccccc1C2=O,0
CC(=O)OCCN(CCOC(C)=O)c1ccc(/N=N/c2ccc([N+](=O)[O-])cc2OC(C)=O)cc1,0
CCN(CCC#N)c1ccc(/N=N/c2nc3ccc(S(C)(=O)=O)cc3s2)cc1,0
O=[N+]([O-])c1cc(Br)c(/N=N/c2ccc(N(CCO)CCO)cc2Cl)c(Br)c1,0
Cc1cc(N(CCO)CCO)ccc1/N=N/c1ccc(S(N)(=O)=O)cc1C,0
Nc1ccc(Sc2nc3ccccc3s2)c2c1C(=O)c1ccccc1C2=O,0
CN(C)S(=O)(=O)c1cccc2c(/N=N/c3ccc([N+](=O)[O-])cc3)c(N)ccc12,0
Nc1ccc2c(S(N)(=O)=O)cccc2c1/N=N/c1ccc([N+](=O)[O-])cc1,0
C#CCCN(CCOC(=O)c1ccccc1)c1ccc(/N=N/c2ccc([N+](=O)[O-])cc2Cl)cc1,0
C#CCCN(CCO)c1ccc(/N=N/c2ccc([N+](=O)[O-])cc2O)cc1C,0
COC(=O)CCc1ccc(Oc2cc(O)c3c(c2N)C(=O)c2ccccc2C3=O)c(C)c1,0
C#CCCN(CCO)c1ccc(/N=N/c2ccc([N+](=O)[O-])cc2Cl)c(C)c1,0
Cc1cc(N(CCO)CCO)ccc1/N=N/c1ccc([N+](=O)[O-])cc1Cl,0
Cc1cc(N(CCO)CCO)ccc1/N=N/c1c(C)cc([N+](=O)[O-])cc1Br,0
CCN(CCO)c1ccc(/N=N/c2ccc([N+](=O)[O-])cc2Cl)cc1,0
CSc1ccc(Oc2cc(O)c3c(c2N)C(=O)c2ccccc2C3=O)cc1,0
C#Cc1cc([N+](=O)[O-])ccc1/N=N/c1ccc(N(CCC(=O)OC)CCC(=O)OC)cc1,0
CC(=O)OCCN(CCOC(C)=O)c1ccc(/N=N/c2ccc([N+](=O)[O-])cc2)c(NC(=O)c2ccccc2)c1,0
CCN(CCC#N)c1ccc(/N=N/c2nc3ccc([N+](=O)[O-])cc3s2)c(C)c1,0
CS(=O)(=O)c1ccc2nc(/N=N/c3ccc(N(CCO)CCC#N)cc3)sc2c1,0
CC(=O)OCCN(CCOC(C)=O)c1ccc(/N=N/c2ccc([N+](=O)[O-])cc2C)c(NC(=O)c2ccccc2)c1,0
Cc1ccccc1/N=N/c1ccc(/N=N/c2c(O)ccc3ccccc23)c(C)c1,0
CCN(CCC#N)c1ccc(/N=N/c2nc3ccc([N+](=O)[O-])cc3s2)cc1,0
COc1ccc(Oc2cc(O)c3c(c2N)C(=O)c2ccccc2C3=O)cc1,0
Nc1ccc(O)c2c1C(=O)c1ccccc1C2=O,0
CC(=O)OCCN(C)S(=O)(=O)c1ccc2c(/N=N/c3ccc(/N=N/c4ccccc4)cc3)c(O)ccc2c1,0
CCN(CCC#N)c1ccc(/N=N/c2nc3cc(Cl)c(Cl)c(Cl)c3s2)c(C)c1,0
CCN(CCC#N)c1ccc(/N=N/c2nc3ccc(Cl)c(Cl)c3s2)c(C)c1,0
CCC(=O)OOCCN(CCC#N)c1ccc(/N=N/c2nc3ccc([N+](=O)[O-])cc3s2)cc1,0
Cc1cc(N(CCO)CCC#N)ccc1/N=N/c1nc2ccccc2s1,0
CC(=O)Nc1cc(N(CCO)CCC#N)ccc1/N=N/c1ccc([N+](=O)[O-])cc1Cl,0
CC(=O)OCCN(CCOC(C)=O)c1ccc(/N=N/c2ccc([N+](=O)[O-])cc2)c(C)c1,0
Cc1cc(N(CCO)CCO)ccc1/N=N/c1ccc([N+](=O)[O-])cc1O,0
N#CCCN(CCOC(=O)COc1ccccc1)c1ccc(/N=N/c2ccc([N+](=O)[O-])cc2C#N)cc1,0
Nc1c(Oc2ccc(O)cc2)cc(O)c2c1C(=O)c1ccccc1C2=O,0
CCOC(=O)Oc1ccc(Oc2cc(O)c3c(c2N)C(=O)c2ccccc2C3=O)cc1,0
CCCCCCCCc1ccc(Oc2cc(O)c3c(c2N)C(=O)c2ccccc2C3=O)cc1,0
CCC(=O)Nc1cc(N(CCOC(C)=O)CCOC(C)=O)ccc1/N=N/c1ccc([N+](=O)[O-])cc1Cl,0
CC(=O)Nc1cc(N(CCOC(C)=O)CCOC(C)=O)ccc1/N=N/c1ccc([N+](=O)[O-])cc1Cl,0
Cc1cc([N+](=O)[O-])ccc1/N=N/c1ccc(N(CCC#N)CCOCCC#N)cc1,0
Cc1cc(N(CCO)CCO)ccc1/N=N/c1ccc([N+](=O)[O-])cc1,0
CC(=O)OCCN(CCC#N)c1ccc(/N=N/c2nc3ccc([N+](=O)[O-])cc3s2)cc1,0
CCN(CCC#N)c1ccc(/N=N/C2Nc3ccc([N+](=O)[O-])cc3S2)c(OC)c1,0
CCN(CCC#N)c1ccc(/N=N/c2nc3c(Br)cc(Br)cc3s2)cc1,0
N#CCCN(CCc1ccccc1)c1ccc(/N=N/c2ccc([N+](=O)[O-])cc2Br)cc1,0
N#CCCN(CCc1ccccc1)c1ccc(/N=N/c2ccc([N+](=O)[O-])cc2C#N)cc1,0
COCCCn1c(=O)c2cc(OC)c3sc4ccccc4c4c([N+](=O)[O-])cc(c1=O)c2c34,0
CCN(CC)c1ccc2cc(-c3cc4ccccc4c(=O)[nH]3)c(=O)oc2c1,0
CC(=O)OCCN(CCC#N)c1ccc(/N=N/c2ccc([N+](=O)[O-])cc2C#N)c(C)c1,0
Cc1ccc(OC(=O)Oc2ccc(Oc3cc(O)c4c(c3N)C(=O)c3ccccc3C4=O)cc2)cc1,0
O=[N+]([O-])c1ccc(/N=N/c2ccc(N(CCO)CCO)cc2)cc1,0
CC(=O)Oc1ccc(Oc2cc(O)c3c(c2N)C(=O)c2ccccc2C3=O)cc1,0
Nc1c(OCCCc2ccccc2)cc(O)c2c1C(=O)c1ccccc1C2=O,0
Nc1c(OCCc2ccccc2)cc(O)c2c1C(=O)c1ccccc1C2=O,0
CCOC(=O)c1n[nH]c(O)c1C1=Nc2cccc3cccc1c23,0
CCOCC(CNc1ccc(/N=N/c2ccc([N+](=O)[O-])cc2Cl)c(NC(C)=O)c1)OC(C)=O,0
CCOCC(O)CN(CC(O)COCC)c1ccc(/N=N/c2ccc([N+](=O)[O-])cc2Cl)c(NC(C)=O)c1,0
Cc1cc(Cl)cc2c1C(=O)/C(=C1/Sc3c(Cl)cc(Cl)c(C)c3C1=O)S2,0
CCN(CC(O)CO)c1ccc(/N=N/c2ccc([N+](=O)[O-])cc2)cc1,0
COc1ccc(NC(=O)c2cc3ccccc3c(/N=N/c3ccc(C)cc3)c2O)cc1,0
CC(=O)Nc1cc(N(CCC#N)CCOC(C)=O)ccc1/N=N/c1ccc([N+](=O)[O-])cc1Cl,0
C#Cc1cc([N+](=O)[O-])ccc1/N=N/c1ccc(N(CCC#N)CCOC(=O)C(C)C)cc1,0
C#Cc1cc([N+](=O)[O-])ccc1/N=N/c1ccc(N(CCC#N)CCOC(C)=O)cc1,0
CCN(CCC#N)c1ccc(/N=N/c2nc3ccc(Cl)cc3s2)c(NC(C)=O)c1,0
Nc1c(Oc2ccc(Br)cc2)cc(O)c2c1C(=O)c1ccccc1C2=O,0
CCN(CC)c1ccc(/N=N/c2ccc(S(C)(=O)=O)cc2Cl)c(NC(C)=O)c1,0
O=C1c2ccccc2C(=O)c2c(Nc3ccccc3)cccc21,0
CCOc1ccccc1NC(=O)c1cc2ccccc2c(/N=N/c2ccc(Cl)cc2C)c1O,0
COCCCC1C(=O)c2cccc3c(O)c(/N=N/c4cccc(Cl)c4)cc(c23)C1=O,0
C#CCCN(SCC)c1ccc(/N=N/c2nc(CC)cs2)cc1,0
C#CCCN(SCC)c1ccc(/N=N/c2nc(CCC(=O)OC)cs2)cc1,0
C#CCCN(SCCC(=O)OC)c1ccc(/N=N/c2nc(CCC(=O)OC)cs2)cc1,0
C#CCCN(SCCC(=O)OC)c1ccc(/N=N/c2nc(CC)cs2)cc1,0
N#CCCN(CCOc1ccccc1)c1ccc(/N=N/c2ccc([N+](=O)[O-])cc2)c(Cl)c1,0
CCOC(=O)CCN(CCC(=O)OCC)c1ccc(/N=N/c2ccc([N+](=O)[O-])cc2Cl)c(NC(C)=O)c1,0
CCOCCOCCN(CCC#N)c1ccc(/N=N/c2ccc([N+](=O)[O-])cc2Cl)c(NC(C)=O)c1,0
CCN(CC)c1cccc2cc3c(oc12)c(C#N)c(=N)n1c2ccccc2nc31,0
COC(=O)CCN(CCC(=O)OC)c1ccc(/N=N/c2ccc([N+](=O)[O-])cc2)c(NC(C)=O)c1,0
Cc1c(C#N)c(NCCO)nc(NCCCOCCOc2ccccc2)c1/N=N/c1ccc([N+](=O)[O-])cc1C#N,0
Cc1c(C#N)c(NCCCOCCOc2ccccc2)nc(NCCCOCCOc2ccccc2)c1/N=N/c1ccc([N+](=O)[O-])cc1C#N,0
Cc1c(C#N)c(NCCO)nc(NCCO)c1/N=N/c1ccc([N+](=O)[O-])cc1C#N,0
Cc1c(C#N)c(NCCCOCCOc2ccccc2)nc(NCCO)c1/N=N/c1ccc([N+](=O)[O-])cc1C#N,0
COC(=O)COc1ccc(Oc2cc(O)c3c(c2N)C(=O)c2ccccc2C3=O)cc1,0
CCOC(=O)COc1ccc(Oc2cc(O)c3c(c2N)C(=O)c2ccccc2C3=O)cc1,0
O=C1c2ccccc2C(=O)c2c(NCCO)cccc21,0
O=[N+]([O-])c1ccc(/N=N/c2ccc(N(CCO)CCO)cc2)c(Cl)c1,0
COc1c(-c2ccccc2)c(=O)c2ccc3sc4ccccc4c4ccc1c2c34,0
COc1c(-c2ccccc2)c(=O)c2ccc3c4ccccc4sc4ccc1c2c43,0
CCN(CCN1C(=O)CCC1=O)c1ccc(/N=N/c2ccc([N+](=O)[O-])cc2Cl)c(NC(C)=O)c1,0
CCN(CCN1C(=O)CCC1=O)c1ccc(/N=N/c2ccc([N+](=O)[O-])cc2)c(NC(C)=O)c1,0
COc1cc(/N=N/c2ccc([N+](=O)[O-])cc2)c(C)cc1N,0
C#Cc1cc([N+](=O)[O-])ccc1/N=N/c1ccc(N(CCOC(=O)OCC)CCOC(=O)OCC)cc1Cl,0
CC(=O)Nc1cccc2ccc(O)c(/N=N/c3ccc([N+](=O)[O-])cc3)c12,0
CCCN(CCC)c1ccc(/N=N/c2nnc(SCC)s2)c(NC(C)=O)c1,0
CCSc1nnc(/N=N/c2ccc(N(CC)Cc3ccccc3)cc2NC(C)=O)s1,0
CCNc1cc(NC(C)=O)c(/N=N/c2nnc(SCC)s2)cc1C,0
CCCN(CCC)c1ccc(/N=N/c2c(C#N)cc(C)cc2C#N)c(NS(=O)OC)c1,0
C#Cc1cc([N+](=O)[O-])ccc1/N=N/c1ccc(N(CCOC(C)=O)CCOC(C)=O)cc1NC(C)=O,0
CCCOc1ccc(C2=c3cc4c(cc3CC2=O)=C(c2ccccc2)C(=O)O4)cc1,0
O=C1c2ccccc2SC1C1Sc2ccccc2C1=O,0
CCOC(COC(C)=O)Oc1ccc(C2=c3cc4c(cc3OC2=O)=C(c2ccccc2)C(=O)O4)cc1,0
COc1cc(O)c2c(c1N)C(=O)c1ccccc1C2=O,0
COc1cc([N+](=O)[O-])ccc1/N=N/c1ccc(N(C)C)cc1,0
N#CCCN(CCO)c1ccc(/N=N/c2ccc([N+](=O)[O-])cc2Cl)cc1,0
COCCOCCOc1cc(O)c2c(c1N)C(=O)c1ccccc1C2=O,0
CC(=O)OCCN(CCC#N)c1ccc(/N=N/c2ccc([N+](=O)[O-])cc2Cl)cc1,0
Nc1c(OCCO)cc(O)c2c1C(=O)c1ccccc1C2=O,0
COc1ccc2nc(/N=N/c3ccc(N(CCO)CCO)cc3)sc2c1,0
CCOCCOc1cc(O)c2c(c1N)C(=O)c1ccccc1C2=O,0
NS(=O)(=O)c1ccc(/N=N/c2ccc(NCCO)c3ccccc23)cc1,0
Nc1c(Oc2ccccc2)cc(O)c2c1C(=O)c1ccccc1C2=O,0
Nc1ccc(/N=N/c2ccc([N+](=O)[O-])cc2)c(N)c1,0
CCOc1ccc2nc(/N=N/c3ccc(N(CCO)CCO)cc3)sc2c1,0
CCN(CCC#N)c1ccc(/N=N/c2ccc([N+](=O)[O-])cc2Cl)c(C)c1,0
O=[N+]([O-])c1ccc(/N=N/c2ccc(N(CCO)CCO)cc2Cl)cc1,0
Nc1cc(SCCO)c(N)c2c1C(=O)c1ccccc1C2=O,0
CCN(CCC#N)c1ccc(/N=N/c2ccc([N+](=O)[O-])cc2C#N)cc1,0
CC(=O)Nc1cc(N(CCOC(C)=O)CCOC(C)=O)ccc1/N=N/c1ccc([N+](=O)[O-])cc1,0
CCC(=O)Nc1cc(N(CCOC(C)=O)CCOC(C)=O)ccc1/N=N/c1ccc([N+](=O)[O-])cc1,0
Nc1c(Oc2ccc(Cl)cc2)cc(O)c2c1C(=O)c1ccccc1C2=O,0
CCN(CCOC(C)=O)c1ccc(/N=N/c2ccc([N+](=O)[O-])cc2S(C)(=O)=O)cc1,0
CCN(CCO)c1ccc(/N=N/c2ccc([N+](=O)[O-])cc2[N+](=O)[O-])cc1,0
CC(=O)OCCN(CCOC(C)=O)c1ccc(/N=N/c2ccc([N+](=O)[O-])cc2C#N)cc1,0
COc1cc(NS(=O)(=O)c2ccc(C)cc2)c2c(c1N)C(=O)c1ccccc1C2=O,0
CCN(CCO)c1ccc(/N=N/c2nc3ccc(S(C)(=O)=O)cc3s2)c(C)c1,0
CCN(CCC#N)c1ccc(/N=N/c2nc3ccc(S(C)(=O)=O)cc3s2)c(C)c1,0
CNc1cccc2c1C(=O)c1ccccc1C2=O,0
COC(=O)CCN(CCC#N)c1ccc(/N=N/c2ccc([N+](=O)[O-])cc2C#N)cc1,0
C=S(=C)(NCCCOCC)c1ccc(Oc2cc(O)c3c(c2N)C(=O)c2ccccc2C3=O)cc1,0
N#CCCN(CCO)c1ccc(/N=N/c2ccc([N+](=O)[O-])cc2[N+](=O)[O-])cc1,0
CCN(CCO)c1ccc(/N=N/c2ccc([N+](=O)[O-])cc2)c(C)c1,0
Nc1ccc(N)c2c1C(=O)c1ccccc1C2=O,0
CCCCN(CCO)c1ccc(/N=N/c2ccc([N+](=O)[O-])cc2[N+](=O)[O-])cc1,0
CCCCN(CCO)c1ccc(/N=N/c2ccc([N+](=O)[O-])cc2[N+](=O)[O-])c(C)c1,0
Nc1c(Br)cc(O)c2c1C(=O)c1ccccc1C2=O,0
CCCCN(CCO)c1ccc(/N=N/c2c(Br)cc([N+](=O)[O-])cc2[N+](=O)[O-])c(C)c1,0
Nc1c(Oc2ccccc2)c(Oc2ccccc2)c(N)c2c1C(=O)c1ccccc1C2=O,0
Nc1c(Cl)c(Cl)c(N)c2c1C(=O)c1ccccc1C2=O,0
CC(=O)OCCN(CCOC(C)=O)c1ccc(/N=N/c2ccc([N+](=O)[O-])cc2C#N)c(C)c1,0
CCOCCCNS(=O)(=O)c1ccc(Sc2cc(O)c3c(c2N)C(=O)c2ccccc2C3=O)cc1,0
Nc1c(SCCO)cc(O)c2c1C(=O)c1ccccc1C2=O,0
Nc1c(Cl)c(Oc2ccccc2)c(N)c2c1C(=O)c1ccccc1C2=O,0
CNc1ccc(N)c2c1C(=O)c1ccccc1C2=O,0
Cc1cc(N(CCO)CCO)ccc1/N=N/c1nc2ccc(S(C)(=O)=O)cc2s1,0
Cc1cc(NCCC#N)ccc1Oc1cc(N)c2c(c1N)C(=O)c1ccccc1C2=O,0
N#CCCN(CCc1ccccc1)c1ccc(/N=N/c2ncc([N+](=O)[O-])s2)cc1,0
CCN(CCC#N)c1ccc(/N=N/c2ccc([N+](=O)[O-])cc2C#N)c(C)c1,0
COc1cc(/N=N/c2c(Cl)cc([N+](=O)[O-])cc2Cl)c(NC(C)=O)cc1N(CCOC(C)=O)CCOC(C)=O,0
CC(=O)Nc1ccc(N)c2c1C(=O)c1ccccc1C2=O,0
O=C(Nc1ccc(O)c2c1C(=O)c1c(O)ccc(NC(=O)c3ccccc3)c1C2=O)c1ccccc1,0
CCN(CC)c1ccc(/N=N/c2ccc([N+](=O)[O-])cc2C#N)c(NC(=O)CCl)c1,0
C=CCN(CC=C)c1ccc(/N=N/c2ccc([N+](=O)[O-])cc2C#N)c(NC(C)=O)c1,0
CCC(C)N1CC(O)Cc2cc(/N=N/c3c(Br)cc([N+](=O)[O-])cc3[N+](=O)[O-])c(C)cc21,0
COCCN(CCOC)c1ccc(/N=N/c2ccc([N+](=O)[O-])cc2C#N)c(NC(C)=O)c1,0
Nc1ccc(N)c2c1C(=O)c1cccc([N+](=O)[O-])c1C2=O,0
CC(=O)Nc1cc(N(CCOC(C)=O)CCOC(C)=O)ccc1/N=N/c1ccc([N+](=O)[O-])cc1[N+](=O)[O-],0
CCN(CC)c1ccc(/N=N/c2c(Br)cc([N+](=O)[O-])cc2[N+](=O)[O-])c(NC(C)=O)c1,0
O=[N+]([O-])c1ccc(Nc2ccc(O)cc2)c([N+](=O)[O-])c1,0
Cn1c(=O)c(/N=N/c2ccc([N+](=O)[O-])cc2)c(O)c2ccccc21,0
CCOC(=O)c1ccc(/N=N/c2c(C(=O)OCC)nn(-c3ccccc3)c2O)cc1,0
CC1=C(CN)C(O)=NC(=O)C1/N=N/c1ccc(S(=O)(=O)N(C)C)cc1,0
Cc1cc(O)ccc1/N=N/c1ccc(/N=N/c2ccc(O)cc2)c(Cl)c1,0
C=C1c2ccc3c4c(ccc(c24)C(=C)N1CCCOC)-c1ccccc1S3,0
O=[N+]([O-])c1cc(Cl)c(/N=N/c2ccc(N3C=CS(=O)(=O)C=C3)cc2)c(Cl)c1,0
CCN(Cc1ccccc1)c1ccc(/C=C(\CN)C(=O)OCCN(C)C)cc1,0
Cc1ccc(N2C(=O)c3cccc4c(N)ccc(c34)C2=O)c(C)c1,0
Cc1c(/N=N/c2cccc(OS(=O)(=O)c3ccccc3)c2)c(O)n(C)c(=O)c1CN,0
CCN(CCSc1nc2ccccc2s1)c1ccc(C=C(CN)CN)c(C)c1,0
CCn1c(O)c(/N=N/c2ccccc2[N+](=O)[O-])c(C)c(CN)c1=O,0
O=c1c2ccccc2[nH]c2c([N+](=O)[O-])ccc(Sc3ccccc3)c12,0
COc1ccc(/N=N/c2c(O)nc(=O)n(C)c2O)c([N+](=O)[O-])c1,0
O=C1OC(c2ccccc2)=N/C1=C/c1ccc(/C=C2/N=C(c3ccccc3)OC2=O)cc1,0
CCOC(=O)Nc1cc(N(CCOCCCN)CCOCCCN)c(OC)cc1/N=N/c1c(Cl)cc([N+](=O)[O-])cc1[N+](=O)[O-],0
CCOC(=O)Nc1cc(NCCOCCCN)c(OC)cc1/N=N/c1c(Cl)cc([N+](=O)[O-])cc1[N+](=O)[O-],0
CCn1c(O)c(/N=N/c2ccc(C(=O)OCCOCCOC)cc2)c(C)c(CN)c1=O,0
O=C(Nc1cccc2c1C(=O)c1ccccc1C2=O)c1cccc(C(=O)Nc2cccc3c2C(=O)c2ccccc2C3=O)c1,0
COc1ccc2c3c(cccc13)C(=O)c1ccccc1-2,0
Cc1c(/N=N/c2cc(Cl)ccc2Cl)c(O)[nH]c(=O)c1CN,0
CC(C)Nc1nc(N(C)C)nc2c1nnc1c3cc([N+](=O)[O-])ccc3nn21,0
O=[N+]([O-])c1ccc(Nc2ccccc2)c([N+](=O)[O-])c1,0
CC1=NN(c2ccccc2)C(=O)C1/N=N/c1ccccc1,0
O=C1c2ccccc2C(=O)C1c1nc2ccccc2cc1O,0
O=C1c2ccccc2C(=O)C1c1nc2ccccc2c(Br)c1O,0
COc1ccc2c3c1cccc3c(=O)n1c3cc(C)ccc3nc21,0
NCCCN(CCCN)c1ccc(/N=N/c2c(Cl)cc([N+](=O)[O-])cc2Cl)cc1,0
COCCCn1c(O)c(/N=N/c2ccc(OC(=O)OCc3ccccc3)cc2)c(C)c(CN)c1=O,0
Cc1ccc(Nc2cc(Cl)ccc2[N+](=O)[O-])cc1,0
COCCCN1C(=O)c2ccc3c(=O)n4c(nc5cccc(CN)c54)c4ccc(c2c34)C1=O,0
COc1ccc2nc3c4ccc(NC(C)=O)c5cccc(c(=O)n3c2c1)c54,0
CCN(CC)c1ccc2cc(-c3nc4ccccc4[nH]3)c(=O)oc2c1,0
CCN(CC)c1ccc2cc(-c3nc4cc(C)ccc4o3)c(=O)oc2c1,0
CCN(CC)c1ccc2cc(-c3nc4ccccc4c(=O)[nH]3)c(=O)oc2c1,0
COc1ccc2oc3ccc4c(=O)n(CC(C)=O)c(=O)c5ccc(c2c1)c3c45,0
O=c1c2ccccc2[nH]c2c([N+](=O)[O-])cccc12,0
CCn1c(O)c(/N=N/c2ccc(Cl)cc2[N+](=O)[O-])c(C)c(CN)c1=O,0
CC(=O)/C(=N\Nc1cccc2c1C(=O)c1ccccc1C2=O)C(=O)Nc1ccccc1,0
COc1ccc(NC(=O)C(/N=N\c2ccccc2-c2nc(-c3ccccc3)no2)C(C)=O)c(OC)c1,0
O=[N+]([O-])c1ccccc1Nc1ccc(Cl)cc1,0
CCOC(=O)COC(=O)c1ccc(/N=N/c2c(C)c(CN)c(=O)n(C)c2O)cc1,0
Oc1ccc(/N=N/c2ccc(/N=N/c3ccccc3)cc2)cc1,0
CCCCn1c(O)c(/N=N/c2ccc(C(=O)OCc3ccccc3)cc2)c(C)c(CN)c1=O,0
CCN(CC)c1ccc2cc(-c3nc4cc(Cl)ccc4o3)c(=O)oc2c1,0
Cc1c(/N=N/c2ccc(Cl)c(Cl)c2)c(O)n(C)c(=O)c1CN,0
CCNc1ccc2cc(-c3nc4cc(Cl)ccc4o3)c(=O)oc2c1,0
O=[N+]([O-])c1cc(Cl)ccc1Nc1ccccc1,0
CC(=O)Nc1ccc(/N=N/c2cc(C)ccc2O)cc1,0
CCCCN(CCCl)c1ccc(/C=C(\CN)C(=O)OCC)cc1,0
NS(=O)(=O)c1ccc(Nc2ccccc2)c([N+](=O)[O-])c1,0
CCOc1ccc(Nc2ccc(S(N)(=O)=O)cc2[N+](=O)[O-])cc1,0
CC(C)CNS(=O)(=O)c1ccc(Nc2ccccc2)c([N+](=O)[O-])c1,0
CN(C)c1ccc(C=C2Nc3ccccc3C2=O)cc1,0
Oc1nc2ccccc2c(O)c1/N=N/c1ccccc1,0
O=[N+]([O-])c1cc(S(=O)(=O)Nc2ccccc2)ccc1Nc1ccccc1,0
CCN(CCCOONc1ccccc1)c1ccc(C(C#N)C#N)c(C)c1,0
Cn1c(=O)c(/N=N/c2cccc([N+](=O)[O-])c2)c(O)c2ccccc21,0
Cc1ccc(O)c(/N=N/c2ccc(NC(=O)c3ccccc3)cc2)c1,0
CCCC(=O)Nc1cccc2c1C(=O)c1cccc3snc-2c13,0
O=c1[nH]c2ccccc2c(O)c1/N=N/c1ccc(/N=N/c2ccccc2)cc1,0
CC(=O)CCN1C(=O)c2ccc3c(=O)n4c5ccc(Cl)cc5nc4c4ccc(c2c34)C1=O,0
CCCCNS(=O)(=O)c1ccc(Nc2ccccc2)c([N+](=O)[O-])c1,0
Nc1ccc(Cc2ccc(N)c([N+](=O)[O-])c2)cc1[N+](=O)[O-],0
COC(=O)c1ccc(N=Nc2c(C)nn(-c3ccccc3)c2O)cc1,0
CCOC(=O)/C(=C/c1ccc(N(C)c2ccc(OCC)cc2)cc1)CN,0
COCCCN1C(=O)c2ccc3c(=O)n4c5cc(CN)ccc5nc4c4ccc(c2c34)C1=O,0
O=C1c2ccccc2C(=O)C1C1Nc2ccccc2C(Br)C1O,0
O=C(Nc1cccc2c1C(=O)c1cccc3snc-2c13)c1ccccc1,0
CC1=NN(C2C=CS(=O)(=O)C=C2)C(=O)C1/N=N/c1ccc([N+](=O)[O-])cc1Cl,0
CCNC(=O)c1ccc2c(c1)C(=O)C(c1nc3ccccc3cc1O)C2=O,0
CN(C)C(=O)c1ccc2c(c1)C(=O)C(c1nc3ccccc3cc1O)C2=O,0
Oc1ccc(/N=N/c2ccc(/N=N/c3ccc(O)cc3)cc2)cc1,0
Cc1cc(/N=N/c2ccc(/N=N/c3ccccc3)cc2)ccc1O,0
O=[N+]([O-])c1ccc(Nc2ccc(/N=N\c3ccc(O)c(-c4ccccc4)c3)cc2)c([N+](=O)[O-])c1,0
COc1ccc2c(c1)nc1c3cccc4cccc(c(=O)n21)c43,0
Cc1cc(/N=N\c2ccc(Nc3ccc(NS(=O)(=O)c4ccccc4)cc3[N+](=O)[O-])cc2)ccc1O,0
O=c1c2ccccc2c2cc3nc4ccccc4c(=O)n3c3cccc1c23,0
CC1=C(/N=N/c2ccc(C)cc2[N+](=O)[O-])C(=O)N=N1,0
CCN(CC)c1ccc2oc(=O)c(-c3nc4ccccc4[nH]3)cc2c1,0
NC(=O)C(/N=N/c1ccccc1[N+](=O)[O-])=C1Nc2ccccc2N1,0
CC1=NN(c2ccccc2)C(=O)C1/N=N/c1ccc(C(=O)OCc2ccccc2)cc1,0
CN1C(=O)C(/N=N/c2ccc(Cl)cc2[N+](=O)[O-])C(=O)N(c2ccccc2)C1=O,0
CCOc1ccc(Nc2ccc(S(=O)(=O)N(C)C)cc2[N+](=O)[O-])cc1,0
Cc1cc2c(cc1C=C(CN)CN)C(C)CC(C)(C)N2CCOC(=O)Nc1ccccc1,0
C=C(OCCOC)/C(=C/c1ccc(N(CCC)CCC(=O)OOCC)cc1)CN,0
Nc1ccc(Nc2ccc([N+](=O)[O-])cc2[N+](=O)[O-])cc1,0
CCN(CCOOCc1ccccc1)c1ccc(C=C(CN)CN)c(C)c1,0
COCCOc1nc(Nc2cccc3c2C(=O)c2ccccc2C3=O)nc(OCCOC)n1,0
CCN(CCOC(=O)c1ccc(C(=O)OC)cc1)c1ccc(C=C(CN)CN)c(C)c1,0
Oc1ccc2ccccc2c1/N=N/c1ccccc1,0
CC1=NN(CCOC(=O)Nc2ccccc2)C(=O)/C1=N\Nc1ccc([N+](=O)[O-])cc1Cl,0
O=C1C=Cc2ccccc2/C1=N/Nc1cc(S(=O)(=O)[O][Na])cc(N/N=C2\C(=O)C=Cc3ccccc32)c1O,0
Nc1ccc2c(O)c(/N=N/c3cc([N+](=O)[O-])ccc3O)c(S(=O)(=O)[O][Na])cc2c1/N=N/c1ccccc1C(=O)[O][Na],0
O=C1C=C(S(=O)(=O)[O][Na])c2cc([N+](=O)[O-])ccc2/C1=N/Nc1ccc2ccccc2c1O,0
O=C1c2ccccc2C(=O)c2c(Nc3ccc(S(=O)(=O)[O][Na])cc3)c(Nc3ccc(S(=O)(=O)[O][Na])cc3)cc(O)c21,0
O=C1C=Cc2ccccc2/C1=N/Nc1cc(S(=O)(=O)[O][Na])cc([N+](=O)[O-])c1O,0
O=C1C=Cc2ccccc2/C1=N/Nc1ccc(/N=N/c2cc(S(=O)(=O)[O][Na])cc(S(=O)(=O)[O][Na])c2O)c2ccccc12,0
O=C1C=Cc2ccccc2/C1=N/Nc1cc([N+](=O)[O-])cc([N+](=O)[O-])c1O,0
O=C1C=Cc2ccccc2/C1=N/Nc1cc(S(=O)(=O)[O][Na])cc(N/N=C2\C(=O)C=Cc3cc(S(=O)(=O)[O][Na])ccc32)c1O,0
O=C1/C(=N\Nc2cc(Cl)cc([N+](=O)[O-])c2O)C=Cc2c1cccc2S(=O)(=O)[O][Na],0
CC(=O)Nc1cccc2c1/C(=N/Nc1cc(Cl)cc(S(=O)(=O)[O][Na])c1O)C(=O)C=C2,0
O=C([O][Na])c1cc(/N=N/c2ccc(/N=N/c3cc(S(=O)(=O)[O][Na])c4ccccc4c3O)c3ccccc23)ccc1O,0
O=C([O][Na])c1cc(/N=N/c2ccc(/N=N/c3c(O)c(S(=O)(=O)[O][Na])cc4cc(S(=O)(=O)[O][Na])ccc34)c3cc(S(=O)(=O)[O][Na])ccc23)ccc1O,0
O=[N+]([O-])c1cc(S(=O)(=O)[O][Na])cc(/N=N/c2ccc3c(O)cccc3c2O)c1O,0
O=[N+]([O-])c1ccc(O)c(/N=N/c2c(S(=O)(=O)[O][Na])cc3cc(Nc4ccccc4)ccc3c2O)c1,0
O=C([O][Na])c1cc(/N=N/c2ccc(/N=N/c3ccc4c(S(=O)(=O)[O][Na])cccc4c3O)c3ccccc23)ccc1O,0
CCOC(=O)Nc1cc(S(=O)(=O)[O][Na])cc2ccc(O)c(/N=N/c3cc(Cl)cc(Cl)c3O)c12,0
O=[N+]([O-])c1cc(Cl)cc(/N=N/c2cc3c(O)cc(Nc4ccccc4)cc3cc2S(=O)(=O)[O][Na])c1O,0
O=S(=O)([O][Na])c1cc(Cl)cc(/N=N/c2ccc3c(O)cccc3c2O)c1O,0
Nc1ccc2c(O)c(/N=N/c3ccc(/N=N/c4cccc5c(O)cc(S(=O)(=O)[O][Na])cc45)c4ccc(S(=O)(=O)[O][Na])cc34)c(S(=O)(=O)[O][Na])cc2c1,0
O=C1/C(=N\Nc2cc(S(=O)(=O)[O][Na])ccc2O)C=Cc2c(O)cccc21,0
O=[N+]([O-])c1ccc(/N=N/c2c(S(=O)(=O)[O][Na])cc3cc(S(=O)(=O)[O][Na])cc(O)c3c2O)cc1,0
CC1=C/C(=C(\c2cc(C)c(O)c(C(=O)O)c2)c2c(Cl)cccc2Cl)C=C(C(=O)O)C1=O,0
CN(C)c1ccc2nc3c(C(=O)O)cc(O)c(O)c3[o+]c2c1.[Cl-],0
O=S(=O)([O][Na])c1cc(O)c2c(O)c(/N=N/c3cc(Cl)ccc3O)c(S(=O)(=O)[O][Na])cc2c1,0
CCN(CC)c1ccc2nc3c(C(N)=O)cc(O)c(O)c3[o+]c2c1.[Cl-],0
CC(=O)Nc1cc(S(=O)(=O)[O][Na])cc2cc(S(=O)(=O)[O][Na])c(/N=N/c3cc(Cl)ccc3O)c(O)c12,0
O=C1c2c(O)cc(O)c(O)c2C(=O)c2c(O)c(S(=O)(=O)[O][Na])c(O)c(O)c21,0
O=C1c2c(O)c(O)c(S(=O)(=O)[O][Na])c(O)c2C(=O)c2c(O)c(O)c(S(=O)(=O)[O][Na])c(O)c21,0
Nc1ccc2c(c1O)C(=O)c1c(O)ccc(O)c1C2=O,0
O=C1c2cc(S(=O)(=O)[O][Na])ccc2C(=O)c2c1c(O)c(O)c1nc(S(=O)(=O)[O][Na])ccc21,0
O=C([O][Na])C1=CC(=C(c2cc(C(=O)[O][Na])c(O)c3ccccc23)c2cc(C(=O)[O][Na])c(O)c3ccccc23)c2ccccc2C1=O,0
CC1=C/C(=C(\c2cc(C)c(O)c(C(=O)O)c2)c2c(Cl)ccc(S(=O)(=O)[O][Na])c2Cl)C=C(C(=O)O)C1=O,0
CC1=C/C(=C(\c2cc(C)c(O)c(C(=O)O)c2)c2ccccc2S(=O)(=O)[O][Na])C=C(C(=O)O)C1=O,0
O=S(=O)([O][Na])c1ccc(O)c(/N=N/c2c(S(=O)(=O)[O][Na])cc3cc(S(=O)(=O)[O][Na])cc(O)c3c2O)c1,0
O=C1c2c(O)cc(O)c(O)c2C(=O)c2c(O)cc(O)c(O)c21,0
CN(C)c1ccc(Nc2c(O)c(O)c3c(c2C(N)=O)Nc2ccc(N(C)C)cc2O3)cc1,0
COC(=O)c1c(Nc2ccc(N(C)C)cc2)c(O)c(O)c2c1Nc1ccc(N(C)C)cc1O2,0
CCN(CC)c1ccc(Nc2c(O)c(O)c3c(c2C(=O)OC)Nc2ccc(N(CC)CC)cc2O3)cc1,0
CCN(CC)c1ccc(Nc2c(O)c(O)c3c(c2C(N)=O)Nc2ccc(N(CC)CC)cc2O3)cc1,0
C[NH+](C)c1ccc2c(c1)Oc1c(O)c(O)cc(C(N)=O)c1N2.[Cl-],0
CC(=O)Nc1cc(/N=N/c2c(O)ccc3ccccc23)c(O)c(S(=O)(=O)[O][Na])c1,0
Nc1c(S(=O)(=O)[O][Na])cc(S(=O)(=O)[O][Na])c2ccc(/N=N/c3c(O)c(Cl)cc(Cl)c3Cl)c(O)c12,0
CN(C)c1ccc2nc3c(C(N)=O)cc(O)c(O)c3[o+]c2c1.[Cl-],0
CC1=C/C(=C(\c2cc(C)c(O)c(C(=O)[O][Na])c2)c2c(Cl)ccc(Cl)c2Cl)C=C(C(=O)[O][Na])C1=O,0
COc1ccc(CS(=O)(=O)c2ccc(O)c(C(=O)[O][Na])c2)cc1Nc1cc(S(=O)(=O)[O][Na])c(N)c2c1C(=O)c1ccccc1C2=O,0
O=C1c2c(O)ccc(O)c2C(=O)c2c(O)c(O)cc(O)c21,0
CN(C)c1ccc2nc3c4cc(S(=O)(=O)[O][Na])ccc4c(=O)c(O)c-3sc2c1,0
Cc1ccc(C(=O)O)cc1C(=C1C=CC(=[N+](C)C)C=C1)c1ccc(N(C)C)cc1.[Cl-],0
O=[N+]([O-])c1cc(O)c(/N=N/c2c(S(=O)(=O)[O][Na])cc3cc(S(=O)(=O)[O][Na])cc(O)c3c2O)cc1Cl,0
CC1=C/C(=C(\c2cc(C)c(O)c(C(=O)O)c2)c2ccc([N+](=O)[O-])cc2Cl)C=C(C(=O)O)C1=O,0
CN(C)c1ccc2nc3c(Nc4cccc(S(=O)(=O)[O-])c4)cc(=O)c(O)c-3oc2c1.[NH4+],0
CN(C)c1ccc2nc3cc(Nc4ccc(S(=O)(=O)[O][Na])cc4)c(=O)c(O)c-3oc2c1,0
O=S(=O)([O][Na])c1cc(O)c2c(O)c(/N=N/c3ccc(/N=N/c4c(O)ccc5ccccc45)cc3)c(S(=O)(=O)[O][Na])cc2c1,0
O=S(=O)([O][Na])c1ccc(/N=N/c2ccc3c(S(=O)(=O)[O][Na])cccc3c2O)c2ccccc12,0
O=S(=O)([O][Na])c1ccc(/N=N/c2cc(S(=O)(=O)[O][Na])c3ccccc3c2O)c2ccccc12,0
O=S(=O)([O][Na])c1cc(O)c2c(O)c(/N=N/c3ccccc3)c(S(=O)(=O)[O][Na])cc2c1,0
O=S(=O)([O][Na])c1cc(O)c2c(O)c(/N=N/c3ccc(S(=O)(=O)[O][Na])c4ccccc34)c(S(=O)(=O)[O][Na])cc2c1,0
Nc1c(/N=N/c2ccccc2)c(S(=O)(=O)[O][Na])cc2cc(S(=O)(=O)[O][Na])c(/N=N/c3cccc([N+](=O)[O-])c3)c(O)c12,0
O=S(=O)([O][Na])c1cc(Cl)cc(/N=N/c2ccc3c(S(=O)(=O)[O][Na])cccc3c2O)c1O,0
Nc1cc(N)c(/N=N/c2cccc3c(S(=O)(=O)[O][Na])cccc23)cc1/N=N/c1cc([N+](=O)[O-])ccc1O.[Na],0
Nc1cc(NCC(=O)[O][Na])c(/N=N/c2cc([N+](=O)[O-])cc([N+](=O)[O-])c2O)cc1Cl.[Na],0
Nc1ccc(/N=N/c2cc([N+](=O)[O-])cc([N+](=O)[O-])c2O)c(N)c1.[Na],0
Nc1ccc(/N=N/c2cc(S(=O)(=O)[O][Na])ccc2O)c(N)c1,0
Nc1cc(N)c(Oc2ccc3cc(S(=O)(=O)[O][Na])ccc3c2)cc1/N=N/c1cc([N+](=O)[O-])ccc1O,0
O=C([O][Na])c1cc(/N=N/c2ccc(S(=O)(=O)[O][Na])cc2)cc(/N=N/c2ccc([N+](=O)[O-])cc2)c1O,0
CC(C)(C)c1ccc(O)c(/N=N/c2cc([N+](=O)[O-])cc(S(=O)(=O)[O][K])c2[O][K])c1,0
O=[N+]([O-])c1cc(/N=N/c2c(O)ccc3oc4ccccc4c23)c(O)c(S(=O)(=O)[O][Na])c1,0
Cc1ccc(O)c(/N=N/c2cc(S(=O)(=O)[O][Na])cc([N+](=O)[O-])c2O)c1,0
Nc1cc(N)c(Oc2ccc(C(=O)[O][Na])cc2)cc1/N=N/c1cc([N+](=O)[O-])cc(Cl)c1O,0
CC1=C/C(=C(/c2cc(C)c(O)c(C(=O)O)c2)c2c(C)nn(-c3ccccc3)c2O)C=C(C(=O)O)C1=O,0
Nc1ccc(/N=N/c2cc(S(=O)(=O)[O][Na])cc([N+](=O)[O-])c2O)c(N)c1,0
Nc1cc(N)c(/N=N/c2ccc(/N=N/c3ccc(O)c(C(=O)[O][Na])c3)c3ccc(S(=O)(=O)[O][Na])cc23)cc1/N=N/c1ccc(/N=N/c2ccc(O)c(C(=O)[O][Na])c2)c2ccc(S(=O)(=O)[O][Na])cc12,0
Cc1cc(/N=N/c2cc([N+](=O)[O-])cc([N+](=O)[O-])c2O)c(N)cc1N.[Na],0
O=C([O][Na])c1ccccc1/N=N/c1c(S(=O)(=O)[O][Na])cc2ccc(Nc3ccccc3)cc2c1O,0
O=S(=O)([O][Na])c1cc(/N=N/c2ccc(O)c(O)c2O)cc(S(=O)(=O)[O][Na])c1O,0
O=C1c2ccccc2C(=O)c2c1cc(O)c(O)c2O,0
Nc1cc(N)c(/N=N/c2cc([N+](=O)[O-])cc([N+](=O)[O-])c2O)cc1Cl,0
Oc1ccc(/N=N/c2ccc(O)c(O)c2O)cc1,0
Cc1ccc(O)c(/N=N/c2cc([N+](=O)[O-])cc([N+](=O)[O-])c2O)c1.[Na],0
Nc1cc([N+](=O)[O-])cc(/N=N/c2c(O)ccc3cc(S(=O)(=O)[O][Na])ccc23)c1O,0
CC1NN(c2ccccc2)C(=O)/C1=N\Nc1ccc2ccc(O)c(/N=N/c3cc(S(=O)(=O)[O][Na])ccc3O)c2c1,0
Cc1cc(C)c(O)c(/N=N/c2cc([N+](=O)[O-])cc([N+](=O)[O-])c2O)c1,0
Nc1cc(N)c(/N=N/c2cc([N+](=O)[O-])ccc2O)cc1/N=N/c1ccc(S(=O)(=O)[O][Na])cc1,0
O=C([O][Na])c1cc(/N=N/c2cccc3ccc(S(=O)(=O)[O][Na])cc23)cc(/N=N/c2ccc([N+](=O)[O-])cc2)c1O,0
O=[N+]([O-])c1ccc(O)c(/N=N/c2ccc3c(S(=O)(=O)[O][Na])cccc3c2O)c1,0
Nc1cc(N)c(S(=O)(=O)[O][Na])cc1/N=N/c1cc([N+](=O)[O-])cc(S(=O)(=O)[O][Na])c1O,0
Cc1cc(/N=N/c2c(O)ccc3ccccc23)c(O)cc1/N=N/c1ccc(S(=O)(=O)[O][Na])cc1,0
Nc1c(/N=N/c2cc(Cl)ccc2Cl)c(S(=O)(=O)[O][Na])cc2cc(S(=O)(=O)[O][Na])c(/N=N/c3cccc4ccccc34)c(O)c12,0
O=C([O][Na])c1cc(/N=N/c2ccc(/N=N/c3cc(S(=O)(=O)[O][Na])c4cccc(O)c4c3O)c3ccccc23)ccc1O,0
O=C([O][Na])c1c(O)ccc(/N=N/c2ccc(/N=N/c3cc(S(=O)(=O)[O][Na])c4cccc(O)c4c3O)c3ccccc23)c1O,0
CN(C)c1ccc(C(=C2C=CC(=[N+](C)C)C=C2)c2ccc(C(=O)O)cc2)cc1.[Cl-],0
Nc1ccc(S(=O)(=O)[O][Na])c2ccc(/N=N/c3cc([N+](=O)[O-])cc([N+](=O)[O-])c3O)c(O)c12,0
Cc1cc(/N=N/c2c(O)ccc3ccccc23)c(O)cc1/N=N/c1ccc(Cl)c(S(=O)(=O)[O][Na])c1,0
Nc1cc(S(=O)(=O)[O][Na])cc2cc(S(=O)(=O)[O][Na])c(/N=N/c3cc([N+](=O)[O-])ccc3O)c(O)c12,0
O=C1c2ccccc2C(=O)c2c1ccc1ncccc21,0
CC1=C/C(=C(\c2cc(C)c(O)c(C(=O)O)c2)c2cc(N/N=C3\C(=O)N(c4ccccc4)N=C3C)ccc2Cl)C=C(C(=O)O)C1=O,0
O=c1cc2c(=O)c3ccccc3c3c4ccc(O)c(O)c4oc(c1O)c23,0
Cc1cc(/C(=C2/C=CC(N(C)C)CC2)c2ccc(N(C)C)cc2)ccc1C(=O)O.[Cl-],0
Nc1ccc2ccccc2c1/N=N/c1cc([N+](=O)[O-])cc([N+](=O)[O-])c1O,0
O=C(Nc1cccc2ccc(O)c(/N=N/c3cc([N+](=O)[O-])cc(S(=O)(=O)[O][Na])c3O)c12)c1ccccc1,0
Nc1cc(S(=O)(=O)[O][Na])cc2cc(S(=O)(=O)[O][Na])c(/N=N/c3cc(Cl)ccc3O)c(O)c12,0
Cc1ccc(O)c(/N=N/C2=C(O)C3C(N)=CC=C(S(=O)(=O)[O][Na])C3C=C2)c1[N+](=O)[O-],0
O=C([O][Na])C1=C/C(=C(\c2ccccc2)c2cc(C(=O)[O][Na])c(O)c3ccccc23)c2ccccc2C1=O,0
Cc1ccc(Nc2ccc(S(=O)(=O)[O][Na])c3ccc(/N=N/c4c(O)c(Cl)cc(Cl)c4Cl)c(O)c23)cc1,0
Nc1cc(S(=O)(=O)[O][Na])cc2cc(S(=O)(=O)[O][Na])c(/N=N/c3cc([N+](=O)[O-])cc([N+](=O)[O-])c3O)c(O)c12,0
O=C1C=Cc2ccccc2/C1=N/O,0
CC(=O)Nc1cc(S(=O)(=O)[O][Na])cc2cc(S(=O)(=O)[O][Na])c(/N=N/c3cc([N+](=O)[O-])ccc3O)c(O)c12,0
O=[N+]([O-])c1cc(Cl)c(O)c(/N=N/c2cc(S(=O)(=O)[O][Na])c3cccc4c3c2NN=N4)c1,0
O=C([O][Na])c1cc(/N=N/c2ccc([N+](=O)[O-])cc2)ccc1O,0
Cc1cc(/N=N/c2ccc(/N=N/c3ccc(S(=O)(=O)[O][Na])cc3)cc2)cc(C(=O)[O][Na])c1O,0
O=C1c2ccccc2C(=O)c2c1cc([N+](=O)[O-])c(O)c2O,0
O=C([O][Na])c1cc(/N=N/c2ccc([N+](=O)[O-])cc2S(=O)(=O)[O][Na])ccc1O,0
Cc1ccc(C(=O)Nc2ccc(O)c(C(=O)[O][Na])c2)cc1/N=N/c1c(O)ccc2c(S(=O)(=O)[O][Na])cc(S(=O)(=O)[O][Na])cc12,0
O=C([O][Na])c1cc(/N=N/c2ccc([N+](=O)[O-])cc2Cl)ccc1O,0
O=C([O][Na])c1cc(/N=N/c2ccc(/N=N/c3cc(C(=O)[O][Na])c(O)c(S(=O)(=O)[O][Na])c3)cc2)cc(S(=O)(=O)[O][Na])c1O,0
O=S(=O)([O][Na])c1ccc(Cl)cc1/N=N/c1ccc(O)c2ncccc12,0
CC1=NN(c2ccc(S(=O)(=O)[O][Na])cc2)C(=O)/C1=N\Nc1cc([N+](=O)[O-])ccc1O,0
CC1=NN(c2ccc(S(=O)(=O)[O][Na])cc2)C(=O)/C1=N\Nc1cc(S(=O)(=O)[O][Na])cc([N+](=O)[O-])c1O,0
CC1=NN(c2ccccc2)C(=O)/C1=N\Nc1cc(S(=O)(=O)[O][Na])ccc1O,0
CC1=NN(c2cccc(Cl)c2)C(=O)/C1=N\Nc1cc([N+](=O)[O-])cc(S(=O)(=O)[O][Na])c1O,0
O=C([O][Na])c1cc(/N=N/c2ccc(/N=N/c3ccc(S(=O)(=O)[O][Na])cc3)cc2)ccc1O,0
O=C1c2ccccc2C(=O)c2c1ccc(O)c2O,0
CCN(CC)c1ccc2c(-c3ccccc3C(=O)O)c3cc(C(=O)O)c(=O)cc-3oc2c1,0
CC1=NN(c2ccccc2)C(=O)/C1=N\Nc1cc(C)cc(S(=O)(=O)[O][Na])c1O,0
O=C1c2ccc(O)cc2C(=O)c2c1cc(S(=O)(=O)[O][Na])c(O)c2O,0
CCN(C(=O)c1ccc(/N=N/c2c(S(=O)(=O)[O][Na])cc3c(S(=O)(=O)[O][Na])ccc(NC(=O)c4ccccc4)c3c2O)cc1)c1ccc2ccccc2c1,0
Nc1ccc2cc(S(=O)(=O)[O][Na])cc(O)c2c1/N=N/c1cc(S(=O)(=O)[O][Na])ccc1S(=O)(=O)c1ccc(O)c(C(=O)[O][Na])c1,0
CCN(CC)c1ccc2c(-c3cc(C(=O)O)c(O)cc3C(=O)[O-])c3ccc(=[N+](CC)CC)cc-3oc2c1,0
Cc1ccc(S(=O)(=O)Nc2cc(N)c(C)cc2/N=N/c2cc([N+](=O)[O-])cc([N+](=O)[O-])c2O)cc1,0
CCN(CC)c1ccc(C(=C2C=CC(=[N+](CC)CC)C=C2)c2cc(N)cc(C(=O)[O-])c2O)cc1,0
O=C1c2ccccc2C(=O)c2c1cc(S(=O)(=O)[O][Na])c(O)c2O,0
CCCCN1C(O)=C(/N=N/c2cc(Cl)cc(S(=O)(=O)[O][Na])c2O)C(O)=C2C=CC=CC21,0
Cc1ccc(O)c(N=Nc2ccccc2C(=O)[O][Na])c1,0
O=[N+]([O-])c1ccc(O)c(/N=N/c2c(O)ccc3cc(S(=O)(=O)[O][Na])ccc23)c1,0
CC1=NN(c2ccc(S(=O)(=O)Nc3cccc(C(=O)[O][Na])c3)cc2)C(=O)/C1=N\Nc1ccc([N+](=O)[O-])cc1O,0
O=C1c2cc(O)ccc2C(=O)c2c1ccc(O)c2O,0
CC1=NN(c2ccc(S(=O)(=O)[O][Na])cc2Cl)C(=O)/C1=N\Nc1cc(Cl)cc(S(=O)(=O)[O][Na])c1O,0
O=[N+]([O-])c1ccc(O)c(/N=N/c2c(O)c(S(=O)(=O)[O][Na])cc3cc(S(=O)(=O)[O][Na])ccc23)c1,0
O=C1c2ccc(O)c(O)c2C(=O)c2cccc(O)c21,0
CC1=NN(c2ccccc2)C(=O)/C1=N\Nc1c(O)cc(S(=O)(=O)[O][Na])c2cc([N+](=O)[O-])ccc12,0
CC(=O)Nc1cc(S(=O)(=O)[O][Na])cc2cc(S(=O)(=O)[O][Na])c(/N=N/c3cccc(C(=O)N(C)c4cc(C(=O)[O][Na])c(O)c(S(=O)(=O)[O][Na])c4)c3)c(O)c12,0
Nc1ccc2cc(S(=O)(=O)[O][Na])cc(O)c2c1/N=N/c1ccc(-c2ccc(/N=N/c3ccc(O)c(C(=O)[O][Na])c3)cc2)cc1,0
O=[N+]([O-])c1ccc(O)c(/N=N/c2ccc(O)cc2O)c1,0
O=C([O][Na])c1ccccc1N/N=C1/C(O)=CC=C2C=C(S(=O)(=O)[O][Na])C=CC21,0
CN(c1ccc2cc(S(=O)(=O)[O][Na])c(/N=N/c3ccc(/N=N/c4ccc(S(=O)(=O)[O][Na])cc4)cc3S(=O)(=O)[O][Na])c(O)c2c1)S(=O)(=O)c1ccc(O)c(C(=O)[O][Na])c1,0
CN(c1ccc2cc(/N=N/c3ccc(/N=N/c4ccc(S(=O)(=O)[O][Na])cc4)cc3S(=O)(=O)[O][Na])c(S(=O)(=O)[O][Na])cc2c1)S(=O)(=O)c1ccc(O)c(C(=O)[O][Na])c1,0
O=[N+]([O-])c1cc(S(=O)(=O)[O][Na])cc(/N=N/c2ccc(O)cc2O)c1O,0
CC1=NN(c2ccccc2)C(=O)/C1=N\Nc1c(O)cc(S(=O)(=O)[O][Na])c2ccccc12,0
NC(=O)C1=NN(c2ccccc2)C(=O)/C1=N\Nc1cc(Cl)cc(S(=O)(=O)[O][Na])c1O,0
CC1=NN(c2ccccc2)C(=O)/C1=N\Nc1c(O)cc(S(=O)(=O)[O][Na])c2cc(Cl)ccc12,0
O=C([O][Na])c1ccccc1/N=N/c1c(O)ccc2cc(S(=O)(=O)Nc3ccccc3C(=O)[O][Na])ccc12,0
CCN(CC)c1ccc2c(-c3ccccc3C(=O)[O][Na])c3cc(S(=O)(=O)[O][Na])c(=O)cc-3oc2c1,0
O=[N+]([O-])c1cc(/N=N/c2ccc(O)c(CO[O][Na])c2)ccc1-c1ccc(/N=N/c2cccc(S(=O)[O][Na])c2)cc1,0
COc1cc(/N=N/c2cc([N+](=O)[O-])c(O)c(S(=O)(=O)[O][Na])c2)c(C)cc1/N=N/c1cc(C)c(O)c(C(=O)[O][Na])c1,0
O=C([O][Na])c1ccccc1/N=N/c1c(O)c(S(=O)[O][Na])cc2cc(S(=O)[O][Na])ccc12,0
Cc1ccc(S(=O)(=O)Nc2cccc(C(=O)Nc3ccc(/N=N/c4c(N)ccc5cc(C(=O)[O][Na])cc(O)c45)c(S(=O)(=O)[O][Na])c3)c2)cc1C(=O)[O][Na],0
CC1=NN(c2ccc(S(=O)(=O)[O][Na])cc2)C(=O)/C1=N\Nc1cc(C)cc([N+](=O)[O-])c1O,0
O=C([O][Na])c1cc(/N=N/c2cccc([N+](=O)[O-])c2)ccc1O,0
O=C([O][Na])c1cc(/N=N/c2ccc(S(=O)(=O)[O][Na])cc2)ccc1O,0
Nc1ccc(/N=N/c2ccc(O)c(C(=O)[O][Na])c2)cc1,0
CC(=O)Nc1ccc(/N=N/c2ccc(O)c(C(=O)[O][Na])c2)cc1,0
O=C([O][Na])c1cc(/N=N/c2ccc(Sc3ccc(/N=N/c4ccc(O)c(C(=O)[O][Na])c4)cc3)cc2)ccc1O,0
O=C([O][Na])c1cc(/N=N/c2ccccc2)ccc1O,0
O=C([O][Na])c1cc(/N=N/c2ccc3cc(S(=O)(=O)[O][Na])cc(S(=O)(=O)[O][Na])c3c2)ccc1O,0
O=C([O][Na])c1cc(/N=N/c2ccc(-c3ccc(/N=N/c4ccc(O)c(C(=O)[O][Na])c4)cc3[N+](=O)[O-])c([N+](=O)[O-])c2)ccc1O,0
O=C([O][Na])c1cc(/N=N/c2cc(Cl)c(S(=O)(=O)[O][Na])cc2Cl)ccc1O,0
O=C([O][Na])c1cc(/N=N/c2ccc(-c3ccc(/N=N/c4ccc(O)c(C(=O)[O][Na])c4)cc3S(=O)(=O)[O][Na])c(S(=O)(=O)[O][Na])c2)ccc1O,0
Cc1cc(/N=N/c2ccc(S(=O)(=O)[O][Na])cc2)cc(C(=O)[O][Na])c1O,0
CC1=NN(c2ccccc2)C(=O)/C1=N\Nc1ccc(S(=O)(=O)Nc2ccccc2C(=O)[O][Na])cc1C(=O)[O][Na],0
Nc1c(S(=O)(=O)[O][Na])cc2c3c(cccc13)C(=O)N(c1ccc(O)c(C(=O)[O][Na])c1)C2=O,0
CC1=NN(c2c(C)cc(S(=O)(=O)[O][Na])cc2Cl)C(=O)/C1=N\Nc1ccc(C)c(S(=O)(=O)Nc2cc(Cl)cc(S(=O)(=O)[O][Na])c2O)c1,0
O=C([O][Na])c1cc(/N=N/c2ccc(-c3ccc(O)cc3)cc2)ccc1O,0
CCOc1ccc(/N=N/c2ccc(O)c(C(=O)[O][Na])c2)cc1,0
O=C([O][Na])c1cc(/N=N/c2cc(S(=O)(=O)[O][Na])c3cccc(S(=O)(=O)[O][Na])c3c2)ccc1O,0
Cc1nn(-c2cc(S(=O)(=O)[O][Na])ccc2S(=O)(=O)c2ccc(O)c(C(=O)[O][Na])c2)c(O)c1/N=N/c1ccccc1S(=O)(=O)[O][Na],0
O=C([O][Na])c1cc(/N=N/c2ccc(-c3ccc(/N=N/c4ccc(O)c(C(=O)[O][Na])c4)cc3[N+](=O)[O-])cc2)ccc1O,0
O=C([O][Na])c1cc(/N=N/c2ccc(O)c(C(=O)[O][Na])c2)ccc1O,0
COc1ccc(/N=N/c2ccc(O)c(C(=O)[O][Na])c2)cc1S(=O)(=O)[O][Na],0
O=C([O][Na])c1cc(/N=N/c2ccccc2C(=O)[O][Na])ccc1O,0
Cc1cc(S(=O)(=O)[O][Na])ccc1/N=N/c1ccc(O)c(C(=O)[O][Na])c1,0
Nc1cc(N)c(/N=N/c2cc([N+](=O)[O-])ccc2O)cc1N=Nc1ccc(S(=O)(=O)[O][Na])cc1,0
CC1=NN(c2ccc(S(=O)(=O)[O][Na])cc2)C(=O)/C1=N\Nc1ccccc1C(=O)[O][Na],0
Cc1cc(/N=N/c2cc(Cl)c(S(=O)(=O)[O][Na])cc2Cl)cc(C(=O)[O][Na])c1O,0
CCN(CC)c1ccc(/C(=C2/C=C(C)C(=O)C(C(=O)[O][Na])=C2)c2cc(C)c(O)c(C(=O)[O][Na])c2)cc1,0
CC1=C/C(=C(/c2ccc(Nc3cccc(Cl)c3C)cc2)c2cc(C)c(O)c(C(=O)O)c2)C=C(C(=O)O)C1=O,0
CC1=C/C(=C(/c2ccc(Nc3cc(Cl)ccc3C)cc2)c2cc(C)c(O)c(C(=O)O)c2)C=C(C(=O)O)C1=O,0
Cc1cc(/N=N/c2c(S(=O)(=O)[O][Na])cc3cc(S(=O)(=O)[O][Na])cc(N(C)S(=O)(=O)c4ccc(O)c(C(=O)[O][Na])c4)c3c2O)c(C)cc1/N=N/c1ccccc1S(=O)(=O)[O][Na],0
Cc1cc(C(c2ccc(N(C)C)cc2)c2cc(C)c(O)c(C(=O)O)c2)cc(C(=O)O)c1O,0
CC1=CC(=C(c2cc(C)c(O)c(C(=O)O)c2)c2cc(C)c(O)c(C(=O)O)c2)C=C(C(=O)O)C1=O,0
Cc1cc(/C(=C2/C=CC(=O)C(C(=O)O)=C2)c2ccc(O)c(C(=O)O)c2)cc(C(=O)O)c1O,0
CC1=C/C(=C(/c2ccc(Nc3ccc(C)cc3)cc2)c2cc(C)c(O)c(C(=O)O)c2)C=C(C(=O)O)C1=O,0
O=C([O][Na])c1ccccc1/N=N/c1cc(S(=O)(=O)[O][Na])c2ccccc2c1O,0
Cc1cc(C(c2ccc(NCCS(=O)(=O)[O][Na])c(C)c2)c2cc(C)c(O)c(C(=O)O)c2)ccc1NCCS(=O)(=O)[O][Na],0
O=C(O)c1ccccc1-c1c2ccc(=O)c(O)c-2oc2c(O)c(O)ccc12,0
O=C1c2ccc(O)c(O)c2C(=O)c2c(O)ccc(O)c21,0
CCN(CC)c1ccc(/C(=C2/C=C(C)C(=O)C(C(=O)O)=C2)c2cc(C)c(O)c(C(=O)O)c2)c(Cl)c1,0
Cc1c(O)cc(/N=N/c2c(O)ccc3ccccc23)cc1S(=O)(=O)[O][Na],0
CC1=C/C(=C(\c2cc(C)c(O)c(C(=O)O)c2)c2c(C)cc(O)c(C(=O)O)c2C)C=C(C(=O)O)C1=O,0
O=C(O)C1=CC(=C(c2ccc(O)c(C(=O)O)c2)c2ccc(O)c(C(=O)O)c2)C=CC1=O,0
O=S(=O)([O][Na])c1cc(Cl)cc(/N=N/c2cc(S(=O)(=O)[O][Na])c3ccccc3c2O)c1O,0
O=S(=O)([O][Na])c1ccc(O)c(/N=N/c2c(O)ccc3ccccc23)c1,0
COC(=O)c1cc(O)c(O)c2[o+]c3cc(N(C)C)ccc3nc12.[Cl-],0
CNc1cc2c(cc1C)Nc1c(C(N)=O)cc(O)c(O)c1O2,0
Cc1cc(C(c2ccc(N(C)C)cc2)c2ccc(N(C)C)cc2)cc(C(=O)O)c1O,0
CCCCN(CCS(=O)(=O)[O][Na])c1ccc(C(c2ccc(N(CCCC)CCS(=O)(=O)[O][Na])cc2)c2cc(C)c(O)c(C(=O)[O][Na])c2)cc1,0
Cc1c(Nc2cc(S(=O)(=O)[O][Na])c(N)c3c2C(=O)c2ccccc2C3=O)c(C)c(S(=O)(=O)[O][Na])c(C)c1Nc1nc(F)nc(F)c1Cl,0
Nc1c(/N=N/c2cc(S(=O)(=O)[O][Na])ccc2S(=O)(=O)[O][Na])c(S(=O)(=O)[O][Na])cc2cc(S(=O)(=O)[O][Na])c(/N=N/c3cc(Nc4nc(Cl)nc(Cl)n4)ccc3S(=O)(=O)[O][Na])c(O)c12,0
Nc1nc(Cl)nc(Nc2cc(S(=O)(=O)[O][Na])cc3cc(S(=O)(=O)[O][Na])c(/N=N/c4cc(S(=O)(=O)[O][Na])c5cccc(S(=O)(=O)[O][Na])c5c4O)c(O)c23)n1,0
O=C(O)c1cc(S(=O)(=O)[O][Na])ccc1N/N=C(\N=N\c1cc(S(=O)(=O)[O][Na])cc(Nc2nc(Cl)nc(Nc3cc(S(=O)(=O)[O][Na])c(Nc4nc(Cl)nc(Nc5cccc(S(=O)(=O)[O][Na])c5)n4)cc3S(=O)(=O)[O][Na])n2)c1O)c1ccccc1,0
Nc1c(/N=N/c2cc(Nc3nc(Cl)nc(Nc4cccc(S(=O)(=O)[O][Na])c4)n3)ccc2S(=O)(=O)[O][Na])c(S(=O)(=O)[O][Na])cc2cc(S(=O)(=O)[O][Na])c(/N=N/c3cc(Nc4nc(Cl)nc(Nc5cccc(S(=O)(=O)[O][Na])c5)n4)ccc3S(=O)(=O)[O][Na])c(O)c12,0
Nc1c(/N=N/c2cc(S(=O)(=O)[O][Na])ccc2S(=O)(=O)[O][Na])c(S(=O)(=O)[O][Na])cc2cc(S(=O)(=O)[O][Na])c(/N=N/c3cccc(P(=O)(O)O)c3)c(O)c12,0
O=C([O-])c1ccc[n+](-c2nc(NCCNc3ccc4c(c3S(=O)(=O)[O][Na])Oc3c(Cl)c5c(c(Cl)c3=N4)Oc3c(ccc(NCCNc4nc(Nc6cc(S(=O)(=O)[O][Na])ccc6S(=O)(=O)[O][Na])nc(-[n+]6cccc(C(=O)[O-])c6)n4)c3S(=O)(=O)[O][Na])N=5)nc(Nc3cc(S(=O)(=O)[O][Na])ccc3S(=O)(=O)[O][Na])n2)c1,0
Nc1c(S(=O)(=O)[O][Na])cc(Nc2cccc(S(=O)(=O)CCOS(=O)(=O)[O][Na])c2)c2c1C(=O)c1ccccc1C2=O,0
Nc1c(/N=N/c2ccc(S(=O)(=O)[O][Na])cc2)c(S(=O)(=O)[O][Na])cc2cc(S(=O)(=O)[O][Na])c(/N=N/c3cc(Nc4nc(Cl)nc(Nc5ccc(S(=O)(=O)CCOS(=O)(=O)[O][Na])cc5)n4)ccc3S(=O)(=O)[O][Na])c(O)c12,0
Nc1c(S(=O)(=O)[O][Na])cc(Nc2ccc(S(=O)(=O)[O][Na])c(Nc3nc(Cl)nc(Nc4ccc(S(=O)(=O)[O][Na])cc4)n3)c2)c2c1C(=O)c1ccccc1C2=O,0
CC(=O)Nc1cc(S(=O)(=O)[O][Na])cc2cc(S(=O)(=O)[O][Na])c(/N=N/c3cc(S(=O)(=O)CCOS(=O)(=O)[O][Na])ccc3O)c(O)c12,0
Cc1nc(F)nc(Nc2ccc(S(=O)(=O)[O][Na])c(/N=N/c3c(S(=O)(=O)[O][Na])cc4cc(S(=O)(=O)[O][Na])c(/N=N/c5cc(S(=O)(=O)[O][Na])ccc5S(=O)(=O)[O][Na])c(N)c4c3O)c2)c1Cl,0
CCN(c1cccc(S(=O)(=O)CCOS(=O)(=O)[O][Na])c1)c1nc(Cl)nc(Nc2ccc(S(=O)(=O)[O][Na])c(/N=N/c3c(S(=O)(=O)[O][Na])cc4cc(S(=O)(=O)[O][Na])c(/N=N/c5ccc(S(=O)(=O)CCOS(=O)(=O)[O][Na])cc5)c(N)c4c3O)c2)n1,0
O=C([O-])c1ccc[n+](-c2nc(Nc3cc(S(=O)(=O)[O][Na])ccc3Cl)nc(Nc3cc(S(=O)(=O)[O][Na])cc(/N=N/C(=N\Nc4cc(S(=O)(=O)[O][Na])ccc4C(=O)O)c4ccccc4)c3O)n2)c1,0
Nc1c(/N=N/c2cc(Nc3nc(Cl)nc(Nc4cccc(S(=O)(=O)CCOS(=O)(=O)[O][Na])c4)n3)ccc2S(=O)(=O)[O][Na])c(S(=O)(=O)[O][Na])cc2cc(S(=O)(=O)[O][Na])c(/N=N/c3ccc4c(S(=O)(=O)[O][Na])cccc4c3S(=O)(=O)[O][Na])c(O)c12,0
Nc1c(/N=N\c2ccc(S(=O)(=O)CCOS(=O)(=O)[O][Na])cc2)c(S(=O)(=O)[O][Na])cc2cc(S(=O)(=O)[O][Na])c(/N=N/c3cc(Nc4nc(F)nc(F)c4Cl)ccc3S(=O)(=O)[O][Na])c(O)c12,0
Nc1nc(Cl)nc(Nc2cc(S(=O)(=O)[O][K])cc3cc(S(=O)(=O)[O][K])c(/N=N/c4c(O)cc(S(=O)(=O)[O][K])c5ccccc45)c(O)c23)n1,0
Nc1c(N=Nc2ccc(C(=O)NCCS(=O)(=O)CCOS(=O)(=O)[O][Na])cc2)c(S(=O)(=O)[O][Na])cc2cc(S(=O)(=O)[O][Na])c(N=Nc3ccc(S(=O)(=O)CCOS(=O)(=O)[O][Na])cc3)c(O)c12,0
C=C(C)C(=O)OCCc1ccc(Nc2ccc(Nc3ccc(CCOC(=O)C(=C)C)cc3)c3c2C(=O)c2ccccc2C3=O)cc1,0
C=C(C)C(=O)OCCNc1ccc(NCCOC(=O)C(=C)C)c2c1C(=O)c1ccccc1C2=O,0
COc1ccc(S(=O)(=O)CCOS(=O)(=O)[O][Na])cc1/N=N/c1c(S(=O)(=O)[O][Na])cc2cc(S(=O)(=O)[O][Na])c(/N=N\c3ccc(S(=O)(=O)CCOS(=O)(=O)[O][Na])cc3)c(N)c2c1O,0
Cc1cc(/N=N/c2c(S(=O)(=O)[O][Na])cc3c(S(=O)(=O)[O][Na])cc(Nc4nc(Cl)nc(Nc5ccc(C=Cc6ccc(Nc7nc(Cl)nc(Nc8cc(S(=O)(=O)[O][Na])c9cc(S(=O)(=O)[O][Na])c(/N=N/c%10cc(C)c(/N=N/c%11cc(S(=O)(=O)[O][Na])ccc%11S(=O)(=O)[O][Na])cc%10O)c(O)c9c8)n7)cc6S(=O)(=O)[O][Na])c(S(=O)(=O)[O][Na])c5)n4)cc3c2O)c(O)cc1/N=N/c1cc(S(=O)(=O)[O][Na])ccc1S(=O)(=O)[O][Na],0
Nc1nc(Cl)nc(Nc2cc(S(=O)(=O)[O][Na])cc3c2C(=O)/C(=N\Nc2ccc(Nc4ccc(N/N=C5\C(=O)c6c(cc(S(=O)(=O)[O][Na])cc6Nc6nc(N)nc(Cl)n6)C=C5S(=O)(=O)[O][Na])cc4S(=O)(=O)[O][Na])cc2)C(S(=O)(=O)[O][Na])=C3)n1,0
Nc1c(S(=O)(=O)[O][Na])cc(Nc2ccc(S(=O)(=O)CCOS(=O)(=O)[O][Na])cc2C(=O)[O][Na])c2c1C(=O)c1ccccc1C2=O,0
Nc1c(S(=O)(=O)[O][Na])cc(Nc2ccc(NC(=O)c3ccc4nc(Cl)c(Cl)nc4c3)c(S(=O)(=O)[O][Na])c2)c2c1C(=O)c1ccccc1C2=O,0
Nc1c(S(=O)(=O)[O][Na])cc(Nc2ccc(S(=O)(=O)[O][Na])c(Nc3nc(Cl)nc(Cl)n3)c2)c2c1C(=O)c1ccccc1C2=O,0
Cc1cc(/N=N/c2c(S(=O)(=O)[O][Na])cc3cc(N(C)c4nc(N)nc(Cl)n4)ccc3c2O)c(O)cc1/N=N/c1cc(S(=O)(=O)[O][Na])ccc1S(=O)(=O)[O][Na],0
Cc1c(Nc2nc(Cl)nc(Nc3cccc(S(=O)(=O)[O][Na])c3)n2)c(C)c(S(=O)(=O)[O][Na])c(C)c1Nc1cc(S(=O)(=O)[O][Na])c(N)c2c1C(=O)c1ccccc1C2=O,0
Nc1c(S(=O)(=O)[O][Na])cc(Nc2ccc(S(=O)(=O)[O][Na])c(Nc3nc(Cl)nc(Nc4cccc(S(=O)(=O)[O][Na])c4)n3)c2)c2c1C(=O)c1ccccc1C2=O,0
Cc1c(NC(=O)C(Br)CBr)c(C)c(S(=O)(=O)[O][Na])c(C)c1Nc1cc(S(=O)(=O)[O][Na])c(N)c2c1C(=O)c1ccccc1C2=O,0
O=C1c2ccccc2C(=O)c2c(NCC(O)CCl)ccc(NCC(O)CCl)c21,0
C=C(Br)C(=O)Nc1ccc(Nc2cc(S(=O)(=O)[O][Na])c(N)c3c2C(=O)c2ccccc2C3=O)c(S(=O)(=O)[O][Na])c1,0
CCOc1nc(Cl)nc(Nc2c(C)c(Nc3cc(S(=O)(=O)[O][Na])c(N)c4c3C(=O)c3ccccc3C4=O)c(C)c(S(=O)(=O)[O][Na])c2C)n1,0
O=S(=O)([O][Na])c1cc(Nc2nc(Cl)nc(Cl)n2)c2c(O)c(/N=N/c3ccc(Nc4ccccc4)c(S(=O)(=O)[O][Na])c3)c(S(=O)(=O)[O][Na])cc2c1,0
Nc1c(S(=O)(=O)[O][Na])cc(Nc2ccc(Nc3nc(F)nc(F)c3Cl)cc2S(=O)(=O)[O][Na])c2c1C(=O)c1ccccc1C2=O,0
O=S(=O)([O][Na])c1ccc(/N=N/c2ccc(/N=N/c3ccc(Nc4nc(Cl)nc(Nc5ccc(S(=O)(=O)[O][Na])cc5)n4)c4ccc(S(=O)(=O)[O][Na])cc34)c(S(=O)(=O)[O][Na])c2)cc1,0
O=C(O)c1ccccc1/N=N/c1c(S(=O)(=O)[O][Na])cc2cc(Nc3nc(Cl)nc(Cl)n3)ccc2c1O,0
Cc1cc(/N=N/c2c(S(=O)(=O)[O][Na])ccc3c(S(=O)(=O)[O][Na])cc(S(=O)(=O)[O][Na])cc23)c(C)cc1/N=N/c1ccc(Nc2nc(N)nc(Cl)n2)c2ccc(S(=O)(=O)[O][Na])cc12,0
Cc1cc(/N=N/c2ccc(Nc3nc(Cl)nc(Cl)n3)c3c(S(=O)(=O)[O][Na])cccc23)c(C)cc1/N=N/c1cc(S(=O)(=O)[O][Na])ccc1S(=O)(=O)[O][Na],0
Cc1cc(Nc2nc(F)nc(C)c2Cl)ccc1/N=N/c1ccc(/N=N/c2cc(S(=O)(=O)[O][Na])c3cc(S(=O)(=O)[O][Na])cc(S(=O)(=O)[O][Na])c3c2)c2cc(S(=O)(=O)[O][Na])ccc12,0
CC(=O)Nc1cc(Nc2nc(Cl)nc(Nc3cc(S(=O)(=O)[O][Na])ccc3S(=O)(=O)[O][Na])n2)ccc1/N=N/c1cc(C)c(/N=N/c2cc(S(=O)(=O)[O][Na])ccc2S(=O)(=O)[O][Na])cc1C,0
Cc1cc(Nc2nc(F)nc(Nc3cc(S(=O)(=O)[O][Na])ccc3S(=O)(=O)[O][Na])n2)ccc1/N=N/c1ccc(/N=N/c2cc(S(=O)(=O)[O][Na])c3cc(S(=O)(=O)[O][Na])cc(S(=O)(=O)[O][Na])c3c2)c2cc(S(=O)(=O)[O][Na])ccc12,0
O=[S](=O)([Na])OCCS(=O)(=O)c1ccc(Nc2nc(Cl)nc(Nc3ccc(/N=N/c4ccc(/N=N/c5cc(S(=O)(=O)[O][Na])c6cccc(S(=O)(=O)[O][Na])c6c5)c5ccc(S(=O)(=O)[O][Na])cc45)c4ccc(S(=O)(=O)[O][Na])cc34)n2)cc1,0
O=C(O)c1ccccc1/N=N/c1c(S(=O)(=O)[O][Na])cc2cc(Nc3nc(Cl)nc(Nc4ccc(/C=C/c5ccc([N+](=O)[O-])cc5S(=O)(=O)[O][Na])c(S(=O)(=O)[O][Na])c4)n3)ccc2c1O,0
O=C(O)c1ccccc1/N=N/c1c(S(=O)(=O)[O][Na])cc2cc(Nc3nc(Cl)nc(Nc4ccc(S(=O)(=O)CCO[S](=O)(=O)[Na])cc4)n3)ccc2c1O,0
Nc1c(S(=O)(=O)[O][Na])cc(Nc2ccc(/N=N/c3ccc(Nc4nc(Cl)nc(Cl)n4)cc3S(=O)(=O)[O][Na])cc2)c2c1C(=O)c1ccccc1C2=O,0
O=S(=O)([O][Na])c1ccccc1/N=N/c1c(S(=O)(=O)[O][Na])cc2cc(Nc3nc(Cl)nc(Cl)n3)ccc2c1O,0
CC(=O)Nc1ccc(S(=O)(=O)[O][Na])c(N)c1/N=N/c1ccc(S(=O)(=O)CCOS(=O)(=O)[O][Na])cc1,0
O=C(Nc1cc(S(=O)(=O)[O][Na])cc2cc(S(=O)(=O)[O][Na])c(/N=N/c3ccccc3S(=O)(=O)[O][Na])c(O)c12)c1ccc2nc(Cl)c(Cl)nc2c1,0
CC(=O)Nc1cc(Nc2nc(N)nc(Cl)n2)ccc1/N=N/c1cc(S(=O)(=O)[O][Na])c2cc(S(=O)(=O)[O][Na])cc(S(=O)(=O)[O][Na])c2c1,0
O=S(=O)([O][Na])OCCS(=O)(=O)c1ccc(Nc2nc(Cl)nc(Nc3ccc4c(O)c(/N=N/c5ccc6c(S(=O)(=O)[O][Na])cccc6c5S(=O)(=O)[O][Na])c(S(=O)(=O)[O][Na])cc4c3)n2)cc1,0
Cc1cc(S(=O)(=O)[O][Na])c(/N=N/c2c(S(=O)(=O)[O][Na])cc3cc(Nc4nc(Cl)nc(Cl)n4)ccc3c2O)cc1S(=O)(=O)[O][Na],0
C=CS(=O)(=O)c1ccc(OC)c(/N=N/c2c(O)ccc3cc(S(=O)(=O)[O][Na])cc(S(=O)(=O)[O][Na])c23)c1,0
CN(c1ccc2c(O)c(/N=N/c3ccc4c(S(=O)(=O)[O][Na])cccc4c3S(=O)(=O)[O][Na])c(S(=O)(=O)[O][Na])cc2c1)c1nc(N)nc(Cl)n1,0
O=C(O)C1=NN(c2ccc(S(=O)(=O)O)cc2)C(=O)/C1=N\Nc1ccc(Nc2nc(Cl)nc(Cl)n2)cc1S(=O)(=O)O,0
CC(=O)Nc1ccc2cc(S(=O)(=O)[O][Na])c(/N=N/c3ccc(S(=O)(=O)CCOS(=O)(=O)[O][Na])cc3)c(O)c2c1,0
NC(=O)Nc1ccc2c(O)c(/N=N/c3cc(Nc4nc(Cl)nc(Nc5ccccc5S(=O)(=O)[O][Na])n4)ccc3S(=O)(=O)[O][Na])c(S(=O)(=O)[O][Na])cc2c1,0
O=S(=O)([O][Na])c1ccc(S(=O)(=O)[O][Na])c(/N=N/c2c(S(=O)(=O)[O][Na])cc3cc(Nc4nc(Cl)nc(Nc5ccc(C=Cc6ccc(Nc7nc(Cl)nc(Nc8ccc9c(O)c(/N=N/c%10cc(S(=O)(=O)[O][Na])ccc%10S(=O)(=O)[O][Na])c(S(=O)(=O)[O][Na])cc9c8)n7)cc6S(=O)(=O)[O][Na])c(S(=O)(=O)[O][Na])c5)n4)ccc3c2O)c1,0
C=C(Br)C(=O)Nc1ccc(/N=N/c2c(N)ccc3cc(S(=O)(=O)[O][Na])ccc23)c(S(=O)(=O)[O][Na])c1,0
Cc1cc(N(CCO)CCO)ccc1/N=N/c1cccc(S(=O)(=O)NCC(O)CCl)c1,0
C=CC(=O)Nc1ccc(N2N=C(C)/C(=N/Nc3ccc([N+](=O)[O-])cc3C(=O)[O][Na])C2=O)cc1,0
Cc1cc(/N=N/c2ccc(Nc3nc(N)nc(Cl)n3)c3c(S(=O)(=O)[O][Na])cccc23)c(C)cc1/N=N/c1cc(S(=O)(=O)[O][Na])ccc1S(=O)(=O)[O][Na],0
Nc1nc(Cl)nc(Nc2ccc3c(O)c(/N=N/c4ccc5ccccc5c4S(=O)(=O)[O][Na])c(S(=O)(=O)[O][Na])cc3c2)n1,0
CN(c1ccc2c(O)c(/N=N/c3ccc4c(S(=O)(=O)[O][Na])cccc4c3S(=O)(=O)[O][Na])c(S(=O)(=O)[O][Na])cc2c1)c1nc(Cl)nc(Cl)n1,0
CN(c1ccc2c(O)c(/N=N/c3ccccc3S(=O)(=O)[O][Na])c(S(=O)(=O)[O][Na])cc2c1)c1nc(Cl)nc(Nc2cccc(S(=O)(=O)[O][Na])c2)n1,0
O=C1/C(=N\Nc2ccc3c(S(=O)(=O)[O][Na])cccc3c2S(=O)(=O)[O][Na])C(S(=O)(=O)[O][Na])=Cc2cc(Nc3nc(F)nc(F)c3Cl)ccc21,0
NC(=O)Nc1cc(Nc2nc(F)nc(F)c2Cl)ccc1/N=N/c1ccc(S(=O)(=O)[O][Na])cc1S(=O)(=O)[O][Na],0
CC(=O)Nc1ccc2cc(S(=O)(=O)[O][Na])c(/N=N/c3cccc(S(=O)(=O)CCOS(=O)(=O)[O][Na])c3)c(O)c2c1,0
CC(=O)Nc1ccc2c(O)c(/N=N/c3ccc(S(=O)(=O)CCOS(=O)(=O)[O][Na])cc3)c(S(=O)(=O)[O][Na])cc2c1,0
CC(=O)Nc1ccc2c(O)c(/N=N/c3ccc(S(=O)(=O)CCOS(=O)(=O)O)cc3)c(S(=O)(=O)O)cc2c1,0
N#CNc1nc(Cl)nc(Nc2ccc3c(O)c(/N=N/c4ccc(S(=O)(=O)CCOS(=O)(=O)[O][Na])cc4)c(S(=O)(=O)[O][Na])cc3c2)n1,0
O=S(=O)([O][Na])c1cc(Nc2nc(Cl)nc(Nc3ccc4c(O)c(/N=N/c5ccc6c(S(=O)(=O)[O][Na])cccc6c5S(=O)(=O)[O][Na])c(S(=O)(=O)[O][Na])cc4c3)n2)cc(-c2ccc(Nc3nc(Cl)nc(Nc4ccc5c(O)c(/N=N/c6ccc7c(S(=O)(=O)[O][Na])cccc7c6S(=O)(=O)[O][Na])c(S(=O)(=O)[O][Na])cc5c4)n3)cc2S(=O)(=O)[O][Na])c1,0
Cc1cc(S(=O)(=O)[O][Na])c(/N=N/c2c(S(=O)(=O)[O][Na])cc3cc(Nc4nc(F)nc(F)c4Cl)ccc3c2O)cc1S(=O)(=O)[O][Na],0
Cc1ccccc1Nc1nc(F)nc(Nc2ccc(/N=N/c3cc4c(S(=O)(=O)[O][Na])cc(S(=O)(=O)[O][Na])cc4cc3S(=O)(=O)[O][Na])c(NC(N)=O)c2)n1,0
O=S(=O)([O][Na])c1cc(Nc2nc(Cl)nc(Cl)n2)c2c(O)c(/N=N/c3ccccc3S(=O)(=O)[O][Na])c(S(=O)(=O)[O][Na])cc2c1,0
Cc1cc(N(CCO)CCO)ccc1/N=N/c1ccc(S(=O)(=O)NCCCl)cc1Cl,0
O=C([O][Na])c1ccc(/N=N/c2c(S(=O)(=O)[O][Na])cc3cc(S(=O)(=O)[O][Na])cc(Nc4nc(Cl)nc(Nc5ccc(S(=O)(=O)CCOS(=O)(=O)[O][Na])cc5)n4)c3c2O)cc1,0
O=C([O][Na])c1ccc(/N=N/c2c(S(=O)(=O)[O][Na])cc3cc(S(=O)(=O)[O][Na])cc(Nc4nc(Cl)nc(Cl)n4)c3c2O)cc1,0
O=S(=O)([O][Na])c1cc(S(=O)(=O)[O][Na])c2cc(/N=N/c3c(S(=O)(=O)[O][Na])cc4cc(Nc5nc(F)nc(F)c5Cl)ccc4c3O)c(S(=O)(=O)[O][Na])cc2c1,0
Nc1nc(Cl)nc(Nc2cc(S(=O)(=O)[O][Na])cc3cc(CS(=O)(=O)[O][Na])c(/N=N/c4ccccc4S(=O)(=O)[O][Na])c(O)c23)n1,0
O=S(=O)([O][Na])c1cc(Nc2nc(Cl)nc(Nc3ccc(Nc4nc(Cl)nc(Nc5cc(S(=O)(=O)[O][Na])cc6cc(S(=O)(=O)[O][Na])c(/N=N/c7ccccc7S(=O)(=O)[O][Na])c(O)c56)n4)cc3)n2)c2c(O)c(/N=N\c3ccccc3S(=O)(=O)[O][Na])c(S(=O)(=O)[O][Na])cc2c1,0
Nc1ccc(/C=C/c2ccc(Nc3nc(Cl)nc(Nc4cc(S(=O)(=O)[O][Na])cc5cc(S(=O)(=O)[O][Na])c(/N=N/c6ccccc6)c(O)c45)n3)cc2S(O)(O)[O][Na])c(S(=O)(=O)[O][Na])c1,0
O=S(=O)([O][Na])c1cc(Nc2nc(Cl)nc(Nc3ccc(Nc4nc(Cl)nc(Nc5cc(S(=O)(=O)[O][Na])cc6cc(S(=O)(=O)[O][Na])c(/N=N/c7ccc8c(S(=O)(=O)[O][Na])cccc8c7S(=O)(=O)[O][Na])c(O)c56)n4)cc3)n2)c2c(O)c(N=Nc3ccc4c(S(=O)(=O)[O][Na])cccc4c3S(=O)(=O)[O][Na])c(S(=O)(=O)[O][Na])cc2c1,0
O=S(=O)([O][Na])c1ccc(Nc2nc(Cl)nc(Nc3ccc(S(=O)(=O)[O][Na])c4cc(S(=O)(=O)[O][Na])c(/N=N/c5ccccc5S(=O)(=O)[O][Na])c(O)c34)n2)cc1,0
O=S(=O)([O][Na])c1cc(Nc2nc(Cl)nc(Nc3ccc(/C=C/c4ccc(Nc5nc(Cl)nc(Nc6cc(S(=O)(=O)[O][Na])cc7cc(S(=O)(=O)[O][Na])c(/N=N/c8ccccc8)c(O)c67)n5)cc4S(=O)(=O)[O][Na])c(S(=O)(=O)[O][Na])c3)n2)c2c(O)c(/N=N/c3ccccc3)c(S(=O)(=O)[O][Na])cc2c1,0
O=S(=O)([O][Na])c1cc(Nc2nc(Cl)nc(Cl)c2Cl)c2c(O)c(/N=N/c3ccccc3S(=O)(=O)[O][Na])c(S(=O)(=O)[O][Na])cc2c1,0
O=C(Nc1cc(S(O)(O)[O][Na])cc2cc(S(=O)(=O)[O][Na])c(/N=N/c3ccc4cc(S(=O)(=O)CCOS(=O)(=O)[O][Na])ccc4c3S(O)(O)[O][Na])c(O)c12)c1ccccc1,0
CCN(c1ccccc1)c1nc(Cl)nc(Nc2cc(S(=O)(=O)[O][Na])cc3cc(S(=O)(=O)[O][Na])c(/N=N/c4ccccc4S(=O)(=O)[O][Na])c(O)c23)n1,0
O=S(=O)([O][Na])OCCS(=O)(=O)c1cccc(Nc2nc(Cl)nc(Nc3cc(S(O)(O)[O][Na])cc4cc(S(O)(O)[O][Na])c(/N=N/c5ccccc5S(=O)(=O)[O][Na])c(O)c34)n2)c1,0
O=S(=O)([O][Na])OCCS(=O)(=O)c1cccc(Nc2nc(Cl)nc(Nc3cc(S(=O)(=O)[O][Na])cc4cc(S(=O)(=O)[O][Na])c(/N=N/c5ccc6c(S(=O)(=O)[O][Na])cccc6c5S(=O)(=O)[O][Na])c(O)c34)n2)c1,0
O=S(=O)([O][Na])OCCS(=O)(=O)c1cccc(Nc2nc(Cl)nc(Nc3cc(S(=O)(=O)[O][Na])cc4cc(S(=O)(=O)[O][Na])c(/N=N/c5ccc6ccccc6c5S(=O)(=O)[O][Na])c(O)c34)n2)c1,0
O=S([O][Na])OCCS(=O)(=O)c1ccc(/N=N/c2c(S(=O)(=O)[O][Na])cc3cc(S(=O)(=O)[O][Na])cc(Nc4nc(Cl)nc(Nc5cccc(S(=O)(=O)[O][Na])c5)n4)c3c2O)cc1,0
O=S(=O)([O][Na])c1cc(Nc2nc(Cl)nc(Cl)n2)c2c(O)c(/N=N/c3ccccc3)c(S(=O)(=O)[O][Na])cc2c1,0
Cc1nc(F)nc(Nc2cc(S(=O)(=O)[O][Na])cc3cc(S(=O)(=O)[O][Na])c(/N=N/c4ccccc4S(=O)(=O)[O][Na])c(O)c23)c1Cl,0
CC(=O)Nc1cc(S(=O)(=O)[O][Na])cc2cc(S(=O)(=O)[O][Na])c(/N=N/c3ccc(C(=O)Nc4cccc(S(=O)(=O)COS(=O)(=O)[O][Na])c4)cc3)c(O)c12,0
N#Cc1c(Cl)nc(Nc2cc(S(=O)(=O)[O][Na])cc3cc(S(=O)(=O)[O][Na])c(/N=N/c4ccc5c(S(=O)(=O)[O][Na])cccc5c4S(=O)(=O)[O][Na])c(O)c23)nc1Cl,0
COc1ccc(S(=O)(=O)CCOS(=O)(=O)[O][Na])cc1/N=N/c1ccc2c(S(=O)(=O)[O][Na])cccc2c1O,0
O=C(Nc1cc(S(=O)(=O)[O][Na])cc2cc(S(=O)(=O)[O][Na])c(/N=N/c3cc(Nc4nc(F)nc(Nc5ccc6ccccc6c5S(=O)(=O)[O][Na])n4)ccc3S(=O)(=O)[O][Na])c(O)c12)c1ccccc1,0
O=C([O-])c1ccc[n+](-c2nc(Cc3ccc(Nc4nc(Nc5cc(S(=O)(=O)[O][Na])cc6c5C(=O)/C(=N\Nc5ccccc5S(=O)(=O)[O][Na])C(S(=O)(=O)[O][Na])=C6)nc(-[n+]5cccc(C(=O)[O-])c5)n4)cc3)nc(Nc3cc(S(=O)(=O)[O][Na])cc4c3C(=O)/C(=N\Nc3ccccc3S(=O)(=O)[O][Na])C(S(=O)(=O)[O][Na])=C4)n2)c1,0
CC(=O)Nc1cc(S(=O)(=O)[O][Na])cc2cc(S(=O)(=O)[O][Na])c(/N=N/c3cc(Nc4nc(Cl)nc(Nc5cccc(S(=O)(=O)CCOS(=O)(=O)[O][Na])c5)n4)ccc3S(=O)(=O)[O][Na])c(O)c12,0
COc1ccc(N/N=C2\C(=O)c3ccc(Nc4nc(Cl)nc(N(C)c5ccc(Cl)cc5)n4)cc3C=C2S(=O)(=O)[O][Na])c(S(=O)(=O)[O][Na])c1,0
COc1cc(S(=O)(=O)[O][Na])c(/N=N/c2c(S(=O)(=O)[O][Na])cc3cc(Nc4nc(F)nc(Nc5ccccc5)n4)ccc3c2O)cc1S(=O)(=O)[O][Na],0
O=S(=O)([O][Na])OCCS(=O)(=O)c1ccc(Nc2nc(Cl)nc(Nc3cc(S(=O)(=O)[O][Na])cc4cc(S(=O)(=O)[O][Na])c(/N=N/c5ccccc5S(=O)(=O)[O][Na])c(O)c34)n2)cc1,0
COS(=O)(=O)c1cc(Nc2nc(Cl)nc(Nc3ccc(Nc4nc(Cl)nc(Nc5cc(S(=O)(=O)[O][Na])cc6cc(S(=O)(=O)[O][Na])c(/N=N/c7ccccc7S(=O)(=O)[O][Na])c(O)c56)n4)cc3)n2)c2c(O)c(/N=N/c3ccccc3S(=O)(=O)[O][Na])c(S(=O)(=O)[O][Na])cc2c1,0
CN(c1ccccc1)c1nc(Cl)nc(Nc2cc(S(=O)(=O)[O][Na])cc3cc(S(=O)(=O)[O][Na])c(/N=N/c4ccccc4S(=O)(=O)[O][Na])c(O)c23)n1,0
CCN(c1ccccc1)c1cc(Cl)cc(Nc2cc(S(=O)(=O)OC)cc3cc(S(=O)(=O)[O][Na])c(/N=N/c4ccccc4S(=O)(=O)[O][Na])c(O)c23)c1,0
O=S(=O)([O][Na])OCCS(=O)(=O)c1ccc(Nc2nc(Cl)nc(Nc3cc(S(=O)(=O)[O][Na])cc4cc(S(=O)(=O)[O][Na])c(/N=N/c5ccc6c(S(=O)(=O)[O][Na])cccc6c5S(=O)(=O)[O][Na])c(O)c34)n2)cc1,0
O=S(=O)([O][Na])OCCS(=O)(=O)c1ccc(Nc2nc(Cl)nc(Nc3cc(S(=O)(=O)[O][Na])cc4cc(S(=O)(=O)[O][Na])c(/N=N/c5ccc6ccccc6c5S(=O)(=O)[O][Na])c(O)c34)n2)cc1,0
CCN(c1ccccc1)c1nc(Cl)nc(Nc2cc(S(=O)(=O)[O][Na])cc3cc(S(=O)(=O)[O][Na])c(/N=N/c4ccc(C)cc4S(=O)(=O)[O][Na])c(O)c23)n1,0
O=S(=O)([O][Na])OCCS(=O)(=O)c1ccc(Nc2nc(Cl)nc(Nc3cc(S(=O)(=O)[O][Na])cc4cc(S(=O)(=O)[O][Na])c(/N=N/c5ccccc5)c(O)c34)n2)cc1,0
O=C([O][Na])c1cc(S(=O)(=O)[O][Na])ccc1Nc1nc(Cl)nc(Nc2cc(S(=O)(=O)[O][Na])cc3cc(S(=O)(=O)[O][Na])c(/N=N/c4ccccc4S(=O)(=O)[O][Na])c(O)c23)n1,0
O=C([O][Na])c1cc(S(=O)(=O)[O][Na])ccc1Nc1nc(Cl)nc(Nc2cc(S(=O)(=O)[O][Na])cc3c2C(=O)/C(=N/Nc2ccc4ccccc4c2S(=O)(=O)[O][Na])C(S(=O)(=O)[O][Na])=C3)n1,0
COc1ccc(S(=O)(=O)CCS(=O)(=O)[O][Na])cc1/N=N/c1c(S(=O)(=O)OC)cc2cc(S(=O)(=O)OC)cc(NC(C)=O)c2c1O,0
O=C(Nc1cc(S(=O)(=O)[O][Na])cc2cc(S(=O)(=O)[O][Na])c(/N=N/c3cc(Nc4nc(Cl)nc(Nc5ccc(S(=O)(=O)[O][Na])cc5)n4)ccc3S(=O)(=O)[O][Na])c(O)c12)c1ccccc1,0
O=C(Nc1ccc(S(=O)(=O)[O][Na])c2cc(S(=O)(=O)[O][Na])c(/N=N/c3ccc4c(S(=O)(=O)[O][Na])cccc4c3S(=O)(=O)[O][Na])c(O)c12)c1ccc2nc(Cl)c(Cl)nc2c1,0
COc1ccc(/N=N/c2c(S(=O)(=O)[O][Na])cc3cc(Nc4nc(Cl)nc(Nc5cccc(S(=O)(=O)[O][Na])c5)n4)ccc3c2O)c(S(=O)(=O)[O][Na])c1,0
O=S(=O)([O][Na])c1ccc(O)c(/N=N/c2c(S(=O)(=O)[O][Na])cc3c(S(=O)(=O)[O][Na])c(Nc4nc(Cl)nc(Cl)n4)ccc3c2O)c1,0
C=C(Br)C(=O)Nc1ccc(/N=N/c2c(NC)ccc3cc(S(=O)(=O)[O][Na])cc(O)c23)c(S(=O)(=O)[O][Na])c1,0
O=S(=O)([O][Na])c1cccc(Nc2nc(Cl)nc(Nc3ccc4c(O)c(/N=N/c5cc(S(=O)(=O)[O][Na])ccc5O)c(S(=O)(=O)[O][Na])cc4c3)n2)c1,0
CN(c1ccc(S(=O)(=O)[O][Na])c(N/N=C2\C(=O)c3c(cc(S(=O)(=O)[O][Na])cc3Nc3nc(Cl)nc(Nc4cccc(S(=O)(=O)[O][Na])c4)n3)C=C2S(=O)(=O)[O][Na])c1)c1nc(Cl)nc(Nc2cc(S(=O)(=O)[O][Na])ccc2S(=O)(=O)[O][Na])n1,0
C=C(Br)C(=O)Nc1ccc(/N=N/c2c(N)ccc3cc(S(=O)(=O)[O][Na])ccc23)c(S(=O)(=O)c2ccc(C)c(S(=O)(=O)[O][Na])c2)c1,0
CC(=O)Nc1ccc(/N=N/c2c(S(=O)(=O)[O][Na])cc3cc(Nc4nc(Cl)nc(Nc5ccccc5S(=O)(=O)[O][Na])n4)ccc3c2O)c(S(=O)(=O)[O][Na])c1,0
O=S(=O)([O][Na])c1cc(Nc2nc(NCO)nc(NCO)n2)c2c(O)c(/N=N/c3ccccc3S(=O)(=O)[O][Na])c(S(=O)(=O)[O][Na])cc2c1,0
O=S(=O)(Cc1cc2cc(S(=O)(=O)[O][Na])cc(Nc3nc(Cl)nc(Nc4cccc(S(=O)(=O)[O][Na])c4)n3)c2c(O)c1/N=N/c1cc(S(=O)(=O)[O][Na])cc(Cl)c1O)[O][Na],0
O=S(=O)([O][Na])c1ccc(O)c(/N=N/c2c(S(=O)(=O)[O][Na])cc3cc(S(=O)(=O)[O][Na])cc(Nc4nc(Cl)nc(Oc5ccccc5)n4)c3c2O)c1,0
O=S(=O)([O][Na])c1cc(S(=O)(=O)[O][Na])c2c(O)c(/N=N/c3ccc(Nc4nc(F)nc(F)c4Cl)cc3O)c(S(=O)(=O)[O][Na])cc2c1,0
Cc1c(NC(=O)C(Br)CBr)c(C)c(S(=O)(=O)[O][Na])c(C)c1Nc1cc(Oc2ccc(C(C)(C)C)c(S(=O)(=O)[O][Na])c2)c(N)c2c1C(=O)c1ccccc1C2=O,0
CC(=O)Nc1cc(S(=O)(=O)[O][Na])cc2cc(S(=O)(=O)[O][Na])c(/N=N/c3ccc(S(=O)(=O)CCOS(=O)(=O)[O][Na])cc3O)c(O)c12,0
COc1ccc(/N=N/c2c(S(=O)(=O)[O][Na])cc3cc(S(=O)(=O)[O][Na])cc(Nc4nc(Cl)nc(Cl)n4)c3c2O)cc1,0
CC1=NN(c2cc(Cl)c(S(=O)(=O)[O][Na])cc2Cl)C(=O)/C1=N\Nc1cc(Nc2nc(Cl)nc(Cl)n2)ccc1S(=O)(=O)[O][Na],0
CC1=NN(c2cccc(S(=O)(=O)[O][Na])c2)C(=O)/C1=N\Nc1cc(Nc2nc(Cl)nc(Nc3ccc(-c4ccc(Nc5nc(Cl)nc(Nc6ccc(S(=O)(=O)[O][Na])c(N/N=C7\C(=O)N(c8cccc(S(=O)(=O)[O][Na])c8)N=C7C)c6)n5)cc4S(=O)(=O)[O][Na])c(S(=O)(=O)[O][Na])c3)n2)ccc1S(=O)(=O)[O][Na],0
CC1=NN(c2ccc(S(=O)(=O)CCOS(=O)(=O)[O][Na])cc2)C(=O)/C1=N\Nc1cc(C(=O)[O][Na])c(Cl)cc1S(=O)(=O)[O][Na],0
O=C([O][Na])c1nn(-c2ccc(S(=O)(=O)[O][Na])cc2)c(O)c1/N=N/c1cccc(P(=O)(O)O)c1,0
Cc1nn(-c2cc(Cl)c(S(=O)(=O)[O][Na])cc2Cl)c(O)c1/N=N/c1cc(Nc2nc(Cl)nc(Nc3cc(C=Cc4ccc(Nc5nc(Cl)nc(Nc6ccc(S(=O)(=O)[O][Na])c(/N=N/c7c(C)nn(-c8cc(Cl)c(S(=O)(=O)[O][Na])cc8Cl)c7O)c6)n5)cc4S(=O)(=O)[O][Na])cc(S(=O)(=O)[O][Na])c3)n2)ccc1S(=O)(=O)[O][Na],0
COc1ccc(S(=O)(=O)CCOS(=O)(=O)[O][Na])cc1N/N=C1\C(=O)N(c2c(C)cc(S(=O)(=O)[O][Na])cc2Cl)N=C1C,0
NC(=O)Nc1cc(Nc2nc(Cl)nc(Nc3cccc(S(=O)(=O)CCOS(=O)(=O)[O][Na])c3)n2)ccc1/N=N/c1cc2c(S(=O)(=O)[O][Na])cc(S(=O)(=O)[O][Na])cc2cc1S(=O)(=O)[O][Na],0
COc1cc(S(=O)(=O)CCOS(=O)(=O)[O][Na])c(C)cc1/N=N/c1c(C)nn(-c2ccc(S(=O)(=O)[O][Na])cc2)c1O,0
CC(=O)Nc1ccc2c(c1)C=C(S(=O)(=O)[O][Na])/C(=N/Nc1ccc(S(=O)(=O)CCOS(=O)(=O)[O][Na])cc1)C2=O,0
Cc1c(/N=N/c2cc(Nc3nc(Cl)nc(Nc4ccc(S(=O)(=O)CCOS(=O)(=O)[O][Na])cc4)n3)ccc2S(=O)(=O)[O][Na])c(O)n(C)c(=O)c1C(N)=O,0
CC1=NN(c2cc(S(=O)(=O)[O][Na])c3cccc(S(=O)(=O)[O][Na])c3c2)C(=O)/C1=N\Nc1cc(Nc2nc(Cl)nc(Nc3cccc(S(=O)(=O)CCOS(=O)(=O)[O][Na])c3)n2)ccc1S(=O)(=O)[O][Na],0
COc1cc(S(=O)(=O)CCOS(=O)(=O)[O][K])c(OC)cc1N/N=C1\C(=O)N(c2ccc(S(=O)(=O)[O][K])cc2)N=C1C,0
C=CS(=O)(=O)CCOCCNc1nc(F)nc(Nc2ccc(/N=N\c3cc4c(S(=O)(=O)[O][Na])cc(S(=O)(=O)[O][Na])cc4cc3S(=O)(=O)[O][Na])c(NC(N)=O)c2)n1,0
CC(=O)Nc1cc(Nc2nc(Cl)nc(Nc3cccc(S(=O)(=O)CCOS(=O)(=O)[O][Na])c3)n2)ccc1/N=N\c1cc2c(S(=O)(=O)[O][Na])cc(S(=O)(=O)[O][Na])cc2cc1S(=O)(=O)[O][Na],0
CC(=O)Nc1cc(Nc2nc(Nc3cc(S(=O)(=O)[O][Na])ccc3S(=O)(=O)[O][Na])nc(-[n+]3cccc(C(=O)[O][Na])c3)n2)ccc1/N=N/c1ccc(/C=C/c2ccc([N+](=O)[O-])cc2S(=O)(=O)[O][Na])c(S(=O)(=O)[O][Na])c1.[OH-],0
O=C([O][Na])C1=NN(c2ccc(S(=O)(=O)[O][Na])cc2)C(=O)/C1=N/Nc1cc(Nc2nc(Cl)nc(Nc3ccc(/C=C\c4ccc(Nc5nc(Cl)nc(Nc6ccc(S(=O)(=O)[O][Na])c(N/N=C7/C(=O)N(c8ccc(S(=O)(=O)[O][Na])cc8)N=C7C(=O)[O][Na])c6)n5)cc4S(=O)(=O)[O][Na])c(S(=O)(=O)[O][Na])c3)n2)ccc1S(=O)(=O)[O][Na],0
CC1=NN(c2cccc(S(=O)(=O)[O][Na])c2)C(=O)/C1=N\Nc1cc(Nc2nc(Cl)nc(Nc3cc(S(=O)(=O)[O][Na])ccc3S(=O)(=O)[O][Na])n2)ccc1S(=O)(=O)[O][Na],0
COc1ccc(S(=O)(=O)CCOS(=O)(=O)[O][Na])cc1N/N=C1\C(=O)N(c2ccc(S(=O)(=O)[O][Na])cc2)N=C1C,0
CCn1c(O)c(/N=N/c2cc(Nc3cc(Cl)nc(Nc4ccc(S(=O)(=O)CCOS(=O)(=O)[O][K])cc4)n3)c(S(=O)(=O)[O][K])cc2S(=O)(=O)[O][K])c(C)c(C(N)=O)c1=O,0
CC1=NN(c2cc(Cl)c(S(=O)(=O)[O][Na])cc2Cl)C(=O)/C1=N\Nc1cc(Nc2nc(Cl)nc(Nc3ccccc3)n2)ccc1S(=O)(=O)[O][Na],0
CC1=NN(c2cc(Cl)c(S(=O)(=O)[O][Na])cc2Cl)C(=O)/C1=N\Nc1cc(Nc2nc(Cl)nc(Nc3ccc(S(=O)(=O)[O][Na])cc3)n2)ccc1S(=O)(=O)[O][Na],0
Nc1cc(N)c(S(=O)(=O)[O][K])cc1/N=N/c1ccc(S(=O)(=O)CCOS(=O)(=O)[O][K])cc1,0
Cc1nn(-c2cc(Cl)c(S(=O)(=O)[O][Na])cc2Cl)c(O)c1/N=N/c1cc(Nc2nc(Cl)nc(Nc3ccc(/C=C\c4ccc(Nc5nc(Cl)nc(Nc6ccc(S(=O)(=O)[O][Na])c(/N=N/c7c(C)nn(-c8cc(Cl)c(S(=O)(=O)[O][Na])cc8Cl)c7O)c6)n5)cc4S(=O)(=O)[O][Na])c(S(=O)(=O)[O][Na])c3)n2)ccc1S(=O)(=O)[O][Na],0
O=C([O][Na])C1=NN(c2ccc(S(=O)(=O)[O][Na])cc2)C(=O)C1/N=N/c1ccc(C(=O)Nc2cccc(S(=O)(=O)CCOS(=O)(=O)[O][Na])c2)cc1,0
Cc1cc(S(=O)(=O)[O][Na])ccc1N1N=C(C(=O)[O][Na])/C(=N/Nc2cc(NC(=O)c3ccc4nc(Cl)c(Cl)nc4c3)ccc2S(=O)(=O)[O][Na])C1=O,0
CC(=O)Nc1cc(NC(=O)c2ccc3nc(Cl)c(Cl)nc3c2)ccc1/N=N/c1cc2ccc(S(=O)(=O)[O][Na])cc2cc1S(=O)(=O)[O][Na],0
CC(=O)Nc1cc(Nc2nc(N)nc(Cl)n2)ccc1/N=N/c1cc(S(=O)(=O)[O][Na])c2cccc(S(=O)(=O)[O][Na])c2c1,0
C=CS(=O)(=O)c1ccc(N2N=C(C)/C(=N/Nc3ccc4c(S(=O)(=O)[O][Na])cccc4c3S(=O)(=O)[O][Na])C2=O)cc1,0
C=C(Br)C(=O)Nc1ccc(S(=O)(=O)[O][Na])c(N/N=C2\C(=O)N(c3cc(Cl)c(S(=O)(=O)[O][Na])cc3Cl)N=C2C)c1,0
Cc1cc(Nc2nc(Cl)nc(Cl)n2)ccc1/N=N/c1cc(S(=O)(=O)[O][Na])c2cccc(S(=O)(=O)[O][Na])c2c1,0
Cc1ccc(O)c(/N=N/c2ccc(Nc3nc(Cl)nc(N(CCO)CCO)n3)cc2)c1,0
COc1cc(S(=O)(=O)CCOS(=O)(=O)[O][Na])c(OC)cc1NC(=O)C(/N=N/c1cc2c(S(=O)(=O)[O][Na])cc(S(=O)(=O)[O][Na])cc2cc1S(=O)(=O)[O][Na])=C(/C)O,0
COc1cc(/N=N\c2cc(S(=O)(=O)[O][Na])c3cccc(S(=O)(=O)[O][Na])c3c2)c(C)cc1Nc1nc(Cl)nc(Nc2ccc(/C=C\c3ccc(Nc4nc(Cl)nc(Nc5cc(C)c(/N=N\c6cc(S(=O)(=O)[O][Na])c7cccc(S(=O)(=O)[O][Na])c7c6)cc5OC)n4)cc3S(=O)(=O)[O][Na])c(S(=O)(=O)[O][Na])c2)n1,0
CCn1c(O)c(/N=N/c2cc(Nc3nc(Cl)nc(Nc4ccc(S(=O)(=O)[O][Na])c(Nc5nc(N)nc(Cl)n5)c4)n3)ccc2S(=O)(=O)[O][Na])c(C)c(C(N)=O)c1=O,0
CCn1c(O)c(/N=N/c2cc(Nc3nc(Cl)nc(Cl)n3)c(S(=O)(=O)[O][Na])cc2S(=O)(=O)[O][Na])c(C)c(C(N)=O)c1=O,0
Nc1nc(Cl)nc(Nc2ccc3c(O)c(/N=N/c4c(O)cc(S(=O)(=O)[O][Na])c5cc([N+](=O)[O-])ccc45)c(S(=O)(=O)[O][Na])cc3c2)n1,0
O=C1c2cc([N+](=O)[O-])ccc2-c2c(S(=O)(=O)NCCOS(=O)(=O)[O][Na])cc3c4cc(S(=O)(=O)NCCOS(=O)(=O)[O][Na])c5c6c(ccc(c7ccc1c2c73)c64)C(=O)c1cc([N+](=O)[O-])ccc1-5,0
Nc1nc(Cl)nc(Nc2ccc(S(=O)(=O)[O][Na])c(/N=N/c3c(S(=O)(=O)[O][Na])cc4cc(S(=O)(=O)[O][Na])c(/N=N/c5cc(S(=O)(=O)[O][Na])ccc5S(=O)(=O)[O][Na])c(N)c4c3O)c2)n1,0
Cc1nc(F)nc(Nc2cc(Nc3nc(Cl)nc(Nc4cc(S(=O)(=O)[O][Na])cc5cc(S(=O)(=O)[O][Na])c(/N=N/c6cc(N)ccc6O)c(O)c45)n3)ccc2S(=O)(=O)[O][Na])c1Cl,0
Cc1cc(Nc2nc(Cl)nc(Nc3cccc(S(=O)(=O)[O][Na])c3)n2)c(C)cc1/N=N/c1cc(S(=O)(=O)[O][Na])c(/N=N/c2c(S(=O)(=O)[O][Na])cc3cc(S(=O)(=O)[O][Na])cc(Nc4ccccc4)c3c2O)cc1S(=O)(=O)[O][Na],0
Nc1c(/N=N/c2ccc(S(=O)(=O)CCOS(=O)(=O)[O][Na])cc2)c(S(=O)(=O)[O][Na])cc2cc(S(=O)(=O)[O][Na])c(/N=N\c3ccc(S(=O)(=O)CCOS(=O)(=O)[O][Na])cc3)c(O)c12,0
Nc1nc(Cl)nc(Nc2cc(S(=O)(=O)[O][Na])cc3cc(S(=O)(=O)[O][Na])c(/N=N/c4cc([N+](=O)[O-])ccc4O)c(O)c23)n1,0
CC1(C)Nc2cccc3c(/N=N/c4ccc(/N=N/c5ccccc5)c5ccccc45)ccc(c23)N1,0
CCNc1ccc(/N=N/c2ccc(/N=N/c3ccccc3)c3ccccc23)c2ccccc12,0
c1ccc(/N=c2\ccc3nc4cc5c(cc4n(-c4ccccc4)c-3c2)N(c2ccccc2)c2ccccc2N5)cc1,0
c1ccc(/N=c2/cc3n(-c4ccccc4)c4cc5c(cc4nc-3cc2Nc2ccccc2)Nc2ccccc2N5c2ccccc2)cc1,0
Cc1ccccc1Nc1ccc(Nc2ccccc2C)c2c1C(=O)c1ccccc1C2=O,0
CNc1ccc(NC(C)C)c2c1C(=O)c1ccccc1C2=O,0
Cc1cc(C)c(Nc2ccc(Nc3c(C)cc(C)cc3C)c3c2C(=O)c2ccccc2C3=O)c(C)c1,0
CCNc1ccc(NCC)c2c1C(=O)c1ccccc1C2=O,0
CNc1ccc(Nc2ccc(C)cc2)c2c1C(=O)c1ccccc1C2=O,0
Cc1ccc(Nc2cc(Br)c(N)c3c2C(=O)c2ccccc2C3=O)cc1,0
Cc1ccc(Nc2cc(C)c(N)c3c2C(=O)c2ccccc2C3=O)cc1,0
CCCCCNc1ccc(NCCCCC)c2c1C(=O)c1ccccc1C2=O,0
O=C1c2c(Nc3ccccc3)ccc(Nc3ccccc3)c2C(=O)c2c(Nc3ccccc3)ccc(Nc3ccccc3)c21,0
CN(C)c1ccc(C(O)(c2ccc(N(C)C)cc2)c2ccc(N(C)c3ccccc3)c3ccccc23)cc1,0
CCN(CC)c1ccc(/N=C2\C=CC(=O)c3ccccc32)cc1,0
CCCCNc1ccc(NCCCC)c2c1C(=O)c1ccccc1C2=O,0
CN(C)c1ccc(C(O)(c2ccc(N(C)C)cc2)c2ccc(Nc3ccccc3)c3ccccc23)cc1,0
CCNc1ccc(C(O)(c2ccc(N(CC)CC)cc2)c2ccc(N(CC)CC)cc2)c2ccccc12,0
CCCCC(CC)CNc1ccc(NCC(CC)CCCC)c2c1C(=O)c1ccccc1C2=O,0
CCNc1ccc(C(O)(c2ccc(N(C)C)cc2)c2ccc(N(C)C)cc2)c2ccccc12,0
CNc1ccc(Nc2cccc(C)c2)c2c1C(=O)c1ccccc1C2=O,0
Cc1cccc(N=C2C=CC(=C(c3ccc(Nc4cccc(C)c4)cc3)c3ccc(Nc4cccc(C)c4)cc3)C=C2)c1,0
Nc1cc(S(=O)(=O)O)c(O)c2c1C(=O)c1c(O)c(S(=O)(=O)O)cc(N)c1C2=O,0
NC(=O)Cn1sc2ccccc2c1=O,0
CCc1cc(C)cc(CC)c1Nc1ccc(Nc2c(CC)cc(C)cc2CC)c2c1C(=O)c1ccccc1C2=O,0
Nc1ccc(/N=N/c2cccc3ccccc23)c(N)c1,0
Cc1cc(/N=N/c2cccc3ccccc23)c(N)cc1N,0
Oc1ccc(/N=N/c2ccccc2)c2ccccc12,0
Oc1ccc(/N=N/c2cccc3ccccc23)c2ccccc12,0
N#CC(/N=C/c1ccccc1O)=C(C#N)/N=C/c1ccccc1O,0
O=C1c2ccccc2C(=O)c2c(Nc3ccc4c5c(cccc35)C(=O)c3ccccc3-4)cccc21,0
CCOc1ccc2c(c1)nc1c3ccc4c(=O)n5c6ccc(OCC)cc6nc5c5ccc(c(=O)n21)c3c45,0
Oc1ccc2ccccc2c1/C=N/c1ccccc1/N=C/c1c(O)ccc2ccccc12,0
CN(C)c1ccc(C(O)(c2ccccc2)c2ccc(N(C)C)cc2)cc1,0
CCCCc1ccc(Nc2ccc(Nc3ccc(CCCC)cc3)c3c2C(=O)c2c(O)ccc(O)c2C3=O)cc1,0
CC(C)(C)c1ccc(Nc2ccc(Nc3ccc(C(C)(C)C)cc3)c3c2C(=O)c2c(O)ccc(O)c2C3=O)cc1,0
Cc1ccc2c(c1)-c1c3ccccc3cc3c(C)ccc(c13)O2,0
CC(C)COC(=O)c1ccc2c3cccc4c(C(=O)OCC(C)C)ccc(c5cccc1c52)c43,0
Oc1ccc(/N=N/c2ccccc2)c(O)c1,0
O=C1C2=C(CCCC2)C2=Nc3cccc4cccc(c34)N12,0
Cc1ccccc1/N=N/c1ccc(/N=N/c2ccc(O)cc2)c(C)c1,0
Nc1ccc(/N=N/c2ccc(/N=N/c3ccccc3)cc2)c2ccccc12,0
CN(C)c1ccc2cc3ccc(N(C)C)cc3nc2c1,0
O=C(O)c1ccccc1-c1c2ccc(=O)c([N+](=O)[O-])c-2oc2c([N+](=O)[O-])c(O)ccc12,0
O=C(O)c1cc2c(c(Br)c1O)Oc1c(cc(C(=O)O)c(O)c1Br)C21OC(=O)c2cccc(Br)c21,0
O=C(O)c1cc2c(-c3c(Br)cccc3C(=O)O)c3cc(C(=O)O)c(=O)c(Br)c-3oc2c(Br)c1O,0
O=C1OC2(c3ccccc31)c1cc(I)c(O)c(Br)c1Oc1c2cc(I)c(O)c1Br,0
O=C(O)c1ccccc1-c1c2cc(I)c(=O)c(Br)c-2oc2c(Br)c(O)c(I)cc12,0
Cc1ccccc1/N=N/c1c(O)ccc2ccccc12,0
Nc1ccc(/N=N/c2ccccc2)c(N)c1,0
Cc1ccc(/N=N/c2ccc(O)c(/N=N/c3ccc(C)cc3C)c2O)c(C)c1,0
Cc1cc(/N=N/c2ccccc2)c(N)cc1N,0
C/C(O)=C(/N=N/c1cc([N+](=O)[O-])ccc1O)C(=O)Nc1ccccc1,0
CC1=NN(c2ccccc2)C(=O)/C1=N\Nc1cc([N+](=O)[O-])cc(S(=O)(=O)O)c1O,0
CC1=NN(c2ccccc2)C(=O)/C1=N\Nc1cc(Cl)cc(S(=O)(=O)O)c1O,0
O=C1c2ccccc2C2=Nc3cccc4cccc(c34)N12,0
O=c1c2ccccc2c2ccc3sc4ccccc4c4ccc1c2c34,0
Cc1ccc(/N=N/c2c(O)ccc3ccccc23)c(C)c1,0
Oc1ccc2ccccc2c1/N=N/c1ccc2ccccc2c1,0
O=C1c2ccccc2C(=O)c2c(O)ccc(O)c21,0
COc1ccccc1N/N=C1/C(=O)C=Cc2ccccc21,0
CC1=NN(c2ccccc2)C(=O)/C1=N\Nc1ccc([N+](=O)[O-])cc1O,0
O=C(Cc1cc(Nc2ccccc2)c2ncnc3c2c1C(=O)c1ccccc1-3)c1cc(Cl)ccc1Cl,0
COc1cc([N+](=O)[O-])ccc1/N=N/c1c(O)ccc2ccccc12,0
O=C1c2c(Cl)c(Cl)c(Cl)c(Cl)c2C2=Nc3cccc4cccc(c34)N12,0
O=C1c2ccccc2C(=O)c2c(Nc3ccc(S(=O)(=O)c4ccccc4)cc3)cccc21,0
O=C(O)c1c(Cl)c(Cl)c(Cl)c(Cl)c1-c1c2cc(I)c(=O)c(I)c-2oc2c(I)c(O)c(I)cc12,0
COc1ccc(C(=O)Nc2ccccc2)cc1/N=N/c1c(O)cc(C(=O)Nc2ccc(Cl)cc2OC)c2ccccc12,0
C=c1cc2c3ccccc3c(=O)c3c(NC4CCCCC4)ccc(c3-2)n1C,0
CCCCCCCc1cc2ccccc2c(/N=N/c2ccc(/N=N/c3ccc(C)cc3)c(C)c2)c1O,0
CC(C)Nc1cccc2c1C(=O)c1ccccc1C2=O,0
COc1ccc(C)cc1/N=N/c1c(O)ccc2ccccc12,0
Cc1cc(Br)c(Nc2ccc(O)c3c2C(=O)c2ccccc2C3=O)c(Br)c1,0
O=c1c2cccc3cccc(c32)c2nc3cccc4cccc(c43)n12,0
COc1cc(C(c2ccccc2)c2ccc(/N=N/c3c(O)ccc4ccccc34)c(OC)c2)ccc1/N=N/c1c(O)ccc2ccccc12,0
CCNc1ccc2ccccc2c1/N=N/c1ccc(/N=N/c2ccccc2)cc1,0
CCN(CC)c1ccc2cc3c(oc2c1)c(C#N)c(=O)n1c2ccccc2nc31,0
CCN(CC)c1ccc2cc3c(oc2c1)c(C#N)c(=N)n1c2ccccc2nc31,0
CCN(CCOCCCCC(C)C)c1ccc(/N=N/c2ccc([N+](=O)[O-])cc2[N+](=O)[O-])c(C)c1,0
Cc1ccccc1/N=N/c1ccc(O)c2ccccc12,0
O=C1c2cccc(NC3CCCCC3)c2C(=O)c2cccc(NC3CCCCC3)c21,0
Cc1ccc(NC(=O)c2cc3ccccc3c(/N=N/c3c(C)ccc(Cl)c3O)c2O)c(C)c1,0
Cc1cc(C(c2ccccc2C)c2cc(C)c(N/N=C3/C(=O)C=Cc4ccccc43)cc2C)c(C)cc1N/N=C1/C(=O)C=Cc2ccccc21,0
Oc1ccc2ccccc2c1/N=N/c1ccc(/N=N/c2ccccc2)cc1,0
CC(=O)c1c(-c2ccccc2)c(=O)c2ccc3sc4ccccc4c4ccc1c2c34,0
CC(=O)c1c(-c2ccccc2)c(=O)c2ccc3c4ccccc4sc4ccc1c2c43,0
Cc1cccc(/N=N/c2ccc(/N=N/c3c(O)ccc4ccccc34)cc2C)c1,0
Cc1ccccc1/N=N/c1cc(C)c(/N=N/c2c(O)ccc3ccccc23)cc1C,0
Cc1ccc(C)c(/N=N/c2cc(C)c(/N=N/c3c(O)ccc4ccccc34)cc2C)c1,0
Nc1ccc(/N=N/c2ccc(/N=N/c3cccc4ccccc34)c3ccccc23)c2ccccc12,0
CCOc1ccc(/N=N/c2ccc(O)c3ccccc23)cc1,0
O=S(=O)(O)c1cc(S(=O)(=O)O)c2c(/N=N/c3ccc(/N=N/c4ccccc4)cc3)c(O)ccc2c1,0
O=S(=O)(O)c1cc(S(=O)(=O)O)c2c(/N=N/c3ccc(/N=N/c4ccccc4)cc3)c(O)c(S(=O)(=O)O)cc2c1,0
Oc1ccc2ccccc2c1/N=N/c1cccc2ccccc12,0
O=C(O)c1ccccc1-c1c2cc(Cl)c(=O)c(Cl)c-2oc2c(Cl)c(O)c(Cl)cc12,0
Oc1c(Cl)cc2c(c1Cl)Oc1c(cc(Cl)c(O)c1Cl)C21OC(O)c2ccccc21,0
O=C(O)c1ccccc1-c1c2cc(Br)c(=O)c(Br)c-2oc2c(Br)c(O)c(Br)cc12,0
COC(=O)c1ccccc1-c1c2cc(Br)c(=O)c(Br)c-2oc2c(Br)c([O][K])c(Br)cc12,0
CCOC(=O)c1ccccc1-c1c2cc(Br)c(=O)c(Br)c-2oc2c(Br)c([O][K])c(Br)cc12,0
O=C1OC2(c3c(Br)cccc31)c1c(Br)c(C(=O)O)c(O)c(Br)c1Oc1c(Br)c(O)c(C(=O)O)c(Br)c12,0
O=C(O)c1cccc(Br)c1-c1c2c(Br)c(C(=O)O)c(=O)c(Br)c-2oc2c(Br)c(O)c(C(=O)O)c(Br)c12,0
O=C(O)c1c(Cl)ccc(Cl)c1-c1c2cc(I)c(=O)c(I)c-2oc2c(I)c(O)c(I)cc12,0
O=C(O)c1c(Cl)c(Cl)c(Cl)c(Cl)c1-c1c2cc(Br)c(=O)c(Br)c-2oc2c(Br)c(O)c(Br)cc12,0
Nc1ccc2ccccc2c1/N=N/c1ccc([N+](=O)[O-])cc1,0
O=C(O)c1ccccc1-c1c2ccc(=O)c(Br)c-2oc2c(Br)c(O)ccc12,0
O=C(O)c1ccccc1-c1c2ccc(=O)c(I)c-2oc2c(I)c(O)ccc12,0
COc1ccc(OC)c(/N=N/c2c(O)ccc3ccccc23)c1,0
CCN(CC)S(=O)(=O)c1ccc(O)c(/N=N/c2c(O)nc3ccccc3c2O)c1,0
Cc1ccccc1/N=c1\ccc2c(-c3ccccc3C(=O)O)c3ccc(Nc4ccccc4C)cc3oc-2c1,0
Cc1ccc(Nc2cccc3c2C(=O)c2c(Nc4ccc(C)cc4)cccc2C3=O)cc1,0
Cc1ccc(Nc2cccc3c2C(=O)c2cccc(Nc4ccc(C)cc4)c2C3=O)cc1,0
Cc1cc(Br)c(Nc2ccc(Nc3c(Br)cc(C)cc3Br)c3c2C(=O)c2ccccc2C3=O)c(Br)c1,0
NC1=C2C(=O)c3ccccc3C(=O)C2=C(N)CC1,0
N#CC(/N=C/c1c(O)ccc2ccccc12)=C(C#N)/N=C/c1c(O)c(C(=O)O)cc2ccccc12,0
c1ccc(C2=NN(c3ccccc3)C(c3ccccc3)C2)cc1,0
O=C(O)c1ccccc1Nc1cccc2c1C(=O)c1ccccc1C2=O,0
CN=C1C=CC(=C(c2ccc(N(C)C)cc2)c2ccc(N(C)C)cc2)C=C1,0
CN(C)c1ccc(C(O)(c2ccc(N(C)C)cc2)c2ccc(N(C)C)cc2)cc1,0
Nc1ccc(/N=N/c2ccccc2)cc1,0
Cc1cc(/N=N/c2ccccc2)ccc1O,0
CCCCCCCCCc1ccc(C)c(/N=N/c2ccc(-c3ccc(/N=N/c4cc(CCCCCCCCC)ccc4O)c(C)c3)cc2C)c1,0
Cc1ccc(O)c(/N=N/c2ccccc2)c1,0
O=C1C(=C2Nc3ccccc3C=C2O)C(=O)c2ccccc21,0
CCCCNc1ccc2c3c(cccc13)C(=O)N(CCCC)C2=O,0
Cc1ccc(O)c(/N=N/c2ccccc2C)c1,0
CCN(CCOC(C)OCC(C)C)c1ccc(/N=N/c2ccccc2)cc1,0
CCCCCCCCCCCCc1ccc(/N=N/c2c(O)ccc(/N=N/c3ccc(C)cc3C)c2O)cc1,0
CCCCCCCCCCCCc1ccc(/N=N/c2c(O)ccc(/N=N/c3ccc(CCCCCCCCCCCC)cc3C)c2O)cc1,0
COc1ccc(/C=C2/N=C(c3ccc(C4=N/C(=C/c5ccc(OC)cc5)C(=O)O4)cc3)OC2=O)cc1,0
O=C1C(=C2C=Cc3ccccc3N2)C(=O)c2c(Cl)c(Cl)c(Cl)c(Cl)c21,0
CC1=NN(c2ccccc2)C(=O)/C1=N\Nc1ccccc1,0
O=C1c2cccc(Sc3ccccc3)c2C(=O)c2c(Sc3ccccc3)cccc21,0
CCCCOCCCN1C(=O)c2ccc3c(=O)n4c5ccc(Cl)cc5nc4c4ccc(c2c34)C1=O,0
O=C1c2ccccc2C(=O)c2c(Sc3ccccc3)cccc21,0
O=C1C(=C2Nc3ccccc3C(Br)=C2O)C(=O)c2ccccc21,0
CC1=NN(c2ccccc2)C(=O)/C1=N\Nc1ccc(C)cc1C,0
O=C1c2cccc3c(N4CCOCC4)ccc(c23)C(=O)N1CCO,0
COc1ccc2c3c(cccc13)-c1ccccc1C2=O,0
CCOc1ccc2c(c1)nc1c3cccc4cccc(c(=O)n21)c43,0
O=C(c1ccccc1)c1ccc2c3c1cccc3c(=O)n1c3ccccc3nc21,0
O=C1c2cccc(Sc3ccccc3)c2C(=O)c2cccc(Sc3ccccc3)c21,0
C/C(O)=C(/N=N/c1cc([N+](=O)[O-])cc(S(=O)(=O)O)c1O)C(=O)N(C)c1ccccc1,0
CN(C)c1ccc(/N=N/c2ccccc2)cc1,0
COc1ccccc1/N=N/c1ccc(O)c(C(=O)O)c1,0
CC1=NN(c2ccccc2)C(=O)/C1=N\Nc1ccccc1C(=O)O,0
CC1=NN(c2ccccc2)C(=O)/C1=N\Nc1ccc(C)c([N+](=O)[O-])c1,0
Cc1cc(/N=N/c2ccccc2)cc(/N=N/c2ccccc2)c1O,0
Cc1cc(C2(c3ccc(/N=N/c4cc(C5CCCCC5)ccc4O)c(C)c3)CCCCC2)ccc1/N=N/c1cc(C2CCCCC2)ccc1O,0
Cc1cc(/N=N/c2ccccc2C)ccc1N,0
Cc1ccc(O)c(/N=N/c2cc(C)c(C(c3ccccc3)c3cc(C)c(/N=N/c4cc(C)ccc4O)cc3C)cc2C)c1,0
CCCCc1ccc(O)c(/N=N/c2ccc(C(c3ccc(/N=N/c4cc(CCCC)ccc4O)c(C)c3)C3CCCCC3)cc2C)c1,0
O=C1C(=C2C=Cc3ccccc3N2)C(=O)c2ccccc21,0
Cc1ccc2c(c1)C=CC(=C1C(=O)c3ccccc3C1=O)N2,0
Nc1ccc(/N=N/c2ccccc2)c2ccccc12,0
O=C(O)C1=NN(c2ccc(S(=O)(=O)O)cc2)C(=O)C1/N=N/c1ccc(S(=O)(=O)O)cc1,0
Nc1ccc2ccccc2c1/N=N/c1ccccc1,0
CCN(CC)c1ccc(/N=N/c2ccccc2)cc1,0
OCCN(CCO)c1ccc(/N=N/c2ccccc2)cc1,0
Cc1ccccc1/N=N/c1c(N)ccc2ccccc12,0
Oc1ccc(/N=N/c2ccccc2)cc1,0
COc1ccccc1N/N=C1\C(=O)N(c2ccccc2)N=C1C,0
Oc1ccc(/N=N/c2cccc3ccccc23)cc1,0
CCOc1ccc(/N=N/c2cc(C)ccc2O)cc1,0
CC1=NN(c2ccccc2)C(=O)/C1=C/C1C(=O)N(c2ccccc2)N=C1C,0
O=C1OC2(c3ccc(O)cc3Oc3cc(O)ccc32)c2ccccc21,0
CCCCCCCCCCCCCCCCCCn1c(=O)c2ccc3sc4ccccc4c4ccc(c1=O)c2c34,0
Nc1ccc(Nc2ccc(O)cc2)c2cc(S(=O)(=O)[O][Na])ccc12,0
O=S(=O)([O][Na])c1ccc(Nc2ccc(Nc3ccc(O)cc3)cc2)cc1,0
Nc1ccc2nc3c(Cl)c(Cl)c(=O)c(Cl)c-3oc2c1,0
O=C1C=CC(=Nc2ccc(Nc3ccccc3)cc2)C=C1,0
O=C1C=CC(=Nc2ccc(O)cc2)C=C1,0
O=C(O)c1ccccc1Nc1ccc(Nc2ccc(O)cc2)cc1,0
CC(=O)Nc1ccc(Nc2ccc(Nc3ccc(O)cc3)cc2)cc1,0
Cc1cc(Nc2ccc(O)cc2)ccc1N,0
CN(C)c1ccc(Nc2ccc(O)cc2)cc1,0
Cc1c(S(=O)(=O)[O][Na])cc([N+](=O)[O-])c([N+](=O)[O-])c1C,0
Cc1c([N+](=O)[O-])cc([N+](=O)[O-])cc1S(=O)(=O)[O][Na],0
O=[N+]([O-])c1cc2cc([N+](=O)[O-])cc3c2c(c1)c1c2c4cc([N+](=O)[O-])cc5cc([N+](=O)[O-])cc(c54)c2c2c4ccc([N+](=O)[O-])c5c([N+](=O)[O-])ccc(c54)c2c31,0
c1cc2cccc3c2c(c1)c1c2c4cccc5cccc(c54)c2c2c4cccc5cccc(c54)c2c31,0
O=[N+]([O-])c1cc2cccc3c2c(c1)c1c3c2c3ccc([N+](=O)[O-])c4cccc(c43)c2c2c3cccc4c([N+](=O)[O-])ccc(c43)c12,0
O=S(=O)([O][Na])c1cccc2c(Nc3ccc(O)cc3)ccc(Nc3ccccc3)c12,0
Nc1ccc(Nc2ccc(O)cc2)c2ccccc12,0
Oc1ccc(Nc2ccc3c4c(cccc24)N=CN3)cc1,0
Cc1ccc(Nc2ccc(Nc3ccc(O)cc3)c3cccc(S(=O)(=O)O)c23)cc1,0
Oc1ccc(Nc2ccccc2)cc1,0
N#CSc1cccc(N2C(=O)c3ccc4c5ccc6c7c(ccc(c8ccc(c3c48)C2=O)c75)C(=O)N(c2cccc(SC#N)c2)C6=O)c1,0
O=[N+]([O-])c1ccc(Nc2cc(Cl)ccc2O)c([N+](=O)[O-])c1,0
Nc1ccc2nc3ccc(O)cc3nc2c1,0
Cc1cc2nc3cc(Cl)c(O)c(Cl)c3nc2cc1N,0
Cc1ccc2nc3c(Cl)c(Cl)c(=O)c(Cl)c-3sc2c1,0
Cc1cc2nc3ccc(O)cc3nc2cc1N,0
O=C(Nc1ccc2nc3c(Cl)c(Cl)c(=O)c(Cl)c-3oc2c1)c1cccc([N+](=O)[O-])c1,0
[Na][O]c1c(-c2[nH]c3ccccc3c2[O][Na])[nH]c2ccccc12,0
O=S(=O)([O][Na])Oc1c(-c2[nH]c3ccccc3c2OS(=O)(=O)[O][Na])[nH]c2ccccc12,0
O=S(=O)([O][Na])Oc1c(-c2[nH]c3ccc(Br)c(Cl)c3c2OS(=O)(=O)[O][Na])[nH]c2ccc(Br)c(Cl)c12,0
O=S(=O)([O][Na])Oc1c(Br)ccc2[nH]c(-c3[nH]c4ccccc4c3OS(=O)(=O)[O][Na])cc12,0
O=S(=O)([O][Na])Oc1c(-c2[nH]c3c(Cl)cc(Cl)cc3c2OS(=O)(=O)[O][Na])[nH]c2c(Cl)cc(Cl)cc12,0
O=S(=O)([O][Na])Oc1c(-c2[nH]c3c(Br)cc(Br)cc3c2OS(=O)(=O)[O][Na])[nH]c2c(Br)cc(Br)cc12,0
O=S(=O)([O][Na])c1c2ccccc2c(O)c2c3c(c(Cl)cc12)Nc1c(c(Cl)cc2c(S(=O)(=O)[O][Na])c4ccccc4c(O)c12)N3,0
O=S(=O)([O][Na])OC1c2ccccc2-c2ccc3s/c(=c4\sc5ccc6c7c(ccc4c57)C(OS(=O)(=O)[O][Na])c4ccccc4-6)c4ccc1c2c34,0
COc1cc(Cl)c(C)c2c(OS(=O)(=O)[O][Na])c(-c3cc(Cl)c4ccccc4c3OS(=O)(=O)[O][Na])[nH]c12,0
O=S(=O)([O][Na])Oc1c(-c2[nH]c3c(Br)cc(Br)c(Br)c3c2OS(=O)(=O)[O][Na])[nH]c2c(Br)cc(Br)cc12,0
O=C1/C(=C2\Nc3ccc(Br)cc3C2=O)Nc2ccccc21,0
O=C1/C(=C2\Nc3ccccc3C2=O)Nc2ccccc21,0
O=c1c2ccccc2c(=O)c2c1ccc1[nH]c3c(ccc4c(=O)c5ccccc5c(=O)c43)[nH]c12,0
O=c1c2ccccc2c(=O)c2c1cc(Br)c1[nH]c3c([nH]c12)c(Br)cc1c(=O)c2ccccc2c(=O)c13,0
O=c1c2ccccc2c(=O)c2c1ccc1[nH]c3c(ccc4c(=O)c5ccc(O)cc5c(=O)c43)[nH]c12,0
O=c1c2ccccc2c(=O)c2c1c(O)cc1[nH]c3c(cc(O)c4c(=O)c5ccccc5c(=O)c43)[nH]c12,0
O=c1c2ccccc2c(=O)c2c1ccc1[nH]c3c(ccc4c(=O)c5cc(Cl)ccc5c(=O)c43)[nH]c12,0
O=C1c2ccccc2-c2cc3c4c5c(cc6c7c(ccc(c8ccc1c2c84)c75)C(=O)c1ccccc1-6)OCCO3,0
O=C1c2ccccc2-c2ccc3c4ccc5c6c(ccc(c7ccc1c2c73)c64)C(=O)c1ccccc1-5,0
O=C1/C(=C2\Nc3ccc(Br)c(Cl)c3C2=O)Nc2ccc(Br)c(Cl)c21,0
O=C(Nc1cc2c(=O)c3ccc(C(F)(F)F)cc3[nH]c2c2c1C(=O)c1ccccc1C2=O)c1ccccc1,0
O=C1c2cc(Cl)ccc2-c2cc(Cl)c3c4c(Cl)cc5c6c(ccc(c7ccc1c2c73)c64)C(=O)c1cc(Cl)ccc1-5,0
O=c1c2ccccc2c2ccc3c4c(ccc1c24)c1ccc2c(=O)c4ccccc4c4nn3c1c24,0
COc1cc2c3c(ccc4c5c(OC)cc6c7c(ccc(c1c34)c75)C(=O)c1ccccc1-6)C(=O)c1ccccc1-2,0
Nc1c(-c2nc3cc4c(cc3s2)C(=O)c2ccccc2C4=O)cc(NC(=O)c2cccc(C(F)(F)F)c2)c2c1C(=O)c1ccccc1C2=O,0
Nc1c(-c2nc3cc4c(cc3s2)C(=O)c2ccccc2C4=O)cc(NC(=O)c2ccccc2)c2c1C(=O)c1ccccc1C2=O,0
Nc1cc2c(=O)c3cc(Cl)cc(Cl)c3[nH]c2c2c1C(=O)c1ccccc1C2=O,0
O=C1/C(=C2\Nc3ccc(Br)cc3C2=O)Nc2ccc(Br)cc21,0
COc1cc(Cl)c(C)c2c1N/C(=C1/Sc3c(Cl)cc(Cl)cc3C1=O)C2=O,0
O=C1/C(=C2\Nc3c(Br)cc(Cl)cc3C2=O)Nc2c(Br)cc(Cl)cc21,0
CC1=C/C(=C2\Nc3c(Cl)c(C)c(Cl)c(C)c3C2=O)C(=O)c2ccccc21,0
O=C1/C(=C2\Nc3c(Cl)cc(Cl)cc3C2=O)Nc2c(Cl)cc(Cl)cc21,0
CCn1c2ccccc2c2cc(Nc3ccc(O)cc3)ccc21,0
Oc1ccc(Nc2ccc3[nH]c4ccccc4c3c2)cc1,0
O=C1/C(=C2\Nc3c(Br)cc(Br)c(Br)c3C2=O)Nc2c(Br)cc(Br)c(Br)c21,0
O=C1/C(=C2\Nc3c(Br)cc(Br)cc3C2=O)Nc2c(Br)cc(Br)cc21,0
O=c1c2ccccc2c(=O)c2c1cc(Cl)c1[nH]c3c([nH]c12)c(Cl)cc1c(=O)c2ccccc2c(=O)c13,0
Nc1c(-c2nnc(-c3cc(NC(=O)c4ccccc4)c4c(c3N)C(=O)c3ccccc3C4=O)o2)cc(NC(=O)c2ccccc2)c2c1C(=O)c1ccccc1C2=O,0
CC(C)c1cc2c3ccccc3c(=O)c3ccc4c5ccc6c(=O)c7ccc(Cl)cc7c7nn(c1c4c32)c5c67,0
O=C1c2ccccc2-c2ccc3s/c(=c4\sc5ccc6c7c(ccc4c57)C(=O)c4ccccc4-6)c4ccc1c2c34,0
COc1cc(Cl)c(C)c2c1N/C(=C1\C=C(Cl)c3ccccc3C1=O)C2=O,0
C.O=S(=O)([O][Na])Oc1c(-c2sc3ccc4ccccc4c3c2OS(=O)(=O)[O][Na])sc2ccc3ccccc3c12,0
C.COc1cc2c(OS(=O)(=O)[O][Na])c(-c3sc4ccc5ccccc5c4c3OS(=O)(=O)[O][Na])sc2c(Cl)c1Cl,0
O=c1c2ccccc2c(=O)c2c1ccc1c2[nH]c2c3c(=O)c4ccccc4c(=O)c3c3[nH]c4c(ccc5c(=O)c6ccccc6c(=O)c54)c3c12,0
O=C1c2ccccc2C(=O)c2c(Nc3ccc4c(=O)c5ccc6c7ccc8c(c7[nH]c7ccc(c4c3)c5c76)C(=O)c3ccccc3C8=O)cccc21,0
CCOc1ccc2nc3c4ccc5c6c(ccc(c(=O)n3c2c1)c46)c(=O)n1c2cc(OCC)ccc2nc51,0
CCOc1ccc2nc3c4ccc5c(=O)n6c7cc(OCC)ccc7nc6c6ccc(c(=O)n3c2c1)c4c56,0
O=C1c2ccccc2C(=O)c2c1ccc1c2[nH]c2c1cc(Cl)c1[nH]c3c4c(=O)c5ccccc5c(=O)c4c4[nH]c5c(ccc6c(=O)c7ccccc7c(=O)c65)c4c3c(=O)c12,0
O=c1c(Cl)c(Nc2ccc(Cl)cc2)c(=O)c2sc3cc(Cl)ccc3[nH]c1=2,0
O=c1c2ccc3c(=O)n4c5cc(Cl)ccc5nc4c4ccc(c2c34)c2nc3ccc(Cl)cc3n12,0
O=c1c2ccc3c4c(ccc(c24)c2nc4ccc(Cl)cc4n12)c(=O)n1c2cc(Cl)ccc2nc31,0
O=C1C(Cl)=C(Nc2ccccc2)C(=O)C(Cl)=C1Nc1ccccc1,0
COc1ccc(NC(=O)c2ccccc2)c2c(=O)c3ccc4c([nH]c5cc6c(=O)c7ccccc7c(=O)c6c(NC(=O)c6ccccc6)c54)c3c(=O)c12,0
O=c1c2ccc3c([nH]c4c5c(=O)c6ccccc6c(=O)c5c5[nH]c6c(Cl)cc(Cl)cc6c(=O)c5c34)c2c(=O)c2cccc(N=COc3ccccc3)c12,0
O=C(Nc1cccc2c(=O)c3c(ccc4c5cc(NC(=O)c6ccccc6)c6c(=O)c7ccccc7c(=O)c6c5[nH]c43)c(=O)c12)c1ccccc1,0
O=C1c2ccccc2C(=O)c2c1ccc1c(=O)c3cc(-c4ccc5nc6cccc7c6c(c5c4)-c4ccccc4C7=O)ccc3[nH]c21,0
O=C(Nc1cc2c([nH]c3ccc4c(c32)-c2cccc3cc5[nH]c6c7c(ccc6c5c-4c23)C(=O)c2ccccc2C7=O)c2c1C(=O)c1ccccc1C2=O)c1ccccc1,0
O=c1c(Cl)c(Nc2ccccc2)c(=O)c2sc3ccccc3[nH]c1=2,0
O=C1/C(=C2\Sc3ccc4ccccc4c3C2=O)Nc2c(Cl)cc(Cl)cc21,0
O=c1c2cccc3c2-c(c2ccc(Cl)cc12)c1c2cccc4c2-c(c2ccc(Cl)cc2c4=O)c31,0
C.O=C1/C(=C2\Sc3ccc4ccccc4c3C2=O)Sc2ccc3ccccc3c21,0
O=C(Nc1cccc2c1C(=O)c1ccc3c([nH]c4cc5c(=O)c6c([nH]c5c(Cl)c43)c3c(=O)c4ccccc4c(=O)c3c3[nH]c4c(ccc5c(=O)c7c(NC(=O)c8ccccc8)cccc7c(=O)c54)c36)c1C2=O)c1ccccc1,0
O=C(Nc1cc2c3ccc4c(=O)c5c(ccc6c7cc(NC(=O)c8ccccc8)c8c(=O)c9ccccc9c(=O)c8c7[nH]c65)c(=O)c4c3[nH]c2c2c(=O)c3ccccc3c(=O)c12)c1ccccc1,0
O=C1c2ccccc2C(=O)c2c1ccc1c2[nH]c2ccc3c4ccc5[nH]c6c7ccccc7ccc6c5c4c(=O)c4ccc1c2c43,0
O=C(Nc1cccc2c(=O)c3c(ccc4c5cc6c7c(c(=O)c8ccccc8c7c7c8cc9c%10ccc%11c(=O)c%12c(NC(=O)c%13ccccc%13)cccc%12c(=O)c%11c%10[nH]c9c9c(=O)c%10ccccc%10c(c89)c67)c5[nH]c43)c(=O)c12)c1ccccc1,0
COc1cc2c3ccccc3c(OS(=O)(=O)[O][Na])c3ccc4c5ccc6c(OS(=O)(=O)[O][Na])c7ccccc7c7cc(OC)c(c1c4c32)c5c67,0
COc1cc2c3cc(Br)ccc3c(OS(=O)(=O)[O][Na])c3ccc4c5ccc6c(OS(=O)(=O)[O][Na])c7ccc(Br)cc7c7cc(OC)c(c1c4c32)c5c67,0
O=S(=O)([O][Na])Oc1cc(Cl)c2cc(Nc3ccccc3)c3c(OS(=O)(=O)[O][Na])cc(Cl)c4cc(Nc5ccccc5)c1c2c43,0
CCOc1cc2c3ccccc3c(OS(=O)(=O)[O][Na])c3ccc4c5ccc6c(OS(=O)(=O)[O][Na])c7ccccc7c7cc(OCC)c(c1c4c32)c5c67,0
COc1cc2c3c(ccc4c5ccc6c7c(cc(OC)c(c1c34)c75)-c1ccccc1C6=O)C(=O)c1ccccc1-2,0
Nc1c(Cl)c2[nH]c3c([nH]c2c2c(=O)c4ccccc4c(=O)c12)c(Cl)c(N)c1c(=O)c2ccccc2c(=O)c13,0
O=C1c2ccccc2C(=O)c2cc3c(Nc4cc5c(=O)c6cc(Cl)ccc6[nH]c5c5c4C(=O)c4ccccc4C5=O)nc(-c4ccccc4)nc3cc21,0
O=C1c2ccccc2C(=O)c2c(Nc3ccc4c(c3)c(=O)c3ccc5c6ccc7c(c6[nH]c6ccc4c3c65)C(=O)c3ccccc3C7=O)cccc21,0
O=C(Nc1cc2c3cc(NC(=O)c4ccc5c(c4)C(=O)c4ccccc4C5=O)c4c(=O)c5ccccc5c(=O)c4c3[nH]c2c2c(=O)c3ccccc3c(=O)c12)c1ccc2c(c1)C(=O)c1ccccc1C2=O,0
COc1cc2c3c(ccc4c5ccc6c7c(cc(OC)c(c1c34)c75)-c1cc(Br)ccc1C6=O)C(=O)c1ccc(Br)cc1-2,0
O=C1C(Cl)=C(Nc2ccc(Cl)cc2)C(=O)C(Cl)=C1Nc1ccc(Cl)cc1,0
O=C1C(S)=C(Nc2ccccc2)C(=O)C(S)=C1Nc1ccccc1,0
O=c1c2[nH]c3ccccc3sc2c(=O)c2[nH]c3ccccc3sc12,0
O=C1c2ccccc2C(=O)c2c1ccc1c2[nH]c2ccc3c4ccccc4c(=O)c4ccc1c2c43,0
CCOc1cc2c3c(ccc4c5ccc6c7c(cc(OCC)c(c1c34)c75)-c1ccccc1C6=O)C(=O)c1ccccc1-2,0
O=C(Nc1cccc2c1C(=O)c1ccc3c([nH]c4ccc5c6ccccc6c(=O)c6ccc3c4c65)c1C2=O)c1ccccc1,0
O=c1c2ccccc2c(=O)c2c1c(Nc1ccccc1)cc1[nH]c3c(cc(Nc4ccccc4)c4c(=O)c5ccccc5c(=O)c43)[nH]c12,0
O=c1c2ccccc2c(=O)c2c1ccc1c2[nH]c2c3c(=O)c4c5[nH]c6c(ccc7c(=O)c8ccccc8c(=O)c76)c5c5c6ccc7c(=O)c8ccccc8c(=O)c7c6[nH]c5c4c(=O)c3c3[nH]c4c(ccc5c(=O)c6ccccc6c(=O)c54)c3c12,0
O=C1c2ccccc2-c2ccc3c4c([N+](=O)[O-])cc5c6c(ccc(c7ccc1c2c73)c64)C(=O)c1ccccc1-5,0
O=S(=O)([O][Na])Oc1c2cc(Br)ccc2c2ccc3c(OS(=O)(=O)[O][Na])c4cc(Br)ccc4c4ccc1c2c34,0
O=c1c2ccccc2c(=O)c2c1ccc1c3ccc4c(=O)c5c(ccc6c7ccc8c(OS(=O)(=O)[O][Na])c9ccccc9c(OS(=O)(=O)[O][Na])c8c7[nH]c65)c(=O)c4c3[nH]c12,0
O=S(=O)([O][Na])Oc1c2cccc(Br)c2c2cc3ccc4c(OS(=O)(=O)[O][Na])c5cccc(Br)c5c5cc6ccc1c2c6c3c45,0
O=c1c2cc(Br)c3cccc4c(=O)c5cc(Br)c6cccc1c6c5-c2c34,0
O=S(=O)([O][Na])Oc1c2cccc3c(Br)cc4c(OS(=O)(=O)[O][Na])c5cccc6c(Br)cc1c(c65)c4c32,0
O=S(=O)([O][Na])OC1c2ccccc2-c2cc3ccc4c5c(cc6ccc1c2c6c35)-c1cc(Br)c(Br)c(Br)c1C4OS(=O)(=O)[O][Na],0
CCOc1ccc2c(OS(=O)(=O)[O][Na])c(-c3sc4cc(OCC)ccc4c3OS(=O)(=O)[O][Na])sc2c1,0
O=S(=O)([O][Na])Oc1c2ccccc2c2cc3ccc4c(OS(=O)(=O)[O][Na])c5ccccc5c5cc6ccc1c2c6c3c45,0
O=C1c2cc(Br)ccc2-c2ccc3c4c(ccc1c24)-c1ccc(Br)cc1C3=O,0
O=c1c2ccccc2c(=O)c2c1ccc1c3ccc4c(=O)c5c(ccc6c7ccc8c(=O)c9ccccc9c(=O)c8c7[nH]c65)c(=O)c4c3[nH]c12,0
O=C(Nc1cccc2c1C(=O)c1cccc(NC(=O)c3ccc4[nH]c5c6c(ccc5c(=O)c4c3)C(=O)c3ccccc3C6=O)c1C2=O)c1ccccc1,0
O=c1c2cccc(Br)c2c2cc3ccc4c(=O)c5cccc(Br)c5c5cc6ccc1c2c6c3c45,0
O=c1c2ccccc2c2cc3ccc4c(=O)c5c(Br)c(Br)c(Br)cc5c5cc6ccc1c2c6c3c45,0
CCOc1ccc2c(c1)S/C(=C1\Sc3cc(OCC)ccc3C1=O)C2=O,0
O=c1c2ccc3c4c(ccc(c24)c2nc4ccccc4n12)c(=O)n1c2ccccc2nc31,0
O=c1c2ccccc2c2cc3ccc4c(=O)c5ccccc5c5cc6ccc1c2c6c3c45,0
O=S(=O)([O][Na])Oc1c2cc(Cl)ccc2c2ccc3c4ccc5c(OS(=O)(=O)[O][Na])c6cc(Cl)ccc6c6ccc(c7ccc1c2c73)c4c56,0
Cc1cc(Cl)cc2c(OS(=O)(=O)[O][Na])c(-c3sc4c(C)cc(Cl)cc4c3OS(=O)(=O)[O][Na])sc12,0
Cc1cc(Cl)c(C)c2c(OS(=O)(=O)[O][Na])c(-c3sc4c(C)cc(Cl)c(C)c4c3OS(=O)(=O)[O][Na])sc12,0
Cc1c2ccccc2cc2c(OS(=O)(=O)[O][Na])c(-c3sc4ccccc4c3OS(=O)(=O)[O][Na])sc12,0
O=S(=O)([O][Na])Oc1c(-c2sc3c(Cl)c(Cl)c(Cl)cc3c2OS(=O)(=O)[O][Na])[nH]c2c(Cl)cc(Cl)cc12,0
COc1cc2ccc3c(OS(=O)(=O)[O][Na])c4cc(OC)cc5ccc6c(OS(=O)(=O)[O][Na])c(c1)c2c3c6c54,0
CCOc1cc2ccc3c(OS(=O)(=O)[O][Na])c4cc(OCC)cc5ccc6c(OS(=O)(=O)[O][Na])c(c1)c2c3c6c54,0
Cc1cc(Cl)cc2sc(-c3[nH]c4c(Cl)cc(Cl)cc4c3OS(=O)(=O)[O][Na])c(OS(=O)(=O)[O][Na])c12,0
O=S(=O)([O][Na])Oc1c2ccccc2c2ccc3c4ccc5c(OS(=O)(=O)[O][Na])c6cc(Br)ccc6c6ccc(c7ccc1c2c37)c4c56,0
O=C1c2cc(Cl)ccc2-c2ccc3c4ccc5c6c(ccc(c7ccc1c2c73)c64)-c1ccc(Cl)cc1C5=O,0
O=C1c2ccccc2-c2ccc3c4ccc5c6c(ccc(c7ccc1c2c73)c64)-c1ccccc1C5=O,0
O=C1c2ccc3c(=O)c4ccccc4[nH]c3c2C(=O)c2ccc3c(=O)c4ccccc4[nH]c3c21,0
O=C1c2ccccc2C(=O)c2c1c(Cl)cc1c(=O)c3cc(Cl)cc(Cl)c3[nH]c21,0
O=C(Nc1ccc(Nc2ccc3c(c2)C(=O)c2ccccc2C3=O)c2c1C(=O)c1ccccc1C2=O)c1ccccc1,0
COc1ccc(C(=O)Nc2ccc(O)c3c2C(=O)c2c(O)ccc(NC(=O)c4ccc(OC)cc4)c2C3=O)cc1,0
C=c1/c(=C2\Nc3c(Cl)cc(Cl)cc3C2=O)sc2c(Cl)cc(Cl)c(C)c12,0
Cc1cc(Nc2cccc(Cl)c2)cc2sc3c(Cl)c(=O)c(Cl)c(Cl)c-3nc12,0
Cc1cc(Cl)cc2c1S/C(=C1/Sc3c(C)cc(Cl)cc3C1=O)C2=O,0
Cc1cc(Cl)c(C)c2c1S/C(=C1/Sc3c(C)cc(Cl)c(C)c3C1=O)C2=O,0
O=C1/C(=C2\Sc3c(cc4ccccc4c3Cl)C2=O)Sc2ccccc21,0
O=C1/C(=C2\Sc3c(cc(Cl)c(Cl)c3Cl)C2=O)Nc2c(Cl)cc(Cl)cc21,0
COc1cc2ccc3c4c2c(c1)c(=O)c1ccc2cc(OC)cc(c3=O)c2c1-4,0
CCOc1cc2ccc3c4c2c(c1)c(=O)c1ccc2cc(OCC)cc(c3=O)c2c1-4,0
Cc1cc(Cl)cc2c1C(=O)/C(=C1\Nc3c(Cl)cc(Cl)cc3C1=O)S2,0
O=C1c2ccccc2-c2ccc3c4ccc5c6c(ccc(c7ccc1c2c37)c64)-c1ccc(Br)cc1C5=O,0
O=S(=O)([O][Na])OC1c2ccccc2-c2nc3ccc4c5c(nc6ccc1c2c6c35)-c1ccccc1C4OS(=O)(=O)[O][Na],0
O=S(=O)([O][Na])Oc1c2ccc3nc(-c4ccccc4)sc3c2c(OS(=O)(=O)[O][Na])c2ccc3nc(-c4ccccc4)sc3c12,0
O=C(Nc1cccc2c(OS(=O)(=O)[O][Na])c3c(NC(=O)c4ccccc4)cccc3c(OS(=O)(=O)[O][Na])c12)c1ccccc1,0
O=S(=O)([O][Na])Oc1c2ccccc2c2ccc3c(OS(=O)(=O)[O][Na])c4ccccc4c4ccc1c2c34,0
O=S(=O)([O][Na])OC1C=C(Nc2ccc(Cl)cc2)C(OS(=O)(=O)[O][Na])C=C1Nc1ccc(Cl)cc1,0
O=C(Nc1cccc2c(OS(=O)(=O)[O][Na])c3ccccc3c(OS(=O)(=O)[O][Na])c12)c1ccc(-c2ccccc2)cc1,0
C/C(O)=C(/N=N/c1cccc2c(OS(=O)(=O)[O][Na])c3ccccc3c(OS(=O)(=O)[O][Na])c12)C(=O)Nc1ccc(Cl)cc1,0
O=c1c2ccccc2c2nc3ccc4c(=O)c5ccccc5c5nc6ccc1c2c6c3c45,0
O=C(Nc1cccc2c1C(=O)c1cccc(NC(=O)c3ccc(-c4ccc(/N=N\c5ccc(-c6ccc(C(=O)Nc7cccc8c7C(=O)c7cccc(NC(=O)c9ccccc9)c7C8=O)cc6)cc5)cc4)cc3)c1C2=O)c1ccccc1,0
O=C1c2ccccc2C(=O)c2c1ccc1nc(-c3ccc(-c4nc5ccc6c(c5s4)C(=O)c4ccccc4C6=O)cc3)sc21,0
O=C(Nc1cccc2c1C(=O)c1cccc(NC(=O)c3ccccc3)c1C2=O)C(=O)Nc1cccc2c1C(=O)c1cccc(NC(=O)c3ccccc3)c1C2=O,0
O=C(Nc1cccc2c1C(=O)c1cccc(NC(=O)c3ccc(C(=O)Nc4cccc5c4C(=O)c4cccc(NC(=O)c6ccccc6)c4C5=O)cc3)c1C2=O)c1ccccc1,0
O=C(Nc1cccc2c1C(=O)c1cccc(NC(=O)c3cccc(C(=O)Nc4cccc5c4C(=O)c4cccc(NC(=O)c6ccccc6)c4C5=O)c3)c1C2=O)c1ccccc1,0
O=C1c2ccccc2C(=O)c2cc(-c3nc4cc5sc(-c6ccc7c(c6)C(=O)c6ccccc6C7=O)nc5cc4s3)ccc21,0
O=C1c2ccc3nc(-c4ccccc4)sc3c2C(=O)c2ccc3nc(-c4ccccc4)sc3c21,0
O=C1c2ccccc2C(=O)c2c(NC(=O)c3ccc4c5c(ncnc35)-c3ccccc3C4=O)cccc21,0
O=C1c2ccccc2C(=O)c2c1c1c3nc4ccccc4nc3c3cccc4c3c1n2S4(=O)=O,0
O=c1c2ccccc2c(=O)c2c1ccc1c3ccc4c(=O)c5ccccc5c(=O)c4c3[nH]c12,0
O=C(Nc1ccc2ncnc3c2c1C(=O)c1ccccc1-3)c1ccc(Cl)cc1,0
O=C(Nc1cccc2c1C(=O)c1cccc(NC(=O)c3ccccc3)c1C2=O)c1ccccc1,0
O=C(Nc1cccc2c1C(=O)c1cccc3ncnc-2c13)c1cc(Cl)ccc1Cl,0
O=C(Nc1cccc2c1C(=O)c1ccccc1C2=O)c1ccc(-c2ccc(/N=N/c3ccc(-c4ccc(C(=O)Nc5cccc6c5C(=O)c5ccccc5C6=O)cc4)cc3)cc2)cc1,0
O=C1c2ccccc2-c2ccc3c4c(ccc1c24)-c1ccccc1C3=O,0
O=C1c2ccccc2C(=O)c2c(Nc3nc(Nc4cccc5c4C(=O)c4ccccc4C5=O)nc(-c4ccccc4)n3)cccc21,0
O=C1C=C(Nc2ccc(Cl)cc2)C(=O)C=C1Nc1ccc(Cl)cc1,0
O=C1c2ccccc2C(=O)c2cc(-c3nc4ccc(-c5ccc6nc(-c7ccc8c(c7)C(=O)c7ccccc7C8=O)sc6c5)cc4s3)ccc21,0
O=S(=O)([O][Na])Oc1c(-c2sc3c(ccc4cccc(Cl)c43)c2OS(=O)(=O)[O][Na])[nH]c2ccc(Br)cc12,0
Cc1cccc2c1[nH]c1c3ccc(-c4[nH]c5ccccc5c4OS(=O)(=O)[O][Na])c(OS(=O)(=O)[O][Na])c3ccc21,0
O=S(=O)([O][Na])Oc1c(-c2sc3c(ccc4cccc(Cl)c43)c2OS(=O)(=O)[O][Na])[nH]c2ccccc12,0
O=c1c2ccccc2c2nn3c4ccc5c6ccc7[nH]c8c(ccc9c(OS(=O)(=O)[O][Na])c%10ccccc%10c(OS(=O)(=O)[O][Na])c98)c7c6c(=O)c6ccc(c7ccc1c2c73)c4c65,0
O=C1/C(=C2\Sc3c(ccc4cccc(Cl)c34)C2=O)Nc2ccc(Br)cc21,0
Nc1ccc2c(c1)C(=O)c1ccc3c4ccc5c6c(ccc(c7ccc-2c1c37)c64)-c1ccc(N)cc1C5=O,0
Cc1cccc2c1[nH]c1c3c(ccc12)C(=O)/C(=C1\Nc2ccccc2C1=O)C=C3,0
O=C1c2ccccc2C(=O)c2c1ccc1c2[nH]c2ccc3c4ccc5[nH]c6c7c(ccc6c5c4c(=O)c4ccc1c2c43)C(=O)c1ccccc1C7=O,0
O=C(Nc1cc2c3cc(NC(=O)c4ccccc4)c4c(=O)c5ccccc5c(=O)c4c3[nH]c2c2c(=O)c3ccccc3c(=O)c12)c1ccccc1,0
O=C(Nc1ccc(Nc2ccc(NC(=O)c3ccccc3)c3c2C(=O)c2ccccc2C3=O)c2c1C(=O)c1ccccc1C2=O)c1ccccc1,0
O=C(Nc1cccc2c1C(=O)c1cccc(Nc3cc4c5c6c3cccc6c(=O)c3cc(Nc6ccc(NC(=O)c7ccccc7)c7c6C(=O)c6ccccc6C7=O)c6cccc(c4=O)c6c3-5)c1C2=O)c1ccccc1,0
Cc1c(Nc2ccc(NC(=O)c3ccccc3)c3c2C(=O)c2ccccc2C3=O)cc2c(c1Nc1ccc(NC(=O)c3ccccc3)c3c1C(=O)c1ccccc1C3=O)C(=O)c1ccccc1C2=O,0
O=C1/C(=C2/Sc3c(ccc4cccc(Cl)c34)C2=O)Nc2ccccc21,0
O=C1c2ccccc2C(=O)c2c1ccc1c2[nH]c2ccc3c4ccc5c6c(ccc(c(=O)c3c21)c46)c1ccc2c(=O)c3ccccc3c3nn5c1c23,0
CCn1nc2c(-c3ccc4c5c(n(CC)nc35)-c3ccccc3C4=O)ccc3c2c1-c1ccccc1C3=O,0
O=C1c2ccc3c(=O)n4c5ccccc5nc4c4ccc(c2c34)C2=Nc3ccccc3C12.O=c1c2ccc3c4c(ccc(c24)c2nc4ccccc4n12)c(=O)n1c2ccccc2nc31,0
Nc1c(/C=N/N=C/c2ccc3c(c2N)C(=O)c2ccccc2C3=O)ccc2c1C(=O)c1ccccc1C2=O,0
O=C(Nc1cccc2c1C(=O)c1c(NC(=O)c3ccccc3)ccc(NC(=O)c3ccccc3)c1C2=O)c1ccccc1,0
Nc1c(-c2nc3cc4c(cc3s2)C(=O)c2ccccc2C4=O)ccc2c1C(=O)c1ccccc1C2=O,0
Nc1c(C(=O)Nc2ccc(NC(=O)c3ccc4c(c3N)C(=O)c3ccccc3C4=O)c3c2C(=O)c2ccccc2C3=O)ccc2c1Cc1ccccc1C2=O,0
CN(C)S(=O)(=O)c1ccc(C(=O)Nc2ccc(NC(=O)c3ccccc3)c3c2C(=O)c2ccccc2C3=O)cc1,0
CCOc1cc2c(cc1Br)C(=O)/C(=C1\Sc3cc(OCC)c(Br)cc3C1=O)S2,0
COc1ccc(Nc2nc(N)nc(Nc3ccc(OC)c4c3C(=O)c3ccccc3C4=O)n2)c2c1C(=O)c1ccccc1C2=O,0
COc1ccc(N2C(=O)c3ccc4c5ccc6c7c(ccc(c8ccc(c3c48)C2=O)c75)C(=O)N(c2ccc(OC)cc2)C6=O)cc1,0
Nc1c(-c2nnc(-c3ccc4c(c3N)C(=O)c3ccccc3C4=O)o2)ccc2c1C(=O)c1ccccc1C2=O,0
O=C1c2ccc3c4ccc5c6c(ccc(c7ccc(c2c37)C(=O)N1c1ccc(Cl)cc1)c64)C(=O)N(c1ccc(Cl)cc1)C5=O,0
O=C1C=C(Nc2ccc(Cl)cc2)C(=O)c2ccccc21,0
O=C1c2ccccc2-c2n[nH]c3c(-c4ccc5c6c(n[nH]c46)-c4ccccc4C5=O)ccc1c23,0
O=C1c2ccccc2C(=O)c2c1ccc1c(=O)c3c(ccc4ccccc43)[nH]c21,0
O=c1c2ccc3c(I)ccc4c(=O)c5cc(Br)c6cccc1c6c5-c2c34,0
O=C1c2ccccc2C(=O)c2c1ccc1c(=O)c3c(Cl)cc(Cl)c(Oc4ccccc4)c3[nH]c21,0
O=C1c2ccccc2C(=O)c2c1c(Cl)cc1c(=O)c3c(Cl)c(Cl)c(Cl)c(Cl)c3[nH]c21,0
O=C1/C(=C2\Sc3ccccc3C2=O)Sc2ccccc21,0
O=C(Nc1ccc(NC(=O)c2ccccc2)c2c1C(=O)c1ccccc1C2=O)c1ccccc1,0
Nc1nc(-c2ccc(NC(=O)c3ccccc3)c3c2C(=O)c2ccccc2C3=O)nc(-c2ccc(NC(=O)c3ccccc3)c3c2C(=O)c2ccccc2C3=O)n1,0
O=C1/C(=c2/c(=O)c3cccc4cccc2c43)Sc2ccccc21,0
O=C1/C(=C2\Sc3cc(Cl)ccc3C2=O)Sc2cc(Cl)ccc21,0
O=C1c2ccc(Nc3cccc4c3C(=O)c3ccccc3C4=O)cc2C(=O)c2ccc(Nc3cccc4c3C(=O)c3ccccc3C4=O)cc21,0
COC(=O)c1ccn2cc(-c3ccc(OC)cc3)nc2c1,1
COC(=O)c1ccn2c(N)c(-c3ccc(OC)cc3)nc2c1,1
COC(=O)c1ccn2c(NC3CCCCC3)c(-c3ccc(OC)cc3)nc2c1,1
COC(=O)c1cccc2nc(-c3ccc(OC)cc3)c(NC3CCCCC3)n12,1
COc1ccc(-c2nc3ncccn3c2NC2CCCCC2)cc1,1
COc1ccc(-c2nc3cnccn3c2NC2CCCCC2)cc1,1
COc1ccc(-c2nc3ccccn3c2NC2CCCCC2)cc1,1
COc1ccc(-c2nc3cc(CO)ccn3c2NC2CCCCC2)cc1,1
COc1ccc(-c2nc3cc(Cl)ccn3c2NC2CCCCC2)cc1,1
COc1ccc(-c2nc3cc(C#N)ccn3c2NC2CCCCC2)cc1,1
CCCCCCc1nc2cc(C(=O)OC)ccn2c1NC1CCCCC1,1
CCCCCCCCc1nc2cc(C(=O)OC)ccn2c1NC1CCCCC1,1
CCCCCCCCc1nc2cnccn2c1NC1CCCCC1,1
COC(=O)c1ccn2c(NC3CCCCC3)c(-c3ccc(Br)cc3)nc2c1,1
COC(=O)c1ccn2c(NC3CCCCC3)c(-c3cccc(OC)c3)nc2c1,1
COC(=O)c1ccn2c(NC3CCCCC3)c(-c3ccc(-n4ccnc4)cc3)nc2c1,1
COC(=O)c1ccn2c(NC3CCCCC3)c(-c3cccn3C)nc2c1,1
COC(=O)c1ccn2c(NC3CCCCC3)c(-c3ccc(OC)cc3O)nc2c1,1
COC(=O)c1ccn2c(NC3CCCCC3)c(-c3ccc(Cl)o3)nc2c1,1
COC(=O)c1ccn2c(NC3CCCCC3)c(-c3c[nH]cn3)nc2c1,1
COC(=O)c1ccn2c(NC3CCCCC3)c(-c3ccc(S(=O)(=O)O)o3)nc2c1,1
COC(=O)c1ccn2c(NC3CCCCC3)c(-c3ccc(O)cc3O)nc2c1,1
COC(=O)c1ccn2c(NC3CCCCC3)c(-c3ccc(C)o3)nc2c1,1
COC(=O)c1ccn2c(NC3CCCCC3)c(-c3ccc(C)o3)[n+](C)c2c1,1
Cc1ccc(-c2nc3cnccn3c2NC2CCCCC2)o1,1
COC(=O)c1ccn2c(NC3CCCCC3)c(-c3ccccc3S(=O)(=O)O)nc2c1,1
COC(=O)c1ccn2c(NC3CCCCC3)c(/C(C)=C/c3ccccc3)nc2c1,1
COC(=O)c1ccn2c(NC3CCCCC3)c(/C=C/c3ccco3)nc2c1,1
COC(=O)c1ccn2c(NC3CCCCC3)c(/C=C/c3ccc(OC)cc3)nc2c1,1
COc1ccc(/C=C/c2nc3cnccn3c2NC2CCCCC2)cc1,1
COC(=O)c1ccn2c(NC3CCCCC3)c(/C=C/c3ccc(N(C)C)cc3)nc2c1,1
CN(C)c1ccc(/C=C/c2nc3cnccn3c2NC2CCCCC2)cc1,1
COC(=O)c1ccn2c(Nc3ccc(F)cc3)c(/C=C/c3ccc(OC)cc3)nc2c1,1
COC(=O)c1ccn2c(NCCN3CCOCC3)c(/C=C/c3ccc(OC)cc3)nc2c1,1
COC(=O)c1ccn2c(NC(C)(C)C)c(/C=C/c3ccc(OC)cc3)nc2c1,1
COC(=O)c1ccn2c(NCC(=O)OC(C)(C)C)c(/C=C/c3ccc(OC)cc3)nc2c1,1
COC(=O)CNc1c(/C=C/c2ccc(OC)cc2)nc2cc(C(=O)OC)ccn12,1
COC(=O)c1ccn2c(NCc3ccccc3)c(/C=C/c3ccc(OC)cc3)nc2c1,1
COC(=O)c1ccn2c(NC(C)C)c(/C=C/c3ccc(OC)cc3)nc2c1,1
CCCN(CCC)C(=O)CNc1c(-c2ccc(C)o2)nc2cc(C(=O)OC)ccn12,1
CCCN(CCC)C(=O)CNc1c(/C=C/c2ccc(OC)cc2)nc2cc(C(=O)OC)ccn12,1
CCCN(CCC)C(=O)CNc1c(-c2ccc(Cl)cc2)nc2cc(C(=O)OC)ccn12,1
CCCN(CCC)C(=O)CNc1c(-c2ccc(C)cc2O)nc2cc(C(=O)OC)ccn12,1
CCCN(CCC)C(=O)CNc1c(-c2ccc(Cl)cc2)nc2cc(C#N)ccn12,1
N#Cc1ccn2c(N)c(-c3ccc(Cl)cc3)nc2c1,1
COC(=O)c1ccnc(N)c1,1
COC(=O)c1cccc(N)n1,1
Nc1ncccn1,1
Nc1cnccn1,1
COc1cc(/C=C/c2cc(C)c3n2[B-](F)(F)[N+]2=CC=CC2=C3)cc(OC)c1OC,1
Cc1cc(/C=C/c2ccc(OCc3ccccc3)c(OCc3ccccc3)c2)n2c1C=C1C=CC=[N+]1[B-]2(F)F,1
Cc1cc(/C=C/c2ccc(-c3ccccc3)cc2)n2c1C=C1C=CC=[N+]1[B-]2(F)F,1
Cc1cc(/C=C/c2c3ccccc3cc3ccccc23)n2c1C=C1C=CC=[N+]1[B-]2(F)F,1
COc1ccc(/C=C/c2cc(C)c3n2[B-](F)(F)[N+]2=CC=CC2=C3)cc1OCc1ccccc1,1
Cc1cc(/C=C/c2ccc(-n3ccnc3)cc2)n2c1C=C1C=CC=[N+]1[B-]2(F)F,1
Cc1cccc(/C=C/c2cc(C)c3n2[B-](F)(F)[N+]2=CC=CC2=C3)c1,1
Cc1cc(/C=C/c2cc(F)ccc2F)n2c1C=C1C=CC=[N+]1[B-]2(F)F,1
Cc1cc(/C=C/c2cccc(Br)c2)n2c1C=C1C=CC=[N+]1[B-]2(F)F,1
Cc1cc(/C=C/c2ccc(Cl)cc2)n2c1C=C1C=CC=[N+]1[B-]2(F)F,1
COc1cc(/C=C/c2cc(C)c3n2[B-](F)(F)[N+]2=CC=CC2=C3)cc(O)c1O,1
Cc1cc(/C=C/c2ccc(C#N)cc2)n2c1C=C1C=CC=[N+]1[B-]2(F)F,1
Cc1cc(/C=C/c2cc(C)c3n2[B-](F)(F)[N+]2=CC=CC2=C3)cc(C)c1Oc1ccccc1,1
CSc1ccc(/C=C/c2cc(C)c3n2[B-](F)(F)[N+]2=CC=CC2=C3)cc1,1
Cc1cc(/C=C/c2ccc(C(C)C)cc2)n2c1C=C1C=CC=[N+]1[B-]2(F)F,1
Cc1cc(/C=C/c2cccc(Oc3ccccc3)c2)n2c1C=C1C=CC=[N+]1[B-]2(F)F,1
Cc1cc(/C=C/c2ccco2)n2c1C=C1C=CC=[N+]1[B-]2(F)F,1
Cc1cc(/C=C/c2cccc3ccccc23)n2c1C=C1C=CC=[N+]1[B-]2(F)F,1
COc1ccccc1/C=C/C=C/c1cc(C)c2n1[B-](F)(F)[N+]1=CC=CC1=C2,1
Cc1cc(/C=C/c2ccccc2)n2c1C=C1C=CC=[N+]1[B-]2(F)F,1
COc1cc(/C=C/c2cc(C)c3n2[B-](F)(F)[N+]2=CC=CC2=C3)cc(Cl)c1O,1
Cc1cc(/C=C/c2ccc(-c3cccs3)s2)n2c1C=C1C=CC=[N+]1[B-]2(F)F,1
COc1ccc(/C=C/c2cc(C)c3n2[B-](F)(F)[N+]2=CC=CC2=C3)c2ccccc12,1
Cc1ccc(O)c(/C=C/c2cc(C)c3n2[B-](F)(F)[N+]2=CC=CC2=C3)c1,1
Cc1ccc2ccccc2c1/C=C/c1cc(C)c2n1[B-](F)(F)[N+]1=CC=CC1=C2,1
Cc1cc(/C=C/c2ccc3ccccc3n2)n2c1C=C1C=CC=[N+]1[B-]2(F)F,1
Cc1cc(/C=C/c2ccc(C)c3ccccc23)n2c1C=C1C=CC=[N+]1[B-]2(F)F,1
Cc1cc(/C=C/c2csc3ccccc23)n2c1C=C1C=CC=[N+]1[B-]2(F)F,1
COc1ccc(/C=C/c2cc(C)c3n2[B-](F)(F)[N+]2=CC=CC2=C3)c(Cl)c1O,1
Cc1cc(/C=C/c2ccccc2-c2ccccc2)n2c1C=C1C=CC=[N+]1[B-]2(F)F,1
CC(=O)Oc1ccc(/C=C/c2cc(C)c3n2[B-](F)(F)[N+]2=CC=CC2=C3)cc1,1
COc1ccc(Oc2cccc(/C=C/c3cc(C)c4n3[B-](F)(F)[N+]3=CC=CC3=C4)c2)cc1,1
Cc1cc(/C=C/c2cc(C(C)(C)C)ccc2O)n2c1C=C1C=CC=[N+]1[B-]2(F)F,1
COc1cc(/C=C/C=C/c2cc(C)c3n2[B-](F)(F)[N+]2=CC=CC2=C3)ccc1OC(C)=O,1
CCCCCCOc1ccc(/C=C/c2cc(C)c3n2[B-](F)(F)[N+]2=CC=CC2=C3)cc1,1
CCCCOc1ccc(/C=C/c2cc(C)c3n2[B-](F)(F)[N+]2=CC=CC2=C3)cc1,1
C=CCOc1ccc(/C=C/c2cc(C)c3n2[B-](F)(F)[N+]2=CC=CC2=C3)cc1,1
CCOC(OCC)c1ccc(/C=C/c2cc(C)c3n2[B-](F)(F)[N+]2=CC=CC2=C3)cc1,1
Cc1cc(/C=C/c2ccnc3ccccc23)n2c1C=C1C=CC=[N+]1[B-]2(F)F,1
Cc1cc(/C=C/c2ccc(OCc3ccc(Br)cc3)cc2)n2c1C=C1C=CC=[N+]1[B-]2(F)F,1
CCOc1ccc(/C=C/c2cc(C)c3n2[B-](F)(F)[N+]2=CC=CC2=C3)cc1OCC,1
COc1ccc(Br)cc1/C=C/c1cc(C)c2n1[B-](F)(F)[N+]1=CC=CC1=C2,1
Cc1cc(/C=C/c2cc(Cl)cc(Cl)c2O)n2c1C=C1C=CC=[N+]1[B-]2(F)F,1
Cc1cc(/C=C/c2cc(C(C)(C)C)cc(C=O)c2O)n2c1C=C1C=CC=[N+]1[B-]2(F)F,1
COc1ccc2ccccc2c1/C=C/c1cc(C)c2n1[B-](F)(F)[N+]1=CC=CC1=C2,1
COc1ccc(/C=C/c2cc(C)c3n2[B-](F)(F)[N+]2=CC=CC2=C3)cc1OC,1
CCOc1ccc(/C=C/c2cc(C)c3n2[B-](F)(F)[N+]2=CC=CC2=C3)cc1OC,1
Cc1cc(/C=C/c2ccc([N+](=O)[O-])c(O)c2)n2c1C=C1C=CC=[N+]1[B-]2(F)F,1
Cc1cc(/C=C/c2ccc(-c3ccccc3)s2)n2c1C=C1C=CC=[N+]1[B-]2(F)F,1
Cc1cc(/C=C/c2c(C)c(C)c(C)c(C)c2C)n2c1C=C1C=CC=[N+]1[B-]2(F)F,1
Cc1cc(/C=C/c2ccc(OC(F)(F)F)cc2)n2c1C=C1C=CC=[N+]1[B-]2(F)F,1
Cc1cc(/C=C/c2ccc(/C=C/c3ccccc3)cc2)n2c1C=C1C=CC=[N+]1[B-]2(F)F,1
Cc1cc(/C=C/c2ccoc2)n2c1C=C1C=CC=[N+]1[B-]2(F)F,1
Cc1cc(/C=C/c2nccn2C)n2c1C=C1C=CC=[N+]1[B-]2(F)F,1
Cc1cc(/C=C/c2cc(Br)ccc2O)n2c1C=C1C=CC=[N+]1[B-]2(F)F,1
Cc1cc(/C=C/OC(C)(C)C)n2c1C=C1C=CC=[N+]1[B-]2(F)F,1
Cc1cc(/C=C/c2ccc3c(c2)-c2ccccc2C3)n2c1C=C1C=CC=[N+]1[B-]2(F)F,1
CCCc1ccc(/C=C/c2cc(C)c3n2[B-](F)(F)[N+]2=CC=CC2=C3)cc1,1
Cc1cc(/C=C/c2cnc[nH]2)n2c1C=C1C=CC=[N+]1[B-]2(F)F,1
COc1cc(OC)c(/C=C/c2cc(C)c3n2[B-](F)(F)[N+]2=CC=CC2=C3)c(OC)c1,1
COc1cccc(/C=C/c2cc(C)c3n2[B-](F)(F)[N+]2=CC=CC2=C3)c1OC,1
Cc1cc(/C=C/C=C(c2ccccc2)c2ccccc2)n2c1C=C1C=CC=[N+]1[B-]2(F)F,1
Cc1cc(/C=C/c2ccc(-c3ccccn3)cc2)n2c1C=C1C=CC=[N+]1[B-]2(F)F,1
Cc1cc(/C=C/c2ccc3c4c(cccc24)CC3)n2c1C=C1C=CC=[N+]1[B-]2(F)F,1
Cc1cc(/C=C/c2ccc(OCc3ccccc3)cc2)n2c1C=C1C=CC=[N+]1[B-]2(F)F,1
COc1cc(/C=C/c2cc(C)c3n2[B-](F)(F)[N+]2=CC=CC2=C3)cc(OC)c1OC(C)=O,1
COc1ccc2[nH]cc(/C=C/c3cc(C)c4n3[B-](F)(F)[N+]3=CC=CC3=C4)c2c1,1
COc1cc(/C=C/c2cc(C)c3n2[B-](F)(F)[N+]2=CC=CC2=C3)cc(OC)c1O,1
COc1cccc(/C=C/c2cc(C)c3n2[B-](F)(F)[N+]2=CC=CC2=C3)c1O,1
Cc1cc(/C=C/c2cc(C(C)(C)C)cc(C(C)(C)C)c2O)n2c1C=C1C=CC=[N+]1[B-]2(F)F,1
COc1cc(/C=C/c2cc(C)c3n2[B-](F)(F)[N+]2=CC=CC2=C3)cc(I)c1O,1
Cc1cc(/C=C/c2ccc(Br)s2)n2c1C=C1C=CC=[N+]1[B-]2(F)F,1
Cc1cc(/C=C/c2ccc(Oc3ccccc3)cc2)n2c1C=C1C=CC=[N+]1[B-]2(F)F,1
Cc1cc(/C=C/c2cc(I)cc(I)c2O)n2c1C=C1C=CC=[N+]1[B-]2(F)F,1
Cc1cc(/C=C/c2ccc(O)c(Br)c2)n2c1C=C1C=CC=[N+]1[B-]2(F)F,1
Cc1cc(/C=C/c2cccc(O)c2)n2c1C=C1C=CC=[N+]1[B-]2(F)F,1
Cc1cc(C)c(/C=C/c2cc(C)c3n2[B-](F)(F)[N+]2=CC=CC2=C3)c(C)c1,1
COc1ccc(/C=C/c2cc(C)c3n2[B-](F)(F)[N+]2=CC=CC2=C3)cc1,1
CC(=O)Nc1ccc(/C=C/c2cc(C)c3n2[B-](F)(F)[N+]2=CC=CC2=C3)cc1,1
COc1cc(/C=C/c2cc(C)c3n2[B-](F)(F)[N+]2=CC=CC2=C3)ccc1OC(=O)OC(C)(C)C,1
Cc1cc(/C=C/c2cc(Cl)ccc2O)n2c1C=C1C=CC=[N+]1[B-]2(F)F,1
Cc1cc(/C=C/c2cc(O)ccc2O)n2c1C=C1C=CC=[N+]1[B-]2(F)F,1
Cc1cc(/C=C/c2cccc(O)c2O)n2c1C=C1C=CC=[N+]1[B-]2(F)F,1
CCOc1cccc(/C=C/c2cc(C)c3n2[B-](F)(F)[N+]2=CC=CC2=C3)c1O,1
Cc1cc(/C=C/c2ccc(OC(=O)OC(C)(C)C)cc2)n2c1C=C1C=CC=[N+]1[B-]2(F)F,1
Cc1cc(/C=C/c2ccccc2OCC(=O)O)n2c1C=C1C=CC=[N+]1[B-]2(F)F,1
Cc1cc(/C=C/c2ccc(O)c([N+](=O)[O-])c2)n2c1C=C1C=CC=[N+]1[B-]2(F)F,1
COc1ccc(/C=C/c2cc(C)c3n2[B-](F)(F)[N+]2=CC=CC2=C3)cc1O,1
Cc1cc(/C=C/c2cc([N+](=O)[O-])ccc2O)n2c1C=C1C=CC=[N+]1[B-]2(F)F,1
Cc1cc(/C=C/c2[nH]cnc2C)n2c1C=C1C=CC=[N+]1[B-]2(F)F,1
Cc1ccc(/C=C/c2cc(C)c3n2[B-](F)(F)[N+]2=CC=CC2=C3)o1,1
Cc1cc(/C=C/c2ccc3ccccc3c2)n2c1C=C1C=CC=[N+]1[B-]2(F)F,1
Cc1cc(/C=C/c2ccc3c(c2)OCO3)n2c1C=C1C=CC=[N+]1[B-]2(F)F,1
CCCOc1ccc(/C=C/c2cc(C)c3n2[B-](F)(F)[N+]2=CC=CC2=C3)cc1,1
Cc1cc(/C=C/c2ccc(C=O)cc2)n2c1C=C1C=CC=[N+]1[B-]2(F)F,1
Cc1ccccc1/C=C/c1cc(C)c2n1[B-](F)(F)[N+]1=CC=CC1=C2,1
Cc1cc(/C=C/c2ccc(Cl)cc2Cl)n2c1C=C1C=CC=[N+]1[B-]2(F)F,1
Cc1cc(/C=C/C=C/c2ccccc2)n2c1C=C1C=CC=[N+]1[B-]2(F)F,1
Cc1cc(/C=C/c2ccc(O)cc2)n2c1C=C1C=CC=[N+]1[B-]2(F)F,1
Cc1cc(/C=C/c2ccc(C(F)(F)F)cc2)n2c1C=C1C=CC=[N+]1[B-]2(F)F,1
Cc1cc(/C=C/c2ccc(OCCCN(C)C)cc2)n2c1C=C1C=CC=[N+]1[B-]2(F)F,1
CCOc1cc(/C=C/c2cc(C)c3n2[B-](F)(F)[N+]2=CC=CC2=C3)ccc1OC,1
Cc1cc(/C=C/c2ccc(O)c3ccccc23)n2c1C=C1C=CC=[N+]1[B-]2(F)F,1
Cc1cc(/C=C/c2cccc(Cl)c2Cl)n2c1C=C1C=CC=[N+]1[B-]2(F)F,1
Cc1cc(/C=C/c2ccc(C(C)(C)C)cc2)n2c1C=C1C=CC=[N+]1[B-]2(F)F,1
COc1ccc(Oc2ccc(/C=C/c3cc(C)c4n3[B-](F)(F)[N+]3=CC=CC3=C4)cc2)cc1,1
COC(=O)c1ccc(-c2ccc(/C=C/c3cc(C)c4n3[B-](F)(F)[N+]3=CC=CC3=C4)cc2)cc1,1
Cc1cc(/C=C/c2cc(Br)cs2)n2c1C=C1C=CC=[N+]1[B-]2(F)F,1
Cc1cc(/C=C/c2ccc(Cl)c(Cl)c2)n2c1C=C1C=CC=[N+]1[B-]2(F)F,1
Cc1cc(/C=C/c2c[nH]c3ccc(Br)cc23)n2c1C=C1C=CC=[N+]1[B-]2(F)F,1
COc1cccc(/C=C/c2cc(C)c3n2[B-](F)(F)[N+]2=CC=CC2=C3)c1,1
Cc1cc(/C=C/c2ccc(B(O)O)cc2)n2c1C=C1C=CC=[N+]1[B-]2(F)F,1
Cc1cc(/C=C/c2ccc(C=O)s2)n2c1C=C1C=CC=[N+]1[B-]2(F)F,1
Cc1cc(/C=C/c2ccccc2O)n2c1C=C1C=CC=[N+]1[B-]2(F)F,1
Cc1cc(/C=C/c2ccccc2C(=O)O)n2c1C=C1C=CC=[N+]1[B-]2(F)F,1
COc1ccc(/C=C/c2cc(C)c3n2[B-](F)(F)[N+]2=CC=CC2=C3)c(O)c1,1
Cc1cc(/C=C/c2ccc(O)c(O)c2O)n2c1C=C1C=CC=[N+]1[B-]2(F)F,1
COc1ccc(-c2ccc(/C=C/c3cc(C)c4n3[B-](F)(F)[N+]3=CC=CC3=C4)o2)cc1Cl,1
COc1ccccc1/C=C/c1cc(C)c2n1[B-](F)(F)[N+]1=CC=CC1=C2,1
Cc1cc(/C=C/c2ccc(-c3cncnc3)cc2)n2c1C=C1C=CC=[N+]1[B-]2(F)F,1
Cc1cc(/C=C/c2cc(O)cc(O)c2)n2c1C=C1C=CC=[N+]1[B-]2(F)F,1
C=CCOc1ccccc1/C=C/c1cc(C)c2n1[B-](F)(F)[N+]1=CC=CC1=C2,1
Cc1cc(C)c(/C=C/c2cc(C)c3n2[B-](F)(F)[N+]2=CC=CC2=C3)[nH]1,1
COc1ccc(/C=C/c2cc(C)c3n2[B-](F)(F)[N+]2=CC=CC2=C3)c(OC)c1,1
Cc1cc(/C=C/c2ccccc2Cl)n2c1C=C1C=CC=[N+]1[B-]2(F)F,1
Cc1ccc(/C=C/c2cc(C)c3n2[B-](F)(F)[N+]2=CC=CC2=C3)cc1,1
COc1cc(/C=C/c2cc(C)c3n2[B-](F)(F)[N+]2=CC=CC2=C3)cc(OC)c1,1
Cc1cc(/C=C/c2ccccc2OCc2ccccc2)n2c1C=C1C=CC=[N+]1[B-]2(F)F,1
COC(=O)c1ccc(/C=C/c2cc(C)c3n2[B-](F)(F)[N+]2=CC=CC2=C3)cc1,1
COc1cc(Cl)c(/C=C/c2cc(C)c3n2[B-](F)(F)[N+]2=CC=CC2=C3)c(Cl)c1O,1
Cc1cc(/C=C/c2ccccc2P(c2ccccc2)c2ccccc2)n2c1C=C1C=CC=[N+]1[B-]2(F)F,1
COc1cc(Br)cc(/C=C/c2cc(C)c3n2[B-](F)(F)[N+]2=CC=CC2=C3)c1OC,1
Cc1cc(/C=C/c2cccc3c2OCO3)n2c1C=C1C=CC=[N+]1[B-]2(F)F,1
Cc1ccc(/C=C/c2cc(C)c3n2[B-](F)(F)[N+]2=CC=CC2=C3)s1,1
Cc1cc(/C=C/c2ccc(I)cc2)n2c1C=C1C=CC=[N+]1[B-]2(F)F,1
Cc1cc(/C=C/c2ccc(CO)o2)n2c1C=C1C=CC=[N+]1[B-]2(F)F,1
COc1ccc(F)cc1/C=C/c1cc(C)c2n1[B-](F)(F)[N+]1=CC=CC1=C2,1
Cc1cc(/C=C/c2ccccc2OC(F)F)n2c1C=C1C=CC=[N+]1[B-]2(F)F,1
COc1c(Br)cc(Br)cc1/C=C/c1cc(C)c2n1[B-](F)(F)[N+]1=CC=CC1=C2,1
COc1cc(/C=C/c2cc(C)c3n2[B-](F)(F)[N+]2=CC=CC2=C3)cc(I)c1OC,1
Cc1cccc(C)c1/C=C/c1cc(C)c2n1[B-](F)(F)[N+]1=CC=CC1=C2,1
Cc1cc(/C=C/c2cc(F)cc(C(F)(F)F)c2)n2c1C=C1C=CC=[N+]1[B-]2(F)F,1
COc1ccc(F)c(/C=C/c2cc(C)c3n2[B-](F)(F)[N+]2=CC=CC2=C3)c1,1
COc1cc(OC)c(/C=C/c2cc(C)c3n2[B-](F)(F)[N+]2=CC=CC2=C3)cc1Br,1
Cc1cc(/C=C/c2ccc(-c3cccc(C(=O)O)c3)cc2)n2c1C=C1C=CC=[N+]1[B-]2(F)F,1
Cc1ccc(/C=C/c2cc(C)c3n2[B-](F)(F)[N+]2=CC=CC2=C3)cc1F,1
COc1ccc([N+](=O)[O-])cc1/C=C/c1cc(C)c2n1[B-](F)(F)[N+]1=CC=CC1=C2,1
CCc1ccccc1/C=C/c1cc(C)c2n1[B-](F)(F)[N+]1=CC=CC1=C2,1
CCc1ccc(/C=C/c2cc(C)c3n2[B-](F)(F)[N+]2=CC=CC2=C3)cc1[N+](=O)[O-],1
Cc1cc(/C=C/c2cc(C(F)(F)F)cc(Cl)c2F)n2c1C=C1C=CC=[N+]1[B-]2(F)F,1
COc1cccc(F)c1/C=C/c1cc(C)c2n1[B-](F)(F)[N+]1=CC=CC1=C2,1
Cc1ccc(/C=C/c2cc(C)c3n2[B-](F)(F)[N+]2=CC=CC2=C3)cc1[N+](=O)[O-],1
Cc1cc(/C=C/c2cccc(Br)c2O)n2c1C=C1C=CC=[N+]1[B-]2(F)F,1
Cc1cc(/C=C/c2cc(F)ccc2Br)n2c1C=C1C=CC=[N+]1[B-]2(F)F,1
COc1cc(/C=C/c2cc(C)c3n2[B-](F)(F)[N+]2=CC=CC2=C3)cc(Br)c1OC,1
COc1ccc(/C=C/c2cc(C)c3n2[B-](F)(F)[N+]2=CC=CC2=C3)cc1Br,1
COc1ccc(/C=C/c2cc(C)c3n2[B-](F)(F)[N+]2=CC=CC2=C3)c(Br)c1O,1
Cc1cc(/C=C/c2c(Br)ccc3c2OCO3)n2c1C=C1C=CC=[N+]1[B-]2(F)F,1
CCCCc1ccc(/C=C/c2cc(C)c3n2[B-](F)(F)[N+]2=CC=CC2=C3)cc1,1
Cc1cc(/C=C/c2cc(Br)cc3c2OCO3)n2c1C=C1C=CC=[N+]1[B-]2(F)F,1
Cc1ccc(/C=C/c2cc(C)c3n2[B-](F)(F)[N+]2=CC=CC2=C3)c(Br)c1,1
COc1cc(/C=C/c2cc(C)c3n2[B-](F)(F)[N+]2=CC=CC2=C3)ccc1OCCBr,1
Cc1cc(/C=C/c2ccc(F)c(Br)c2)n2c1C=C1C=CC=[N+]1[B-]2(F)F,1
Cc1cc(/C=C/c2ccc(O)cc2Cl)n2c1C=C1C=CC=[N+]1[B-]2(F)F,1
Cc1cc(/C=C/c2cc3ccccc3nc2Cl)n2c1C=C1C=CC=[N+]1[B-]2(F)F,1
COc1ccc(/C=C/c2cc(C)c3n2[B-](F)(F)[N+]2=CC=CC2=C3)cc1Cl,1
COc1cc(Cl)cc(/C=C/c2cc(C)c3n2[B-](F)(F)[N+]2=CC=CC2=C3)c1O,1
Cc1cc(/C=C/c2ccc(Oc3ccc(Cl)cc3)cc2)n2c1C=C1C=CC=[N+]1[B-]2(F)F,1
Cc1cc(/C=C/c2c(F)cccc2Cl)n2c1C=C1C=CC=[N+]1[B-]2(F)F,1
COc1cccc(/C=C/c2cc(C)c3n2[B-](F)(F)[N+]2=CC=CC2=C3)c1Cl,1
COc1cc(Cl)cc(/C=C/c2cc(C)c3n2[B-](F)(F)[N+]2=CC=CC2=C3)c1OC,1
Cc1cc(/C=C/c2cccc(O)c2Cl)n2c1C=C1C=CC=[N+]1[B-]2(F)F,1
Cc1cc(/C=C/c2ccc(-c3cccc(Cl)c3)o2)n2c1C=C1C=CC=[N+]1[B-]2(F)F,1
Cc1cccc(Cl)c1/C=C/c1cc(C)c2n1[B-](F)(F)[N+]1=CC=CC1=C2,1
Cc1ccc(/C=C/c2cc(C)c3n2[B-](F)(F)[N+]2=CC=CC2=C3)cc1Cl,1
Cc1cc(/C=C/c2ccc(Oc3cccc(Cl)c3)cc2)n2c1C=C1C=CC=[N+]1[B-]2(F)F,1
Cc1cc(/C=C/c2cccc(Cl)c2O)n2c1C=C1C=CC=[N+]1[B-]2(F)F,1
Cc1cc(/C=C/c2c(F)ccc(F)c2Cl)n2c1C=C1C=CC=[N+]1[B-]2(F)F,1
COc1cc(/C=C/c2cc(C)c3n2[B-](F)(F)[N+]2=CC=CC2=C3)cc(Cl)c1OC,1
Cc1cc(/C=C/c2ccc(F)cc2Cl)n2c1C=C1C=CC=[N+]1[B-]2(F)F,1
Cc1cc(/C=C/c2ccc(F)c(Cl)c2)n2c1C=C1C=CC=[N+]1[B-]2(F)F,1
Cc1cc(/C=C/C2=CCCCC2)n2c1C=C1C=CC=[N+]1[B-]2(F)F,1
COc1cccc(Oc2ccccc2/C=C/c2cc(C)c3n2[B-](F)(F)[N+]2=CC=CC2=C3)c1,1
Cc1cc(/C=C/c2cccc(Oc3ccc(Cl)c(Cl)c3)c2)n2c1C=C1C=CC=[N+]1[B-]2(F)F,1
Cc1ccc(Oc2ccc(/C=C/c3cc(C)c4n3[B-](F)(F)[N+]3=CC=CC3=C4)cc2)cc1,1
COc1cc2ccccc2c(/C=C/c2cc(C)c3n2[B-](F)(F)[N+]2=CC=CC2=C3)c1OC,1
Cc1cc(/C=C/c2ccc(C(F)(F)F)cc2C(F)(F)F)n2c1C=C1C=CC=[N+]1[B-]2(F)F,1
Cc1cc(/C=C/c2cccc(I)c2)n2c1C=C1C=CC=[N+]1[B-]2(F)F,1
COc1cc(F)c(/C=C/c2cc(C)c3n2[B-](F)(F)[N+]2=CC=CC2=C3)cc1OC,1
Cc1cc(/C=C/c2ccc(Oc3ccc(C=O)cc3)cc2)n2c1C=C1C=CC=[N+]1[B-]2(F)F,1
Cc1cc(/C=C/c2cc(I)ccc2F)n2c1C=C1C=CC=[N+]1[B-]2(F)F,1
COc1cc(/C=C/c2cc(C)c3n2[B-](F)(F)[N+]2=CC=CC2=C3)cc(O)c1OC,1
Cc1cc(/C=C/c2cccc(Oc3cc(Cl)cc(Cl)c3)c2)n2c1C=C1C=CC=[N+]1[B-]2(F)F,1
Cc1cc(/C=C/c2cccc(C(C)(C)C)c2O)n2c1C=C1C=CC=[N+]1[B-]2(F)F,1
COc1ccc(/C=C/c2cc(C)c3n2[B-](F)(F)[N+]2=CC=CC2=C3)c(C)c1C,1
Cc1cc(/C=C/c2ccc(F)c(Oc3ccccc3)c2)n2c1C=C1C=CC=[N+]1[B-]2(F)F,1
COc1cc(/C=C/c2cc(C)c3n2[B-](F)(F)[N+]2=CC=CC2=C3)ccc1F,1
Cc1cc(/C=C/c2cc(C)c3n2[B-](F)(F)[N+]2=CC=CC2=C3)ccc1O,1
COc1cccc(/C=C/c2cc(C)c3n2[B-](F)(F)[N+]2=CC=CC2=C3)c1F,1
Cc1cc(/C=C/c2cccc([N+](=O)[O-])c2O)n2c1C=C1C=CC=[N+]1[B-]2(F)F,1
CCOc1ccc(/C=C/c2cc(C)c3n2[B-](F)(F)[N+]2=CC=CC2=C3)c(OCC)c1,1
CCOc1cccc(/C=C/c2cc(C)c3n2[B-](F)(F)[N+]2=CC=CC2=C3)c1OCC,1
Cc1cc(/C=C/c2cc(F)ccc2O)n2c1C=C1C=CC=[N+]1[B-]2(F)F,1
Cc1cc(/C=C/c2ccc(-c3ccccc3)o2)n2c1C=C1C=CC=[N+]1[B-]2(F)F,1
CCOc1c(/C=C/c2cc(C)c3n2[B-](F)(F)[N+]2=CC=CC2=C3)cccc1OC,1
Cc1cc(/C=C/c2ccc(Oc3ccc(F)cc3)cc2)n2c1C=C1C=CC=[N+]1[B-]2(F)F,1
CCOc1cccc(/C=C/c2cc(C)c3n2[B-](F)(F)[N+]2=CC=CC2=C3)c1,1
Cc1cc(/C=C/c2ccc(C(F)(F)F)cc2F)n2c1C=C1C=CC=[N+]1[B-]2(F)F,1
COc1c(/C=C/c2cc(C)c3n2[B-](F)(F)[N+]2=CC=CC2=C3)cc(C(C)(C)C)cc1C(C)(C)C,1
Cc1cc(/C=C/c2ccc(OC(F)F)cc2)n2c1C=C1C=CC=[N+]1[B-]2(F)F,1
Cc1cc(/C=C/c2cc(OCc3ccccc3)cc(OCc3ccccc3)c2)n2c1C=C1C=CC=[N+]1[B-]2(F)F,1
Cc1cc(/C=C/c2ccc3c(c2)OC(F)(F)O3)n2c1C=C1C=CC=[N+]1[B-]2(F)F,1
CSc1ccccc1/C=C/c1cc(C)c2n1[B-](F)(F)[N+]1=CC=CC1=C2,1
COc1ccc(/C=C/c2cc(C)c3n2[B-](F)(F)[N+]2=CC=CC2=C3)cc1C,1
Cc1cc(/C=C/c2cc(F)c(F)cc2F)n2c1C=C1C=CC=[N+]1[B-]2(F)F,1
Cc1cc(/C=C/[C@@H](C)c2ccccc2)n2c1C=C1C=CC=[N+]1[B-]2(F)F,1
Cc1cc(/C=C/c2ccsc2C=O)n2c1C=C1C=CC=[N+]1[B-]2(F)F,1
Cc1cc(/C=C/c2c3ccccc3c(C)c3ccccc23)n2c1C=C1C=CC=[N+]1[B-]2(F)F,1
Cc1cc(/C=C/c2ccccc2Oc2ccc(F)cc2)n2c1C=C1C=CC=[N+]1[B-]2(F)F,1
COc1c(Br)cc(/C=C/c2cc(C)c3n2[B-](F)(F)[N+]2=CC=CC2=C3)c(O)c1Br,1
Cc1cc(C)c(/C=C/c2cc(C)c3n2[B-](F)(F)[N+]2=CC=CC2=C3)cc1C,1
Cc1cc(/C=C/c2cccc(OC(F)(F)C(F)F)c2)n2c1C=C1C=CC=[N+]1[B-]2(F)F,1
Cc1cc(/C=C/c2cc(OC(F)(F)F)ccc2O)n2c1C=C1C=CC=[N+]1[B-]2(F)F,1
COc1ccc(/C=C/c2cc(C)c3n2[B-](F)(F)[N+]2=CC=CC2=C3)c(OC)c1C,1
Cc1cc(/C=C/c2cc(C(F)(F)F)ccc2F)n2c1C=C1C=CC=[N+]1[B-]2(F)F,1
Cc1cccc(/C=C/c2cc(C)c3n2[B-](F)(F)[N+]2=CC=CC2=C3)c1C,1
COc1ccc(/C=C/c2cc(C)c3n2[B-](F)(F)[N+]2=CC=CC2=C3)cc1[N+](=O)[O-],1
Cc1cc(/C=C/c2ncc[nH]2)n2c1C=C1C=CC=[N+]1[B-]2(F)F,1
Cc1cc(/C=C/c2ccc(I)o2)n2c1C=C1C=CC=[N+]1[B-]2(F)F,1
Cc1ccc(F)c(/C=C/c2cc(C)c3n2[B-](F)(F)[N+]2=CC=CC2=C3)c1Cl,1
Cc1cc(/C=C/c2ccc(N3CCCCC3)c([N+](=O)[O-])c2)n2c1C=C1C=CC=[N+]1[B-]2(F)F,1
Cc1cc(/C=C/c2ccc(N3CCCC3)c([N+](=O)[O-])c2)n2c1C=C1C=CC=[N+]1[B-]2(F)F,1
Cc1cc(/C=C/c2cccc(C#N)c2)n2c1C=C1C=CC=[N+]1[B-]2(F)F,1
COc1ccc(/C=C/c2cc(C)c3n2[B-](F)(F)[N+]2=CC=CC2=C3)c(F)c1,1
Cc1cc(C)cc(/C=C/c2cc(C)c3n2[B-](F)(F)[N+]2=CC=CC2=C3)c1,1
COc1ccc(/C=C/c2cc(C)c3n2[B-](F)(F)[N+]2=CC=CC2=C3)c(I)c1O,1
Cc1cc(/C=C/c2ccc(SC(F)(F)F)cc2)n2c1C=C1C=CC=[N+]1[B-]2(F)F,1
Cc1cc(/C=C/c2ccccc2OC(F)(F)F)n2c1C=C1C=CC=[N+]1[B-]2(F)F,1
COc1cc(O)c(/C=C/c2cc(C)c3n2[B-](F)(F)[N+]2=CC=CC2=C3)c(OC)c1,1
Cc1cc(/C=C/c2ccc(Br)o2)n2c1C=C1C=CC=[N+]1[B-]2(F)F,1
Cc1cc(/C=C/c2cc3ccccc3o2)n2c1C=C1C=CC=[N+]1[B-]2(F)F,1
Cc1cc(/C=C/c2ccsc2)n2c1C=C1C=CC=[N+]1[B-]2(F)F,1
Cc1ccc(/C=C/c2cc(C)c3n2[B-](F)(F)[N+]2=CC=CC2=C3)c(C)c1,1
Cc1cc(/C=C/c2ccc(-c3ccc(Cl)cc3)o2)n2c1C=C1C=CC=[N+]1[B-]2(F)F,1
COc1ccc(/C=C/c2cc(C)c3n2[B-](F)(F)[N+]2=CC=CC2=C3)c(Cl)c1OC,1
Cc1cc(/C=C/c2ccc(C(=O)O)cc2O)n2c1C=C1C=CC=[N+]1[B-]2(F)F,1
Cc1cc(/C=C/c2c[nH]c3ccccc23)n2c1C=C1C=CC=[N+]1[B-]2(F)F,1
C=CC[C@H](/C=C(/C=C/c1cc(C)c2n1[B-](F)(F)[N+]1=CC=CC1=C2)CC)CC,1
Cc1cc(/C=C/c2ccc(N(C)C)c3ccccc23)n2c1C=C1C=CC=[N+]1[B-]2(F)F,1
Cc1cc(/C=C/c2ccc(OCc3ccc(F)cc3)cc2)n2c1C=C1C=CC=[N+]1[B-]2(F)F,1
Cc1cc(/C=C/c2c(C)[nH]c3ccccc23)n2c1C=C1C=CC=[N+]1[B-]2(F)F,1
Cc1cc(/C=C/c2cc(C)c3n2[B-](F)(F)[N+]2=CC=CC2=C3)sc1C,1
Cc1cc(/C=C/c2ccc(S(C)(=O)=O)cc2)n2c1C=C1C=CC=[N+]1[B-]2(F)F,1
Cc1cccc(/C=C/c2cc(C)c3n2[B-](F)(F)[N+]2=CC=CC2=C3)n1,1
Cc1cc(/C=C/c2cccc(C=O)c2)n2c1C=C1C=CC=[N+]1[B-]2(F)F,1
Cc1cc(/C=C/c2cc(Cl)cc(Cl)c2)n2c1C=C1C=CC=[N+]1[B-]2(F)F,1
Cc1cc(/C=C/c2ccc(-c3ccccc3Cl)o2)n2c1C=C1C=CC=[N+]1[B-]2(F)F,1
Cc1cc(/C=C/c2ccc(Br)cc2F)n2c1C=C1C=CC=[N+]1[B-]2(F)F,1
COc1cc(/C=C/c2cc(C)c3n2[B-](F)(F)[N+]2=CC=CC2=C3)c(Br)c(Br)c1O,1
CCOc1cc(/C=C/c2cc(C)c3n2[B-](F)(F)[N+]2=CC=CC2=C3)ccc1O,1
COC(=O)c1cc(OC)cc(OC)c1/C=C/c1cc(C)c2n1[B-](F)(F)[N+]1=CC=CC1=C2,1
CC(/C=C/c1cc(C)c2n1[B-](F)(F)[N+]1=CC=CC1=C2)=C\c1ccccc1,1
Cc1cc(/C=C/c2cccc(B(O)O)c2)n2c1C=C1C=CC=[N+]1[B-]2(F)F,1
Cc1cc(/C=C/c2ccccc2B(O)O)n2c1C=C1C=CC=[N+]1[B-]2(F)F,1
Cc1cc(/C=C/c2cc([N+](=O)[O-])ccc2F)n2c1C=C1C=CC=[N+]1[B-]2(F)F,1
Cc1cc(/C=C/c2cc(Cl)ccc2Cl)n2c1C=C1C=CC=[N+]1[B-]2(F)F,1
Cc1cc(/C=C/c2ccc(Br)cc2)n2c1C=C1C=CC=[N+]1[B-]2(F)F,1
Cc1cc(/C=C/c2cc(Cl)cc(Cl)c2Cl)n2c1C=C1C=CC=[N+]1[B-]2(F)F,1
Cc1cc(/C=C/c2cc(Br)cc(Br)c2)n2c1C=C1C=CC=[N+]1[B-]2(F)F,1
Cc1cc(/C=C/c2ccc[nH]2)n2c1C=C1C=CC=[N+]1[B-]2(F)F,1
Cc1cc(/C=C/C2CCCCC2)n2c1C=C1C=CC=[N+]1[B-]2(F)F,1
Cc1cc(/C=C/C=C/c2ccco2)n2c1C=C1C=CC=[N+]1[B-]2(F)F,1
Cc1cc(/C=C/C#Cc2ccccc2)n2c1C=C1C=CC=[N+]1[B-]2(F)F,1
Cc1cc(/C=C/c2cccs2)n2c1C=C1C=CC=[N+]1[B-]2(F)F,1
Cc1cc(/C=C/c2ccc(-c3ccccc3)c(F)c2)n2c1C=C1C=CC=[N+]1[B-]2(F)F,1
Cc1cc(/C=C/c2cc(Cl)cc(Br)c2O)n2c1C=C1C=CC=[N+]1[B-]2(F)F,1
Cc1cc(/C=C/c2ccc(-c3ccc([N+](=O)[O-])cc3)o2)n2c1C=C1C=CC=[N+]1[B-]2(F)F,1
Cc1cc(/C=C/c2ccc(-c3ccc(Br)cc3)o2)n2c1C=C1C=CC=[N+]1[B-]2(F)F,1
CCOc1ccc(/C=C/c2cc(C)c3n2[B-](F)(F)[N+]2=CC=CC2=C3)cc1,1
Cc1cc(/C=C/c2c(C)nn(C)c2C)n2c1C=C1C=CC=[N+]1[B-]2(F)F,1
Cc1cc(/C=C/c2cccc(C(=O)O)c2)n2c1C=C1C=CC=[N+]1[B-]2(F)F,1
Cc1cc(/C=C/c2cccc3cccnc23)n2c1C=C1C=CC=[N+]1[B-]2(F)F,1
Cc1cc(/C=C/c2cccc(Oc3ccc(C(C)(C)C)cc3)c2)n2c1C=C1C=CC=[N+]1[B-]2(F)F,1
Cc1cc(/C=C/c2ccc(Cl)c(F)c2)n2c1C=C1C=CC=[N+]1[B-]2(F)F,1
Cc1cc(/C=C/c2cc3ccccc3c3ccccc23)n2c1C=C1C=CC=[N+]1[B-]2(F)F,1
CC1=CC(C)=[N+]2C1=Cc1ccc(/C=C/c3ccc(Br)cc3)n1[B-]2(F)F,1
C#Cc1ccc(/C=C/c2ccc3n2[B-](F)(F)[N+]2=C(C)C=C(C)C2=C3)cc1,1
CC1=CC(C)=[N+]2C1=Cc1ccc(/C=C/c3ccc(CO)cc3)n1[B-]2(F)F,1
CC1=CC(C)=[N+]2C1=Cc1ccc(/C=C/c3ccc(CCl)cc3)n1[B-]2(F)F,1
CC1=CC(C)=[N+]2C1=Cc1ccc(/C=C/c3ccccc3)n1[B-]2(F)F,1
COc1ccc(/C=C/c2ccc3n2[B-](F)(F)[N+]2=C(C)C=C(C)C2=C3)cc1,1
COc1cccc(/C=C/c2ccc3n2[B-](F)(F)[N+]2=C(C)C=C(C)C2=C3)c1,1
COc1cc(/C=C/c2ccc3n2[B-](F)(F)[N+]2=C(C)C=C(C)C2=C3)cc(OC)c1OC,1
CC1=CC(C)=[N+]2C1=Cc1ccc(/C=C/c3c(C)noc3C)n1[B-]2(F)F,1
COC(=O)c1oc(/C=C/c2ccc3n2[B-](F)(F)[N+]2=C(C)C=C(C)C2=C3)nc1C,1
CC1=CC(C)=[N+]2C1=Cc1ccc(/C=C/c3cccc4ccccc34)n1[B-]2(F)F,1
COC(=O)c1ccc(/C=C/c2ccc3n2[B-](F)(F)[N+]2=C(C)C=C(C)C2=C3)cc1,1
CC1=CC(C)=[N+]2C1=Cc1ccc(/C=C/C=C/c3ccccc3)n1[B-]2(F)F,1
C1=C2B(Nc3ccccc31)OB1Nc3ccccc3C=C1C(c1ccccc1)=C2c1ccccc1,1
Cc1ccc(C2=C(c3ccc(C)cc3)C3=Cc4ccccc4NB3OB3Nc4ccccc4C=C32)cc1,1
Cc1cccc(C2=C(c3cccc(C)c3)C3=Cc4ccccc4NB3OB3Nc4ccccc4C=C32)c1,1
COc1ccc(C2=C(c3ccc(OC)cc3)C3=Cc4ccccc4NB3OB3Nc4ccccc4C=C32)cc1,1
Fc1ccc(C2=C(c3ccc(F)cc3)C3=Cc4ccccc4NB3OB3Nc4ccccc4C=C32)cc1,1
Clc1ccc(C2=C(c3ccc(Cl)cc3)C3=Cc4ccccc4NB3OB3Nc4ccccc4C=C32)cc1,1
COc1ccc(C2=C(c3ccc(C(F)(F)F)cc3)C3=Cc4ccccc4NB3OB3Nc4ccccc4C=C32)cc1,1
C1=C2B(OB3C(=Cc4ccccc4N3c3ccccc3)C(c3ccccc3)=C2c2ccccc2)N(c2ccccc2)c2ccccc21,1
C1=C2B(OB3C(=Cc4ccccc4N3Cc3ccccc3)C(c3ccccc3)=C2c2ccccc2)N(Cc2ccccc2)c2ccccc21,1
CCCCN1B2OB3C(=Cc4ccccc4N3CCCC)C(c3ccccc3)=C(c3ccccc3)C2=Cc2ccccc21,1
Fc1ccc2c(c1)N(Cc1ccccc1)B1OB3C(=Cc4ccc(F)cc4N3Cc3ccccc3)C(c3ccccc3)=C(c3ccccc3)C1=C2,1
Cc1ccc2c(c1)N(Cc1ccccc1)B1OB3C(=Cc4ccc(C)cc4N3Cc3ccccc3)C(c3ccccc3)=C(c3ccccc3)C1=C2,1
Brc1ccc2c(c1)C=C1B(N2)OB2Nc3ccc(Br)cc3C=C2C(c2ccccc2)=C1c1ccccc1,1
COc1ccc(-c2ccc3c(c2)C=C2B(N3)OB3Nc4ccc(Br)cc4C=C3C(c3ccccc3)=C2c2ccccc2)cc1,1
COc1ccc(-c2ccc3c(c2)C=C2B(N3)OB3Nc4ccc(-c5ccc(OC)cc5)cc4C=C3C(c3ccccc3)=C2c2ccccc2)cc1,1
c1ccc(-c2cc3cc4cc(-c5ccccc5)c5cccc6c5c4c4c3c3c(cccc23)NB4N6)cc1,1
CCCCCCN1B2c3c4c(cc(-c5ccccc5)c5cccc1c54)cc1cc(-c4ccccc4)c4cccc(c4c31)N2CCCCCC,1
CCCCCCCCCCCCN1B2c3c4c(cc(-c5ccccc5)c5cccc1c54)cc1cc(-c4ccccc4)c4cccc(c4c31)N2CCCCCCCCCCCC,1
c1ccc2c(c1)-c1cccc3c1B1N2c2ccccc2N1c1ccccc1-3,1
c1ccc2c(c1)-c1ccccc1N1B3c4c(cccc4-c4ccccc41)-c1ccccc1N32,1
C1=C2B(Nc3ccccc31)c1ccccc1C(c1ccccc1)=C2c1ccccc1,1
CC1(C)OB(c2ccc3c(c2)B2Nc4ccccc4C=C2C(c2ccccc2)=C3c2ccccc2)OC1(C)C,1
C1=C2B(Nc3ccccc31)c1cc(N(c3ccccc3)c3ccccc3)ccc1C(c1ccccc1)=C2c1ccccc1,1
C1=C2B(Nc3ccc(N(c4ccccc4)c4ccccc4)cc31)c1cc(N(c3ccccc3)c3ccccc3)ccc1C(c1ccccc1)=C2c1ccccc1,1
CC(C)[Si](C#Cc1ccc2c(c1)C=C1B(N2)c2cc(C#C[Si](C(C)C)(C(C)C)C(C)C)ccc2C(c2ccccc2)=C1c1ccccc1)(C(C)C)C(C)C,1
C1=C2B(Nc3ccc(-c4ccc5ccc6cccc7ccc4c5c67)cc31)c1cc(-c3ccc4ccc5cccc6ccc3c4c56)ccc1C(c1ccccc1)=C2c1ccccc1,1
C1=C2B(Nc3ccccc31)c1cc(-c3ccc4c(c3)B3Nc5ccccc5C=C3C(c3ccccc3)=C4c3ccccc3)ccc1C(c1ccccc1)=C2c1ccccc1,1
C1=C2B(Nc3ccccc31)c1cc(-c3ccc4c(c3)C=C3B(N4)c4cc(-c5ccc6c(c5)B5Nc7ccccc7C=C5C(c5ccccc5)=C6c5ccccc5)ccc4C(c4ccccc4)=C3c3ccccc3)ccc1C(c1ccccc1)=C2c1ccccc1,1
C1=CB2C=Cc3c(ccc4ccccc34)N2C=C1,1
BrC1=CC=CN2B1C=Cc1c2ccc2ccccc12,1
C1=CN2B(C=Cc3c2ccc2ccccc32)C(c2ccccc2)=C1,1
C(#Cc1ccccc1)C1=CC=CN2B1C=Cc1c2ccc2ccccc12,1
C1=CN2B(C=Cc3c2ccc2ccccc32)C(N2CCOCC2)=C1,1
C1=Cc2ccc3c4c2N(CCN4B(c2ccccc2)C=C3)B1c1ccccc1,1
C1=Cc2ccc3c4c2N(CCN4B(c2ccccc2)C(c2ccccc2)=C3)B1c1ccccc1,1
C1=C(c2ccccc2)B(c2ccccc2)N2CCN3B(c4ccccc4)C(c4ccccc4)=Cc4ccc1c2c43,1
C1=Cc2ccc3c4c2N(CCN4B(c2ccccc2)C(/C=C/c2ccccc2)=C3)B1c1ccccc1,1
C1=C(/C=C/c2ccccc2)B(c2ccccc2)N2CCN3B(c4ccccc4)C(/C=C/c4ccccc4)=Cc4ccc1c2c43,1
CCCCCCc1cc2c(s1)-c1ccccc1N1B2c2cc(CCCCCC)sc2-c2ccccc21,1
CCCCCCc1cc2c(s1)-c1ccccc1N1B2c2cc(CCCCCC)sc2-c2cc3c(cc21)-c1sc(CCCCCC)cc1B1c2cc(CCCCCC)sc2-c2ccccc2N13,1
CCCCCCc1cc2c(s1)-c1ccccc1N1B2c2cc(CCCCCC)sc2-c2cc3c(cc21)-c1sc(CCCCCC)cc1B1c2cc(CCCCCC)sc2-c2cc4c(cc2N13)-c1sc(CCCCCC)cc1B1c2cc(CCCCCC)sc2-c2ccccc2N14,1
CCCCCCc1cc2c(s1)-c1ccccc1N1B2c2cc(CCCCCC)sc2-c2cc3c(cc21)-c1sc(CCCCCC)cc1B1c2cc(CCCCCC)sc2-c2cc4c(cc2N13)-c1sc(CCCCCC)cc1B1c2cc(CCCCCC)sc2-c2cc3c(cc2N14)-c1sc(CCCCCC)cc1B1c2cc(CCCCCC)sc2-c2ccccc2N13,1
c1ccc2c(c1)ccc1ccccc12,1
B1Nc2ccccc2-c2ccccc21,1
c1ccc(B2Nc3ccccc3-c3ccccc32)cc1,1
CN1B(c2c(F)c(F)c(F)c(F)c2F)c2ccccc2-c2ccccc21,1
CN1B(c2c(F)c(F)c(F)c(F)c2F)c2ccccc2-c2cc3ccccc3cc21,1
CN1B(c2c(F)c(F)c(F)c(F)c2F)c2ccccc2-c2c1ccc1ccccc21,1
CN1B(c2c(F)c(F)c(F)c(F)c2F)c2cc3c(cc2-c2ccccc21)B(c1c(F)c(F)c(F)c(F)c1F)N(C)c1ccccc1-3,1
CC(C)[Si](C#Cc1c2ccccc2c(C#C[Si](C(C)C)(C(C)C)C(C)C)c2cc3c4c(sc3cc12)-c1cc2c(cc1NB4c1ccccc1)-c1sc3cc4c(C#C[Si](C(C)C)(C(C)C)C(C)C)c5ccccc5c(C#C[Si](C(C)C)(C(C)C)C(C)C)c4cc3c1B(c1ccccc1)N2)(C(C)C)C(C)C,1
CC(C)c1cccc(C(C)C)c1N1B(c2ccccc2)N(c2c(C(C)C)cccc2C(C)C)C(c2ccccc2)=C1c1ccccc1,1
Cc1cccc(C)c1C1=C(c2c(C)cccc2C)N(c2c(C(C)C)cccc2C(C)C)B(c2ccccc2)N1c1c(C(C)C)cccc1C(C)C,1
CC(C)c1cccc(C(C)C)c1N1B(c2ccccc2)N(c2c(C(C)C)cccc2C(C)C)C(c2ccc(C(F)(F)F)cc2)=C1c1ccc(C(F)(F)F)cc1,1
Cc1cc(C)c(N2B(c3ccccc3)N(c3c(C)cc(C)cc3C)C(c3ccccc3)=C2c2ccccc2)c(C)c1,1
c1ccc(B2N(c3ccccc3)C(c3ccccc3)=C(c3ccccc3)N2c2ccccc2)cc1,1
Cc1cc(C)c(B2N(c3c(C(C)C)cccc3C(C)C)C(c3ccccc3)=C(c3ccccc3)N2c2c(C(C)C)cccc2C(C)C)c(C)c1,1
CC(C)c1cccc(C(C)C)c1N1B(c2ccc(B3N(c4c(C(C)C)cccc4C(C)C)C(c4ccc(C(F)(F)F)cc4)=C(c4ccc(C(F)(F)F)cc4)N3c3c(C(C)C)cccc3C(C)C)cc2)N(c2c(C(C)C)cccc2C(C)C)C(c2ccc(C(F)(F)F)cc2)=C1c1ccc(C(F)(F)F)cc1,1
CC(C)c1cccc(C(C)C)c1N1C=CN(c2c(C(C)C)cccc2C(C)C)B1c1ccccc1,1
c1cc2c3c(c1)-c1cccc4ccn(c14)B3n1ccc3cccc-2c31,1
CC(C)(C)c1ccc2c(c1)c1cc(C(C)(C)C)cc3c1n2B1c2c-3cccc2-c2cc(C(C)(C)C)cc3c4cc(C(C)(C)C)ccc4n1c23,1
CC(C)(C)c1cc2c3c(c1)-c1cccc4c1N(B3N1c3ccccc3Sc3cccc-2c31)c1ccccc1S4,1
c1cc2c3c4c5c(cccc5cc3c1)-c1cccn1B4n1cccc1-2,1
CCCc1ccc2c(c1)cc1n2B2c3c4c-1cccc4cc1cccc(c31)-c1cc3cc(CCC)ccc3n12,1
CC(C)(C)c1cc2c3c(c1)c1cc(C(C)(C)C)cc4c1n3B1c3c-2cccc3-c2cc(C(C)(C)C)cc3c5cc(C(C)(C)C)cc-4c5n1c23,1
c1ccc2c(c1)B1c3ccccc3-c3ccc4c5c3N1C1=C2c2ccccc2B(c2ccccc2-4)N15,1
CC1=CB(c2ccccc2)N2B(c3ccccc3)C=C(C)c3cccc1c32,1
CC1=CB(c2ccccc2)N2B(c3ccc(F)cc3)C=C(C)c3cccc1c32,1
CC1=CB(c2ccccc2)N2B(c3ccc(C)cc3)C=C(C)c3cccc1c32,1
CC1=CB(O)N2B(c3ccccc3)C=C(C)c3cccc1c32,1
COc1ccc(C2=C(c3cc(OC)cc(OC)c3)C(c3ccc(OC)cc3)=[N+]3C2=Nc2c(-c4ccc(OC)cc4)c(-c4cc(OC)cc(OC)c4)c(-c4ccc(OC)cc4)n2[B-]3(F)F)cc1,1
CCCCCCOc1ccc(C2=C(c3cc(OC)cc(OC)c3)C(c3ccc(OC)cc3)=[N+]3C2=Nc2c(-c4ccc(OCCCCCC)cc4)c(-c4cc(OC)cc(OC)c4)c(-c4ccc(OC)cc4)n2[B-]3(F)F)cc1,1
CCCCCCOc1ccc(C2=C(c3ccc(C(C)(C)C)cc3)C(c3ccc(OC)cc3)=[N+]3C2=Nc2c(-c4ccc(OCCCCCC)cc4)c(-c4ccc(C(C)(C)C)cc4)c(-c4ccc(OC)cc4)n2[B-]3(F)F)cc1,1
COc1ccc(C2=c3c(c4ccc(OC)cc4c4c(OC)cc(OC)cc34)=[N+]3C2=Nc2c(-c4ccc(OC)cc4)c4c5cc(OC)cc(OC)c5c5cc(OC)ccc5c4n2[B-]3(F)F)cc1,1
CCCCCCOc1ccc(C2=c3c(c4ccc(OC)cc4c4c(OC)cc(OC)cc34)=[N+]3C2=Nc2c(-c4ccc(OCCCCCC)cc4)c4c5cc(OC)cc(OC)c5c5cc(OC)ccc5c4n2[B-]3(F)F)cc1,1
CCCCCCOc1ccc(C2=c3c(c4ccc(OC)cc4c4cc(C(C)(C)C)ccc34)=[N+]3C2=Nc2c(-c4ccc(OCCCCCC)cc4)c4c5ccc(C(C)(C)C)cc5c5cc(OC)ccc5c4n2[B-]3(F)F)cc1,1
c1ccc2c(c1)NB1Nc3ccccc3-c3cccc-2c31,1
CCCCCCN1B2c3c(cccc3-c3ccccc3N2CCCCCC)-c2ccccc21,1
c1cc2c3c(c1)-c1ccc4ccccc4c1NB3Nc1c-2ccc2ccccc12,1
CCCCCCN1B2c3c(cccc3-c3cc(-c4ccccc4)ccc3N2CCCCCC)-c2cc(-c3ccccc3)ccc21,1
CCCCCCN1B2c3c(cccc3-c3cc(-c4cccs4)ccc3N2CCCCCC)-c2cc(-c3cccs3)ccc21,1
CCCCCCN1B2c3c(cccc3-c3cc4c(cc3N2CCCCCC)-c2cccc3c2B(N(CCCCCC)c2ccccc2-3)N4CCCCCC)-c2ccccc21,1
Cc1ccc(C2=C(c3ccc(C)cc3)c3ccccc3B3Nc4ccccc4C=C32)cc1,1
Fc1ccc(C2=C(c3ccc(F)cc3)c3ccccc3B3Nc4ccccc4C=C32)cc1,1
FC(F)(F)c1ccc(C2=C(c3ccc(C(F)(F)F)cc3)c3ccccc3B3Nc4ccccc4C=C32)cc1,1
CCCCC1=C(CCCC)c2ccccc2B2Nc3ccccc3C=C21,1
Cc1ccc2c(c1)C(c1ccccc1)=C(c1ccccc1)C1=Cc3ccccc3NB12,1
Fc1ccc2c(c1)C(c1ccccc1)=C(c1ccccc1)C1=Cc3ccccc3NB12,1
C1=C2B(c3ccccc3C(c3ccccc3)=C2c2ccccc2)N(Cc2ccccc2)c2ccccc21,1
CCCCN1B2C(=Cc3ccccc31)C(c1ccccc1)=C(c1ccccc1)c1ccccc12,1
Cc1ccc2c(c1)N(Cc1ccccc1)B1C(=C2)C(c2ccccc2)=C(c2ccccc2)c2ccccc21,1
COc1ccc(C2=C(c3ccc(OC)cc3)c3ccccc3B3C2=Cc2ccc(C)cc2N3Cc2ccccc2)cc1,1
Fc1cccc2c1C=C1B(c3ccccc3C(c3ccccc3)=C1c1ccccc1)N2Cc1ccccc1,1
C1=C2B(Nc3ccccc31)c1sccc1C(c1ccccc1)=C2c1ccccc1,1
F[B-]1(F)N2C=CC=CC2=Nc2cccc[n+]21,1
F[B-]1(F)n2cccc2C=C2C=CC=[N+]21,1
[NH2+]=C1c2cccn2[B-](F)(F)n2cccc21,1
NC1=C2C=CC=[N+]2[B-](F)(F)n2cccc21,1
CNC1=C2C=CC=[N+]2[B-](F)(F)n2cccc21,1
C#CCNC1=C2C=CC=[N+]2[B-](F)(F)n2cccc21,1
C=CCNC1=C2C=CC=[N+]2[B-](F)(F)n2cccc21,1
CN(C)C1=C2C=CC=[N+]2[B-](F)(F)n2cccc21,1
Cc1cc(C)c(B2Nc3cccc4c3-n3c2ccc3B(c2c(C)cc(C)cc2C)N4)c(C)c1,1
c1ccc(B2Nc3cccc4c3-n3c2ccc3B(c2ccccc2)N4)cc1,1
CB1Nc2cccc3c2-n2c1ccc2B(C)N3,1
B1Nc2cccc3c2-n2c1ccc2BN3,1
CCCCc1ccc2cc3cc4ccccc4cc3cc2c1,1
CCCCB1C=Cc2cc3cc4ccccc4cc3cc2N1,1
c1ccc2cc3ccccc3cc2c1,1
B1C=Cc2cc3ccccc3cc2N1,1
B1C=Cc2cc3c(cc2N1)C=CBN3,1
B1C=Cc2c(ccc3ccccc23)N1,1
C1=Cc2c(ccc3ccccc23)NB1c1ccccc1,1
B1C=Cc2ccc3ccccc3c2N1,1
C1=Cc2ccc3ccccc3c2NB1c1ccccc1,1
C1=CB2C=Cc3ccccc3N2C=C1,1
C1=CB2C=Cc3cc4ccccc4cc3N2C=C1,1
C1=Cc2ccccc2N2C=Cc3cc4ccccc4cc3B12,1
C1=Cc2cc3ccccc3cc2N2C=Cc3cc4ccccc4cc3B12,1
CN(CCO)c1ccc(/C=C/C(=O)c2ccc(NC(=O)Cc3ccccc3)cc2)cc1,1
COC(=O)CCC(=O)Nc1ccc(C(=O)/C=C/c2ccc(N(C)CCO)cc2)cc1,1
CN(CCO)c1ccc(/C=C/C(=O)c2ccc(NC(=O)c3c(F)cccc3F)cc2)cc1,1
CN(CCO)c1ccc(/C=C/C(=O)c2ccc(NC(=O)c3ccc([N+](=O)[O-])cc3)cc2)cc1,1
CCCCCC(=O)Nc1ccc(C(=O)/C=C/c2ccc(N(C)CCO)cc2)cc1,1
C=CC(=O)Nc1ccc(C(=O)/C=C/c2ccc(N(C)CCO)cc2)cc1,1
COCC(=O)Nc1ccc(C(=O)/C=C/c2ccc(N(C)CCO)cc2)cc1,1
CCC(=O)Nc1ccc(C(=O)/C=C/c2ccc(N(C)CCO)cc2)cc1,1
CN(CCO)c1ccc(/C=C/C(=O)c2ccc(NC(=O)C3CCC3)cc2)cc1,1
Cc1ccc(F)c(C(=O)Nc2ccc(C(=O)/C=C/c3ccc(N(C)CCO)cc3)cc2)c1F,1
CN(CCO)c1ccc(/C=C/C(=O)c2ccc(NC(=O)c3c(F)ccc(Cl)c3F)cc2)cc1,1
CC(=O)Nc1ccc(C(=O)Nc2ccc(C(=O)/C=C/c3ccc(N(C)CCO)cc3)cc2)cc1,1
CN(CCO)c1ccc(/C=C/C(=O)c2ccc(NC(=O)c3cccc(F)c3F)cc2)cc1,1
CN(CCO)c1ccc(/C=C/C(=O)c2ccc(NC(=O)c3cc(I)ccc3F)cc2)cc1,1
CN(CCO)c1ccc(/C=C/C(=O)c2ccc(NC(=O)c3cc([N+](=O)[O-])ccc3F)cc2)cc1,1
CN(CCO)c1ccc(/C=C/C(=O)c2ccc(NC(=O)c3cc(F)cc(C(F)(F)F)c3)cc2)cc1,1
CN(CCO)c1ccc(/C=C/C(=O)c2ccc(NC(=O)c3ccc(Br)cc3F)cc2)cc1,1
CN(CCO)c1ccc(/C=C/C(=O)c2ccc(NC(=O)c3cc(F)ccc3F)cc2)cc1,1
CN(CCO)c1ccc(/C=C/C(=O)c2ccc(NC(=O)/C=C/c3ccccc3Cl)cc2)cc1,1
CN(CCO)c1ccc(/C=C/C(=O)c2ccc(NC(=O)c3cc(C(F)(F)F)ccc3Cl)cc2)cc1,1
CN(CCO)c1ccc(/C=C/C(=O)c2ccc(NC(=O)c3ccc(-c4ccccc4F)o3)cc2)cc1,1
COc1ccccc1C(=O)Nc1ccc(C(=O)/C=C/c2ccc(N(C)CCO)cc2)cc1,1
CN(CCO)c1ccc(/C=C/C(=O)c2ccc(NC(=O)CCC3CCCC3)cc2)cc1,1
CN(CCO)c1ccc(/C=C/C(=O)c2ccc(NC(=O)c3cc(F)c(F)cc3F)cc2)cc1,1
CN(CCO)c1ccc(/C=C/C(=O)c2ccc(NC(=O)c3ccc(F)cc3C(F)(F)F)cc2)cc1,1
Cc1cc(C(=O)Nc2ccc(C(=O)/C=C/c3ccc(N(C)CCO)cc3)cc2)ccc1F,1
CN(CCO)c1ccc(/C=C/C(=O)c2ccc(NC(=O)c3ccc(Cl)cc3)cc2)cc1,1
CN(CCO)c1ccc(/C=C/C(=O)c2ccc(NC(=O)Cc3ccc(F)cc3)cc2)cc1,1
CCCCCCCCC(=O)Nc1ccc(C(=O)/C=C/c2ccc(N(C)CCO)cc2)cc1,1
COc1cccc(C(=O)Nc2ccc(C(=O)/C=C/c3ccc(N(C)CCO)cc3)cc2)c1,1
Cc1ccc(F)c(C(=O)Nc2ccc(C(=O)/C=C/c3ccc(N(C)CCO)cc3)cc2)c1Cl,1
Cc1ccc(C(=O)Nc2ccc(C(=O)/C=C/c3ccc(N(C)CCO)cc3)cc2)cc1,1
CCCCCCCCCC(=O)Nc1ccc(C(=O)/C=C/c2ccc(N(C)CCO)cc2)cc1,1
COc1cc(C(=O)Nc2ccc(C(=O)/C=C/c3ccc(N(C)CCO)cc3)cc2)cc(Cl)n1,1
CN(CCO)c1ccc(/C=C/C(=O)c2ccc(NC(=O)c3cncc(Br)c3)cc2)cc1,1
CN(CCO)c1ccc(/C=C/C(=O)c2ccc(NC(=O)c3sc4ccccc4c3Cl)cc2)cc1,1
CN(CCO)c1ccc(/C=C/C(=O)c2ccc(NC(=O)c3ccno3)cc2)cc1,1
CN(CCO)c1ccc(/C=C/C(=O)c2ccc(NC(=O)c3c(C(F)(F)F)ccc(Cl)c3F)cc2)cc1,1
CN(CCO)c1ccc(/C=C/C(=O)c2ccc(NC(=O)c3cc(Cl)ccc3F)cc2)cc1,1
CN(CCO)c1ccc(/C=C/C(=O)c2ccc(NC(=O)COc3ccc(Cl)cc3)cc2)cc1,1
CN(CCO)c1ccc(/C=C/C(=O)c2ccc(NC(=O)c3ccc(I)cc3)cc2)cc1,1
COc1ccc(C(=O)Nc2ccc(C(=O)/C=C/c3ccc(N(C)CCO)cc3)cc2)cc1,1
CC(C)c1ccc(C(=O)Nc2ccc(C(=O)/C=C/c3ccc(N(C)CCO)cc3)cc2)cc1,1
CN(CCO)c1ccc(/C=C/C(=O)c2ccc(NC(=O)c3c(F)c(F)c(F)c(Br)c3F)cc2)cc1,1
CCCCc1ccc(C(=O)Nc2ccc(C(=O)/C=C/c3ccc(N(C)CCO)cc3)cc2)cc1,1
CN(CCO)c1ccc(/C=C/C(=O)c2ccc(NC(=O)c3sc4cc(F)ccc4c3Cl)cc2)cc1,1
CN(CCO)c1ccc(/C=C/C(=O)c2ccc(NC(=O)C3CCCCC3)cc2)cc1,1
CN(CCO)c1ccc(/C=C/C(=O)c2ccc(NC(=O)c3c(F)ccc(F)c3Cl)cc2)cc1,1
CN(CCO)c1ccc(/C=C/C(=O)c2ccc(NC(=O)c3ccc(F)cc3)cc2)cc1,1
CN(CCO)c1ccc(/C=C/C(=O)c2ccc(NC(=O)c3cccc(F)c3)cc2)cc1,1
CN(CCO)c1ccc(/C=C/C(=O)c2ccc(NC(=O)c3ccc(-c4ccccc4)o3)cc2)cc1,1
CN(CCO)c1ccc(/C=C/C(=O)c2ccc(NC(=O)c3ccc(F)c(Cl)c3)cc2)cc1,1
CN(CCO)c1ccc(/C=C/C(=O)c2ccc(NC(=O)c3ccc(F)cc3F)cc2)cc1,1
CSc1ncccc1C(=O)Nc1ccc(C(=O)/C=C/c2ccc(N(C)CCO)cc2)cc1,1
CN(CCO)c1ccc(/C=C/C(=O)c2ccc(NC(=O)CCCCCCl)cc2)cc1,1
CCOc1ccccc1C(=O)Nc1ccc(C(=O)/C=C/c2ccc(N(C)CCO)cc2)cc1,1
CN(CCO)c1ccc(/C=C/C(=O)c2ccc(NC(=O)c3ccc([N+](=O)[O-])cc3Cl)cc2)cc1,1
CN(CCO)c1ccc(/C=C/C(=O)c2ccc(NC(=O)c3ccc(C(F)(F)F)cc3F)cc2)cc1,1
CN(CCO)c1ccc(/C=C/C(=O)c2ccc(NC(=O)c3cc(F)c(Cl)cc3Cl)cc2)cc1,1
CN(CCO)c1ccc(/C=C/C(=O)c2ccc(NC(=O)CC3CCCC3)cc2)cc1,1
Cc1ccccc1C(=O)Nc1ccc(C(=O)/C=C/c2ccc(N(C)CCO)cc2)cc1,1
CN(CCO)c1ccc(/C=C/C(=O)c2ccc(NC(=O)c3ccc(Cl)cc3Cl)cc2)cc1,1
Cc1onc(-c2ccccc2)c1C(=O)Nc1ccc(C(=O)/C=C/c2ccc(N(C)CCO)cc2)cc1,1
CN(CCO)c1ccc(/C=C/C(=O)c2ccc(NC(=O)c3cc(C(F)(F)F)ccc3F)cc2)cc1,1
CCCCCCOc1ccc(C(=O)Nc2ccc(C(=O)/C=C/c3ccc(N(C)CCO)cc3)cc2)cc1,1
CN(CCO)c1ccc(/C=C/C(=O)c2ccc(NC(=O)c3ccc(-c4ccc(Cl)c([N+](=O)[O-])c4)o3)cc2)cc1,1
COc1ccc(C(=O)Nc2ccc(C(=O)/C=C/c3ccc(N(C)CCO)cc3)cc2)cc1C(F)(F)F,1
CN(CCO)c1ccc(/C=C/C(=O)c2ccc(NC(=O)c3cc(F)ccc3Cl)cc2)cc1,1
CC(Oc1ccccc1)C(=O)Nc1ccc(C(=O)/C=C/c2ccc(N(C)CCO)cc2)cc1,1
CN(CCO)c1ccc(/C=C/C(=O)c2ccc(NC(=O)c3cccc(Cl)c3F)cc2)cc1,1
CN(CCO)c1ccc(/C=C/C(=O)c2ccc(NC(=O)c3cc(C(F)(F)F)cc(Cl)c3F)cc2)cc1,1
CN(CCO)c1ccc(/C=C/C(=O)c2ccc(NC(=O)c3cccc(C(F)(F)F)c3F)cc2)cc1,1
Cc1ccc(C(=O)Nc2ccc(C(=O)/C=C/c3ccc(N(C)CCO)cc3)cc2)cc1F,1
CN(CCO)c1ccc(/C=C/C(=O)c2ccc(NC(=O)c3ccccc3F)cc2)cc1,1
CCCCCCCCCCc1ccc(C(=O)Nc2ccc(C(=O)/C=C/c3ccc(N(C)CCO)cc3)cc2)cc1,1
CN(CCO)c1ccc(/C=C/C(=O)c2ccc(NC(=O)c3ccc(-c4cccc([N+](=O)[O-])c4)o3)cc2)cc1,1
Cc1ccc(F)cc1C(=O)Nc1ccc(C(=O)/C=C/c2ccc(N(C)CCO)cc2)cc1,1
CN(CCO)c1ccc(/C=C/C(=O)c2ccc(NC(=O)c3ccc(F)c(C(F)(F)F)c3)cc2)cc1,1
CCCCCCc1ccc(C(=O)Nc2ccc(C(=O)/C=C/c3ccc(N(C)CCO)cc3)cc2)cc1,1
CN(CCO)c1ccc(/C=C/C(=O)c2ccc(NC(=O)c3c(F)cccc3C(F)(F)F)cc2)cc1,1
CCOc1ccc2ccccc2c1C(=O)Nc1ccc(C(=O)/C=C/c2ccc(N(C)CCO)cc2)cc1,1
Cc1ccc(C(=O)Nc2ccc(C(=O)/C=C/c3ccc(N(C)CCO)cc3)cc2)c(F)c1F,1
CN(CCO)c1ccc(/C=C/C(=O)c2ccc(NC(=O)c3c(F)c(F)c(F)c(F)c3F)cc2)cc1,1
COC(=O)CCCC(=O)Nc1ccc(C(=O)/C=C/c2ccc(N(C)CCO)cc2)cc1,1
CN(CCO)c1ccc(/C=C/C(=O)c2ccc(NC(=O)c3cccc(Cl)c3)cc2)cc1,1
CC(=O)OCC(=O)Nc1ccc(C(=O)/C=C/c2ccc(N(C)CCO)cc2)cc1,1
Cc1cccc(C(=O)Nc2ccc(C(=O)/C=C/c3ccc(N(C)CCO)cc3)cc2)c1C,1
CN(CCO)c1ccc(/C=C/C(=O)c2ccc(NC(=O)c3c(F)c(F)c(F)c(F)c3Br)cc2)cc1,1
CN(CCO)c1ccc(/C=C/C(=O)c2ccc(NC(=O)c3ccc(F)c(Cl)c3F)cc2)cc1,1
CCCCCCCCCc1ccc(C(=O)Nc2ccc(C(=O)/C=C/c3ccc(N(C)CCO)cc3)cc2)cc1,1
Cc1cccc(C(=O)Nc2ccc(C(=O)/C=C/c3ccc(N(C)CCO)cc3)cc2)c1,1
CC(=O)Oc1ccccc1C(=O)Nc1ccc(C(=O)/C=C/c2ccc(N(C)CCO)cc2)cc1,1
Cc1ccc(Cl)c(C(=O)Nc2ccc(C(=O)/C=C/c3ccc(N(C)CCO)cc3)cc2)c1F,1
CN(CCO)c1ccc(/C=C/C(=O)c2ccc(NC(=O)c3cc(Cl)cc(Cl)c3)cc2)cc1,1
CN(CCO)c1ccc(/C=C/C(=O)c2ccc(NC(=O)c3ccc(-c4cc([N+](=O)[O-])ccc4Cl)o3)cc2)cc1,1
CN(CCO)c1ccc(/C=C/C(=O)c2ccc(NC(=O)c3ccc(Cl)nc3)cc2)cc1,1
CN(CCO)c1ccc(/C=C/C(=O)c2ccc(NC(=O)c3ccc(-c4ccccc4[N+](=O)[O-])o3)cc2)cc1,1
CN(CCO)c1ccc(/C=C/C(=O)c2ccc(NC(=O)c3cnccn3)cc2)cc1,1
CN(CCO)c1ccc(/C=C/C(=O)c2ccc(NC(=O)c3cccc(Cl)c3Cl)cc2)cc1,1
CN(CCO)c1ccc(/C=C/C(=O)c2ccc(NC(=O)c3ccc(Br)cc3)cc2)cc1,1
CN(CCO)c1ccc(/C=C/C(=O)c2ccc(NC(=O)c3cc(C(F)(F)F)cc(C(F)(F)F)c3)cc2)cc1,1
CN(CCO)c1ccc(/C=C/C(=O)c2ccc(NC(=O)CCc3ccccc3)cc2)cc1,1
CN(CCO)c1ccc(/C=C/C(=O)c2ccc(NC(=O)Cc3ccc(Cl)cc3)cc2)cc1,1
CN(CCO)c1ccc(/C=C/C(=O)c2ccc(NC(=O)c3c(F)c(F)c(Cl)c(F)c3F)cc2)cc1,1
CCCCOc1ccc(C(=O)Nc2ccc(C(=O)/C=C/c3ccc(N(C)CCO)cc3)cc2)cc1,1
CN(CCO)c1ccc(/C=C/C(=O)c2ccc(NC(=O)c3cc(F)ccc3C(F)(F)F)cc2)cc1,1
Cc1onc(-c2c(F)cccc2Cl)c1C(=O)Nc1ccc(C(=O)/C=C/c2ccc(N(C)CCO)cc2)cc1,1
CN(CCO)c1ccc(/C=C/C(=O)c2ccc(NC(=O)c3ccc(-c4ccccc4)cc3)cc2)cc1,1
CN(CCO)c1ccc(/C=C/C(=O)c2ccc(NC(=O)c3ccc(-c4ccc([N+](=O)[O-])cc4Cl)o3)cc2)cc1,1
CN(CCO)c1ccc(/C=C/C(=O)c2ccc(NC(=O)c3ccc(Cl)c(Cl)c3)cc2)cc1,1
CCCCC(CC)C(=O)Nc1ccc(C(=O)/C=C/c2ccc(N(C)CCO)cc2)cc1,1
CCCc1ccc(C(=O)Nc2ccc(C(=O)/C=C/c3ccc(N(C)CCO)cc3)cc2)cc1,1
CN(CCO)c1ccc(/C=C/C(=O)c2ccc(NC(=O)c3c(F)cccc3Cl)cc2)cc1,1
CN(CCO)c1ccc(/C=C/C(=O)c2ccc(NC(=O)c3ccc(C(F)(F)F)c(F)c3)cc2)cc1,1
CN(CCO)c1ccc(/C=C/C(=O)c2ccc(NC(=O)c3cccc(Br)c3)cc2)cc1,1
CCCCCc1ccc(C(=O)Nc2ccc(C(=O)/C=C/c3ccc(N(C)CCO)cc3)cc2)cc1,1
CN(CCO)c1ccc(/C=C/C(=O)c2ccc(NC(=O)c3ccccc3I)cc2)cc1,1
CN(CCO)c1ccc(/C=C/C(=O)c2ccc(NC(=O)c3ccccc3Br)cc2)cc1,1
CN(CCO)c1ccc(/C=C/C(=O)c2ccc(NC(=O)C3CC3)cc2)cc1,1
CN(CCO)c1ccc(/C=C/C(=O)c2ccc(NC(=O)c3ccc(F)cc3Cl)cc2)cc1,1
CN(CCO)c1ccc(/C=C/C(=O)c2ccc(NC(=O)c3cccnc3Cl)cc2)cc1,1
CN(CCO)c1ccc(/C=C/C(=O)c2ccc(NC(=O)C3CCCC3)cc2)cc1,1
Cc1occc1C(=O)Nc1ccc(C(=O)/C=C/c2ccc(N(C)CCO)cc2)cc1,1
CN(CCO)c1ccc(/C=C/C(=O)c2ccc(NC(=O)c3cccn3C)cc2)cc1,1
CCCCCCCc1ccc(C(=O)Nc2ccc(C(=O)/C=C/c3ccc(N(C)CCO)cc3)cc2)cc1,1
CN(CCO)c1ccc(/C=C/C(=O)c2ccc(NC(=O)c3ccc([N+](=O)[O-])o3)cc2)cc1,1
CN(CCO)c1ccc(/C=C/C(=O)c2ccc(NC(=O)c3cccs3)cc2)cc1,1
CN(CCO)c1ccc(/C=C/C(=O)c2ccc(NC(=O)c3ccc(C(F)(F)F)cc3)cc2)cc1,1
COc1cc(C(=O)Nc2ccc(C(=O)/C=C/c3ccc(N(C)CCO)cc3)cc2)cc(OC)c1OC,1
CN(CCO)c1ccc(/C=C/C(=O)c2ccc(NC(=O)c3c(F)cc(F)cc3F)cc2)cc1,1
CN(CCO)c1ccc(/C=C/C(=O)c2ccc(NC(=O)c3ccccc3Cl)cc2)cc1,1
C=CCCC(=O)Nc1ccc(C(=O)/C=C/c2ccc(N(C)CCO)cc2)cc1,1
CN(CCO)c1ccc(/C=C/C(=O)c2ccc(NC(=O)c3ccccc3)cc2)cc1,1
CN(CCO)c1ccc(/C=C/C(=O)c2ccc(NC(=O)N3CCOCC3)cc2)cc1,1
CN(CCO)c1ccc(/C=C/C(=O)c2ccc(NC(=O)/C=C/c3ccccc3)cc2)cc1,1
COc1ccc(CCC(=O)Nc2ccc(C(=O)/C=C/c3ccc(N(C)CCO)cc3)cc2)cc1,1
Cc1ccsc1C(=O)Nc1ccc(C(=O)/C=C/c2ccc(N(C)CCO)cc2)cc1,1
CN(CCO)c1ccc(/C=C/C(=O)c2ccc(NC(=O)c3ccc(-c4cc(Cl)ccc4Cl)o3)cc2)cc1,1
Cc1ccc(C(=O)Nc2ccc(C(=O)/C=C/c3ccc(N(C)CCO)cc3)cc2)c(Cl)n1,1
CN(CCO)c1ccc(/C=C/C(=O)c2ccc(NC(=O)c3sc(Cl)c(Cl)c3Cl)cc2)cc1,1
Cc1cc(C(=O)Nc2ccc(C(=O)/C=C/c3ccc(N(C)CCO)cc3)cc2)no1,1
Cc1ccc(C(=O)Nc2ccc(C(=O)/C=C/c3ccc(N(C)CCO)cc3)cc2)o1,1
C/C=C/C(=O)Nc1ccc(C(=O)/C=C/c2ccc(N(C)CCO)cc2)cc1,1
CN(CCO)c1ccc(/C=C/C(=O)c2ccc(NC(=O)c3ccc(-c4ccc(F)cc4)o3)cc2)cc1,1
CN(CCO)c1ccc(/C=C/C(=O)c2ccc(NC(=O)c3ccc(-c4cccc(Cl)c4Cl)o3)cc2)cc1,1
CN(CCO)c1ccc(/C=C/C(=O)c2ccc(NC(=O)CCCCCBr)cc2)cc1,1
CCCCCCCCCCCC(=O)Nc1ccc(C(=O)/C=C/c2ccc(N(C)CCO)cc2)cc1,1
CN(CCO)c1ccc(/C=C/C(=O)c2ccc(NC(=O)c3cccc(I)c3)cc2)cc1,1
CN(CCO)c1ccc(/C=C/C(=O)c2ccc(NC(=O)C(C)(C)C)cc2)cc1,1
CCCCCCC(=O)Nc1ccc(C(=O)/C=C/c2ccc(N(C)CCO)cc2)cc1,1
COc1ccc(OC)c(C(=O)Nc2ccc(C(=O)/C=C/c3ccc(N(C)CCO)cc3)cc2)c1,1
CC(=O)OC(CC(=O)Nc1ccc(C(=O)/C=C/c2ccc(N(C)CCO)cc2)cc1)c1ccccc1,1
CCCCCCCOc1ccc(C(=O)Nc2ccc(C(=O)/C=C/c3ccc(N(C)CCO)cc3)cc2)cc1,1
CN(CCO)c1ccc(/C=C/C(=O)c2ccc(NC(=O)c3ccco3)cc2)cc1,1
CN(CCO)c1ccc(/C=C/C(=O)c2ccc(NC(=O)c3cccnc3)cc2)cc1,1
C=CCCCCCCC(=O)Nc1ccc(C(=O)/C=C/c2ccc(N(C)CCO)cc2)cc1,1
CN(CCO)c1ccc(/C=C/C(=O)c2ccc(NC(=O)C3C=CCCC3)cc2)cc1,1
O=S(=O)([O-])c1ccccc1C=Cc1ccc(-c2ccc(C=Cc3ccccc3S(=O)(=O)[O-])cc2)cc1.[Na+].[Na+],1
C=C[C@H]1C[N@@]2CC[C@H]1C[C@H]2[C@H](O)c1ccnc2ccc(OC)cc12,1
c1ccc(-n2nc3ccccc3n2)cc1,1
O=C(c1ccccc1)c1nn(-c2ccccc2)nc1-c1ccccc1,1
Oc1ccc2ccccc2c1-c1nn(-c2ccccc2)nc1C1=CCCCC1,1
C=C(c1ccccc1)c1nn(-c2ccccc2)nc1-c1ccccc1,1
c1ccc(-c2cnn(-c3ccccc3)n2)cc1,1
c1ccc(Cc2nn(-c3ccccc3)nc2-c2ccccc2)cc1,1
CC(c1ccccc1)c1nn(-c2ccccc2)nc1-c1ccccc1,1
N#Cc1ccc(-n2ncc(-c3ccccc3)n2)cc1,1
Fc1ccc(-n2ncc(-c3ccccc3)n2)cc1,1
Clc1ccc(-n2ncc(-c3ccccc3)n2)cc1,1
COc1ccc(-n2ncc(-c3ccccc3)n2)cc1,1
O=[N+]([O-])c1ccc(-n2ncc(-c3ccccc3)n2)cc1,1
O=C(c1ccccc1)c1ccc(-n2ncc(-c3ccccc3)n2)cc1,1
c1ccc(-c2cnn(-c3ccncc3)n2)cc1,1
c1ccc(-c2cnn(-c3ccccn3)n2)cc1,1
c1ccc(-c2cnn(-c3cccc4ccccc34)n2)cc1,1
Fc1ccc(-c2cnn(-c3ccccc3)n2)cc1,1
N#Cc1ccc(-n2ncc(-c3ccc(F)cc3)n2)cc1,1
Fc1ccc(-c2cnn(-c3ccc(F)cc3)n2)cc1,1
Fc1ccc(-c2cnn(-c3ccc(Cl)cc3)n2)cc1,1
COc1ccc(-n2ncc(-c3ccc(F)cc3)n2)cc1,1
COc1ccc(-c2cnn(-c3ccccc3)n2)cc1,1
COc1ccc(-c2cnn(-c3ccc(C#N)cc3)n2)cc1,1
COc1ccc(-c2cnn(-c3ccc(F)cc3)n2)cc1,1
COc1ccc(-c2cnn(-c3ccc(Cl)cc3)n2)cc1,1
COc1ccc(-c2cnn(-c3ccc(OC)cc3)n2)cc1,1
Clc1ccc(-c2cnn(-c3ccccc3)n2)cc1,1
N#Cc1ccc(-n2ncc(-c3ccc(Cl)cc3)n2)cc1,1
Fc1ccc(-n2ncc(-c3ccc(Cl)cc3)n2)cc1,1
Clc1ccc(-c2cnn(-c3ccc(Cl)cc3)n2)cc1,1
COc1ccc(-n2ncc(-c3ccc(Cl)cc3)n2)cc1,1
C=C(c1ccccc1)c1nn(-c2ccc(-n3nc(C(=C)c4ccccc4)c(-c4ccccc4)n3)cc2)nc1-c1ccccc1,1
COC(=O)C(CCCCNC(=O)Cc1ccc(-n2ncc(-c3ccccc3)n2)cc1)NC(=O)OC(C)(C)C,1
CN(C)c1ccc(-n2ncc(-c3ccccc3)n2)cc1,1
c1ccc(-c2cnn(-c3ccc(N(c4ccccc4)c4ccccc4)cc3)n2)cc1,1
N#Cc1nn(-c2ccc(N(c3ccccc3)c3ccccc3)cc2)nc1-c1ccccc1,1
CC(=O)c1nn(-c2ccc(N(c3ccccc3)c3ccccc3)cc2)nc1-c1ccccc1,1
O=C(c1ccccc1)c1nn(-c2ccc(N(c3ccccc3)c3ccccc3)cc2)nc1-c1ccccc1,1
CCOC(=O)c1nn(-c2ccc(N(c3ccccc3)c3ccccc3)cc2)nc1-c1ccccc1,1
COc1ccc(-n2nc(C(=O)c3ccccc3)c(-c3ccccc3)n2)cc1,1
CN(C)c1ccc(-n2nc(C(=O)c3ccccc3)c(-c3ccccc3)n2)cc1,1
O=C(c1ccccc1)c1nn(-c2ccc(-n3c4ccccc4c4ccccc43)cc2)nc1-c1ccccc1,1
O=C(c1ccc(F)cc1)c1nn(-c2ccc(N(c3ccccc3)c3ccccc3)cc2)nc1-c1ccccc1,1
O=C(c1ccc(Cl)cc1)c1nn(-c2ccc(N(c3ccccc3)c3ccccc3)cc2)nc1-c1ccccc1,1
O=C(c1ccc(Br)cc1)c1nn(-c2ccc(N(c3ccccc3)c3ccccc3)cc2)nc1-c1ccccc1,1
O=C(c1nn(-c2ccc(N(c3ccccc3)c3ccccc3)cc2)nc1-c1ccccc1)c1c(F)c(F)c(F)c(F)c1F,1
O=C(c1ccc2ccccc2c1)c1nn(-c2ccc(N(c3ccccc3)c3ccccc3)cc2)nc1-c1ccccc1,1
C[Si](C)(C)c1ccc(-c2nn(-c3ccc(N(c4ccccc4)c4ccccc4)cc3)nc2C(=O)c2ccccc2)cc1,1
O=C(c1ccccc1)c1cnn(-c2ccc(N(c3ccccc3)c3ccccc3)cc2)n1,1
O=C(c1ccccc1)c1nn(-c2ccc(N(c3ccccc3)c3ccccc3)cc2)nc1-c1ccc(N(c2ccccc2)c2ccccc2)cc1,1
O=C(c1ccccc1F)c1nn(-c2ccc(N(c3ccccc3)c3ccccc3)cc2)nc1-c1ccccc1,1
O=C(c1nn(-c2ccc(N(c3ccccc3)c3ccccc3)cc2)nc1-c1ccccc1)c1c(F)cccc1F,1
CC1=CC(C)=[N+]2C1=Cc1c(C)cc(C)n1[B-]2(F)F,1
Cc1cc2c(o1)=CC1=Cc3cc4oc(C)cc4n3[B-](F)(F)[N+]=21,1
Cc1cc2c(o1)=CC1=C(C(F)(F)F)c3cc4oc(C)cc4n3[B-](F)(F)[N+]=21,1
COc1ccc(-c2cc3c(o2)=CC2=Cc4cc5oc(-c6ccc(OC)cc6)cc5n4[B-](F)(F)[N+]=32)cc1,1
COc1ccc(-c2cc3c(o2)=CC2=C(C(F)(F)F)c4cc5oc(-c6ccc(OC)cc6)cc5n4[B-](F)(F)[N+]=32)cc1,1
F[B-]1(F)n2c(cc3oc(-c4ccccc4)cc32)C=C2C=c3oc(-c4ccccc4)cc3=[N+]21,1
COc1ccccc1-c1cc2c(o1)=CC1=Cc3cc4oc(-c5ccccc5OC)cc4n3[B-](F)(F)[N+]=21,1
CC(C)c1ccc(-c2cc3c(o2)=CC2=Cc4cc5oc(-c6ccc(C(C)C)cc6)cc5n4[B-](F)(F)[N+]=32)cc1,1
CC(C)c1ccccc1-c1cc2c(o1)=CC1=Cc3cc4oc(-c5ccccc5C(C)C)cc4n3[B-](F)(F)[N+]=21,1
COc1ccc(OC)c(-c2cc3c(o2)=CC2=Cc4cc5oc(-c6cc(OC)ccc6OC)cc5n4[B-](F)(F)[N+]=32)c1,1
COc1ccc(-c2cc3c(o2)=CC2=Cc4cc5oc(-c6ccc(OC)cc6OC)cc5n4[B-](F)(F)[N+]=32)c(OC)c1,1
Cc1cc2c(o1)=CC1=Cc3c(C)cc(C)n3[B-](F)(F)[N+]=21,1
Cc1cc2c(cc3n2[B-](F)(F)[N+]2=c4cc(-c5ccccc5)oc4=CC2=C3)o1,1
COc1ccc(-c2cc3c(o2)=CC2=Cc4c(C)cc(C)n4[B-](F)(F)[N+]=32)c(OC)c1,1
CC(=O)c1ccn2c3c(c(-c4ccc(N)cc4)c2c1)CN(CCCNC(=O)OC(C)(C)C)C3=O,1
COc1ccc(-c2c3c(n4ccc(C(C)=O)cc24)C(=O)N(CCCNC(=O)OC(C)(C)C)C3)cc1,1
CC(=O)c1ccn2c3c(c(-c4ccc(C)cc4)c2c1)CN(CCCNC(=O)OC(C)(C)C)C3=O,1
CC(=O)c1ccn2c3c(c(-c4ccccc4)c2c1)CN(CCCNC(=O)OC(C)(C)C)C3=O,1
CC(=O)c1ccn2c3c(c(-c4ccc(F)cc4)c2c1)CN(CCCNC(=O)OC(C)(C)C)C3=O,1
CC(=O)c1ccn2c3c(c(-c4ccc(C(F)(F)F)cc4)c2c1)CN(CCCNC(=O)OC(C)(C)C)C3=O,1
CC(=O)c1ccn2c3c(c(-c4ccc(C#N)cc4)c2c1)CN(CCCNC(=O)OC(C)(C)C)C3=O,1
CC(=O)c1ccn2c3c(c(-c4ccc(C#N)c(C#N)c4)c2c1)CN(CCCNC(=O)OC(C)(C)C)C3=O,1
CCCNc1ccc(C)c2c1=NC(C)(C)N=2,1
CCCNc1ccc([N+](=O)[O-])c2n[nH]nc12,1
CCCNc1ccc([N+](=O)[O-])c2nsnc12,1
CCCNc1ccc([N+](=O)[O-])c2n[se]nc12,1
CCCNc1ccc([N+](=O)[O-])c2c1=NC1(CCCCC1)N=2,1
CCCNc1ccc([N+](=O)[O-])c2nonc12,1
Cc1cc(-c2ccccc2)[o+]c2cc(N(C)C)ccc12,1
CN(C)c1ccc2c(c1)OC(c1ccccc1)=C/C2=C/c1cc(-c2ccccc2)[o+]c2cc(N(C)C)ccc12,1
CN(C)c1ccc2c(c1)OC(c1ccccc1)=C/C2=C\C=C\c1cc(-c2ccccc2)[o+]c2cc(N(C)C)ccc12,1
CN(C)c1ccc2c(c1)OC(c1ccccc1)=C\C2=C/C=C/C=C/c1cc(-c2ccccc2)[o+]c2cc(N(C)C)ccc12,1
CN(C)c1ccc2c(c1)OC(c1ccccc1)=C/C2=C\C=C1/CCCC(/C=C/c2cc(-c3ccccc3)[o+]c3cc(N(C)C)ccc23)=C1Cl,1
c1ccc(-c2oc3cccc4[n+]3c2-c2ccccc2-4)cc1,1
Fc1ccc(-c2oc3cccc4[n+]3c2-c2ccccc2-4)cc1,1
Clc1ccc(-c2oc3cccc4[n+]3c2-c2ccccc2-4)cc1,1
COc1cccc(-c2oc3cccc4[n+]3c2-c2ccccc2-4)c1,1
COc1ccc(-c2oc3cccc4[n+]3c2-c2ccccc2-4)cc1,1
c1ccc2c(c1)-c1cccc3oc(-c4ccc5ccccc5c4)c-2[n+]13,1
C1=CCC2C=c3ccccc3=C(c3oc4cccc5[n+]4c3-c3ccccc3-5)C2=C1,1
CN(C)c1ccc(-c2oc3cccc4[n+]3c2-c2ccccc2-4)cc1,1
C1=CC2=CC=C3C(c4oc5cccc6[n+]5c4-c4ccccc4-6)=CC=C4C=CC(=C1)C2C43,1
C=CCNc1cc2c3c(ccc4c3c1C(=O)N(CC=C)C4=O)C(=O)N(CC=C)C2=O,1
C=CCNc1cc2c3c(c(NC=C)cc4c3c1C(=O)N(CC=C)C4=O)C(=O)N(CC=C)C2=O,1
O=P1(c2ccccc2)c2cccc3cccc(c23)-c2cccc3cccc1c23,1
CCOP1(=O)c2cccc3cccc(c23)-c2cccc3cccc1c23,1
Cc1cc(C)c(OP2(=O)c3cccc4cccc(c34)-c3cccc4cccc2c34)c(C)c1,1
COc1ccc(/C=N/N=C/c2ccc(OC)cc2OCc2ccccc2[N+](=O)[O-])c(OCc2ccccc2[N+](=O)[O-])c1,1
O=[N+]([O-])c1ccccc1COc1ccccc1/C=N/N=C/c1ccccc1OCc1ccccc1[N+](=O)[O-],1
O=[N+]([O-])c1ccccc1COc1ccc(Cl)cc1/C=N/N=C/c1cc(Cl)ccc1OCc1ccccc1[N+](=O)[O-],1
COc1ccc(/C=N/N=C/c2ccc(OC)cc2OCC(=O)c2ccccc2)c(OCC(=O)c2ccccc2)c1,1
O=C(COc1ccccc1/C=N/N=C/c1ccccc1OCC(=O)c1ccccc1)c1ccccc1,1
O=C(COc1ccc(Cl)cc1/C=N/N=C/c1cc(Cl)ccc1OCC(=O)c1ccccc1)c1ccccc1,1
COc1ccc(/C=N/N=C/c2ccc(OC)cc2OCc2cc(=O)oc3cc(OC)ccc23)c(OCc2cc(=O)oc3cc(OC)ccc23)c1,1
COc1ccc2c(COc3ccccc3/C=N/N=C/c3ccccc3OCc3cc(=O)oc4cc(OC)ccc34)cc(=O)oc2c1,1
COc1ccc2c(COc3ccc(Cl)cc3/C=N/N=C/c3cc(Cl)ccc3OCc3cc(=O)oc4cc(OC)ccc34)cc(=O)oc2c1,1
COc1ccc(/C=N/N=C/c2ccc(OC)cc2O)c(O)c1,1
Oc1ccccc1/C=N/N=C/c1ccccc1O,1
Oc1ccc(Cl)cc1/C=N/N=C/c1cc(Cl)ccc1O,1
c1ccc(-c2cc(-c3ccccc3)[o+]c(-c3ccccc3)c2)cc1,1
Nc1ccc(-c2cc(-c3ccccc3)cc(-c3ccc(N)cc3)[o+]2)cc1,1
COc1ccccc1-c1cc(-c2ccc(N)cc2)[o+]c(-c2ccc(N)cc2)c1,1
Nc1ccc2c(c1)Cc1c-2[o+]c2c(c1-c1ccccc1)Cc1cc(N)ccc1-2,1
COc1ccccc1-c1c2c([o+]c3c1Cc1cc(N)ccc1-3)-c1ccc(N)cc1C2,1
Nc1ccc2c(c1)Cc1c-2[o+]c2c(c1-c1ccccc1O)Cc1cc(N)ccc1-2,1
CN(C)c1ccc(-c2c3c([o+]c4c2Cc2cc(N)ccc2-4)-c2ccc(N)cc2C3)cc1,1
Nc1ccc2c(c1)Cc1c-2[o+]c2c(c1-c1c(F)c(F)c(F)c(F)c1F)Cc1cc(N)ccc1-2,1
CCN(CC)c1ccc2c(c1)Cc1c-2[o+]c2c(c1-c1ccccc1OC)Cc1cc(N(CC)CC)ccc1-2,1
Nc1ccc2c(c1)CCCc1c-2[o+]c2c(c1-c1ccccc1)CCCc1cc(N)ccc1-2,1
COc1ccccc1-c1c2c([o+]c3c1CCCc1cc(N)ccc1-3)-c1ccc(N)cc1CCC2,1
Nc1ccc2c(c1)CCCc1c-2[o+]c2c(c1-c1ccccc1C(=O)O)CCCc1cc(N)ccc1-2,1
CN(C)c1ccc2c(c1)CCCc1c-2[o+]c2c(c1-c1ccccc1C(=O)O)CCCc1cc(N(C)C)ccc1-2,1
CC(=O)Nc1ccc2c(c1)CCCc1c-2[o+]c2c(c1-c1ccccc1)CCCc1cc(NC(C)=O)ccc1-2,1
c1ccc(-c2cccc3cnc(-c4ccccc4)n23)cc1,1
COc1ccc(-c2cccc3cnc(-c4ccccc4)n23)cc1,1
Cc1ccc(-c2cccc3cnc(-c4ccccc4)n23)cc1,1
Fc1ccc(-c2cccc3cnc(-c4ccccc4)n23)cc1,1
Clc1ccc(-c2cccc3cnc(-c4ccccc4)n23)cc1,1
CC(=O)c1ccc(-c2cccc3cnc(-c4ccccc4)n23)cc1,1
COc1ccc(-c2ncc3cccc(-c4ccccc4)n23)cc1,1
CC(C)(C)c1ccc(-c2ncc3cccc(-c4ccccc4)n23)cc1,1
N#Cc1ccc(-c2ncc3cccc(-c4ccccc4)n23)cc1,1
COc1ccc(-c2cccc3cnc(-c4ccc(C#N)cc4)n23)cc1,1
COc1ccc(-c2ncc3cccc(-c4ccc(C(C)=O)cc4)n23)cc1,1
Cc1ccc(-c2ncc3ccc4ccccc4n23)cc1,1
Cc1ccccc1-c1ncc2ccc3ccccc3n12,1
c1ccc2c(c1)c1cccc3cnc2n31,1
c1ccc(-c2ccc3c(c2)c2cccc4cnc3n42)cc1,1
CC(C)(C)c1ccc2c(c1)c1cccc3cnc2n31,1
c1ccc(COc2ccc3c(c2)c2cccc4cnc3n42)cc1,1
OCCOc1ccc2c(c1)c1cccc3cnc2n31,1
CN(C)c1ccc2c(c1)c1cccc3cnc2n31,1
Fc1ccc2c(c1)c1cccc3cnc2n31,1
Clc1ccc2c(c1)c1cccc3cnc2n31,1
COC(=O)c1ccc2c(c1)c1cccc3cnc2n31,1
N#Cc1ccc2c(c1)c1cccc3cnc2n31,1
COc1cc2c(c(OC)c1OC)c1cccc3cnc2n31,1
Fc1c(F)c(F)c2c(c1F)c1cccc3cnc2n31,1
COc1cccc2c1c1ncc3cccc2n31,1
c1ccc2c(c1)ccc1c2c2ncc3cccc1n32,1
c1cc2cnc3c4occc4c(c1)n23,1
c1cc2cnc3c4sccc4c(c1)n23,1
Cc1cc2cccc3cnc1n32,1
c1ccc(-c2cc3ncc4cccc2n43)cc1,1
c1ccc(-c2nc3c4ccccc4c4cccc2n43)cc1,1
N#Cc1ccc(-c2nc3c4ccccc4c4cccc2n43)cc1,1
COc1ccc(-c2nc3c4ccccc4c4cccc2n43)cc1,1
c1csc(-c2nc3c4ccccc4c4cccc2n43)c1,1
c1ccc(COc2ccc3c(c2)c2cccc4c(-c5ccccc5)nc3n42)cc1,1
COc1ccc(-c2nc3c4ccc(OCc5ccccc5)cc4c4cccc2n43)cc1,1
CCCN(CCC)c1ccc(-c2nc3c4ccc(OCc5ccccc5)cc4c4cccc2n43)cc1,1
c1ccc(COc2ccc3c(c2)c2cccc4c(-c5cccs5)nc3n42)cc1,1
CN(C)c1ccc2c(c1)c1cccc3c(-c4ccccc4)nc2n31,1
COc1ccc(-c2nc3c4ccc(F)cc4c4cccc2n43)cc1,1
COc1cc2c(c(OC)c1OC)c1cccc3c(-c4ccccc4)nc2n31,1
COc1cc2c(c(OC)c1OC)c1cccc3c(-c4ccc(C#N)cc4)nc2n31,1
COc1ccc(-c2nc3c4cc(OC)c(OC)c(OC)c4c4cccc2n43)cc1,1
Cc1cc2cccc3c(-c4ccccc4)nc1n23,1
Cc1cc2ccc(-c3ccccc3)c3c(-c4ccccc4)nc1n23,1
Cc1ccc(-c2nc3c4ccccc4c4cccc2n43)cc1,1
c1ccc(C[n+]2cc3cccc4c5ccccc5c2n34)cc1,1
COC(=O)c1ccc2c(c1)c1cccc3c[n+](Cc4ccccc4)c2n31,1
COc1cc2c(c(OC)c1OC)c1cccc3c[n+](Cc4ccccc4)c2n31,1
O=C(O)c1ccc2c(c1)c1cccc3cnc2n31,1
O=C(OCCCCCCO)c1ccc2c(c1)c1cccc3cnc2n31,1
OCc1ccc2c(c1)c1cccc3cnc2n31,1
[N-]=[N+]=NCc1ccc2c(c1)c1cccc3cnc2n31,1
[NH3+]Cc1ccc2c(c1)c1cccc3cnc2n31,1
c1ccc(-c2ncc3ccccn23)cc1,1
c1ccc(-c2nc(-c3ccccc3)n3ccccc23)cc1,1
Cc1ccccc1C1=C2C=CC(=[N+]3CCCC3)C=C2P(=O)(c2ccccc2)c2cc(N(C)C)ccc21,1
CCc1ccccc1C1=C2C=CC(=[N+]3CCCC3)C=C2P(=O)(c2ccccc2)c2cc(N(C)C)ccc21,1
CN(C)c1ccc2c(c1)P(=O)(c1ccccc1)C1=CC(=[N+]3CCCC3)C=CC1=C2c1ccccc1C(F)(F)F,1
COc1ccccc1C1=C2C=CC(=[N+]3CCCC3)C=C2P(=O)(c2ccccc2)c2cc(N(C)C)ccc21,1
COc1cccc(OC)c1C1=C2C=CC(=[N+]3CCCC3)C=C2P(=O)(c2ccccc2)c2cc(N(C)C)ccc21,1
CN(C)c1ccc2c(c1)P(=O)(c1ccccc1)C1=CC(=[N+](C)C)C=CC1=C2c1ccccc1,1
COc1ccccc1C1=C2C=CC(=[N+](C)C)C=C2P(=O)(c2ccccc2)c2cc(N(C)C)ccc21,1
COc1cccc(OC)c1C1=C2C=CC(=[N+](C)C)C=C2P(=O)(c2ccccc2)c2cc(N(C)C)ccc21,1
CCc1ccccc1C1=C2C=CC(=[N+](C)C)C=C2P(=O)(c2ccccc2)c2cc(N(C)C)ccc21,1
Cc1cccc(C)c1C1=C2C=CC(=[N+](C)C)C=C2P(=O)(c2ccccc2)c2cc(N(C)C)ccc21,1
Cc1cc(C)c(C2=C3C=CC(=[N+](C)C)C=C3P(=O)(c3ccccc3)c3cc(N(C)C)ccc32)c(C)c1,1
Cc1ccccc1C1=C2C=CC(=[N+](C)C)C=C2P(=O)(C(C)(C)C)c2cc(N(C)C)ccc21,1
COc1cccc(OC)c1C1=C2C=CC(=[N+](C)C)C=C2P(=O)(C(C)(C)C)c2cc(N(C)C)ccc21,1
Cc1ccccc1C1=C2C=CC(=[N+](C)C)C=C2P(=O)(c2ccccc2)c2cc(N(C)C)ccc21,1
Cc1ccccc1C1=C2C=CC(=[N+]3CCC3)C=C2P(=O)(c2ccccc2)c2cc(N3CCC3)ccc21,1
Cc1ccccc1C1=C2C=CC(=[N+]3CCCC3)C=C2P(=O)(c2ccccc2)c2cc(N3CCCC3)ccc21,1
CN(C)c1ccc2c(c1)P(=O)(c1ccccc1)C1=CC(=[N+](C)C)C=CC1=C2c1ccccc1C(F)(F)F,1
O=P1(c2ccccc2)C2=CC(=[N+]3CCC3)C=CC2=C(c2ccccc2C(F)(F)F)c2ccc(N3CCC3)cc21,1
O=P1(c2ccccc2)C2=CC(=[N+]3CCCC3)C=CC2=C(c2ccccc2C(F)(F)F)c2ccc(N3CCCC3)cc21,1
CCN(CC)c1ccc2c(c1)OC1=C(/C=C/C3=[N+](CC)c4ccccc4C3(C)C)CCCC1=C2/C=C1/N(CC)c2ccccc2C1(C)C,1
CCNc1cc2c(cc1C)C(/C=C1/N(CC)c3ccccc3C1(C)C)=C1CCCC(/C=C/C3=[N+](CC)c4ccccc4C3(C)C)=C1O2,1
CCNc1ccc2c(c1)OC1=C(/C=C/C3=[N+](CC)c4ccccc4C3(C)C)CCCC1=C2/C=C1/N(CC)c2ccccc2C1(C)C,1
CCN1/C(=C/C2=C3CCCC(/C=C/C4=[N+](CC)c5ccccc5C4(C)C)=C3Oc3c2cc2c4c3CCCN4CCC2)C(C)(C)c2ccccc21,1
CCN1/C(=C/C2=C3CCCC(/C=C/C4=[N+](CC)c5ccccc5C4(C)C)=C3Oc3cc(O)ccc32)C(C)(C)c2ccccc21,1
COc1ccc(/C(C#N)=C/c2ccc(N(c3ccccc3)c3ccccc3)cc2)cc1,1
COc1ccc(/C(C#N)=C/c2ccc(N(c3ccccc3)c3ccc(/C=C(\C#N)c4ccc(OC)cc4)cc3)cc2)cc1,1
COc1ccc(/C(C#N)=C/c2ccc(N(c3ccc(/C=C(\C#N)c4ccc(OC)cc4)cc3)c3ccc(/C=C(\C#N)c4ccc(OC)cc4)cc3)cc2)cc1,1
N#C/C(=C\c1ccc(N(c2ccccc2)c2ccccc2)cc1)c1ccc(C#N)cc1,1
N#C/C(=C\c1ccc(N(c2ccccc2)c2ccc(/C=C(\C#N)c3ccc(C#N)cc3)cc2)cc1)c1ccc(C#N)cc1,1
N#C/C(=C\c1ccc(N(c2ccc(/C=C(\C#N)c3ccc(C#N)cc3)cc2)c2ccc(/C=C(\C#N)c3ccc(C#N)cc3)cc2)cc1)c1ccc(C#N)cc1,1
N#C/C(=C\c1ccc(/C=C/c2ccc(N(c3ccccc3)c3ccccc3)cc2)cc1)c1ccc(C#N)cc1,1
N#C/C(=C\c1ccc(-c2ccc(N(c3ccc(-c4ccc(C=O)cc4)cc3)c3ccc(-c4ccc(/C=C(\C#N)c5ccc(C#N)cc5)cc4)cc3)cc2)cc1)c1ccc(C#N)cc1,1
N#C/C(=C\c1ccc(-c2ccc(N(c3ccc(-c4ccc(/C=C(\C#N)c5ccc(C#N)cc5)cc4)cc3)c3ccc(-c4ccc(/C=C(\C#N)c5ccc(C#N)cc5)cc4)cc3)cc2)cc1)c1ccc(C#N)cc1,1
COC(=O)/C(C#N)=C/c1ccc(-c2ccc(N(c3ccc(-c4ccc(/C=C(\C#N)C(=O)OC)cc4)cc3)c3ccc(-c4ccc(/C=C(\C#N)C(=O)OC)cc4)cc3)cc2)cc1,1
c1cc2ccc3ccc(-c4ccncc4)c4ccc(c1)c2c34,1
c1cc2ccc3cc(-c4ccncc4)cc4ccc(c1)c2c34,1
c1ccc(-c2cc3ccc4cccc5ccc(c2)c3c45)nc1,1
c1cc2ccc3cccc4c(-c5ccncc5)cc(c1)c2c34,1
c1cc(-c2ccc3ccc4c(-c5ccncc5)ccc5ccc2c3c54)ccn1,1
c1cc(-c2cc3ccc4cc(-c5ccncc5)cc5ccc(c2)c3c45)ccn1,1
c1ccc(-c2cc3ccc4cc(-c5ccccn5)cc5ccc(c2)c3c45)nc1,1
c1cc2cc(-c3ccncc3)c3cccc4cc(-c5ccncc5)c(c1)c2c43,1
c1cc2cc(-c3ccncc3)c3cccc4c(-c5ccncc5)cc(c1)c2c34,1
CCCCc1cc(-c2ccncc2)c2ccc3c(CCCC)cc(-c4ccncc4)c4ccc1c2c34,1
O=P1(c2ccccc2)c2ccccc2N(c2ccccc2)c2ccccc21,1
CN1c2ccccc2P(=O)(c2ccccc2)c2c1c1ccccc1c1ccccc21,1
F[B-]1(F)n2c(-c3ccccc3)cc(-c3ccccc3)c2N=C2C(c3ccccc3)=CC(c3ccccc3)=[N+]21,1
F[B-]1(F)n2c(-c3ccc(Br)cc3)cc(-c3ccccc3)c2N=C2C(c3ccccc3)=CC(c3ccc(Br)cc3)=[N+]21,1
COc1ccc(C2=[N+]3C(=Nc4c(-c5ccccc5)cc(-c5ccc(OC)cc5)n4[B-]3(F)F)C(c3ccccc3)=C2)cc1,1
CN(C)c1ccc(C#Cc2ccc(C3=[N+]4C(=Nc5c(-c6ccccc6)cc(-c6ccc(C#Cc7ccc(N(C)C)cc7)cc6)n5[B-]4(F)F)C(c4ccccc4)=C3)cc2)cc1,1
CCCCCCC1(CCCCCC)c2cc(C#Cc3ccc(C4=[N+]5C(=Nc6c(-c7ccccc7)cc(-c7ccc(C#Cc8ccc9c(c8)C(CCCCCC)(CCCCCC)c8cc([N+](=O)[O-])ccc8-9)cc7)n6[B-]5(F)F)C(c5ccccc5)=C4)cc3)ccc2-c2ccc([N+](=O)[O-])cc21,1
COc1ccc2c(c1)CCC1=C(c3ccccc3)C3=Nc4c(-c5ccccc5)c5c(n4[B-](F)(F)[N+]3=C12)-c1ccc(OC)cc1CC5,1
COc1ccc2c(c1)O[B-]13Oc4cc(OC)ccc4-c4cc(-c5ccccc5)c(n41)N=C1C(c4ccccc4)=CC2=[N+]13,1
COc1ccc(C2=[N+]3C(=Nc4c5ccccc5c(-c5ccc(OC)cc5)n4[B-]3(F)F)c3ccccc32)cc1,1
c1ccc2nc(-c3ccc(-n4c5ccccc5c5ccccc54)cc3)c(-c3ccc(-n4c5ccccc5c5ccccc54)cc3)nc2c1,1
CC1(C)c2ccccc2N(c2ccc(-c3nc4ccccc4nc3-c3ccc(N4c5ccccc5C(C)(C)c5ccccc54)cc3)cc2)c2ccccc21,1
CC1(C)c2ccccc2N(c2ccc(-c3nc4ccncc4nc3-c3ccc(N4c5ccccc5C(C)(C)c5ccccc54)cc3)cc2)c2ccccc21,1
CC1(C)c2ccccc2N(c2ccc(-c3nc4cccnc4nc3-c3ccc(N4c5ccccc5C(C)(C)c5ccccc54)cc3)cc2)c2ccccc21,1
c1ccc2c(c1)Oc1ccccc1N2c1ccc(-c2nc3ccncc3nc2-c2ccc(N3c4ccccc4Oc4ccccc43)cc2)cc1,1
c1ccc2c(c1)Oc1ccccc1N2c1ccc(-c2nc3cccnc3nc2-c2ccc(N3c4ccccc4Oc4ccccc43)cc2)cc1,1
CCCCCCCCOc1ccc2c(c1)c(-c1ccccc1)nn2-c1ccccc1,1
CCCCCCCCOc1ccc2c(c1)c(-c1ccc(C(=O)OC)cc1)nn2-c1ccccc1,1
CCCCCCCCOc1ccc2c(c1)c(-c1ccc(C#N)cc1)nn2-c1ccccc1,1
CCCCCCCCOc1ccc2c(c1)c(-c1ccc(C=O)cc1)nn2-c1ccccc1,1
CCCCCCCCOc1ccc2c(c1)c(-c1ccc(/C=C(/C#N)C(=O)OCC)cc1)nn2-c1ccccc1,1
CCCCCCCCOc1ccc2c(c1)c(-c1ccc(C=C(C#N)C#N)cc1)nn2-c1ccccc1,1
COc1ccc(/C=C/c2ccc3ccccc3n2)cc1,1
C(=C\c1ccc2ccccc2n1)/c1ccc(N(c2ccccc2)c2ccccc2)cc1,1
COc1ccc2cc(/C=C/c3ccc4ccccc4n3)ccc2c1,1
COc1ccc(/C=C/c2ccnc3ccccc23)cc1,1
C(=C\c1ccnc2ccccc12)/c1ccc(N(c2ccccc2)c2ccccc2)cc1,1
COc1ccc2cc(/C=C/c3ccnc4ccccc34)ccc2c1,1
COc1ccc(/C=C/c2nccc3ccccc23)cc1,1
C(=C\c1nccc2ccccc12)/c1ccc(N(c2ccccc2)c2ccccc2)cc1,1
c1ccc(N(c2ccccc2)c2ccc(-c3ccc4ccccc4n3)cc2)cc1,1
C1=[N+](c2ccccc2)[B-](c2ccccc2)(c2ccccc2)n2cccc21,1
Cc1cccc(C)c1[N+]1=Cc2cccn2[B-]1(c1ccccc1)c1ccccc1,1
CC(C)c1cccc(C(C)C)c1[N+]1=Cc2cccn2[B-]1(c1ccccc1)c1ccccc1,1
COc1ccc([N+]2=Cc3cccn3[B-]2(c2ccccc2)c2ccccc2)cc1,1
Cc1ccc([N+]2=Cc3cccn3[B-]2(c2ccccc2)c2ccccc2)cc1C,1
Fc1ccc([N+]2=Cc3cccn3[B-]2(c2ccccc2)c2ccccc2)cc1,1
O=[N+]([O-])c1ccc([N+]2=Cc3cccn3[B-]2(c2ccccc2)c2ccccc2)cc1,1
N#Cc1ccc([N+]2=Cc3cccn3[B-]2(c2ccccc2)c2ccccc2)cc1,1
Fc1cc([N+]2=Cc3cccn3[B-]2(c2ccccc2)c2ccccc2)cc(F)c1F,1
Fc1c(F)c(F)c([N+]2=Cc3cccn3[B-]2(c2ccccc2)c2ccccc2)c(F)c1F,1
CCC1=[N+]2C(=C3c4ccc(CC)n4[B-](F)(F)[n+]4c3n(c3ccccc34)[B-]2(F)F)C=C1,1
CCC1=[N+]2C(=C3c4ccc(CC)n4[B-](F)(F)[n+]4c3n(c3cc(OC)ccc34)[B-]2(F)F)C=C1,1
CCC1=[N+]2C(=C3c4ccc(CC)n4[B-](F)(F)[n+]4c3n(c3cc(F)ccc34)[B-]2(F)F)C=C1,1
F[B-]1(F)n2c3[n+](c4ccccc42)[B-](F)(F)n2c(cc4c2CCCC4)C3=C2C=C3CCCCC3=[N+]21,1
CCC1=[N+]2C(=C3c4cc(Br)c(CC)n4[B-](F)(F)[n+]4c3n(c3ccccc34)[B-]2(F)F)C=C1Br,1
CCC1=[N+]2C(=C3c4c(Br)c(Br)c(CC)n4[B-](F)(F)[n+]4c3n(c3ccccc34)[B-]2(F)F)C=C1Br,1
C.CCC1=[N+]2C(=C3c4cc(I)c(CC)n4[B-](F)(F)[n+]4c3n(c3ccccc34)[B-]2(F)F)C=C1.[Br],1
CCC1=[N+]2C(=C3c4cc(I)c(CC)n4[B-](F)(F)[n+]4c3n(c3ccccc34)[B-]2(F)F)C=C1I,1
CC#C[B-]1(C#CC)n2c3[n+](c4ccccc42)[B-](C#CC)(C#CC)n2c(cc(I)c2CC)C3=C2C=C(I)C(CC)=[N+]21,1
CCC1=[N+]2C(=C3c4cc(I)c(CC)n4[B-](C#CC(O)CO)(C#CC(O)CO)[n+]4c3n(c3ccccc34)[B-]2(C#CC(O)CO)C#CC(O)CO)C=C1I,1
CCCCCCCCC1(CCCCCCCC)c2ccccc2-c2ccc(/C=C/C3=[N+]4C(=C5c6ccc(/C=C/c7ccc8c(c7)C(CCCCCCCC)(CCCCCCCC)c7ccccc7-8)n6[B-](F)(F)[n+]6c5n(c5ccccc56)[B-]4(F)F)C=C3)cc21,1
CCCCCCCCOc1ccc(OCCCCCCCC)c(/C=C/C2=[N+]3C(=C4c5ccc(/C=C/c6cc(OCCCCCCCC)ccc6OCCCCCCCC)n5[B-](F)(F)[n+]5c4n(c4ccccc45)[B-]3(F)F)C=C2)c1,1
CCCCCCCCOc1cc(/C=C/C2=[N+]3C(=C4c5ccc(/C=C/c6cc(OCCCCCCCC)c(C=O)cc6OCCCCCCCC)n5[B-](F)(F)[n+]5c4n(c4ccccc45)[B-]3(F)F)C=C2)c(OCCCCCCCC)cc1C=O,1
[N-]=[N+]=NCCOc1ccc(/C=C/c2ccc3n2[B-](F)(F)[n+]2c4n(c5ccccc52)[B-](F)(F)[N+]2=CC=CC2=C34)cc1,1
O=C(O)CCCCCOc1ccc(/C=C/c2ccc3n2[B-](F)(F)[n+]2c4n(c5ccccc52)[B-](F)(F)[N+]2=CC=CC2=C34)cc1,1
CC(C)(C)OC(=O)NCCCN1Cc2cc3ccc4occc4n3c2C1=O,1
CC(C)(C)OC(=O)NCCCN1Cc2c(-c3ccc(C#N)cc3)c3ccc4occc4n3c2C1=O,1
CC(C)(C)OC(=O)NCCCN1Cc2c(-c3ccccc3)c3ccc4occc4n3c2C1=O,1
CCN(CC)c1ccc(-c2c3c(n4c2ccc2occc24)C(=O)N(CCCNC(=O)OC(C)(C)C)C3)cc1,1
CC(C)(C)OC(=O)NCCCN1Cc2cc3ccc4oc(-c5ccc(C#N)cc5)cc4n3c2C1=O,1
CC(C)(C)OC(=O)NCCCN1Cc2c(-c3ccc(C#N)cc3)c3ccc4oc(-c5ccc(C#N)cc5)cc4n3c2C1=O,1
CC(C)(C)OC(=O)NCCCN1Cc2c(-c3ccccc3)c3ccc4oc(-c5ccc(C#N)cc5)cc4n3c2C1=O,1
CCN(CC)c1ccc(-c2c3c(n4c2ccc2oc(-c5ccc(C#N)cc5)cc24)C(=O)N(CCCNC(=O)OC(C)(C)C)C3)cc1,1
CC(C)(C)OC(=O)NCCCN1Cc2cc3ccc4oc(-c5ccccc5)cc4n3c2C1=O,1
CC(C)(C)OC(=O)NCCCN1Cc2c(-c3ccc(C#N)cc3)c3ccc4oc(-c5ccccc5)cc4n3c2C1=O,1
CC(C)(C)OC(=O)NCCCN1Cc2c(-c3ccccc3)c3ccc4oc(-c5ccccc5)cc4n3c2C1=O,1
CCN(CC)c1ccc(-c2c3c(n4c2ccc2oc(-c5ccccc5)cc24)C(=O)N(CCCNC(=O)OC(C)(C)C)C3)cc1,1
CCN(CC)c1ccc(-c2cc3c(ccc4cc5c(n43)C(=O)N(CCCNC(=O)OC(C)(C)C)C5)o2)cc1,1
CCN(CC)c1ccc(-c2cc3c(ccc4c(-c5ccc(C#N)cc5)c5c(n43)C(=O)N(CCCNC(=O)OC(C)(C)C)C5)o2)cc1,1
CCN(CC)c1ccc(-c2cc3c(ccc4c(-c5ccccc5)c5c(n43)C(=O)N(CCCNC(=O)OC(C)(C)C)C5)o2)cc1,1
CC(C)(C)OC(=O)NCCCN1Cc2cc3ccc4oc(-c5ccc(N6CCOCC6)cc5)cc4n3c2C1=O,1
CC(C)(C)OC(=O)NCCCN1Cc2c(-c3ccc(S(C)(=O)=O)cc3)c3ccc4oc(-c5ccc(S(C)(=O)=O)cc5)cc4n3c2C1=O,1
COc1ccc(-c2c3c(n4c2ccc2oc(-c5ccc(C(C)=O)cc5)cc24)C(=O)N(CCCNC(=O)OC(C)(C)C)C3)cc1,1
CCCCCCN1C(=O)c2cccc3c(-c4ccccc4)ccc(c23)C1=O,1
CCCCCCN1C(=O)c2cccc3c(-c4ccc(OC)cc4)ccc(c23)C1=O,1
CCCCCCN1C(=O)c2cccc3c(-c4ccc(C=O)cc4F)ccc(c23)C1=O,1
CCCCCCN1C(=O)c2cccc3c(-c4ccc(C=O)c(F)c4)ccc(c23)C1=O,1
CCCCCCN1C(=O)c2cccc3c(-c4ccc(C=O)c(F)c4F)ccc(c23)C1=O,1
CCCCCCN1C(=O)c2cccc3c(-c4cc(F)c(C=O)c(F)c4)ccc(c23)C1=O,1
CCCCCCN1C(=O)c2cccc3c(-c4cc(F)cc(F)c4)ccc(c23)C1=O,1
CCCCCCN1C(=O)c2cccc3c(-c4ccc(F)cc4)ccc(c23)C1=O,1
CCCCCCN1C(=O)c2cccc3c(-c4ccc(Cl)cc4)ccc(c23)C1=O,1
CCCCCCN1C(=O)c2cccc3c(-c4ccc(Br)cc4)ccc(c23)C1=O,1
CCCCCCN1C(=O)c2cccc3c(Oc4ccccc4)ccc(c23)C1=O,1
CCCCCCN1C(=O)c2cccc3c(Oc4cccc(Br)c4)ccc(c23)C1=O,1
CCCCCCN1C(=O)c2cccc3c(Oc4ccc(C=O)cc4)ccc(c23)C1=O,1
CCCCCCN1C(=O)c2cccc3c(Oc4ccc([N+](=O)[O-])cc4)ccc(c23)C1=O,1
CCCCCCN1C(=O)c2cccc3cccc(c23)C1=O,1
CCCCCCCCCCCCN1C(=O)c2ccc3c4c(Br)cc5c6c(ccc(c7c(Br)cc(c2c37)C1=O)c64)C(=O)N(CCCCCCCCCCCC)C5=O,1
CCCCCCCCCCCCN1C(=O)c2ccc3c4c(-c5ccc(C(F)(F)F)cc5)cc5c6c(ccc(c7c(-c8ccc(C(F)(F)F)cc8)cc(c2c37)C1=O)c64)C(=O)N(CCCCCCCCCCCC)C5=O,1
CCCCCCCCCCCCN1C(=O)c2ccc3c4c(-c5ccc(C#N)cc5)cc5c6c(ccc(c7c(-c8ccc(C#N)cc8)cc(c2c37)C1=O)c64)C(=O)N(CCCCCCCCCCCC)C5=O,1
CCCCCCCCCCCCN1C(=O)c2ccc3c4c(-c5cccc([N+](=O)[O-])c5)cc5c6c(ccc(c7c(-c8cccc([N+](=O)[O-])c8)cc(c2c37)C1=O)c64)C(=O)N(CCCCCCCCCCCC)C5=O,1
CCCCCCCCCCCCN1C(=O)c2ccc3c4c(-c5ccncc5)cc5c6c(ccc(c7c(-c8ccncc8)cc(c2c37)C1=O)c64)C(=O)N(CCCCCCCCCCCC)C5=O,1
CCCCC(CC)CN1C(=O)c2ccc3c4c(-c5ccc6c7ccccc7n(-c7ccccc7)c6c5)cc5c6c(cc(-c7ccc8c9ccccc9n(-c9ccccc9)c8c7)c(c7ccc(c2c37)C1=O)c64)C(=O)N(CC(CC)CCCC)C5=O,1
CCCCC(CC)CN1C(=O)c2ccc3c4c(-c5ccc6c7ccccc7n(-c7ccccc7)c6c5)cc5c6c(ccc(c7c(-c8ccc9c%10ccccc%10n(-c%10ccccc%10)c9c8)cc(c2c37)C1=O)c64)C(=O)N(CC(CC)CCCC)C5=O,1
CCCCC(CC)CN1C(=O)c2ccc3c4c(-c5ccc6c(c5)c5ccccc5n6-c5ccccc5)cc5c6c(cc(-c7ccc8c(c7)c7ccccc7n8-c7ccccc7)c(c7ccc(c2c37)C1=O)c64)C(=O)N(CC(CC)CCCC)C5=O,1
CCCCC(CC)CN1C(=O)c2ccc3c4c(-c5ccc6c(c5)c5ccccc5n6-c5ccccc5)cc5c6c(ccc(c7c(-c8ccc9c(c8)c8ccccc8n9-c8ccccc8)cc(c2c37)C1=O)c64)C(=O)N(CC(CC)CCCC)C5=O,1
CCCCC(CC)CN1C(=O)c2ccc3c4c(-c5ccc(-n6c7ccccc7c7ccccc76)cc5)cc5c6c(cc(-c7ccc(-n8c9ccccc9c9ccccc98)cc7)c(c7ccc(c2c37)C1=O)c64)C(=O)N(CC(CC)CCCC)C5=O,1
CCCCC(CC)CN1C(=O)c2ccc3c4c(-c5ccc(-n6c7ccccc7c7ccccc76)cc5)cc5c6c(ccc(c7c(-c8ccc(-n9c%10ccccc%10c%10ccccc%109)cc8)cc(c2c37)C1=O)c64)C(=O)N(CC(CC)CCCC)C5=O,1
CCCCCC(CCCCC)N1C(=O)c2c(Oc3c(-c4ccccc4)cccc3-c3ccccc3)cc3c4cc(Oc5c(-c6ccccc6)cccc5-c5ccccc5)c5c6c(c(Oc7c(-c8ccccc8)cccc7-c7ccccc7)cc(c7cc(Oc8c(-c9ccccc9)cccc8-c8ccccc8)c(c2c37)C1=O)c64)C(=O)N(C(CCCCC)CCCCC)C5=O,1
CCC(CC)N1C(=O)c2ccc3c4ccc5c6c(ccc(c7ccc(c2c37)C1=O)c64)C(=O)N(C(CC)CC)C5=O,1
CCOC(=O)c1c2c(c3n1Cn1c(C(=O)OCC)c4c(c1-3)-c1ccc(C(=O)N(C)C)c3c(C(=O)N(C)C)ccc-4c13)-c1ccc(C(=O)N(C)C)c3c(C(=O)N(C)C)ccc-2c13,1
CCOC(=O)c1c2c(c3n1CCn1c(C(=O)OCC)c4c(c1-3)-c1ccc(C(=O)N(C)C)c3c(C(=O)N(C)C)ccc-4c13)-c1ccc(C(=O)N(C)C)c3c(C(=O)N(C)C)ccc-2c13,1
CCOC(=O)c1c2c(c3n1CCCn1c(C(=O)OCC)c4c(c1-3)-c1ccc(C(=O)N(C)C)c3c(C(=O)N(C)C)ccc-4c13)-c1ccc(C(=O)N(C)C)c3c(C(=O)N(C)C)ccc-2c13,1
CCOC(=O)c1c2c(c3n1Cn1c(C(=O)OCC)c4c(c1-3)-c1ccc3c5c(ccc-4c15)C(=O)N(c1c(C(C)C)cccc1C(C)C)C3=O)-c1ccc3c4c(ccc-2c14)C(=O)N(c1c(C(C)C)cccc1C(C)C)C3=O,1
CCOC(=O)c1c2c(c3n1CCn1c(C(=O)OCC)c4c(c1-3)-c1ccc3c5c(ccc-4c15)C(=O)N(c1c(C(C)C)cccc1C(C)C)C3=O)-c1ccc3c4c(ccc-2c14)C(=O)N(c1c(C(C)C)cccc1C(C)C)C3=O,1
CCOC(=O)c1c2c(c3n1CCCn1c(C(=O)OCC)c4c(c1-3)-c1ccc3c5c(ccc-4c15)C(=O)N(c1c(C(C)C)cccc1C(C)C)C3=O)-c1ccc3c4c(ccc-2c14)C(=O)N(c1c(C(C)C)cccc1C(C)C)C3=O,1
CN(C)C(=O)c1ccc2c3c(=O)n4c(c=3c3ccc(C(=O)N(C)C)c1c23)=c1c2c3ccc(C(=O)N(C)C)c5c(C(=O)N(C)C)ccc(c=2c(=O)n1C4)c53,1
CC(C)c1cccc(C(C)C)c1N1C(=O)c2ccc3c4c(=O)n5c(c=4c4ccc(c2c34)C1=O)=c1c2c3ccc4c6c(ccc(c=2c(=O)n1C5)c63)C(=O)N(c1c(C(C)C)cccc1C(C)C)C4=O,1
O=c1c(O)c(-c2ccccc2)oc2ccccc12,1
O=c1c(-c2ccccc2)coc2cc(O)ccc12,1
O=c1c(-c2ccc(O)cc2)coc2cc(O)ccc12,1
COc1ccc(-c2coc3cc(O)ccc3c2=O)cc1,1
COc1cc2c(=O)c(-c3ccc(O)cc3)coc2cc1O,1
COc1ccc(-c2coc3cc(O)ccc3c2=O)cc1O,1
COc1ccc2occ(-c3ccccc3)c(=O)c2c1,1
Cc1cc(O)cc2occ(-c3ccc(O)cc3)c(=O)c12,1
Cc1c(O)ccc2c(=O)c(-c3ccc(O)cc3)coc12,1
O=c1c(-c2cccc(O)c2)coc2cc(O)ccc12,1
Cc1ccccc1-c1coc2cc(O)ccc2c1=O,1
Cc1cccc(-c2coc3cc(O)ccc3c2=O)c1,1
Cc1ccc(-c2coc3cc(O)ccc3c2=O)cc1,1
COc1ccccc1-c1coc2cc(O)ccc2c1=O,1
COc1cccc(-c2coc3cc(O)ccc3c2=O)c1,1
O=c1c(-c2ccccc2Cl)coc2cc(O)ccc12,1
O=c1c(-c2cccc(Cl)c2)coc2cc(O)ccc12,1
O=c1c(-c2ccc(Cl)cc2)coc2cc(O)ccc12,1
O=c1c(-c2cccc(Br)c2)coc2cc(O)ccc12,1
O=c1c(-c2ccc(Br)cc2)coc2cc(O)ccc12,1
O=c1c(-c2ccc(F)cc2)coc2cc(O)ccc12,1
O=c1c(-c2cccc3ccccc23)coc2cc(O)ccc12,1
Cc1coc2cc(O)ccc2c1=O,1
CCc1coc2cc(O)ccc2c1=O,1
O=c1c(C2CCCCC2)coc2cc(O)ccc12,1
CCCCc1coc2cc(O)ccc2c1=O,1
O=c1c(CCCCBr)coc2cc(O)ccc12,1
O=c1c(Cc2ccccc2)coc2cc(O)ccc12,1
O=c1c(CCc2ccccc2)coc2cc(O)ccc12,1
O=c1ccoc2cc(O)ccc12,1
Cc1cc(=O)c2ccc(O)cc2o1,1
CCCCc1coc2cc(O)c(OC)cc2c1=O,1
COc1cc2c(=O)c(CCCCBr)coc2cc1O,1
COc1cc2c(=O)c(CCCCN=[N+]=[N-])coc2cc1O,1
COc1cc2c(=O)c(Cc3ccccc3)coc2cc1O,1
COc1cc2c(=O)c(CCc3ccccc3)coc2cc1O,1
COc1cc2c(=O)c(C=O)coc2cc1O,1
COC(=O)c1cc2c3ccccc3n(C)c2c(-c2nc3ccccc3[nH]2)n1,1
COC(=O)c1cc2c3ccccc3n(C)c2c(-c2nc3cc(Br)ccc3[nH]2)n1,1
COC(=O)c1cc2c3ccccc3n(C)c2c(-c2nc3cc(Cl)ccc3[nH]2)n1,1
COC(=O)c1cc2c3ccccc3n(C)c2c(-c2nc3cc(F)ccc3[nH]2)n1,1
COC(=O)c1cc2c3ccccc3n(C)c2c(-c2nc3cc(C)ccc3[nH]2)n1,1
COC(=O)c1cc2c3ccccc3n(C)c2c(-c2nc3cc([N+](=O)[O-])ccc3[nH]2)n1,1
COC(=O)c1cc2c3ccccc3n(C)c2c(-c2nc3cc(C(=O)c4ccccc4)ccc3[nH]2)n1,1
COC(=O)c1cc2c3ccccc3n(C)c2c(-c2nc3c(C)cc(C)cc3[nH]2)n1,1
CCn1c2ccccc2c2cc(C(=O)OC)nc(-c3nc4ccccc4[nH]3)c21,1
COC(=O)c1cc2c3ccccc3n(Cc3ccccc3)c2c(-c2nc3ccccc3[nH]2)n1,1
C=CCn1c2ccccc2c2cc(C(=O)OC)nc(-c3nc4ccccc4[nH]3)c21,1
C#CCn1c2ccccc2c2cc(C(=O)OC)nc(-c3nc4c(C)cc(C)cc4[nH]3)c21,1
CCOC(=O)c1cc2c3ccccc3n(C)c2c(-c2nc3ccccc3[nH]2)n1,1
CCOC(=O)c1cc2c3ccccc3n(CC)c2c(-c2nc3ccccc3[nH]2)n1,1
CCOC(=O)c1cc2c3ccccc3n(Cc3ccccc3)c2c(-c2nc3ccccc3[nH]2)n1,1
COC(=O)c1cc2c3ccccc3n(C)c2c(Cn2c(-c3nc(C(=O)OC)cc4c5ccccc5n(C)c34)nc3ccccc32)n1,1
COC(=O)c1cc2c3ccccc3n(C)c2c(-c2nc3ccccc3s2)n1,1
COC(=O)c1cc2c3ccccc3n(Cc3ccccc3)c2c(-c2nc3ccccc3s2)n1,1
C=CCn1c2ccccc2c2cc(C(=O)OC)nc(-c3nc4ccccc4s3)c21,1
CCn1c2ccccc2c2cc(C(=O)OC)nc(-c3nc4ccccc4s3)c21,1
COC(=O)c1cc2c3ccccc3n(C)c2c(-c2nc3ccccc3o2)n1,1
C=C1Cn2c3ccccc3c3cc(C(=O)OC)nc(c32)-c2nc3ccccc3n21,1
Nc1cc2ccccc2cc1N,1
C=CC(=O)c1ccc2cc(N(C)C)ccc2c1,1
CN(C)c1ccc2cc(C(=O)CBr)ccc2c1,1
CN(C)c1cccc2c(S(=O)(=O)NN)cccc12,1
CN(C)c1cccc2c(S(=O)(=O)NCCCCCC(=O)ON3C(=O)CCC3=O)cccc12,1
CN(C)c1cccc2c(S(=O)(=O)NCCN)cccc12,1
CN(C)c1cccc2c(S(=O)(=O)NCCCCCN)cccc12,1
CN(C)c1ccc2c(CC(=O)ON3C(=O)C=CC3=O)cc(=O)oc2c1,1
CN(C)c1ccc2c(CC(=O)O)cc(=O)oc2c1,1
CCN(CC)c1ccc2c(C(=O)ON3C(=O)C=CC3=O)cc(=O)oc2c1,1
O=C(ON1C(=O)C=CC1=O)c1cc2ccc(O)cc2oc1=O,1
COc1ccc2cc(C(=O)ON3C(=O)C=CC3=O)c(=O)oc2c1,1
CCN(CC)c1ccc2c(C)c(-c3ccc(N4C(=O)C=CC4=O)cc3)c(=O)oc2c1,1
CCC(=O)Nc1ccc(-c2c(C)c3ccc(N(CC)CC)cc3oc2=O)cc1,1
Cc1c(N2C(=O)C=CC2=O)c(=O)oc2cc(N(C)C)ccc12,1
Cc1c(NC(=O)CI)c(=O)oc2cc(N(C)C)ccc12,1
CN(C)c1ccc2cc(C(=O)NCCN3C(=O)C=CC3=O)c(=O)oc2c1,1
CN(C)c1ccc2cc(C(=O)NCCNC(=O)CI)c(=O)oc2c1,1
Cc1cc(=O)oc2cc(N)ccc12,1
CCN(CC)c1ccc2cc(C(=O)NN)c(=O)oc2c1,1
Cc1c(C)n2c(CSCC(=O)O)c(C)c(=O)n2c1=O,1
Cc1c(C)n2c(CNC(=O)CI)c(C)c(=O)n2c1=O,1
Cc1c(C)n2c(CN)c(C)c(=O)n2c1=O,1
CN(CCN(C)c1ccc([N+](=O)[O-])c2nonc12)C(=O)CI,1
CN(CCOC(=O)CI)c1ccc([N+](=O)[O-])c2nonc12,1
CN(CCCCCC(=O)O)c1ccc([N+](=O)[O-])c2nonc12,1
CN(CCCCCC(=O)ON1C(=O)C=CC1=O)c1ccc([N+](=O)[O-])c2nonc12,1
CN(C)c1ccc(-c2cnc(-c3ccc(C(=O)ON4C(=O)C=CC4=O)cc3)o2)cc1,1
CN(C)c1ccc(-c2cnc(-c3ccc(S(=O)(=O)NCCC(=O)ON4C(=O)C=CC4=O)cc3)o2)cc1,1
O=C(CBr)c1ccc(OC(=O)c2c3ccccc3cc3ccccc23)cc1,1
O=C(O)CCc1c2ccccc2cc2ccccc12,1
O=C(O)c1cc(N2C(=O)C=CC2=O)ccc1-c1c2cc(Br)c(=O)c(Br)c-2oc2c(Br)c(O)c(Br)cc12,1
CN(C)c1ccc2c(-c3ccc(C(=O)ON4C(=O)C=CC4=O)cc3C(=O)[O-])c3ccc(=[N+](C)C)cc-3oc2c1,1
CN(C)c1ccc2c(-c3ccc(C(=O)O)cc3C(=O)[O-])c3ccc(=[N+](C)C)cc-3oc2c1,1
CN(C)c1ccc2c(-c3cc(C(=O)O)ccc3C(=O)[O-])c3ccc(=[N+](C)C)cc-3oc2c1,1
CCNc1cc2oc3c/c(=[NH+]/CC)c(C)cc-3c(-c3ccc(C(=O)ON4C(=O)C=CC4=O)cc3C(=O)[O-])c2cc1C,1
CCNc1ccc2c(-c3cc(C(=O)ON4C(=O)C=CC4=O)ccc3C(=O)[O-])c3cc/c(=[NH+]\CC)cc-3oc2c1,1
CN(C)c1ccc2c(-c3ccc(N=C=S)cc3C(=O)[O-])c3ccc(=[N+](C)C)cc-3oc2c1,1
CN(C)c1ccc2c(-c3cc(N=C=S)ccc3C(=O)[O-])c3ccc(=[N+](C)C)cc-3oc2c1,1
CN(C)c1ccc2c(-c3ccc(N4C(=O)C=CC4=O)cc3C(=O)[O-])c3ccc(=[N+](C)C)cc-3oc2c1,1
O=C(CCCc1ccc2ccc3cccc4ccc1c2c34)OC1C(=O)C=CC1=O,1
O=C(Cc1ccc2ccc3cccc4ccc1c2c34)OC1C(=O)C=CC1=O,1
O=C(CI)OCc1cc2cccc3ccc4cccc1c4c32,1
O=C1C=CC(=O)N1c1ccc2ccc3cccc4ccc1c2c34,1
O=C(CI)Nc1ccc2ccc3cccc4ccc1c2c34,1
O=C(CI)NCc1ccc2ccc3cccc4ccc1c2c34,1
NNC(=O)CCCc1ccc2ccc3cccc4ccc1c2c34,1
OCCCCc1ccc2ccc3cccc4ccc1c2c34,1
Cc1c(CC(=O)ON2C(=O)C=CC2=O)c(=O)oc2c(F)c(O)c(F)cc12,1
Cc1c(C(=O)ON2C(=O)C=CC2=O)c(=O)oc2c(F)c(O)c(F)cc12,1
CCN(CC)c1ccc2cc(C(=O)O)c(=O)oc2c1,1
COc1ccc2cc(C(=O)O)c(=O)oc2c1,1
O=C(O)c1cc(CBr)ccc1-c1c2ccc(=O)cc-2oc2cc(O)ccc12,1
NCC(=O)Nc1ccc(-c2c3ccc(=O)cc-3oc3cc(O)ccc23)c(C(=O)O)c1,1
O=C(O)c1ccc(C(=O)O)c(-c2c3ccc(=O)cc-3oc3cc(O)ccc23)c1,1
O=C(ON1C(=O)C=CC1=O)c1ccc(C(=O)O)c(-c2c3ccc(=O)cc-3oc3cc(O)ccc23)c1,1
O=C(ON1C(=O)C=CC1=O)c1cc(Cl)c(C(=O)O)c(-c2c3cc(Cl)c(=O)c(Cl)c-3oc3c(Cl)c(O)c(Cl)cc23)c1Cl,1
O=C(ON1C(=O)C=CC1=O)c1cc(Cl)c(C(=O)O)c(-c2c3cc(Cl)c(=O)cc-3oc3cc(O)c(Cl)cc23)c1Cl,1
O=C(O)c1cc(Nc2nc(Cl)nc(Cl)n2)ccc1-c1c2ccc(=O)cc-2oc2cc(O)ccc12,1
O=C(O)c1ccccc1-c1c2cc(F)c(=O)cc-2oc2cc(O)c(F)cc12,1
O=C(O)c1cc(N=C=S)ccc1-c1c2cc(Br)c(=O)c(Br)c-2oc2c(Br)c(O)c(Br)cc12,1
O=C(O)c1cc(N=C=S)ccc1-c1c2ccc(=O)cc-2oc2cc(O)ccc12,1
O=C(CCCCCCNCC(=O)c1ccc(-c2c3ccc(=O)cc-3oc3cc(O)ccc23)c(C(=O)O)c1)ON1C(=O)C=CC1=O,1
O=C(CSCCCCCC(=O)ON1C(=O)C=CC1=O)Nc1ccc(-c2c3ccc(=O)cc-3oc3cc(O)ccc23)c(C(=O)O)c1,1
Nc1ccc2c3c(c(=O)oc2c1S(=O)(=O)[O-])CCC3C(CC(=O)NCCCC(=O)O)S(=O)(=O)[O-],1
O=C(O)CCCCCNC(=O)COc1cc([SH](=O)([O-])O)c2ccc3c(S(=O)(=O)[O-])cc(S(=O)(=O)[O-])c4ccc1c2c43,1
O=C(O)CCCCCNC(=O)c1cc2cc(S(=O)(=O)[O-])c(O)c(Cl)c2oc1=O,1
CCN(CCCCCC(=O)O)c1ccc2cc(C(=O)NCCS(=O)(=O)[O-])c(=O)oc2c1,1
CC1=CC(C)(C)N(CCCS(=O)(=O)O)c2cc3oc(=O)c(C(=O)NCCCCCC(=O)O)cc3cc21,1
CC1=CC(C)(C)N(CCCS(=O)(=O)[O-])c2cc3oc(=O)c(C(=O)NCCCCCC(=O)O)cc3cc21,1
CC1(C)C=C(CS(=O)(=O)[O-])c2cc3cc(C(=O)NCCCCCC(=O)O)c(=O)oc3cc2N1CCCS(=O)(=O)O,1
CC1(C)C=C(CS(=O)(=O)[O-])c2cc3cc(C(=O)NCCCCCC(=O)O)c(=O)oc3cc2N1CCCS(=O)(=O)[O-],1
CC1(C)C=C(CS(=O)(=O)O)c2cc3cc(C(=O)NCCCCCC(=O)O)c(=O)oc3cc2N1CCCS(=O)(=O)O,1
CCN(CC)c1ccc2c(/C=C3/Sc4ccccc4N3C)cc(N(C)CCCC(=O)O)[o+]c2c1,1
Nc1ccc2c(-c3ccc(C(=O)O)cc3C(=O)O)c3ccc(N)c(S(=O)(=O)NCCCS(=O)(=O)O)c3[o+]c2c1S(=O)(=O)O,1
Nc1ccc2c(-c3ccc(C(=O)O)cc3C(=O)O)c3ccc(N)c(S(=O)(=O)NCCCS(=O)(=O)O)c3[o+]c2c1S(=O)(=O)[O-],1
Nc1ccc2c(-c3ccc(C(=O)O)cc3C(=O)O)c3ccc(N)c(S(=O)(=O)NCCCS(=O)(=O)[O-])c3[o+]c2c1S(=O)(=O)[O-],1
O=C(O)CCCCCNC(=O)c1ccc(-c2c3ccc(O)cc3[o+]c3cc(O)ccc23)c(C(=O)O)c1,1
Nc1ccc2c(-c3ccc(C(=O)NCCCCCC(=O)O)cc3C(=O)O)c3ccc(N)cc3[o+]c2c1,1
CN(CCCC(=O)O)C(=O)c1ccccc1-c1c2ccc(NCCCS(=O)(=O)O)cc2[o+]c2cc(NCCCS(=O)(=O)O)ccc12,1
CN(CCCC(=O)O)C(=O)c1ccccc1-c1c2ccc(NCCCS(=O)(=O)[O-])cc2[o+]c2cc(NCCCS(=O)(=O)O)ccc12,1
CN(CCCC(=O)O)C(=O)c1ccccc1-c1c2ccc(NCCCS(=O)(=O)[O-])cc2[o+]c2cc(NCCCS(=O)(=O)[O-])ccc12,1
Cc1cc2c(-c3cc(Cl)c(Cl)cc3C(=O)N(C)CCCC(=O)O)c3cc(C)c(NCCCS(=O)(=O)O)cc3[o+]c2cc1NCCCS(=O)(=O)[O-],1
Cc1cc2c(-c3cc(Cl)c(Cl)cc3C(=O)N(C)CCCC(=O)O)c3cc(C)c(NCCCS(=O)(=O)[O-])cc3[o+]c2cc1NCCCS(=O)(=O)[O-],1
Cc1cc2c(-c3cc(Cl)c(Cl)cc3C(=O)N(C)CCCC(=O)O)c3cc(C)c(NCCCS(=O)(=O)O)cc3[o+]c2cc1NCCCS(=O)(=O)O,1
COCC[N+]1=C(/C=C/C=C2/N(CCCCCC(=O)O)c3ccc(S(=O)(=O)[O-])cc3C2(C)C)C(C)(C)c2cc(S(=O)(=O)[O-])ccc21,1
COCC[N+]1=C(/C=C/C=C2/N(CCCCCC(=O)O)c3ccc(S(=O)(=O)O)cc3C2(C)C)C(C)(C)c2cc(S(=O)(=O)[O-])ccc21,1
COCC[N+]1=C(/C=C/C=C2/N(CCCCCC(=O)O)c3ccc(S(=O)(=O)O)cc3C2(C)C)C(C)(C)c2cc(S(=O)(=O)O)ccc21,1
COCC[N+]1=C(/C=C/C=C2/N(CCCCCC(=O)O)c3ccc(S(=O)(=O)[O-])cc3C2(C)CCCS(=O)(=O)O)C(C)(C)c2cc(S(=O)(=O)O)ccc21,1
COCC[N+]1=C(/C=C/C=C2/N(CCCCCC(=O)O)c3ccc(S(=O)(=O)[O-])cc3C2(C)CCCS(=O)(=O)[O-])C(C)(C)c2cc(S(=O)(=O)O)ccc21,1
COCC[N+]1=C(/C=C/C=C2/N(CCCCCC(=O)O)c3ccc(S(=O)(=O)[O-])cc3C2(C)CCCS(=O)(=O)[O-])C(C)(C)c2cc(S(=O)(=O)[O-])ccc21,1
COCC[N+]1=C(/C=C/C=C2/N(CCCCCC(=O)O)c3ccc(S(=O)(=O)O)cc3C2(C)CCCS(=O)(=O)O)C(C)(C)c2cc(S(=O)(=O)O)ccc21,1
COCC[N+]1=C(/C=C/C=C2/N(CCCCCC(=O)O)c3ccc(S(=O)(=O)O)cc3C2(C)CCCS(=O)(=O)O)C(C)(CCCS(=O)(=O)O)c2cc(S(=O)(=O)[O-])ccc21,1
COCC[N+]1=C(/C=C/C=C2/N(CCCCCC(=O)O)c3ccc(S(=O)(=O)O)cc3C2(C)CCCS(=O)(=O)O)C(C)(CCCS(=O)(=O)[O-])c2cc(S(=O)(=O)[O-])ccc21,1
COCC[N+]1=C(/C=C/C=C2/N(CCCCCC(=O)O)c3ccc(S(=O)(=O)[O-])cc3C2(C)CCCS(=O)(=O)O)C(C)(CCCS(=O)(=O)[O-])c2cc(S(=O)(=O)[O-])ccc21,1
COCC[N+]1=C(/C=C/C=C2/N(CCCCCC(=O)O)c3ccc(S(=O)(=O)[O-])cc3C2(C)CCCS(=O)(=O)[O-])C(C)(CCCS(=O)(=O)[O-])c2cc(S(=O)(=O)[O-])ccc21,1
COCC[N+]1=C(/C=C/C=C2/N(CCCCCC(=O)O)c3ccc(S(=O)(=O)O)cc3C2(C)CCCS(=O)(=O)O)C(C)(CCCS(=O)(=O)O)c2cc(S(=O)(=O)O)ccc21,1
CCN(CC)c1ccc2c(c1)OC(C(C)(C)C)=C/C2=C\C=C1\C(=O)N(CCCCCC(=O)O)C(=O)N(CCCS(=O)(=O)[O-])C1=O,1
CCN(CC)c1ccc2c(c1)OC(C(C)(C)C)=C/C2=C\C=C1\C(=O)N(CCCCCC(=O)O)C(=O)N(CCCS(=O)(=O)O)C1=O,1
CN(C)c1ccc2c(-c3ccc(C(=O)NCCCCCC(=O)O)cc3C(=O)O)c3ccc(N(C)C)cc3[o+]c2c1,1
CCN(CC)c1ccc2c(-c3ccc(C(=O)NCCCCCC(=O)O)cc3C(=O)O)c3ccc(N(CC)CC)cc3[o+]c2c1,1
CCN(CC)c1ccc2c(-c3ccc(C(=O)NCCCCCC(=O)O)cc3C(=O)O)c3ccc(N(CC)CCCS(=O)(=O)O)cc3[o+]c2c1,1
CCN(CCCS(=O)(=O)[O-])c1ccc2c(-c3ccc(C(=O)NCCCCCC(=O)O)cc3C(=O)O)c3ccc(N(CC)CCCS(=O)(=O)O)cc3[o+]c2c1,1
CCN(CCCS(=O)(=O)[O-])c1ccc2c(-c3ccc(C(=O)NCCCCCC(=O)O)cc3C(=O)O)c3ccc(N(CC)CCCS(=O)(=O)[O-])cc3[o+]c2c1,1
CCN(CCCS(=O)(=O)O)c1ccc2c(-c3ccc(C(=O)NCCCCCC(=O)O)cc3C(=O)O)c3ccc(N(CC)CCCS(=O)(=O)O)cc3[o+]c2c1,1
CCN(CC)c1ccc2c(-c3ccc(C(=O)NCCCCCC(=O)O)cc3S(=O)(=O)O)c3ccc(N(CC)CC)cc3[o+]c2c1,1
O=C(O)c1ccc(-c2c3cc4c5c(c3[o+]c3c6c7c(cc23)CCCN7CCC6)CCCN5CCC4)c(C(=O)O)c1,1
CCN(CCCS(=O)(=O)[O-])c1ccc2c(-c3ccccc3C(=O)N(C)CCCC(=O)O)c3c([o+]c2c1)=CC1C(C=3)C(C)=CC(C)(C)N1CCCS(=O)(=O)O,1
CCN(CCCS(=O)(=O)O)c1ccc2c(-c3ccccc3C(=O)N(C)CCCC(=O)O)c3c([o+]c2c1)=CC1C(C=3)C(C)=CC(C)(C)N1CCCS(=O)(=O)O,1
CCN(CCCS(=O)(=O)[O-])c1ccc2c(-c3ccccc3C(=O)N(C)CCCC(=O)O)c3c([o+]c2c1)=CC1C(C=3)C(C)=CC(C)(C)N1CCCS(=O)(=O)[O-],1
O=C(O)CCCCCNS(=O)(=O)c1ccc(-c2c3cc4c5c(c3[o+]c3c6c7c(cc23)CCCN7CCC6)CCCN5CCC4)c(S(=O)(=O)[O-])c1,1
O=C(O)CCCCCNS(=O)(=O)c1ccc(-c2c3cc4c5c(c3[o+]c3c6c7c(cc23)CCCN7CCC6)CCCN5CCC4)c(S(=O)(=O)O)c1,1
O=C(O)CCOCCOCCNS(=O)(=O)c1ccc(-c2c3cc4c5c(c3[o+]c3c6c7c(cc23)CCCN7CCC6)CCCN5CCC4)c(S(=O)(=O)O)c1,1
CC1(C)C=C(CS(=O)(=O)O)c2cc3c(-c4ccc(C(=O)O)cc4C(=O)O)c4cc5c(cc4[o+]c3cc2N1CCCS(N)(=O)=O)N(CCCS(N)(=O)=O)C(C)(C)C=C5CS(=O)(=O)O,1
CN(CCCC(=O)O)C(=O)c1ccccc1-c1c2cc3c(cc2[o+]c2cc4c(cc12)C(CS(=O)(=O)O)=CC(C)(C)N4CCCS(N)(=O)=O)N(CCC[SH](N)(=O)O)C(C)(C)C=C3CS(=O)(=O)[O-],1
CN(CCCC(=O)O)C(=O)c1ccccc1-c1c2cc3c(cc2[o+]c2cc4c(cc12)C(CS(=O)(=O)[O-])=CC(C)(C)N4CCC[SH](N)(=O)O)N(CCCS(N)(=O)=O)C(C)(C)C=C3CS(=O)(=O)[O-],1
CN(CCCC(=O)O)C(=O)c1ccccc1-c1c2cc3c(cc2[o+]c2cc4c(cc12)C(CS(=O)(=O)O)=CC(C)(C)N4CCC[SH](N)(=O)O)N(CCCS(N)(=O)=O)C(C)(C)C=C3CS(=O)(=O)O,1
CCN(CC)c1ccc2c(c1)O/C(=C/C=C1/C(=O)N(CCCCCC(=O)O)C(=O)N(CCCS(=O)(=O)[O-])C1=O)C=C2C(C)(C)C,1
CCN(CC)c1ccc2c(c1)O/C(=C/C=C1/C(=O)N(CCCCCC(=O)O)C(=O)N(CCCS(=O)(=O)O)C1=O)C=C2C(C)(C)C,1
CC(C)(C)c1cc(/C=C/C=C2\N(CCCCCC(=O)O)c3ccc(S(=O)(=O)[O-])cc3C2(C)C)c2ccc(N)cc2[o+]1,1
CC(C)(C)c1cc(/C=C/C=C2\N(CCCCCC(=O)O)c3ccc(S(=O)(=O)O)cc3C2(C)C)c2ccc(N)cc2[o+]1,1
CCN(CC)c1ccc2c(/C=C/C=C3\N(CCCCCC(=O)O)c4ccc(S(=O)(=O)[O-])cc4C3(C)C)cc(C(C)(C)C)[o+]c2c1,1
CCN(CC)c1ccc2c(/C=C/C=C3\N(CCCCCS(=O)(=O)O)c4ccc(S(=O)(=O)[O-])cc4C3(C)CCCC(=O)O)cc(C(C)(C)C)[o+]c2c1,1
CCN(CCCS(=O)(=O)[O-])c1ccc2c(/C=C/C=C3\N(CCCCCS(=O)(=O)O)c4ccc(S(=O)(=O)[O-])cc4C3(C)CCCC(=O)O)cc(C(C)(C)C)[o+]c2c1,1
CCN(CCCS(=O)(=O)O)c1ccc2c(/C=C/C=C3\N(CCCCCS(=O)(=O)O)c4ccc(S(=O)(=O)[O-])cc4C3(C)CCCC(=O)O)cc(C(C)(C)C)[o+]c2c1,1
CCN(CCCS(=O)(=O)[O-])c1ccc2c(/C=C/C=C3\N(CCCCCC(=O)O)c4ccc(S(=O)(=O)[O-])cc4C3(C)C)cc(C(C)(C)C)[o+]c2c1,1
CC(C)(C)c1cc(/C=C/C=C2\N(CCC[SH](=O)(O)O)c3ccc(S(=O)(=O)O)cc3C2(C)CCCC(=O)O)c2ccc(N(CCCS(=O)(=O)[O-])CCCS(=O)(=O)O)cc2[o+]1,1
CC(C)(C)c1cc(/C=C/C=C2\N(CCC[SH](=O)(O)O)c3ccc(S(=O)(=O)O)cc3C2(C)CCCC(=O)O)c2ccc(N(CCCS(=O)(=O)[O-])CCCS(=O)(=O)[O-])cc2[o+]1,1
CC(C)(C)c1cc(/C=C/C=C2\N(CCC[SH](=O)([O-])O)c3ccc(S(=O)(=O)O)cc3C2(C)CCCC(=O)O)c2ccc(N(CCCS(=O)(=O)[O-])CCCS(=O)(=O)[O-])cc2[o+]1,1
CC(C)(C)c1cc(/C=C/C=C2\N(CCC[SH](=O)([O-])O)c3ccc(S(=O)(=O)[O-])cc3C2(C)CCCC(=O)O)c2ccc(N(CCCS(=O)(=O)[O-])CCCS(=O)(=O)[O-])cc2[o+]1,1
CC(C)(C)c1cc(/C=C/C=C2\N(CCC[SH](=O)(O)O)c3ccc(S(=O)(=O)O)cc3C2(C)CCCC(=O)O)c2ccc(N(CCCS(=O)(=O)O)CCCS(=O)(=O)O)cc2[o+]1,1
CC(C)(C)c1cc(/C=C/C=C2\N(CCCCCC(=O)O)c3ccc(S(=O)(=O)[O-])cc3C2(C)C)c2cc3c4c(c2[o+]1)CCCN4CCC3,1
CC(C)(C)c1cc(/C=C/C=C2\N(CCCCCC(=O)O)c3ccc(S(=O)(=O)O)cc3C2(C)C)c2cc3c4c(c2[o+]1)CCCN4CCC3,1
CC(C)(C)c1cc(/C=C/C=C2\N(CCCS(=O)(=O)[O-])c3ccc(S(=O)(=O)O)cc3C2(C)CCCC(=O)O)c2cc3c4c(c2[o+]1)CCCN4CCC3,1
CC(C)(C)c1cc(/C=C/C=C2\N(CCCS(=O)(=O)O)c3ccc(S(=O)(=O)O)cc3C2(C)CCCC(=O)O)c2cc3c4c(c2[o+]1)CCCN4CCC3,1
CCN(CC)c1ccc2c(c1)O/C(=C/CC1C(=O)N(CCCCCC(=O)O)C(=O)N(CCCS(=O)(=O)[O-])C1=O)C(C)=C2c1cccc(C(=O)O)c1,1
CCN(CC)c1ccc2c(c1)O/C(=C/CC1C(=O)N(CCCCCC(=O)O)C(=O)N(CCCS(=O)(=O)O)C1=O)C(C)=C2c1cccc(C(=O)O)c1,1
CCN(CC)c1ccc2c(c1)O/C(=C/C=C1/C(=O)N(CCCCCC(=O)O)C(=O)N(CCCS(=O)(=O)[O-])C1=O)C=C2c1cc(S(=O)(=O)O)c(OC)cc1C,1
CCN(CC)c1ccc2c(c1)O/C(=C/C=C1/C(=O)N(CCCCCC(=O)O)C(=O)N(CCCS(=O)(=O)[O-])C1=O)C=C2c1cc(S(=O)(=O)[O-])c(OC)cc1C,1
CCN(CC)c1ccc2c(c1)O/C(=C/C=C1/C(=O)N(CCCCCC(=O)O)C(=O)N(CCCS(=O)(=O)O)C1=O)C=C2c1cc(S(=O)(=O)O)c(OC)cc1C,1
COCC[N+]1=C(/C=C/C=C/C=C2/N(CCCCCC(=O)O)c3ccc(S(=O)(=O)O)cc3C2(C)C)C(C)(C)c2cc(S(=O)(=O)[O-])ccc21,1
COCC[N+]1=C(/C=C/C=C/C=C2/N(CCCCCC(=O)O)c3ccc(S(=O)(=O)[O-])cc3C2(C)C)C(C)(C)c2cc(S(=O)(=O)[O-])ccc21,1
COCC[N+]1=C(/C=C/C=C/C=C2/N(CCCCCC(=O)O)c3ccc(S(=O)(=O)O)cc3C2(C)C)C(C)(C)c2cc(S(=O)(=O)O)ccc21,1
COCC[N+]1=C(/C=C/C=C/C=C2/N(CCCCCC(=O)O)c3ccc(S(=O)(=O)O)cc3C2(C)CCCS(=O)(=O)O)C(C)(C)C2CC(S(=O)(=O)[O-])=CC=C21,1
COCC[N+]1=C(/C=C/C=C/C=C2/N(CCCCCC(=O)O)c3ccc(S(=O)(=O)O)cc3C2(C)CCCS(=O)(=O)[O-])C(C)(C)C2CC(S(=O)(=O)[O-])=CC=C21,1
COCC[N+]1=C(/C=C/C=C/C=C2/N(CCCCCC(=O)O)c3ccc(S(=O)(=O)[O-])cc3C2(C)CCCS(=O)(=O)[O-])C(C)(C)C2CC(S(=O)(=O)[O-])=CC=C21,1
COCC[N+]1=C(/C=C/C=C/C=C2/N(CCCCCC(=O)O)c3ccc(S(=O)(=O)O)cc3C2(C)CCCS(=O)(=O)O)C(C)(C)C2CC(S(=O)(=O)O)=CC=C21,1
COCC[N+]1=C(/C=C/C=C/C=C2/N(CCCCCC(=O)O)c3ccc(S(=O)(=O)[O-])cc3C2(C)CCCS(=O)(=O)[O-])C(C)(CCCS(=O)(=O)O)C2CC(S(=O)(=O)[O-])=CC=C21,1
CCN1c2cc3[o+]c(C(C)(C)C)cc(/C=C/C=C4\N(CCCCCC(=O)O)c5ccc(S(=O)(=O)[O-])cc5C4(C)C)c3cc2C(C)=CC1(C)C,1
CCN1c2cc3[o+]c(C(C)(C)C)cc(/C=C/C=C4\N(CCCCCC(=O)O)c5ccc(S(=O)(=O)O)cc5C4(C)C)c3cc2C(C)=CC1(C)C,1
CCN1c2cc3[o+]c(C(C)(C)C)cc(/C=C/C=C4\N(CCCS(=O)(=O)[O-])c5ccc([SH](=O)([O-])O)cc5C4(C)CCCC(=O)O)c3cc2C(C)=CC1(C)C,1
CC1=CC(C)(C)N(CCCS(=O)(=O)O)c2cc3[o+]c(C(C)(C)C)cc(/C=C/C=C4\N(CCCS(=O)(=O)[O-])c5ccc(S(=O)(=O)O)cc5C4(C)CCCC(=O)O)c3cc21,1
CC(C)(C)c1cc(/C=C/C=C2\N(CCCS(=O)(=O)O)c3ccc(S(=O)(=O)O)cc3C2(C)CCCC(=O)O)c2cc3c(cc2[o+]1)N(CCCS(=O)(=O)[O-])C(C)(C)C=C3CS(=O)(=O)O,1
COCC[N+]1=C(/C=C/C=C/C=C2/N(CCCCCC(=O)O)c3ccc4c(S(=O)(=O)[O-])cc(S(=O)(=O)[O-])cc4c3C2(C)C)C(C)(CCCS(=O)(=O)[O-])c2cc(S(=O)(=O)[O-])ccc21,1
CCN1c2cc3[o+]c(-c4ccccc4)cc(/C=C/C=C4\N(CCCCCC(=O)O)c5ccc(S(=O)(=O)[O-])cc5C4(C)C)c3cc2C(C)=CC1(C)C,1
CCN1c2cc3[o+]c(-c4ccccc4)cc(/C=C/C=C4\N(CCCS(=O)(=O)[O-])c5ccc(S(=O)(=O)[O-])cc5C4(C)CCCC(=O)O)c3cc2C(C)=CC1(C)C,1
CC1=CC(C)(C)N(CCCS(=O)(=O)[O-])c2cc3[o+]c(-c4ccccc4)cc(/C=C/C=C4\N(CCCS(=O)(=O)[O-])c5ccc(S(=O)(=O)[O-])cc5C4(C)CCCC(=O)O)c3cc21,1
CC1(CCCC(=O)O)/C(=C/C=C/c2cc(-c3ccccc3)[o+]c3cc4c(cc23)C(CS(=O)(=O)[O-])=CC(C)(C)N4CCCS(=O)(=O)[O-])N(CCCS(=O)(=O)[O-])c2ccc(S(=O)(=O)[O-])cc21,1
COCC[N+]1=C(/C=C/C=C/C=C2/N(CCCCCC(=O)O)c3ccc4c(S(=O)(=O)[O-])cc(S(=O)(=O)[O-])cc4c3C2(C)CCCS(=O)(=O)[O-])C(C)(C)c2c1ccc1c(S(=O)(=O)[O-])cc(S(=O)(=O)[O-])cc21,1
CCN(CC)c1ccc2c(C(C)(C)C)cc(/C=C/C=C3/N(CCCCCC(=O)O)c4ccc(S(=O)(=O)[O-])cc4C3(C)C)[o+]c2c1,1
CCN(CC)c1ccc2c(C(C)(C)C)cc(/C=C/C=C3/N(CCCS(=O)(=O)[O-])c4ccc(S(=O)(=O)[O-])cc4C3(C)CCCC(=O)O)[o+]c2c1,1
CCN(CCCS(=O)(=O)[O-])c1ccc2c(C(C)(C)C)cc(/C=C/C=C3/N(CCC[SH](=O)([O-])O)c4ccc(S(=O)(=O)[O-])cc4C3(C)CCCC(=O)O)[o+]c2c1,1
CC(C)(C)c1cc(/C=C/C=C2/N(CCC[SH](=O)([O-])O)c3ccc(S(=O)(=O)[O-])cc3C2(C)CCCC(=O)O)[o+]c2cc(N(Cc3cccc(S(=O)(=O)[O-])c3)Cc3cccc(S(=O)(=O)[O-])c3)ccc12,1
CCN(CC)c1ccc2c(-c3ccccc3)c(C)c(/C=C/C=C3/N(CCCCCC(=O)O)c4ccc(S(=O)(=O)[O-])cc4C3(C)C)[o+]c2c1,1
CCN(CC)c1ccc2c(-c3ccccc3)c(C)c(/C=C/C=C3/N(CCCS(=O)(=O)[O-])c4ccc(S(=O)(=O)[O-])cc4C3(C)CCCC(=O)O)[o+]c2c1,1
C=C=C/C(=C\C=C)c1c(C)c(/C=C/C=C2/N(CCCS(=O)(=O)O)c3ccc(S(=O)(=O)[O-])cc3C2(C)CCCC(=O)O)[o+]c2cc(N(CC)CCCS(=O)(=O)[O-])ccc12,1
CCN(CC)c1ccc2c(-c3ccc(OC)cc3C)cc(/C=C/C=C3/N(CCCS(=O)(=O)[O-])c4ccc(S(=O)(=O)O)cc4C3(C)CCCC(=O)O)[o+]c2c1,1
CCN(CC)c1ccc2c(-c3cc(S(=O)(=O)[O-])c(OC)cc3C)cc(/C=C/C=C3/N(CCCS(=O)(=O)[O-])c4ccc(S(=O)(=O)[O-])cc4C3(C)CCCC(=O)O)[o+]c2c1,1
CCN(CC)c1ccc2c(-c3cccc(S(=O)(=O)[O-])c3)c(C)c(CC/C=C3/N(CCCCCC(=O)O)c4ccc(S(=O)(=O)[O-])cc4C3(C)C)[o+]c2c1,1
CCN(CC)c1ccc2c(-c3cccc(S(=O)(=O)[O-])c3)c(C)c(/C=C/C=C3/N(CCCS(=O)(=O)[O-])c4ccc(S(=O)(=O)[O-])cc4C3(C)CCCC(=O)O)[o+]c2c1,1
CCN(CC)c1ccc2c(-c3ccccc3C(=O)NCCS(=O)(=O)[O-])c3c([o+]c2c1)/C(=C/C=C1/N(CCCCCC(=O)O)c2ccc(S(=O)(=O)[O-])cc2C1(C)C)CCC3,1
CCN(CC)c1ccc2c(/C=C/C=C/C=C3\N(CCCCCC(=O)O)c4ccc(S(=O)(=O)[O-])cc4C3(C)C)cc(C(C)(C)C)[o+]c2c1,1
CCN(CC)C1C=c2[o+]c(C(C)(C)C)cc(/C=C/C=C/C=C3\N(CCCS(=O)(=O)[O-])c4ccc(S(=O)(=O)[O-])cc4C3(C)CCCC(=O)O)c2=CC1,1
CCN(CCCS(=O)(=O)[O-])c1ccc2c(/C=C/C=C/C=C3\N(CCCS(=O)(=O)[O-])c4ccc(S(=O)(=O)[O-])cc4C3(C)CCCC(=O)O)cc(C(C)(C)C)[o+]c2c1,1
CC(C)(C)c1cc(/C=C/C=C/C=C2\N(CCC[SH](=O)([O-])O)c3ccc([SH](=O)([O-])O)cc3C2(C)CCCC(=O)O)c2ccc(N(CCCS(=O)(=O)[O-])CCCS(=O)(=O)[O-])cc2[o+]1,1
CC(C)(C)c1cc(/C=C/CC/C=C2\N(CCC[SH](=O)([O-])O)c3ccc(S(=O)(=O)[O-])cc3C2(C)CCCC(=O)O)c2cc3c4c(c2[o+]1)CCCN4CCC3,1
COCC[N+]1=C(/C=C/C=C/C=C/C=C2/N(CCCCCC(=O)O)C3=C(CC(S(=O)(=O)[O-])C=C3)C2(C)C)C(C)(C)c2cc(S(=O)(=O)[O-])ccc21,1
COCC[N+]1=C(/C=C/C=C/C=C/C=C2/N(CCCCCC(=O)O)c3ccc(S(=O)(=O)[O-])cc3C2(C)CCCS(=O)(=O)[O-])C(C)(CCCS(=O)(=O)[O-])c2cc(S(=O)(=O)[O-])ccc21,1
CCN1c2cc3[o+]c(C(C)(C)C)cc(/C=C/C=C/C=C4\N(CCCCCC(=O)O)c5ccc(S(=O)(=O)[O-])cc5C4(C)C)c3cc2C(C)=CC1(C)C,1
CCN1c2cc3[o+]c(C(C)(C)C)cc(/C=C/C=C/C=C4\N(CCCS(=O)(=O)[O-])c5ccc(S(=O)(=O)[O-])cc5C4(C)CCCC(=O)O)c3cc2C(C)=CC1(C)C,1
CC1=CC(C)(C)N(CCCS(=O)(=O)[O-])c2cc3[o+]c(C(C)(C)C)cc(/C=C/C=C/C=C4\N(CCCS(=O)(=O)[O-])c5ccc(S(=O)(=O)[O-])cc5C4(C)CCCC(=O)O)c3cc21,1
CC(C)(C)c1cc(/C=C/C=C/C=C2\N(CCCS(=O)(=O)[O-])c3ccc(S(=O)(=O)[O-])cc3C2(C)CCCC(=O)O)c2cc3c(cc2[o+]1)N(CCCS(=O)(=O)[O-])C(C)(C)C=C3CS(=O)(=O)[O-],1
CCN1/C(=C/C=C2\CCCc3c2[o+]c2cc4c(cc2c3-c2ccccc2C(=O)N(C)CCCC(=O)O)C(CS(=O)(=O)[O-])=CC(C)(C)N4CC)C(C)(C)c2c1ccc1c(S(=O)(=O)[O-])cc(S(=O)(=O)[O-])cc21,1
CCN1c2cc3[o+]c(-c4ccccc4)cc(C=C/C=C/C=C4\N(CCCS(=O)(=O)[O-])c5ccc(S(=O)(=O)[O-])cc5C4(C)CCCC(=O)O)c3cc2C(C)=CC1(C)C,1
CC1=CC(C)(C)N(CCCS(=O)(=O)[O-])c2cc3[o+]c(-c4ccccc4)cc(/C=C/C=C/C=C4\N(CCCS(=O)(=O)[O-])c5ccc(S(=O)(=O)[O-])cc5C4(C)CCCC(=O)O)c3cc21,1
CC1(CCCC(=O)O)/C(=C/C=C/C=C/c2cc(-c3ccccc3)[o+]c3cc4c(cc23)C(CS(=O)(=O)[O-])=CC(C)(C)N4CCCS(=O)(=O)[O-])N(CCCS(=O)(=O)[O-])c2ccc(S(=O)(=O)[O-])cc21,1
CCN(CC)c1ccc2c(C(C)(C)C)cc(/C=C/C=C/C=C3/N(CCCCCC(=O)O)c4ccc(S(=O)(=O)[O-])cc4C3(C)C)[o+]c2c1,1
CCN(CC)c1ccc2c(C(C)(C)C)cc(/C=C/C=C/C=C3/N(CCCS(=O)(=O)[O-])c4ccc(S(=O)(=O)[O-])cc4C3(C)CCCC(=O)O)[o+]c2c1,1
CCN(CCCS(=O)(=O)[O-])c1ccc2c(C(C)(C)C)cc(/C=C/C=C/C=C3/N(CCCS(=O)(=O)[O-])c4ccc(S(=O)(=O)[O-])cc4C3(C)CCCC(=O)O)[o+]c2c1,1
CC(C)(C)c1cc(/C=C/C=C/C=C2/N(CCCS(=O)(=O)[O-])c3ccc(S(=O)(=O)[O-])cc3C2(C)CCCC(=O)O)[o+]c2cc(N(Cc3cccc(S(=O)(=O)[O-])c3)Cc3cccc(S(=O)(=O)[O-])c3)ccc12,1
CC1(C)C(/C=C/C2=C(Oc3ccc(S(=O)(=O)[O-])cc3)C(=C/C=C3/N(CCCS(=O)(=O)[O-])c4ccccc4C3(C)CCCC(=O)O)/CCC2)=[N+](CCCS(=O)(=O)[O-])c2ccccc21,1
CCN(CC)c1ccc2c(-c3ccccc3C(=O)O)c3c([o+]c2c1)/C(=C/C=C/C=C1\N(CCCS(=O)(=O)[O-])c2ccc(S(=O)(=O)[O-])cc2C1(C)CCCC(=O)O)CCC3,1
CCN(CC)c1ccc2c(-c3ccccc3C(=O)N(C)CCS(=O)(=O)[O-])c3c([o+]c2c1)/C(=C/C=C/C=C1/N(CCCCCC(=O)O)c2ccc(S(=O)(=O)[O-])cc2C1(C)C)CCC3,1
CCN(CC)c1ccc2c(/C=C/C=C/C=C/C=C3\N(CCC[SH](=O)([O-])O)c4ccc(S(=O)(=O)[O-])cc4C3(C)CCCC(=O)O)cc(C(C)(C)C)[o+]c2c1,1
CCN1c2cc3[o+]c4c(c(-c5ccccc5C(=O)N(C)CCS(=O)(=O)[O-])c3cc2C(CS(=O)(=O)[O-])=CC1(C)C)CCC\C4=C/C=C/C=C1/N(CCCCCC(=O)O)c2ccc(S(=O)(=O)[O-])cc2C1(C)C,1
CCN1/C(=C/C=C/C=C2\CCCc3c2[o+]c2cc4c(cc2c3C2=C(C(=O)N(C)CCCC(=O)O)C=CCC2)C(CS(=O)(=O)[O-])=CC(C)(C)N4CC)C(C)(C)c2c1ccc1c(S(=O)(=O)[O-])cc(S(=O)(=O)[O-])cc21,1
O=C(O)CCCCCNC(=O)N(CCCS(=O)(=O)[O-])c1ccc2nc(-c3cc[n+](CCCS(=O)(=O)[O-])cc3)oc2c1,1
O=C(O)CCCCCOc1ccc(C2=NN(c3ccc(S(=O)(=O)[O-])cc3)C(c3ccccc3S(=O)(=O)[O-])C2)cc1,1
O=C(O)CCCCC[n+]1ccccc1-c1nc2c(o1)c(S(=O)(=O)[O-])cc1cc(S(=O)(=O)[O-])ccc12,1
O=C(O)CCCC(=O)Nc1ccc2nc(-c3cc[n+](CCCS(=O)(=O)[O-])cc3)oc2c1,1
O=C(O)CCCCCOc1cc2oc(/C=C/c3cc[n+](CCCS(=O)(=O)[O-])cc3)nc2cc1S(=O)(=O)[O-],1
O=C(O)CCCCC[n+]1ccc(-c2nc3ccc(OCCCS(=O)(=O)[O-])cc3o2)cc1,1
O=C(O)CCCCCNC(=O)Nc1ccc2nc(-c3cc[n+](CCCS(=O)(=O)[O-])cc3)oc2c1,1
O=C(O)CCCCCOc1ccc2nc(/C=C/c3cc[n+](CCCS(=O)(=O)[O-])cc3)oc2c1,1
COc1cc(OC)c2c(O)c(/C=C/C3=[N+](CCCCC(=O)O)c4ccc(S(=O)(=O)[O-])cc4C3(C)C)c(=O)oc2c1,1
COc1cc(OC)c2c(O)c(/C=C/C3=[N+](CCCCCC(=O)O)c4ccc(S(=O)(=O)[O-])cc4C3(C)C)c(=O)oc2c1,1
CCN(CC)c1ccc2cc(/C=C/c3ccc(S(=O)(=O)[O-])c[n+]3CCCCCC(=O)O)c(=O)oc2c1,1
C\C=C(/C=C\C(\C=C\c1cc2ccc(N(CC)CCCCCC(=O)O)cc2oc1=O)=[NH+]\CCCS(=O)(=O)[O-])S(=O)(=O)[O-],1
CCN(CCCCCC(=O)O)c1ccc2cc(-c3cc[n+](CCCS(=O)(=O)[O-])cc3)c(=O)oc2c1,1
CCN(CC)c1ccc2cc(/C=C/c3cc[n+](CCCCCC(=O)O)cc3)c(=O)oc2c1,1
CC1=CC(C)(C)N(CCCS(=O)(=O)[O-])c2cc3oc(=O)c(-c4cc[n+](CCCCCC(=O)O)cc4)cc3cc21,1
CC1(C)C=C(CS(=O)(=O)[O-])c2cc3cc(-c4cc[n+](CCCCCC(=O)O)cc4)c(=O)oc3cc2N1CCCS(=O)(=O)[O-],1
CCN(CC)c1ccc2cc(/C=C/c3cc[n+](C(C)CCCCC(=O)O)cc3S(=O)(=O)[O-])c(=O)oc2c1,1
CCN(CCCCCC(=O)O)c1ccc2cc(/C=C/c3cc[n+](CCCS(=O)(=O)[O-])cc3S(=O)(=O)[O-])c(=O)oc2c1,1
CCN(CC)c1ccc2c(/C=C3\Sc4ccccc4N3C)cc(N(C)CCCN(C)C)[o+]c2c1,1
CCN(CC)c1ccc2c(/C=C3\Sc4ccccc4N3C)cc(N3CC[N+](C)(CC[N+](C)(C)C)CC3)[o+]c2c1,1
CCN(CC)c1ccc2c(/C=C3\Sc4ccccc4N3C)cc(N3CCN(CCO)CC3)[o+]c2c1,1
CCN(CC)c1ccc2cc(-c3cc(-c4ccccc4C(=O)O)c4ccc(N(CC)CC)cc4[o+]3)c(=O)oc2c1,1
CCN(CC)c1ccc2cc(-c3ccc4ccc(N(CC)CC)cc4[o+]3)c(=O)oc2c1,1
Nc1ccc2c(-c3ccc(F)cc3)c3ccc(=[NH2+])cc-3oc2c1,1
Nc1ccc2c(-c3ccc(F)c(Cl)c3)c3ccc(=[NH2+])cc-3oc2c1,1
Nc1ccc2c(-c3cc4ccccc4c4ccccc34)c3ccc(=[NH2+])cc-3oc2c1,1
Nc1ccc2c(-c3cc(F)c(F)c(F)c3)c3ccc(=[NH2+])cc-3oc2c1,1
COc1ccc2cc(-c3c4ccc(=[NH2+])cc-4oc4cc(N)ccc34)ccc2c1,1
Nc1ccc2c(-c3ccccc3)c3ccc(=[NH2+])cc-3oc2c1,1
Cc1cc(C)cc(-c2c3ccc(=[NH2+])cc-3oc3cc(N)ccc23)c1,1
COc1cccc(-c2c3ccc(=[NH2+])cc-3oc3cc(N)ccc23)c1,1
Nc1ccc2c(-c3ccc4c(c3)OCO4)c3ccc(=[NH2+])cc-3oc2c1,1
Nc1ccc2c(-c3cccc(F)c3)c3ccc(=[NH2+])cc-3oc2c1,1
CN(C)c1ccc(-c2c3ccc(=[NH2+])cc-3oc3cc(N)ccc23)cc1,1
Nc1ccc2c(-c3cccc(Cl)c3)c3ccc(=[NH2+])cc-3oc2c1,1
Nc1ccc2c(-c3ccc(C4OCCCO4)cc3)c3ccc(=[NH2+])cc-3oc2c1,1
Nc1ccc2c(-c3ccc(CN4CCC5(CC4)OCCO5)cc3)c3ccc(=[NH2+])cc-3oc2c1,1
Cc1ccc(-c2c3ccc(=[NH2+])cc-3oc3cc(N)ccc23)cc1,1
COc1ccc(-c2c3ccc(=[NH2+])cc-3oc3cc(N)ccc23)cc1OC,1
COc1c(C)cc(-c2c3ccc(=[NH2+])cc-3oc3cc(N)ccc23)cc1C,1
Cc1cc(-c2c3ccc(=[NH2+])cc-3oc3cc(N)ccc23)ccc1F,1
CCCc1ccc(-c2c3ccc(=[NH2+])cc-3oc3cc(N)ccc23)cc1,1
COc1ccc(-c2c3ccc(=[NH2+])cc-3oc3cc(N)ccc23)cc1,1
Nc1ccc2c(-c3ccc(Oc4ccccc4)cc3)c3ccc(=[NH2+])cc-3oc2c1,1
Nc1ccc2c(-c3ccc(OC4CCCCO4)cc3)c3ccc(=[NH2+])cc-3oc2c1,1
Nc1ccc2c(-c3ccc(Cl)s3)c3ccc(=[NH2+])cc-3oc2c1,1
Nc1ccc2c(-c3ccc4ccccc4c3)c3ccc(=[NH2+])cc-3oc2c1,1
CSc1ccc(-c2c3ccc(=[NH2+])cc-3oc3cc(N)ccc23)cc1,1
Nc1ccc2c(-c3ccc(-c4ccccc4)cc3)c3ccc(=[NH2+])cc-3oc2c1,1
CN(C)c1ccc2c(-c3ccc(F)cc3)c3ccc(=[NH2+])cc-3oc2c1,1
CN(C)c1ccc2c(-c3ccc(F)c(Cl)c3)c3ccc(=[NH2+])cc-3oc2c1,1
CN(C)c1ccc2c(-c3cc4ccccc4c4ccccc34)c3ccc(=[NH2+])cc-3oc2c1,1
COc1ccc2cc(-c3c4ccc(=[NH2+])cc-4oc4cc(N(C)C)ccc34)ccc2c1,1
CN(C)c1ccc2c(-c3ccc(C(C)(C)C)cc3)c3ccc(=[NH2+])cc-3oc2c1,1
CN(C)c1ccc2c(-c3ccccc3)c3ccc(=[NH2+])cc-3oc2c1,1
Cc1cc(C)cc(-c2c3ccc(=[NH2+])cc-3oc3cc(N(C)C)ccc23)c1,1
COc1cccc(-c2c3ccc(=[NH2+])cc-3oc3cc(N(C)C)ccc23)c1,1
CN(C)c1ccc2c(-c3ccc4c(c3)OCO4)c3ccc(=[NH2+])cc-3oc2c1,1
CN(C)c1ccc2c(-c3cccc(F)c3)c3ccc(=[NH2+])cc-3oc2c1,1
CN(C)c1ccc(-c2c3ccc(=[NH2+])cc-3oc3cc(N(C)C)ccc23)cc1,1
CN(C)c1ccc2c(-c3cccc(Cl)c3)c3ccc(=[NH2+])cc-3oc2c1,1
CN(C)c1ccc2c(-c3ccc(C4OCCCO4)cc3)c3ccc(=[NH2+])cc-3oc2c1,1
CN(C)c1ccc2c(-c3ccc(CN4CCC5(CC4)OCCO5)cc3)c3ccc(=[NH2+])cc-3oc2c1,1
Cc1ccc(-c2c3ccc(=[NH2+])cc-3oc3cc(N(C)C)ccc23)cc1,1
COc1ccc(-c2c3ccc(=[NH2+])cc-3oc3cc(N(C)C)ccc23)cc1OC,1
COc1c(C)cc(-c2c3ccc(=[NH2+])cc-3oc3cc(N(C)C)ccc23)cc1C,1
Cc1cc(-c2c3ccc(=[NH2+])cc-3oc3cc(N(C)C)ccc23)ccc1F,1
CN(C)c1ccc2c(-c3cccs3)c3ccc(=[NH2+])cc-3oc2c1,1
CCCc1ccc(-c2c3ccc(=[NH2+])cc-3oc3cc(N(C)C)ccc23)cc1,1
COc1ccc(-c2c3ccc(=[NH2+])cc-3oc3cc(N(C)C)ccc23)cc1,1
CN(C)c1ccc2c(-c3cccc(CN4CCOCC4)c3)c3ccc(=[NH2+])cc-3oc2c1,1
CN(C)c1ccc2c(-c3cccc(CN4CCCCC4)c3)c3ccc(=[NH2+])cc-3oc2c1,1
CN(C)c1ccc2c(-c3ccc(CN4CCCCC4)cc3)c3ccc(=[NH2+])cc-3oc2c1,1
CN(C)c1ccc2c(-c3ccc(CN4CCCC4)cc3)c3ccc(=[NH2+])cc-3oc2c1,1
CN(C)c1ccc2c(-c3ccc(Oc4ccccc4)cc3)c3ccc(=[NH2+])cc-3oc2c1,1
CN(C)c1ccc2c(-c3ccc4ccccc4c3)c3ccc(=[NH2+])cc-3oc2c1,1
CSc1ccc(-c2c3ccc(=[NH2+])cc-3oc3cc(N(C)C)ccc23)cc1,1
CN(C)c1ccc2c(-c3ccc(-c4ccccc4)cc3)c3ccc(=[NH2+])cc-3oc2c1,1
[NH2+]=c1ccc2c(-c3ccc(F)cc3)c3ccc(N4CCCCC4)cc3oc-2c1,1
COc1ccc2cc(-c3c4ccc(=[NH2+])cc-4oc4cc5n(c34)CCCCCC=C5)ccc2c1,1
[NH2+]=c1ccc2c(-c3ccccc3)c3ccc(N4CCCCC4)cc3oc-2c1,1
Cc1cc(C)cc(-c2c3ccc(=[NH2+])cc-3oc3cc(N4CCCCC4)ccc23)c1,1
COc1cccc(-c2c3ccc(=[NH2+])cc-3oc3cc(N4CCCCC4)ccc23)c1,1
[NH2+]=c1ccc2c(-c3ccc4c(c3)OCO4)c3c(cc4n3CCCCCC=C4)oc-2c1,1
[NH2+]=c1ccc2c(-c3cccc(F)c3)c3ccc(N4CCCCC4)cc3oc-2c1,1
CN(C)c1ccc(-c2c3ccc(=[NH2+])cc-3oc3cc(N4CCCCC4)ccc23)cc1,1
[NH2+]=c1ccc2c(-c3cccc(Cl)c3)c3ccc(N4CCCCC4)cc3oc-2c1,1
[NH2+]=c1ccc2c(-c3ccc(C4OCCCO4)cc3)c3c(cc4n3CCCCCC=C4)oc-2c1,1
[NH2+]=c1ccc2c(-c3ccc(CN4CCC5(CC4)OCCO5)cc3)c3ccc(N4CCCCC4)cc3oc-2c1,1
Cc1ccc(-c2c3ccc(=[NH2+])cc-3oc3cc(N4CCCCC4)ccc23)cc1,1
COc1ccc(-c2c3ccc(=[NH2+])cc-3oc3cc(N4CCCCC4)ccc23)cc1OC,1
COc1c(C)cc(-c2c3ccc(=[NH2+])cc-3oc3cc(N4CCCCC4)ccc23)cc1C,1
Cc1cc(-c2c3ccc(=[NH2+])cc-3oc3cc(N4CCCCC4)ccc23)ccc1F,1
CCCc1ccc(-c2c3ccc(=[NH2+])cc-3oc3cc(N4CCCCC4)ccc23)cc1,1
COc1ccc(-c2c3ccc(=[NH2+])cc-3oc3cc(N4CCCCC4)ccc23)cc1,1
[NH2+]=c1ccc2c(-c3cccc(CN4CCOCC4)c3)c3c(cc4n3CCCCCC=C4)oc-2c1,1
[NH2+]=c1ccc2c(-c3cccc(CN4CCCCC4)c3)c3c(cc4n3CCCCCC=C4)oc-2c1,1
[NH2+]=c1ccc2c(-c3ccc(CN4CCCCC4)cc3)c3c(cc4n3CCCCCC=C4)oc-2c1,1
[NH2+]=c1ccc2c(-c3ccc(Oc4ccccc4)cc3)c3c(cc4n3CCCCCC=C4)oc-2c1,1
[NH2+]=c1ccc2c(-c3ccc4ccccc4c3)c3c(cc4n3CCCCCC=C4)oc-2c1,1
CSc1ccc(-c2c3ccc(=[NH2+])cc-3oc3cc(N4CCCCC4)ccc23)cc1,1
[NH2+]=c1ccc2c(-c3ccc(-c4ccccc4)cc3)c3c(cc4n3CCCCCC=C4)oc-2c1,1
COc1ccc2cc(-c3c4ccc(=[NH2+])cc-4oc4cc(O)ccc34)ccc2c1,1
COc1cccc(-c2c3ccc(=[NH2+])cc-3oc3cc(O)ccc23)c1,1
[NH2+]=c1ccc2c(-c3ccc4c(c3)OCO4)c3ccc(O)cc3oc-2c1,1
Cc1ccc(-c2c3ccc(=[NH2+])cc-3oc3cc(O)ccc23)cc1,1
COc1c(C)cc(-c2c3ccc(=[NH2+])cc-3oc3cc(O)ccc23)cc1C,1
Cc1cc(-c2c3ccc(=[NH2+])cc-3oc3cc(O)ccc23)ccc1F,1
CCCc1ccc(-c2c3ccc(=[NH2+])cc-3oc3cc(O)ccc23)cc1,1
[NH2+]=c1ccc2c(-c3ccc4ccccc4c3)c3ccc(O)cc3oc-2c1,1
CSc1ccc(-c2c3ccc(=[NH2+])cc-3oc3cc(O)ccc23)cc1,1
[NH2+]=c1ccc2c(-c3ccc(-c4ccccc4)cc3)c3ccc(O)cc3oc-2c1,1
CN(C)c1ccc2c(-c3ccc(F)cc3)c3ccc(=[NH2+])cc-3n(C)c2c1,1
CN(C)c1ccc2c(-c3ccc(F)c(Cl)c3)c3ccc(=[NH2+])cc-3n(C)c2c1,1
COc1ccc2cc(-c3c4ccc(=[NH2+])cc-4n(C)c4cc(N(C)C)ccc34)ccc2c1,1
CN(C)c1ccc2c(-c3ccc(C(C)(C)C)cc3)c3ccc(=[NH2+])cc-3n(C)c2c1,1
CN(C)c1ccc2c(-c3ccccc3)c3ccc(=[NH2+])cc-3n(C)c2c1,1
Cc1cc(C)cc(-c2c3ccc(=[NH2+])cc-3n(C)c3cc(N(C)C)ccc23)c1,1
COc1cccc(-c2c3ccc(=[NH2+])cc-3n(C)c3cc(N(C)C)ccc23)c1,1
CN(C)c1ccc2c(-c3ccc4c(c3)OCO4)c3ccc(=[NH2+])cc-3n(C)c2c1,1
CN(C)c1ccc2c(-c3cccc(F)c3)c3ccc(=[NH2+])cc-3n(C)c2c1,1
CN(C)c1ccc(-c2c3ccc(=[NH2+])cc-3n(C)c3cc(N(C)C)ccc23)cc1,1
CN(C)c1ccc2c(-c3cccc(Cl)c3)c3ccc(=[NH2+])cc-3n(C)c2c1,1
CN(C)c1ccc2c(-c3ccc(C4OCCCO4)cc3)c3ccc(=[NH2+])cc-3n(C)c2c1,1
Cc1ccc(-c2c3ccc(=[NH2+])cc-3n(C)c3cc(N(C)C)ccc23)cc1,1
COc1ccc(-c2c3ccc(=[NH2+])cc-3n(C)c3cc(N(C)C)ccc23)cc1OC,1
COc1c(C)cc(-c2c3ccc(=[NH2+])cc-3n(C)c3cc(N(C)C)ccc23)cc1C,1
Cc1cc(-c2c3ccc(=[NH2+])cc-3n(C)c3cc(N(C)C)ccc23)ccc1F,1
CCCc1ccc(-c2c3ccc(=[NH2+])cc-3n(C)c3cc(N(C)C)ccc23)cc1,1
COc1ccc(-c2c3ccc(=[NH2+])cc-3n(C)c3cc(N(C)C)ccc23)cc1,1
CN(C)c1ccc2c(-c3ccc(Oc4ccccc4)cc3)c3ccc(=[NH2+])cc-3n(C)c2c1,1
CN(C)c1ccc2c(-c3ccc4ccccc4c3)c3ccc(=[NH2+])cc-3n(C)c2c1,1
CSc1ccc(-c2c3ccc(=[NH2+])cc-3n(C)c3cc(N(C)C)ccc23)cc1,1
CN(C)c1ccc2c(-c3ccc(-c4ccccc4)cc3)c3ccc(=[NH2+])cc-3n(C)c2c1,1
CCNc1ccc2c(-c3ccc(F)cc3)c3ccc(=[NH2+])cc-3oc2c1,1
CCNc1ccc2c(-c3ccccc3)c3ccc(=[NH2+])cc-3oc2c1,1
CCNc1ccc2c(-c3cc(C)cc(C)c3)c3ccc(=[NH2+])cc-3oc2c1,1
CCNc1ccc2c(-c3cccc(OC)c3)c3ccc(=[NH2+])cc-3oc2c1,1
CCNc1ccc2c(-c3cccc(F)c3)c3ccc(=[NH2+])cc-3oc2c1,1
CCNc1ccc2c(-c3cccc(Cl)c3)c3ccc(=[NH2+])cc-3oc2c1,1
CCNc1ccc2c(-c3ccc(C4OCCCO4)cc3)c3ccc(=[NH2+])cc-3oc2c1,1
CCNc1ccc2c(-c3ccc(C)cc3)c3ccc(=[NH2+])cc-3oc2c1,1
CCNc1ccc2c(-c3cc(C)c(OC)c(C)c3)c3ccc(=[NH2+])cc-3oc2c1,1
CCNc1ccc2c(-c3ccc(F)c(C)c3)c3ccc(=[NH2+])cc-3oc2c1,1
CCNc1ccc2c(-c3ccc(OC)cc3)c3ccc(=[NH2+])cc-3oc2c1,1
CCNc1ccc2c(-c3ccc(Oc4ccccc4)cc3)c3ccc(=[NH2+])cc-3oc2c1,1
CCNc1ccc2c(-c3ccc4ccccc4c3)c3ccc(=[NH2+])cc-3oc2c1,1
CCNc1ccc2c(-c3ccc(SC)cc3)c3ccc(=[NH2+])cc-3oc2c1,1
CCNc1ccc2c(-c3ccc(-c4ccccc4)cc3)c3ccc(=[NH2+])cc-3oc2c1,1
Nc1ccc2c(-c3ccc(F)cc3)c3ccc(=[NH2+])cc-3sc2c1,1
Nc1ccc2c(-c3cc4ccccc4c4ccccc34)c3ccc(=[NH2+])cc-3sc2c1,1
COc1ccc2cc(-c3c4ccc(=[NH2+])cc-4sc4cc(N)ccc34)ccc2c1,1
CC(C)(C)c1ccc(-c2c3ccc(=[NH2+])cc-3sc3cc(N)ccc23)cc1,1
Nc1ccc2c(-c3ccccc3)c3ccc(=[NH2+])cc-3sc2c1,1
Cc1cc(C)cc(-c2c3ccc(=[NH2+])cc-3sc3cc(N)ccc23)c1,1
COc1cccc(-c2c3ccc(=[NH2+])cc-3sc3cc(N)ccc23)c1,1
Nc1ccc2c(-c3ccc4c(c3)OCO4)c3ccc(=[NH2+])cc-3sc2c1,1
Nc1ccc2c(-c3cccc(F)c3)c3ccc(=[NH2+])cc-3sc2c1,1
CN(C)c1ccc(-c2c3ccc(=[NH2+])cc-3sc3cc(N)ccc23)cc1,1
Nc1ccc2c(-c3cccc(Cl)c3)c3ccc(=[NH2+])cc-3sc2c1,1
Nc1ccc2c(-c3ccc(C4OCCCO4)cc3)c3ccc(=[NH2+])cc-3sc2c1,1
Nc1ccc2c(-c3ccc(CN4CCC5(CC4)OCCO5)cc3)c3ccc(=[NH2+])cc-3sc2c1,1
Cc1ccc(-c2c3ccc(=[NH2+])cc-3sc3cc(N)ccc23)cc1,1
COc1c(C)cc(-c2c3ccc(=[NH2+])cc-3sc3cc(N)ccc23)cc1C,1
Cc1cc(-c2c3ccc(=[NH2+])cc-3sc3cc(N)ccc23)ccc1F,1
CCCc1ccc(-c2c3ccc(=[NH2+])cc-3sc3cc(N)ccc23)cc1,1
COc1ccc(-c2c3ccc(=[NH2+])cc-3sc3cc(N)ccc23)cc1,1
Nc1ccc2c(-c3ccc(Oc4ccccc4)cc3)c3ccc(=[NH2+])cc-3sc2c1,1
Nc1ccc2c(-c3ccc(OC4CCCCO4)cc3)c3ccc(=[NH2+])cc-3sc2c1,1
Nc1ccc2c(-c3ccc4ccccc4c3)c3ccc(=[NH2+])cc-3sc2c1,1
Nc1ccc2c(-c3ccc(-c4ccccc4)cc3)c3ccc(=[NH2+])cc-3sc2c1,1
CC1=CC(C)(C)Nc2ccc3c(-c4ccc(F)cc4)c4ccc(=[NH2+])cc-4oc3c21,1
CC1=CC(C)(C)Nc2ccc3c(-c4ccccc4)c4ccc(=[NH2+])cc-4oc3c21,1
CC1=CC(C)(C)Nc2ccc3c(-c4cc(C)cc(C)c4)c4ccc(=[NH2+])cc-4oc3c21,1
COc1cccc(-c2c3ccc(=[NH2+])cc-3oc3c4c(ccc23)NC(C)(C)C=C4C)c1,1
CC1=CC(C)(C)Nc2ccc3c(-c4ccc5c(c4)OCO5)c4ccc(=[NH2+])cc-4oc3c21,1
CC1=CC(C)(C)Nc2ccc3c(-c4cccc(F)c4)c4ccc(=[NH2+])cc-4oc3c21,1
CC1=CC(C)(C)Nc2ccc3c(-c4cccc(Cl)c4)c4ccc(=[NH2+])cc-4oc3c21,1
CC1=CC(C)(C)Nc2ccc3c(-c4ccc(C5OCCCO5)cc4)c4ccc(=[NH2+])cc-4oc3c21,1
CC1=CC(C)(C)Nc2ccc3c(-c4ccc(CN5CCC6(CC5)OCCO6)cc4)c4ccc(=[NH2+])cc-4oc3c21,1
CC1=CC(C)(C)Nc2ccc3c(-c4ccc(C)cc4)c4ccc(=[NH2+])cc-4oc3c21,1
COc1c(C)cc(-c2c3ccc(=[NH2+])cc-3oc3c4c(ccc23)NC(C)(C)C=C4C)cc1C,1
CC1=CC(C)(C)Nc2ccc3c(-c4ccc(F)c(C)c4)c4ccc(=[NH2+])cc-4oc3c21,1
COc1ccc(-c2c3ccc(=[NH2+])cc-3oc3c4c(ccc23)NC(C)(C)C=C4C)cc1,1
CC1=CC(C)(C)Nc2ccc3c(-c4cccc(CN5CCCCC5)c4)c4ccc(=[NH2+])cc-4oc3c21,1
CC1=CC(C)(C)Nc2ccc3c(-c4ccc(CN5CCCCC5)cc4)c4ccc(=[NH2+])cc-4oc3c21,1
CC1=CC(C)(C)Nc2ccc3c(-c4ccc(Oc5ccccc5)cc4)c4ccc(=[NH2+])cc-4oc3c21,1
CC1=CC(C)(C)Nc2ccc3c(-c4ccc5ccccc5c4)c4ccc(=[NH2+])cc-4oc3c21,1
CSc1ccc(-c2c3ccc(=[NH2+])cc-3oc3c4c(ccc23)NC(C)(C)C=C4C)cc1,1
CC1=CC(C)(C)Nc2ccc3c(-c4ccc(-c5ccccc5)cc4)c4ccc(=[NH2+])cc-4oc3c21,1
CCCCN(CCCC)c1ccc2c(-c3ccc(F)cc3)c3ccc(=[NH2+])cc-3oc2c1,1
CCCCN(CCCC)c1ccc2c(-c3ccc4cc(OC)ccc4c3)c3ccc(=[NH2+])cc-3oc2c1,1
CCCCN(CCCC)c1ccc2c(-c3ccc(C(C)(C)C)cc3)c3ccc(=[NH2+])cc-3oc2c1,1
CCCCN(CCCC)c1ccc2c(-c3ccccc3)c3ccc(=[NH2+])cc-3oc2c1,1
CCCCN(CCCC)c1ccc2c(-c3cc(C)cc(C)c3)c3ccc(=[NH2+])cc-3oc2c1,1
CCCCN(CCCC)c1ccc2c(-c3cccc(OC)c3)c3ccc(=[NH2+])cc-3oc2c1,1
CCCCN(CCCC)c1ccc2c(-c3ccc4c(c3)OCO4)c3ccc(=[NH2+])cc-3oc2c1,1
CCCCN(CCCC)c1ccc2c(-c3cccc(F)c3)c3ccc(=[NH2+])cc-3oc2c1,1
CCCCN(CCCC)c1ccc2c(-c3ccc(N(C)C)cc3)c3ccc(=[NH2+])cc-3oc2c1,1
CCCCN(CCCC)c1ccc2c(-c3ccc(C)cc3)c3ccc(=[NH2+])cc-3oc2c1,1
CCCCN(CCCC)c1ccc2c(-c3cc(C)c(OC)c(C)c3)c3ccc(=[NH2+])cc-3oc2c1,1
CCCCN(CCCC)c1ccc2c(-c3ccc(F)c(C)c3)c3ccc(=[NH2+])cc-3oc2c1,1
CCCCN(CCCC)c1ccc2c(-c3ccc(CCC)cc3)c3ccc(=[NH2+])cc-3oc2c1,1
CCCCN(CCCC)c1ccc2c(-c3ccc(OC)cc3)c3ccc(=[NH2+])cc-3oc2c1,1
CCCCN(CCCC)c1ccc2c(-c3cccc(CN4CCOCC4)c3)c3ccc(=[NH2+])cc-3oc2c1,1
CCCCN(CCCC)c1ccc2c(-c3cccc(CN4CCCCC4)c3)c3ccc(=[NH2+])cc-3oc2c1,1
CCCCN(CCCC)c1ccc2c(-c3ccc(CN4CCCCC4)cc3)c3ccc(=[NH2+])cc-3oc2c1,1
CCCCN(CCCC)c1ccc2c(-c3ccc(Oc4ccccc4)cc3)c3ccc(=[NH2+])cc-3oc2c1,1
CCCCN(CCCC)c1ccc2c(-c3ccc4ccccc4c3)c3ccc(=[NH2+])cc-3oc2c1,1
CCCCN(CCCC)c1ccc2c(-c3ccc(SC)cc3)c3ccc(=[NH2+])cc-3oc2c1,1
CCCCN(CCCC)c1ccc2c(-c3ccc(-c4ccccc4)cc3)c3ccc(=[NH2+])cc-3oc2c1,1
CC1=CC(C)(C)Nc2ccc3c(-c4ccc(F)cc4)c4ccc(=[NH2+])cc-4n(C)c3c21,1
CC1=CC(C)(C)Nc2ccc3c(-c4ccc(F)c(Cl)c4)c4ccc(=[NH2+])cc-4n(C)c3c21,1
CC1=CC(C)(C)Nc2ccc3c(-c4cc(F)c(F)c(F)c4)c4ccc(=[NH2+])cc-4n(C)c3c21,1
COc1ccc2cc(-c3c4ccc(=[NH2+])cc-4n(C)c4c5c(ccc34)NC(C)(C)C=C5C)ccc2c1,1
CC1=CC(C)(C)Nc2ccc3c(-c4ccc(C(C)(C)C)cc4)c4ccc(=[NH2+])cc-4n(C)c3c21,1
CC1=CC(C)(C)Nc2ccc3c(-c4ccccc4)c4ccc(=[NH2+])cc-4n(C)c3c21,1
CC1=CC(C)(C)Nc2ccc3c(-c4cc(C)cc(C)c4)c4ccc(=[NH2+])cc-4n(C)c3c21,1
COc1cccc(-c2c3ccc(=[NH2+])cc-3n(C)c3c4c(ccc23)NC(C)(C)C=C4C)c1,1
CC1=CC(C)(C)Nc2ccc3c(-c4ccc5c(c4)OCO5)c4ccc(=[NH2+])cc-4n(C)c3c21,1
CC1=CC(C)(C)Nc2ccc3c(-c4cccc(F)c4)c4ccc(=[NH2+])cc-4n(C)c3c21,1
CC1=CC(C)(C)Nc2ccc3c(-c4ccc(C)cc4)c4ccc(=[NH2+])cc-4n(C)c3c21,1
COc1c(C)cc(-c2c3ccc(=[NH2+])cc-3n(C)c3c4c(ccc23)NC(C)(C)C=C4C)cc1C,1
CC1=CC(C)(C)Nc2ccc3c(-c4ccc(F)c(C)c4)c4ccc(=[NH2+])cc-4n(C)c3c21,1
CC1=CC(C)(C)Nc2ccc3c(-c4cccs4)c4ccc(=[NH2+])cc-4oc3c21,1
CCCc1ccc(-c2c3ccc(=[NH2+])cc-3n(C)c3c4c(ccc23)NC(C)(C)C=C4C)cc1,1
COc1ccc(-c2c3ccc(=[NH2+])cc-3n(C)c3c4c(ccc23)NC(C)(C)C=C4C)cc1,1
CC1=CC(C)(C)Nc2ccc3c(-c4cccc(CN5CCOCC5)c4)c4ccc(=[NH2+])cc-4n(C)c3c21,1
CC1=CC(C)(C)Nc2ccc3c(-c4cccc(CN5CCCCC5)c4)c4ccc(=[NH2+])cc-4n(C)c3c21,1
CC1=CC(C)(C)Nc2ccc3c(-c4ccc(CN5CCCCC5)cc4)c4ccc(=[NH2+])cc-4n(C)c3c21,1
CC1=CC(C)(C)Nc2ccc3c(-c4ccc(Oc5ccccc5)cc4)c4ccc(=[NH2+])cc-4n(C)c3c21,1
CC1=CC(C)(C)Nc2ccc3c(-c4ccc5ccccc5c4)c4ccc(=[NH2+])cc-4n(C)c3c21,1
CSc1ccc(-c2c3ccc(=[NH2+])cc-3n(C)c3c4c(ccc23)NC(C)(C)C=C4C)cc1,1
CC1=CC(C)(C)Nc2ccc3c(-c4ccc(-c5ccccc5)cc4)c4ccc(=[NH2+])cc-4n(C)c3c21,1
CCN(CC)c1ccc2c(-c3ccc4cc(OC)ccc4c3)c3ccc(=[NH2+])cc-3[nH]c2c1,1
CCN(CC)c1ccc2c(-c3cccc(OC)c3)c3ccc(=[NH2+])cc-3[nH]c2c1,1
CCN(CC)c1ccc2c(-c3ccc(C)cc3)c3ccc(=[NH2+])cc-3[nH]c2c1,1
CCN(CC)c1ccc2c(-c3ccc(F)c(C)c3)c3ccc(=[NH2+])cc-3[nH]c2c1,1
CCN(CC)c1ccc2c(-c3ccc4ccccc4c3)c3ccc(=[NH2+])cc-3[nH]c2c1,1
CCN(CCCN(C)C)c1ccc2c(-c3ccc(F)cc3)c3ccc(=[NH2+])cc-3oc2c1,1
CCN(CCCN(C)C)c1ccc2c(-c3ccc(F)c(Cl)c3)c3ccc(=[NH2+])cc-3oc2c1,1
CCN(CCCN(C)C)c1ccc2c(-c3ccc4cc(OC)ccc4c3)c3ccc(=[NH2+])cc-3oc2c1,1
CCN(CCCN(C)C)c1ccc2c(-c3ccc(C(C)(C)C)cc3)c3ccc(=[NH2+])cc-3oc2c1,1
CCN(CCCN(C)C)c1ccc2c(-c3ccccc3)c3ccc(=[NH2+])cc-3oc2c1,1
CCN(CCCN(C)C)c1ccc2c(-c3cc(C)cc(C)c3)c3ccc(=[NH2+])cc-3oc2c1,1
CCN(CCCN(C)C)c1ccc2c(-c3cccc(OC)c3)c3ccc(=[NH2+])cc-3oc2c1,1
CCN(CCCN(C)C)c1ccc2c(-c3ccc4c(c3)OCO4)c3ccc(=[NH2+])cc-3oc2c1,1
CCN(CCCN(C)C)c1ccc2c(-c3cccc(F)c3)c3ccc(=[NH2+])cc-3oc2c1,1
CCN(CCCN(C)C)c1ccc2c(-c3ccc(C)cc3)c3ccc(=[NH2+])cc-3oc2c1,1
CCN(CCCN(C)C)c1ccc2c(-c3cc(C)c(OC)c(C)c3)c3ccc(=[NH2+])cc-3oc2c1,1
CCN(CCCN(C)C)c1ccc2c(-c3ccc(F)c(C)c3)c3ccc(=[NH2+])cc-3oc2c1,1
CCCc1ccc(-c2c3ccc(=[NH2+])cc-3oc3cc(N(CC)CCCN(C)C)ccc23)cc1,1
CCN(CCCN(C)C)c1ccc2c(-c3ccc(OC)cc3)c3ccc(=[NH2+])cc-3oc2c1,1
CCN(CCCN(C)C)c1ccc2c(-c3ccc(Oc4ccccc4)cc3)c3ccc(=[NH2+])cc-3oc2c1,1
CCN(CCCN(C)C)c1ccc2c(-c3ccc4ccccc4c3)c3ccc(=[NH2+])cc-3oc2c1,1
CCN(CCCN(C)C)c1ccc2c(-c3ccc(SC)cc3)c3ccc(=[NH2+])cc-3oc2c1,1
CCN(CCCN(C)C)c1ccc2c(-c3ccc(-c4ccccc4)cc3)c3ccc(=[NH2+])cc-3oc2c1,1
Nc1ccc2c(-c3ccccc3C(=O)[O-])c3ccc(=[NH2+])cc-3oc2c1,1
CNc1ccc2c(-c3ccccc3C(=O)[O-])c3cc/c(=[NH+]\C)cc-3oc2c1,1
CN(C)c1ccc2c(-c3ccccc3C(=O)[O-])c3ccc(=[N+](C)C)cc-3oc2c1,1
CCNc1cc2oc3c/c(=[NH+]/CC)c(C)cc-3c(-c3ccccc3C(=O)[O-])c2cc1C,1
CCN(CC)c1ccc2c(-c3ccccc3C(=O)[O-])c3ccc(=[N+](CC)CC)cc-3oc2c1,1
CCNc1cc2oc3c/c(=[NH+]/CC)ccc-3c(-c3ccccc3C(=O)[O-])c2cc1C,1
O=C([O-])c1ccccc1-c1c2ccc(=[N+]3CCC3)cc-2oc2cc(N3CCC3)ccc12,1
O=C([O-])c1ccccc1-c1c2ccc(=[N+]3CCCC3)cc-2oc2cc(N3CCCC3)ccc12,1
O=C([O-])c1ccccc1-c1c2ccc(=[N+]3CCCCC3)cc-2oc2cc(N3CCCCC3)ccc12,1
O=C([O-])c1ccccc1-c1c2ccc(=[N+]3CCCCCC3)cc-2oc2cc(N3CCCCCC3)ccc12,1
O=C([O-])c1ccccc1C1=c2cc3c(cc2Oc2cc4c(cc21)CCCN4)=[NH+]CCC3,1
O=C([O-])c1ccccc1C1=c2cc3c4c(c2Oc2c1cc1c5c2CCCN5CCC1)CCC[N+]=4CCC3,1
CCN(CC)c1ccc2c(c1)Oc1c3c4c(cc1=C2c1ccccc1C(=O)[O-])CCC[N+]=4CCC3,1
CCNc1cc2c(cc1C)C(c1ccccc1C(=O)[O-])=c1cc3c4c(c1O2)CCC[N+]=4CCC3,1
CC1(C)CCN2CCC(C)(C)c3c4c(cc1c32)C(c1ccccc1C(=O)[O-])=c1cc2c3c(c1O4)C(C)(C)CC[N+]=3CCC2(C)C,1
CCN1CCN(CC)c2cc3c(cc21)Oc1cc2c(cc1=C3c1ccccc1C(=O)[O-])N(CC)CC[N+]=2CC,1
CCN1c2cc3oc4cc(=[NH2+])ccc-4c(-c4ccccc4C(=O)[O-])c3cc2N(CC)C2CCCCC21,1
CC/[NH+]=c1/cc2oc3cc4c(cc3c(-c3ccccc3C(=O)[O-])c-2cc1C)N(CC)C1CCCCC1N4CC,1
CCN1c2cc3oc4cc(=[N+](CC)CC)ccc-4c(-c4ccccc4C(=O)[O-])c3cc2N(CC)C2CCCCC21,1
CCN1c2cc3c(cc2N(CC)C2CCCCC21)C(c1ccccc1C(=O)[O-])=c1cc2c4c(c1O3)CCC[N+]=4CCC2,1
Nc1ccc2c(c1)Cc1c-2[o+]c2ccccc2c1-c1ccccc1C(=O)[O-],1
COc1ccc2c(-c3ccccc3C(=O)[O-])c3c([o+]c2c1)-c1ccc(N)cc1C3,1
Nc1ccc2c(c1)Cc1c-2[o+]c2cc(O)ccc2c1-c1ccccc1C(=O)[O-],1
CN(C)c1ccc2c(-c3ccccc3C(=O)[O-])c3c([o+]c2c1)-c1ccc(N)cc1C3,1
Nc1ccc2c(c1)Cc1c-2[o+]c2cc(Cl)ccc2c1-c1ccccc1C(=O)[O-],1
Nc1ccc2c(c1)Cc1c-2[o+]c2c3c4c(cc2c1-c1ccccc1C(=O)[O-])CCCN4CCC3,1
CCCN(CCC)c1ccc2c(-c3ccccc3C(=O)[O-])c3c([o+]c2c1)-c1ccc(N)cc1C3,1
CCCN(CCC)c1ccc2c(-c3ccccc3C(=O)[O-])c3c([o+]c2c1)-c1ccc(Cl)cc1C3,1
CCN(CC)c1ccc2c(-c3ccccc3C(=O)[O-])c3c([o+]c2c1)-c1ccccc1C3,1
CCN(CC)c1ccc2c(-c3ccccc3C(=O)[O-])c3c([o+]c2c1)-c1ccc(OC)cc1C3,1
CCN(CC)c1ccc2c(-c3ccccc3C(=O)[O-])c3c([o+]c2c1)-c1ccc(O)cc1C3,1
CCNc1ccc2c(c1)Cc1c-2[o+]c2cc(N(CC)CC)ccc2c1-c1ccccc1C(=O)[O-],1
CCN(CC)c1ccc2c(c1)Cc1c-2[o+]c2cc(N(CC)CC)ccc2c1-c1ccccc1C(=O)[O-],1
CN(C)c1ccc2c(c1)Cc1c-2[o+]c2c3c4c(cc2c1-c1ccccc1C(=O)[O-])CCCN4CCC3,1
CCN(CC)c1ccc2c(c1)Cc1c-2[o+]c2c3c4c(cc2c1-c1ccccc1C(=O)[O-])CCCN4CCC3,1
CCN(CC)c1ccc2c(-c3ccccc3C(=O)[O-])c3c([o+]c2c1)-c1cccc(O)c1C3,1
CCN(CC)c1ccc2c(-c3ccccc3C(=O)[O-])c3c([o+]c2c1)-c1cc(O)ccc1C3,1
CCN(CC)c1ccc2c(-c3ccccc3C(=O)[O-])c3c([o+]c2c1)-c1c(O)cccc1C3,1
CCN(CC)c1ccc2c(-c3ccccc3C(=O)[O-])c3c([o+]c2c1)-c1ccc(N)cc1CC3,1
O=S(=O)([O-])c1ccccc1-c1c2ccc(N3C4CCC3CC4)cc2[o+]c2cc(N3C4CCC3CC4)ccc12,1
O=S(=O)([O-])c1ccccc1-c1c2ccc(=[N+]3CC4CCC(CC4)C3)cc-2oc2cc(N3CC4CCC(CC4)C3)ccc12,1
CN(C)c1ccc2c(-c3ccccc3S(=O)(=O)[O-])c3ccc(=[N+](C)C)cc-3oc2c1,1
CN1CC2CCCN2c2cc3c(cc21)C(c1ccccc1C(=O)[O-])=c1cc2c4c(c1O3)CCC[N+]=4CCC2,1
CCN(CC)c1ccc2c(c1)Oc1cc3c(cc1=C2c1ccccc1C(=O)[O-])Sc1ccccc1[N+]=3CC,1
CN(C)c1cc2oc3cc(=[N+](C)C)c(-c4ccccc4)cc-3c(-c3ccccc3C(=O)[O-])c2cc1-c1ccccc1,1
CN1c2cc3c(cc2-c2ccccc2C1(C)C)C(c1ccccc1C(=O)[O-])=c1cc2c(cc1O3)=[N+](C)C(C)(C)c1ccccc1-2,1
CN1c2cc3c(cc2-c2ccsc2C1(C)C)C(c1ccccc1C(=O)[O-])=c1cc2c(cc1O3)=[N+](C)C(C)(C)c1sccc1-2,1
CN1c2cc3c(cc2-c2sccc2C1(C)C)C(c1ccccc1C(=O)[O-])=c1cc2c(cc1O3)=[N+](C)C(C)(C)c1ccsc1-2,1
CN1c2cc3c(cc2-c2sc4ccccc4c2C1(C)C)C(c1ccccc1C(=O)[O-])=c1cc2c(cc1O3)=[N+](C)C(C)(C)c1c-2sc2ccccc12,1
CN1c2cc3c(cc2-c2sccc2C1(C)C)C(c1c(Cl)c(Cl)c(Cl)c(Cl)c1C(=O)[O-])=c1cc2c(cc1O3)=[N+](C)C(C)(C)c1ccsc1-2,1
CN1c2cc3c(cc2-c2sccc2C1(C)C)C(c1c(F)c(F)c(F)c(F)c1C(=O)[O-])=c1cc2c(cc1O3)=[N+](C)C(C)(C)c1ccsc1-2,1
CN1c2cc3c(cc2-c2ccc4ccccc4c2C1(C)C)C(c1c(Cl)c(Cl)c(Cl)c(Cl)c1C(=O)[O-])=c1cc2c(cc1O3)=[N+](C)C(C)(C)c1c-2ccc2ccccc12,1
CN1c2cc3c(cc2-c2sccc2C1(C)C)C(c1ccc(S(=O)(=O)[O-])cc1S(=O)(=O)[O-])=c1cc2c(cc1O3)=[N+](C)C(C)(C)c1ccsc1-2,1
CN1c2cc3c(cc2-c2sc4ccccc4c2C1(C)C)C(c1ccc(S(=O)(=O)[O-])cc1S(=O)(=O)[O-])=c1cc2c(cc1O3)=[N+](C)C(C)(C)c1c-2sc2ccccc12,1
CN1c2cc3c(cc2-c2sc4ccccc4c2C1(C)c1ccccc1)C(c1ccc(S(=O)(=O)[O-])cc1S(=O)(=O)[O-])=c1cc2c(cc1O3)=[N+](C)C(C)(c1ccccc1)c1c-2sc2ccccc12,1
CN1c2cc3c(cc2-c2c(n(C)c4ccccc24)C1(C)c1ccccc1)C(c1ccc(S(=O)(=O)[O-])cc1S(=O)(=O)[O-])=c1cc2c(cc1O3)=[N+](C)C(C)(c1ccccc1)c1c-2c2ccccc2n1C,1
CC1(C)C2=CC(=[NH2+])C=CC2=C(c2ccccc2C(=O)[O-])c2ccc(N)cc21,1
CN(C)c1ccc2c(c1)C(C)(C)C1=CC(=[N+](C)C)C=CC1=C2c1ccccc1C(=O)[O-],1
CC1(C)C2=CC(=[N+]3CCCC3)C=CC2=C(c2ccccc2C(=O)[O-])c2ccc(N3CCCC3)cc21,1
CCN1CCCc2cc3c(cc21)C(C)(C)c1cc2c(cc1=C3c1ccccc1C(=O)[O-])CCC[N+]=2CC,1
CCN1c2cc3c(cc2C(C)=CC1(C)C)C(c1ccccc1C(=O)[O-])=c1cc2c(cc1C3(C)C)=[N+](CC)CCC2,1
CCN1c2cc3c(cc2C(C)=CC1(C)C)C(c1ccccc1C(=O)[O-])=c1cc2c(cc1C3(C)C)=[N+](CC)C(C)(C)C=C2C,1
CCN1CCCc2cc3c(cc21)C(C)(C)c1cc2c(cc1=C3c1c(Cl)c(Cl)c(Cl)c(Cl)c1C(=O)[O-])CCC[N+]=2CC,1
CCN1c2cc3c(cc2C(C)=CC1(C)C)C(c1c(Cl)c(Cl)c(Cl)c(Cl)c1C(=O)[O-])=c1cc2c(cc1C3(C)C)=[N+](CC)CCC2,1
CCN1c2cc3c(cc2C(C)=CC1(C)C)C(c1c(Cl)c(Cl)c(Cl)c(Cl)c1C(=O)[O-])=c1cc2c(cc1C3(C)C)=[N+](CC)C(C)(C)C=C2C,1
CN(C)c1ccc2c(c1)C(C)(C)C1=CC(=[N+](C)C)C=CC1=C2c1c(Cl)c(Cl)c(Cl)c(Cl)c1C(=O)[O-],1
Cc1ccccc1C1=C2C=CC(=[NH2+])C=C2[Si](C)(C)c2cc(N)ccc21,1
Cc1ccccc1C1=C2C=CC(=[N+](C)C)C=C2[Si](C)(C)c2cc(N(C)C)ccc21,1
Cc1ccccc1C1=c2cc3c(cc2[Si](C)(C)c2cc4c(cc21)CCN4C)=[N+](C)CC3,1
Cc1ccccc1C1=c2cc3c(cc2[Si](C)(C)c2cc4c(cc21)CCCN4C)=[N+](C)CCC3,1
CC1=CC(C)(C)N(C)c2cc3c(cc21)C(c1ccccc1C)=c1cc2c(cc1[Si]3(C)C)=[N+](C)C(C)(C)C=C2C,1
C[Si]1(C)c2cc3c(cc2C(c2ccccc2C(=O)O)=c2cc4c(cc21)=[NH+]CCC4)CCCN3,1
CCN(CC)c1ccc2c(c1)[Si](C)(C)C1=CC(=[N+](CC)CC)C=CC1=C2c1ccccc1C(=O)O,1
CN(C)c1ccc2c(-c3ccccc3)c3ccc(=[N+](C)C)cc-3sc2c1,1
CN(C)c1ccc2c(-c3ccccc3)c3ccc(=[N+](C)C)cc-3[se]c2c1,1
Nc1ccc2c(-c3ccccc3CO)c3ccc(=[NH2+])cc-3[se]c2c1,1
Cc1ccccc1C1=C2C=CC(=[N+](C)C)C=[C]2[Ge]([CH3])([CH3])[c]2cc(N(C)C)ccc21,1
Cc1ccccc1C1=C2C=CC(=[N+](C)C)C=C2[Te](=O)c2cc(N(C)C)ccc21,1
Cc1ccccc1C1=C2C=CC(=[N+](C)C)C=C2P(=O)([O-])c2cc(N(C)C)ccc21,1
CCOP1(=O)C2=CC(=[N+](C)C)C=CC2=C(c2ccccc2C)c2ccc(N(C)C)cc21,1
Cc1ccccc1C1=c2cc3c4c(c2P(=O)([O-])c2c1cc1c5c2CCCN5CCC1)CCC[N+]=4CCC3,1
CCOP1(=O)c2c(cc3c4c2CCCN4CCC3)C(c2ccccc2C)=c2cc3c4c(c21)CCC[N+]=4CCC3,1
CCN(CC)c1ccc2c(c1)P(C)(=O)C1=CC(=[N+](CC)CC)C=CC1=C2c1ccccc1,1
CCN(CC)c1ccc2c(c1)P(C)(=O)C1=CC(=[N+](CC)CC)C=CC1=C2c1ccccc1C,1
CCN(CC)c1ccc2c(c1)P(C)(=O)C1=CC(=[N+](CC)CC)C=CC1=C2c1c(C)cc(C)cc1C,1
CN(C)c1ccc2c(c1)S(=O)(=O)C1=CC(=[N+](C)C)C=CC1=C2c1ccccc1,1
Cc1ccccc1C1=C2C=CC(=[N+](C)C)C=C2S(=O)(=O)c2cc(N(C)C)ccc21,1
COc1ccccc1C1=C2C=CC(=[N+](C)C)C=C2S(=O)(=O)c2cc(N(C)C)ccc21,1
Cc1cccc(C)c1C1=C2C=CC(=[N+](C)C)C=C2S(=O)(=O)c2cc(N(C)C)ccc21,1
COc1cccc(OC)c1C1=C2C=CC(=[N+](C)C)C=C2S(=O)(=O)c2cc(N(C)C)ccc21,1
CN(C)c1ccc2cc3ccc(=[N+](C)C)cc-3oc2c1,1
CN(C)c1ccc2c(c1)[Si](C)(C)C1=CC(=[N+](C)C)C=CC1=C2,1
CN(C)c1ccc2[c](c1)[Ge]([CH3])([CH3])[C]1=CC(=[N+](C)C)C=CC1=C2,1
CN(C)c1ccc2[c](c1)[Sn]([CH3])([CH3])[C]1=CC(=[N+](C)C)C=CC1=C2,1
CN(C)c1ccc2cc3ccc(N(C)C)cc3nc2c1,1
c1cc2cc3ccc(N4CCC4)cc3nc2cc1N1CCC1,1
CN(C)c1ccc2c(c1)C(C)(C)C1=CC(=[N+](C)C)C=CC1=C2CCCCCCNC(=O)OC(C)(C)C,1
CN(C)c1ccc2[c](c1)[Ge]([CH3])([CH3])[C]1=CC(=[N+](C)C)C=CC1=C2CCCCCCNC(=O)OC(C)(C)C,1
CN(C)c1ccc2c(c1)[Si](C)(C)C1=CC(=[N+](C)C)C=CC1=C2CCCCCCNC(=O)OC(C)(C)C,1
CN(C)c1ccc2c(c1)C(C)(C)C1=CC(=[N+](C)C)C=CC1=C2,1
CCN(CC)c1ccc2c(c1)C(C)(C)C1=CC(=[N+](C)C)C=CC1=C2,1
CCN1CCc2cc3c(cc21)C(C)(C)c1cc2c(cc1=C3)CC[N+]=2CC,1
CCN1CCCc2cc3c(cc21)C(C)(C)c1cc2c(cc1=C3)CCC[N+]=2CC,1
CCN1c2cc3c(cc2C(C)=CC1(C)C)C=c1cc2c(cc1C3(C)C)=[N+](CC)C(C)(C)C=C2C,1
CCN1CCc2cc3c(cc21)C(C)(C)c1cc2c(cc1=C3)CCC[N+]=2CC,1
CCN1CCc2cc3c(cc21)C(C)(C)c1cc2c(cc1=C3)C(C)=CC(C)(C)[N+]=2CC,1
CCN1CCCc2cc3c(cc21)C(C)(C)c1cc2c(cc1=C3)C(C)=CC(C)(C)[N+]=2CC,1
CC[N+]1=c2cc3c(cc2CC1)=Cc1ccc(N(C)C)cc1C3(C)C,1
CC[N+]1=c2cc3c(cc2CCC1)=Cc1ccc(N(C)C)cc1C3(C)C,1
CC[N+]1=c2cc3c(cc2C(C)=CC1(C)C)=Cc1ccc(N(C)C)cc1C3(C)C,1
CC1=C2C=CC(=[N+](C)C)C=C2C(C)(C)c2cc(N(C)C)ccc21,1
CCSc1c2ccc(=[N+](CC)CC)cc-2oc2cc(N(CC)CC)ccc12,1
CCNc1c2ccc(=[N+](CC)CC)cc-2oc2cc(N(CC)CC)ccc12,1
N#CC1=c2cc3c4c(c2Oc2c1cc1c5c2CCCN5CCC1)CCC[N+]=4CCC3,1
Nc1ccc2nc3ccc(=[NH2+])cc-3oc2c1,1
CCNc1ccc2nc3cc/c(=[NH+]\CC)cc-3oc2c1,1
CCN(CC)c1ccc2nc3ccc(=[N+](CC)CC)cc-3oc2c1,1
CC[N+]1=c2cc3c(cc2CC1)=Nc1ccc(N)cc1O3,1
CC[N+]1=c2cc3c(cc2CCC1)=Nc1cc2c(cc1O3)N(CCCC(=O)O)CCC2,1
CC[N+]1=c2cc3c(cc2C(C)=CC1(C)C)=Nc1cc2c(cc1O3)N(CCCC(=O)O)CCC2,1
CN1CCOc2cc3c(cc21)Oc1cc2c(cc1=N3)OCC[N+]=2C,1
CN1CCSc2cc3c(cc21)Oc1cc2c(cc1=N3)OCC[N+]=2C,1
CN1CCCc2cc3c(cc21)Oc1cc2c(cc1=N3)OCC[N+]=2C,1
Nc1ccc2nc3c4ccccc4c(=[NH2+])cc-3oc2c1,1
CCN(CC)c1ccc2nc3c4ccccc4c(=[NH2+])cc-3oc2c1,1
[NH2+]=c1cc2oc3cc(N4CCCC4)ccc3nc-2c2ccccc12,1
[NH2+]=c1cc2oc3cc(N(CCCS(=O)(=O)O)CCCS(=O)(=O)O)ccc3nc-2c2ccccc12,1
CCN(CC)c1ccc2c(c1)OC1=C(/C=C/C3=[N+](C)c4ccccc4C3(C)C)CCCC1=C2,1
CCNc1cc2c(cc1C)C(c1ccccc1C(=O)O)=C1CCCC(/C=C/C3=[N+](C)c4ccccc4C3(C)C)=C1O2,1
CCNc1cc2c(cc1C)C(c1ccccc1C(=O)O)=C1CCCC(/C=C/C3=[N+](C)c4ccc5ccccc5c4C3(C)C)=C1O2,1
CCN(CC)c1ccc2c(c1)OC1=C(/C=C/C3=[N+](C)c4ccccc4C3(C)C)CCCC1=C2c1ccccc1C(=O)O,1
CCN(CC)c1ccc2c(c1)OC1=C(/C=C/C3=[N+](C)c4ccc5ccccc5c4C3(C)C)CCCC1=C2c1ccccc1C(=O)O,1
CCN(CC)c1ccc2c(c1)OC1=C(/C=C/C3=[N+](CC)c4ccccc4C3(C)C)CCCC1=C2c1ccccc1C(=O)O,1
C[N+]1=C(/C=C/C2=C3Oc4c(cc5c6c4CCCN6CCC5)C(c4ccccc4C(=O)O)=C3CCC2)C(C)(C)c2ccccc21,1
C[N+]1=C(/C=C/C2=C3Oc4c(cc5c6c4CCCN6CCC5)C(c4ccccc4C(=O)O)=C3CCC2)C(C)(C)c2c1ccc1ccccc21,1
CCN(CC)c1ccc2c(c1)OC1=C(/C=C/C3=[N+](CC)c4ccc5ccccc5c4C3(C)C)CCCC1=C2/C=C1/N(CC)c2ccccc2C1(C)C,1
CCNc1cc2c(cc1C)C(/C=C1/N(CC)c3ccccc3C1(C)C)=C1CCCC(/C=C/C3=[N+](CC)c4ccc5ccccc5c4C3(C)C)=C1O2,1
CCNc1ccc2c(c1)OC1=C(/C=C/C3=[N+](CC)c4ccc5ccccc5c4C3(C)C)CCCC1=C2/C=C1/N(CC)c2ccccc2C1(C)C,1
CCN1/C(=C/C2=C3CCCC(/C=C/C4=[N+](CC)c5ccc6ccccc6c5C4(C)C)=C3Oc3c2cc2c4c3CCCN4CCC2)C(C)(C)c2ccccc21,1
CCN(CC)c1ccc2c(-c3ccccc3C(=O)O)c3c([o+]c2c1)/C(=C/c1ccc(O)cc1)CCC3,1
CCN(CC)c1ccc2c(-c3ccccc3C(=O)O)c3c([o+]c2c1)/C(=C/c1ccc(O)c(Cl)c1)CCC3,1
CCN(CC)c1ccc(/C=C2\CCCc3c2[o+]c2cc(N(CC)CC)ccc2c3-c2ccccc2C(=O)O)cc1,1
CCN(CC)c1ccc(/C=C2\CCCc3c2[o+]c2cc(N(CC)CC)ccc2c3-c2ccccc2C(=O)O)c(O)c1,1
CCN(CC)c1ccc2c(c1)OC(=C1C=CC(=[N+](CC)CC)C=C1)C=C2c1ccccc1C(=O)O,1
CC[N+](CC)=C1C=CC(=C2C=C(c3ccccc3C(=O)O)c3cc4c5c(c3O2)CCCN5CCC4)C=C1,1
CCN(CC)c1ccc2c(c1)O/C(=C/C=C1C=CC(=[N+](CC)CC)C=C1)C=C2c1ccccc1C(=O)O,1
CC[N+](CC)=C1C=CC(=C/C=C2\C=C(c3ccccc3C(=O)O)c3cc4c5c(c3O2)CCCN5CCC4)C=C1,1
CCN(CC)c1ccc2c(c1)O/C(=C\C=c1/cc3c(oc1=O)=CC(=[N+](CC)CC)C=C3)C=C2c1ccccc1C(=O)O,1
CCN(CC)c1ccc2c(c1)O\C(=C/C=C/C=c1\cc3c(oc1=O)=CC(=[N+](CC)CC)C=C3)C=C2c1ccccc1C(=O)O,1
CCN(CC)c1ccc2cc(-c3cc(-c4ccccc4C(=O)O)c4ccc(=[N+](CC)CC)cc-4o3)c(=O)oc2c1,1
CCN(CC)c1ccc2c(c1)oc(=O)c1c(-c3ccccc3C(=O)O)c3ccc(=[N+](CC)CC)cc-3oc12,1
CC[N+](CC)=c1ccc2c(-c3ccccc3C(=O)O)c3c(=O)oc4ccccc4c3oc-2c1,1
CC[N+](CC)=c1ccc2c(-c3ccccc3C(=O)O)c3c(=O)oc4c5c6c(cc4c3oc-2c1)CCCN6CCC5,1
CC[N+](CC)=c1ccc2c(-c3ccccc3C(=O)O)c3c(=O)oc4cc(N(c5ccccc5)c5ccccc5)ccc4c3oc-2c1,1
O=C(O)c1ccccc1C1=c2cc3c4c(c2Oc2c1c(=O)oc1cc(N(c5ccccc5)c5ccccc5)ccc21)CCC[N+]=4CCC3,1
CCN(CC)c1ccc2c(c1)oc(=O)c1cc3ccc(=[N+](CC)CC)cc-3oc12,1
C[N+](C)=c1ccc2c(-c3ccccc3C(=O)O)c3ccc4cc(O)ccc4c3oc-2c1,1
C[N+](C)=c1ccc2c(-c3ccccc3C(=O)O)c3ccc4c(F)c(O)ccc4c3oc-2c1,1
C[N+](C)=c1ccc2c(-c3ccccc3C(=O)O)c3cc(F)c4cc(O)ccc4c3oc-2c1,1
CC/[NH+]=c1/cc2oc3c(ccc4cc(O)ccc43)c(-c3ccccc3C(=O)O)c-2cc1C,1
CCNc1cc2oc3c(ccc4cc(=O)ccc43)c(-c3ccccc3C(=O)O)c2cc1C,1
CC[N+](CC)=c1ccc2c(-c3ccccc3C(=O)O)c3ccc4cc(O)ccc4c3oc-2c1,1
CCN(CC)c1ccc2c(-c3ccccc3C(=O)O)c3ccc4cc(=O)ccc4c3oc2c1,1
O=C(O)c1ccc(C2=c3cc4c5c(c3Oc3c2ccc2cc(O)ccc32)CCC[N+]=5CCC4)c(C(=O)O)c1,1
O=C(O)c1ccc(-c2c3cc4c5c(c3oc3c2ccc2cc(=O)ccc23)CCCN5CCC4)c(C(=O)O)c1,1
COC(=O)c1ccccc1-c1c2ccc(=[NH2+])cc-2oc2c1ccc1cccc(O)c12,1
COC(=O)c1ccccc1-c1c2ccc(=[NH2+])cc-2oc2c1ccc1cccc(OC)c12,1
COC(=O)c1ccccc1-c1c2ccc(=[N+](C)C)cc-2oc2c1ccc1cccc(O)c12,1
COC(=O)c1ccccc1-c1c2ccc(=[N+](C)C)cc-2oc2c1ccc1cccc(OC)c12,1
COC(=O)c1ccccc1C1=c2cc3c4c(c2Oc2c1ccc1cccc(O)c21)CCC[N+]=4CCC3,1
COC(=O)c1ccccc1C1=c2cc3c4c(c2Oc2c1ccc1cccc(OC)c21)CCC[N+]=4CCC3,1
CN(C)c1ccc2c(-c3ccccc3C(=O)O)c3ccc4cc(=O)ccc4c3oc2c1,1
C[N+](C)=c1ccc2c(-c3c(F)c(F)c(F)c(F)c3C(=O)O)c3ccc4cc(O)ccc4c3oc-2c1,1
CN(C)c1ccc2c(-c3c(F)c(F)c(F)c(F)c3C(=O)O)c3ccc4cc(=O)ccc4c3oc2c1,1
C[N+](C)=c1ccc2c(-c3c(Cl)c(Cl)c(Cl)c(Cl)c3C(=O)O)c3ccc4cc(O)ccc4c3oc-2c1,1
CN(C)c1ccc2c(-c3c(Cl)c(Cl)c(Cl)c(Cl)c3C(=O)O)c3ccc4cc(=O)ccc4c3oc2c1,1
C[N+](C)=c1ccc2c(-c3ccccc3C(=O)O)c3c(ccc4ccc(O)cc43)oc-2c1,1
COC(=O)c1ccccc1-c1c2ccc(=[NH2+])cc-2oc2c1ccc1cccc(N)c12,1
COC(=O)c1ccccc1-c1c2ccc(=[N+](C)C)cc-2oc2c1ccc1cccc(N)c12,1
COC(=O)c1ccccc1C1=c2cc3c4c(c2Oc2c1ccc1cccc(N)c21)CCC[N+]=4CCC3,1
Nc1ccc2c(ccc3c(-c4ccccc4C(=O)[O-])c4ccc(=[NH2+])cc-4oc32)c1,1
C[N+](C)=c1ccc2c(-c3ccccc3C(=O)[O-])c3ccc4cc(N)ccc4c3oc-2c1,1
CN(C)c1ccc2c(ccc3c(-c4ccccc4C(=O)[O-])c4ccc(=[NH2+])cc-4oc32)c1,1
Nc1ccc2c3c(ccc2c1)C(c1ccccc1C(=O)[O-])=c1cc2c4c(c1O3)CCC[N+]=4CCC2,1
CNc1ccc2c3c(ccc2c1)C(c1ccccc1C(=O)[O-])=c1cc2c4c(c1O3)CCC[N+]=4CCC2,1
Nc1ccc2c(ccc3c(-c4ccc(N)c(N)c4)c4ccc5cc(N)ccc5c4[o+]c32)c1,1
CCN(CC)c1ccc2c(ccc3c(-c4ccc(N)c(N)c4)c4ccc5cc(N(CC)CC)ccc5c4[o+]c32)c1,1
Nc1ccc2c(ccc3c(-c4ccc5nn[nH]c5c4)c4ccc5cc(N)ccc5c4[o+]c32)c1,1
CCN(CC)c1ccc2c(ccc3c(-c4ccc5nn[nH]c5c4)c4ccc5cc(N(CC)CC)ccc5c4[o+]c32)c1,1
c1ccc(C2=c3cc4cc5c6c(c4cc3C3(c4ccccc4Oc4ccccc43)c3cc4c7c8c(cc4cc32)CCCN8CCC7)CCC[N+]=6CCC5)cc1,1
Cc1ccccc1C1=c2cc3cc4c5c(c3cc2C2(c3ccccc3Oc3ccccc32)c2cc3c6c7c(cc3cc21)CCCN7CCC6)CCC[N+]=5CCC4,1
CCc1ccccc1C1=c2cc3cc4c5c(c3cc2C2(c3ccccc3Oc3ccccc32)c2cc3c6c7c(cc3cc21)CCCN7CCC6)CCC[N+]=5CCC4,1
Cc1cccc(C)c1C1=c2cc3cc4c5c(c3cc2C2(c3ccccc3Oc3ccccc32)c2cc3c6c7c(cc3cc21)CCCN7CCC6)CCC[N+]=5CCC4,1
COCc1ccccc1C1=c2cc3cc4c5c(c3cc2C2(c3ccccc3Oc3ccccc32)c2cc3c6c7c(cc3cc21)CCCN7CCC6)CCC[N+]=5CCC4,1
COc1ccccc1C1=c2cc3cc4c5c(c3cc2C2(c3ccccc3Oc3ccccc32)c2cc3c6c7c(cc3cc21)CCCN7CCC6)CCC[N+]=5CCC4,1
Cc1c2c(n3ccccc13)C(=O)N(C(C)CO)C2,1
Cc1c2c(n3ccc(-c4ccccc4)cc13)C(=O)N(C(C)CO)C2,1
Cc1c2c(n3ccc(C#N)cc13)C(=O)N(C(C)CO)C2,1
CC(=O)c1ccn2c3c(c(C)c2c1)CN(C(C)CO)C3=O,1
CC(CO)N1Cc2c(-c3ccccc3)c3ccccn3c2C1=O,1
COc1ccn2c3c(c(-c4ccccc4)c2c1)CN(C(C)CO)C3=O,1
CC(CO)N1Cc2c(-c3ccccc3)c3cc(-c4ccccc4)ccn3c2C1=O,1
CC(CO)N1Cc2c(-c3ccccc3)c3cc(C#N)ccn3c2C1=O,1
CC(=O)c1ccn2c3c(c(-c4ccccc4)c2c1)CN(C(C)CO)C3=O,1
COc1ccccc1-c1c2c(n3ccccc13)C(=O)N(C(C)CO)C2,1
COc1ccn2c3c(c(-c4ccccc4OC)c2c1)CN(C(C)CO)C3=O,1
COc1ccccc1-c1c2c(n3ccc(-c4ccccc4)cc13)C(=O)N(C(C)CO)C2,1
COc1ccccc1-c1c2c(n3ccc(C#N)cc13)C(=O)N(C(C)CO)C2,1
COc1ccccc1-c1c2c(n3ccc(C(C)=O)cc13)C(=O)N(C(C)CO)C2,1
CC(CO)N1Cc2c(-c3cccs3)c3ccccn3c2C1=O,1
COc1ccn2c3c(c(-c4cccs4)c2c1)CN(C(C)CO)C3=O,1
CC(CO)N1Cc2c(-c3cccs3)c3cc(-c4ccccc4)ccn3c2C1=O,1
CC(CO)N1Cc2c(-c3cccs3)c3cc(C#N)ccn3c2C1=O,1
CC(=O)c1ccn2c3c(c(-c4cccs4)c2c1)CN(C(C)CO)C3=O,1
CC(CO)N1Cc2c(-c3ccc(N(C)C)cc3)c3ccccn3c2C1=O,1
COc1ccn2c3c(c(-c4ccc(N(C)C)cc4)c2c1)CN(C(C)CO)C3=O,1
CC(CO)N1Cc2c(-c3ccc(N(C)C)cc3)c3cc(-c4ccccc4)ccn3c2C1=O,1
CC(CO)N1Cc2c(-c3ccc(N(C)C)cc3)c3cc(C#N)ccn3c2C1=O,1
CC(=O)c1ccn2c3c(c(-c4ccc(N(C)C)cc4)c2c1)CN(C(C)CO)C3=O,1
Cc1ccn2c3c(c(-c4ccc(C#N)cc4)c2c1)CN(CCNC(=O)OC(C)(C)C)C3=O,1
COc1ccn2c3c(c(-c4ccc(C#N)cc4)c2c1)CN(CCNC(=O)OC(C)(C)C)C3=O,1
COC(=O)c1ccn2c3c(c(-c4ccc(C#N)cc4)c2c1)CN(CCNC(=O)OC(C)(C)C)C3=O,1
CC(=O)c1ccn2c3c(c(-c4ccc(C#N)cc4)c2c1)CN(CCNC(=O)OC(C)(C)C)C3=O,1
Cc1ccn2c3c(c(-c4ccc(Br)cc4)c2c1)CN(CCNC(=O)OC(C)(C)C)C3=O,1
COc1ccn2c3c(c(-c4ccc(Br)cc4)c2c1)CN(CCNC(=O)OC(C)(C)C)C3=O,1
COC(=O)c1ccn2c3c(c(-c4ccc(Br)cc4)c2c1)CN(CCNC(=O)OC(C)(C)C)C3=O,1
CC(=O)c1ccn2c3c(c(-c4ccc(Br)cc4)c2c1)CN(CCNC(=O)OC(C)(C)C)C3=O,1
Cc1ccc(-c2c3c(n4ccc(C)cc24)C(=O)N(CCNC(=O)OC(C)(C)C)C3)cc1,1
COc1ccn2c3c(c(-c4ccc(C)cc4)c2c1)CN(CCNC(=O)OC(C)(C)C)C3=O,1
COC(=O)c1ccn2c3c(c(-c4ccc(C)cc4)c2c1)CN(CCNC(=O)OC(C)(C)C)C3=O,1
CC(=O)c1ccn2c3c(c(-c4ccc(C)cc4)c2c1)CN(CCNC(=O)OC(C)(C)C)C3=O,1
COc1ccc(-c2c3c(n4ccc(C)cc24)C(=O)N(CCNC(=O)OC(C)(C)C)C3)cc1,1
COC(=O)c1ccn2c3c(c(-c4ccc(OC)cc4)c2c1)CN(CCNC(=O)OC(C)(C)C)C3=O,1
COc1ccc(-c2c3c(n4ccc(C(C)=O)cc24)C(=O)N(CCNC(=O)OC(C)(C)C)C3)cc1,1
Cc1ccn2c3c(c(-c4ccc(N(c5ccccc5)c5ccccc5)cc4)c2c1)CN(CCNC(=O)OC(C)(C)C)C3=O,1
COC(=O)c1ccn2c3c(c(-c4ccc(N(c5ccccc5)c5ccccc5)cc4)c2c1)CN(CCNC(=O)OC(C)(C)C)C3=O,1
CC(=O)c1ccn2c3c(c(-c4ccc(N(c5ccccc5)c5ccccc5)cc4)c2c1)CN(CCNC(=O)OC(C)(C)C)C3=O,1
CCCN(CCC)c1ccc(-c2c3c(n4ccc(C(=O)OC)cc24)C(=O)N(CCNC(=O)OC(C)(C)C)C3)cc1,1
CCCN(CCC)c1ccc(-c2c3c(n4ccc(C(C)=O)cc24)C(=O)N(CCNC(=O)OC(C)(C)C)C3)cc1,1
CC(=O)c1ccn2c3c(c(-c4ccccc4C#N)c2c1)CN(CCNC(=O)OC(C)(C)C)C3=O,1
CC(=O)c1ccn2c3c(c(-c4cccc(C#N)c4)c2c1)CN(CCNC(=O)OC(C)(C)C)C3=O,1
CC(=O)c1ccn2c3c(c(-c4ccccc4Br)c2c1)CN(CCNC(=O)OC(C)(C)C)C3=O,1
CC(=O)c1ccn2c3c(c(-c4cccc(Br)c4)c2c1)CN(CCNC(=O)OC(C)(C)C)C3=O,1
COc1ccccc1-c1c2c(n3ccc(C(C)=O)cc13)C(=O)N(CCNC(=O)OC(C)(C)C)C2,1
COc1cccc(-c2c3c(n4ccc(C(C)=O)cc24)C(=O)N(CCNC(=O)OC(C)(C)C)C3)c1,1
CC(=O)c1ccn2c3c(c(-c4ccccc4N(C)C)c2c1)CN(CCNC(=O)OC(C)(C)C)C3=O,1
CC(=O)c1ccn2c3c(c(-c4cccc(N(C)C)c4)c2c1)CN(CCNC(=O)OC(C)(C)C)C3=O,1
Cc1ccc2c(-c3ccc(Br)cc3)c3c(n2c1)C(=O)N(CCNC(=O)OC(C)(C)C)C3,1
Cc1cccn2c3c(c(-c4ccc(Br)cc4)c12)CN(CCNC(=O)OC(C)(C)C)C3=O,1
CC(=O)c1ccc2c(-c3ccc(Br)cc3)c3c(n2c1)C(=O)N(CCNC(=O)OC(C)(C)C)C3,1
CC(=O)c1cccn2c3c(c(-c4ccc(Br)cc4)c12)CN(CCNC(=O)OC(C)(C)C)C3=O,1
COc1ccc(-c2c3c(n4cc(C)ccc24)C(=O)N(CCNC(=O)OC(C)(C)C)C3)cc1,1
COc1ccc(-c2c3c(n4cccc(C)c24)C(=O)N(CCNC(=O)OC(C)(C)C)C3)cc1,1
COc1ccc(-c2c3c(n4cc(C(C)=O)ccc24)C(=O)N(CCNC(=O)OC(C)(C)C)C3)cc1,1
COc1ccc(-c2c3c(n4cccc(C(C)=O)c24)C(=O)N(CCNC(=O)OC(C)(C)C)C3)cc1,1
Cc1ccc2c(-c3ccc(C(F)(F)F)cc3)c3c(n2c1)C(=O)N(C)C3,1
CC(=O)c1ccc2c(-c3ccc(C(F)(F)F)cc3)c3c(n2c1)C(=O)N(C)C3,1
CC(=O)c1ccc2c(-c3ccc(O)cc3)c3c(n2c1)C(=O)N(C)C3,1
CCN(CC)c1ccc(-c2c3c(n4cc(C(C)=O)ccc24)C(=O)N(C)C3)cc1,1
c1ccc(-c2[o+]c3c(-c4ccccc4)c(-c4ccccc4)c4cccc5ccc(c2-c2ccccc2)c3c54)cc1,1
Cc1ccc(-c2[o+]c3c(-c4ccc(C)cc4)c(-c4ccc(C)cc4)c4cccc5ccc(c2-c2ccc(C)cc2)c3c54)cc1,1
CCc1ccc(-c2c(-c3ccc(OC)cc3)[o+]c3c(-c4ccc(OC)cc4)c(-c4ccc(OC)cc4)c4cccc5ccc2c3c54)cc1,1
Fc1cccc(-c2[o+]c3c(-c4cccc(F)c4)c(-c4cccc(F)c4)c4cccc5ccc(c2-c2cccc(F)c2)c3c54)c1,1
Clc1ccc(-c2[o+]c3c(-c4ccc(Cl)cc4)c(-c4ccc(Cl)cc4)c4cccc5ccc(c2-c2ccc(Cl)cc2)c3c54)cc1,1
FC(F)(F)c1ccc(-c2[o+]c3c(-c4ccc(C(F)(F)F)cc4)c(-c4ccc(C(F)(F)F)cc4)c4cccc5ccc(c2-c2ccc(C(F)(F)F)cc2)c3c54)cc1,1
O=Cc1ccc(-c2[o+]c3c(-c4ccc(C=O)cc4)c(-c4ccc(C=O)cc4)c4cccc5ccc(c2-c2ccc(C=O)cc2)c3c54)cc1,1
CCc1c(-c2ccccc2)c2[o+]c(-c3ccccc3)c(CC)c3ccc4cccc1c4c32,1
c1ccc(-c2[o+]c3c(-c4ccccc4)c(-c4ccccc4)c4cccc5c6ccccc6c(c2-c2ccccc2)c3c45)cc1,1
COc1ccc(-c2[o+]c3c(-c4ccc(OC)cc4)c(-c4ccc(OC)cc4)c4cccc5c6ccccc6c(c2-c2ccc(OC)cc2)c3c45)cc1,1
c1ccc(-c2[o+]c3c(-c4ccccc4)c(-c4ccccc4)c4cc5cccc6ccc7cc(c2-c2ccccc2)c3c4c7c65)cc1,1
COc1ccc(-c2[o+]c3c(-c4ccc(OC)cc4)c(-c4ccc(OC)cc4)c4cc5cccc6ccc7cc(c2-c2ccc(OC)cc2)c3c4c7c65)cc1,1
CCCc1[o+]c2c(CCC)c(CCC)c3cc4cccc5ccc6cc(c1CCC)c2c3c6c54,1
CCCc1cc2ccc3[o+]c(CCC)c(CCC)c4ccc(c1CCC)c2c34,1
CCCc1cc2c3[o+]c(CCC)c(CCC)c4cccc(c5cccc(c1CCC)c52)c43,1
COc1ccc(C2=Cc3c(-c4ccc(OC)cc4)cc[n+]4cccc(c34)O2)cc1,1
Fc1ccc(C2=Cc3c(-c4ccc(F)cc4)cc[n+]4cccc(c34)O2)cc1,1
Clc1ccc(C2=Cc3c(-c4ccc(Cl)cc4)cc[n+]4cccc(c34)O2)cc1,1
CC(C)(C)c1ccc(-c2c(-c3ccc(C(C)(C)C)cc3)c3cc4c(-c5ccc(C(C)(C)C)cc5)c(-c5ccc(C(C)(C)C)cc5)c5ccc6ccccc6c5c4c4ccc5cccc2c5c34)cc1,1
CCOC(=O)/C=C/c1cc(-c2ccc(N(C)C)c(/C=C/C(=O)OCC)c2)ccc1N(C)C,1
CCOC(=O)/C=C/c1ccc(-c2ccc(/C=C/C(=O)OCC)c(N(C)C)c2)cc1N(C)C,1
CCCCCCCCCCC(CCCCCCCC)CN1C(=O)C2=C(c3cccs3)N(CC(CCCCCCCC)CCCCCCCCCC)C(=O)C2=C1c1cccs1,1
CCCCCCCCCCC(CCCCCCCC)CN1C(=O)C2=C(c3ccc(-c4cccc(C)c4-c4ccc5ccccc5n4)s3)N(CC(CCCCCCCC)CCCCCCCCCC)C(=O)C2=C1c1cccs1,1
Cn1c(=O)c2c(nc(-c3ccccc3)n2C)n(C)c1=O,1
Cc1ccc(-c2nc3c(c(=O)n(Cc4ccccc4)c(=O)n3C)n2C)cc1,1
COc1ccc(-c2nc3c(c(=O)n(C)c(=O)n3C)n2C)cc1,1
COc1ccccc1-c1nc2c(c(=O)n(C)c(=O)n2C)n1C,1
Cn1c(=O)c2c(nc(-c3cc4ccccc4c4ccccc34)n2C)n(C)c1=O,1
Cn1c(=O)c2c(nc(-c3cccc4ccccc34)n2C)n(C)c1=O,1
Cc1ccc(-c2nc3c(c(=O)n(C)c(=O)n3C)n2Cc2ccccc2)cc1,1
CN1C(=O)C2C(N=C(c3ccc(N(C)C)cc3)N2C)N(C)C1=O,1
Cn1c(=O)c2c(nc(-c3ccc(C=O)cc3)n2C)n(C)c1=O,1
c1ccc(-c2nnc3ccccn23)cc1,1
Cc1ccc(-c2nnc3ccccn23)cc1,1
CC(C)(C)c1ccc(-c2nnc3ccccn23)cc1,1
COc1ccc(-c2nnc3ccccn23)cc1,1
COc1ccccc1-c1nnc2ccccn12,1
COc1ccc(-c2nnc3ccccn23)cc1OC,1
CN(C)c1ccc(-c2nnc3ccccn23)cc1,1
Brc1ccc(-c2nnc3ccccn23)cc1,1
Clc1ccc(-c2nnc3ccccn23)cc1,1
Fc1ccc(-c2nnc3ccccn23)cc1,1
N#Cc1ccc(-c2nnc3ccccn23)cc1,1
FC(F)(F)c1cc(-c2nnc3ccccn23)cc(C(F)(F)F)c1,1
c1ccc2c(-c3nnc4ccccn34)cccc2c1,1
c1csc(-c2nnc3ccccn23)c1,1
c1ccc(-c2nnc3ccccn23)nc1,1
c1ccc(C2=C(c3ccccc3)c3ccc4c5c(ccc(c35)O2)OC(c2ccccc2)=C4c2ccccc2)cc1,1
c1ccc(C2=C(c3ccccc3)c3ccc4c5c(c(-c6ccccc6)cc(c35)O2)OC(c2ccccc2)=C4c2ccccc2)cc1,1
Cc1ccc(C)c(-c2cc3c4c(ccc5c4c2OC(c2ccccc2)=C5c2ccccc2)C(c2ccccc2)=C(c2ccccc2)O3)c1,1
Fc1ccc(F)c(-c2cc3c4c(ccc5c4c2OC(c2ccccc2)=C5c2ccccc2)C(c2ccccc2)=C(c2ccccc2)O3)c1,1
COc1ccc(C)cc1-c1cc2c3c(ccc4c3c1OC(c1ccccc1)=C4c1ccccc1)C(c1ccccc1)=C(c1ccccc1)O2,1
COc1ccc(Cl)cc1-c1cc2c3c(ccc4c3c1OC(c1ccccc1)=C4c1ccccc1)C(c1ccccc1)=C(c1ccccc1)O2,1
Clc1ccc(-c2cc3c4c(ccc5c4c2OC(c2ccccc2)=C5c2ccccc2)C(c2ccccc2)=C(c2ccccc2)O3)cc1Cl,1
COc1ccc(-c2cc3c4c(ccc5c4c2OC(c2ccccc2)=C5c2ccccc2)C(c2ccccc2)=C(c2ccccc2)O3)cc1Br,1
COc1ccc(-c2cc3c4c(ccc5c4c2OC(c2ccccc2)=C5c2ccccc2)C(c2ccccc2)=C(c2ccccc2)O3)c(OC)c1,1
Cc1cc2c3c(ccc4c3c1OC(c1ccccc1)=C4c1ccccc1)C(c1ccccc1)=C(c1ccccc1)O2,1
Fc1ccc(C2=C(c3ccc(F)cc3)c3ccc4c5c(ccc(c35)O2)OC(c2ccc(F)cc2)=C4c2ccc(F)cc2)cc1,1
Clc1ccc(C2=C(c3ccc(Cl)cc3)c3ccc4c5c(ccc(c35)O2)OC(c2ccc(Cl)cc2)=C4c2ccc(Cl)cc2)cc1,1
Brc1ccc(C2=C(c3ccc(Br)cc3)c3ccc4c5c(ccc(c35)O2)OC(c2ccc(Br)cc2)=C4c2ccc(Br)cc2)cc1,1
FC(F)(F)c1ccc(C2=C(c3ccc(C(F)(F)F)cc3)c3ccc4c5c(ccc(c35)O2)OC(c2ccc(C(F)(F)F)cc2)=C4c2ccc(C(F)(F)F)cc2)cc1,1
Fc1cccc(C2=C(c3cccc(F)c3)c3ccc4c5c(ccc(c35)O2)OC(c2cccc(F)c2)=C4c2cccc(F)c2)c1,1
Fc1ccccc1C1=C(c2ccccc2F)c2ccc3c4c(ccc(c24)O1)OC(c1ccccc1F)=C3c1ccccc1F,1
CC1=C(c2ccccc2)Oc2ccc3c4c(ccc1c24)C(C)=C(c1ccccc1)O3,1
CC(C)(C)c1ccc(-c2oc3c4oc(-c5ccc(C(C)(C)C)cc5)c(-c5ccc(C(C)(C)C)cc5)c5cccc(c6cccc(c2-c2ccc(C(C)(C)C)cc2)c63)c54)cc1,1
CC(C)(C)c1ccc(-c2oc3c4oc(-c5ccc(C(C)(C)C)cc5)c(-c5ccc(C(C)(C)C)cc5)c5cc(Br)cc(c6cc(Br)cc(c2-c2ccc(C(C)(C)C)cc2)c63)c54)cc1,1
COc1ccc(-c2cc3c(-c4ccccc4)c(-c4ccccc4)oc4c5oc(-c6ccccc6)c(-c6ccccc6)c6cc(-c7ccc(OC)cc7)cc(c(c2)c34)c65)cc1,1
CC(C)(C)c1ccc(-c2cc3c(-c4ccccc4)c(-c4ccccc4)oc4c5oc(-c6ccccc6)c(-c6ccccc6)c6cc(-c7ccc(C(C)(C)C)cc7)cc(c(c2)c34)c65)cc1,1
CC(C)(C)c1ccc(-c2cc3c(-c4ccc(F)cc4)c(-c4ccc(F)cc4)oc4c5oc(-c6ccc(F)cc6)c(-c6ccc(F)cc6)c6cc(-c7ccc(C(C)(C)C)cc7)cc(c(c2)c34)c65)cc1,1
F[B-]1(F)n2cccc2C(c2ccccc2)=C2C=CC=[N+]21,1
COc1ccc(C2=C3C=CC=[N+]3[B-](F)(F)n3cccc32)cc1,1
O=[N+]([O-])c1ccccc1C1=CC2=C(c3ccccc3)c3cccn3[B-](F)(F)[N+]2=C1,1
O=[N+]([O-])c1ccccc1C1=CC2=C(c3ccccc3)c3cc(-c4ccccc4[N+](=O)[O-])cn3[B-](F)(F)[N+]2=C1,1
O=[N+]([O-])c1cc(Cl)ccc1C1=CC2=C(c3ccccc3)c3cccn3[B-](F)(F)[N+]2=C1,1
O=[N+]([O-])c1cc(Cl)ccc1-c1cc2n(c1)[B-](F)(F)[N+]1=CC=CC1=C2c1ccccc1,1
O=[N+]([O-])c1cc(Cl)ccc1C1=CC2=C(c3ccccc3)c3cc(-c4ccc(Cl)cc4[N+](=O)[O-])cn3[B-](F)(F)[N+]2=C1,1
COc1ccc([N+](=O)[O-])c(-c2cc3n(c2)[B-](F)(F)[N+]2=CC=CC2=C3c2ccccc2)c1,1
COc1ccc([N+](=O)[O-])c(C2=CC3=C(c4ccccc4)c4cccn4[B-](F)(F)[N+]3=C2)c1,1
COc1ccc([N+](=O)[O-])c(C2=CC3=C(c4ccccc4)c4cc(-c5cc(OC)ccc5[N+](=O)[O-])cn4[B-](F)(F)[N+]3=C2)c1,1
COc1cccc(OC)c1-c1cc2n(c1)[B-](F)(F)[N+]1=CC=CC1=C2c1ccccc1,1
COc1cccc(OC)c1C1=CC2=C(c3ccccc3)c3cccn3[B-](F)(F)[N+]2=C1,1
COc1cccc(OC)c1C1=CC2=C(c3ccccc3)c3cc(-c4c(OC)cccc4OC)cn3[B-](F)(F)[N+]2=C1,1
Fc1c(F)c(F)c(-c2cc3n(c2)[B-](F)(F)[N+]2=CC=CC2=C3c2ccccc2)c(F)c1F,1
Fc1c(F)c(F)c(C2=CC3=C(c4ccccc4)c4cccn4[B-](F)(F)[N+]3=C2)c(F)c1F,1
Fc1c(F)c(F)c(C2=CC3=C(c4ccccc4)c4cc(-c5c(F)c(F)c(F)c(F)c5F)cn4[B-](F)(F)[N+]3=C2)c(F)c1F,1
Fc1cccc(F)c1-c1cc2n(c1)[B-](F)(F)[N+]1=CC=CC1=C2c1ccccc1,1
Fc1cccc(F)c1C1=CC2=C(c3ccccc3)c3cccn3[B-](F)(F)[N+]2=C1,1
Fc1cccc(F)c1C1=CC2=C(c3ccccc3)c3cc(-c4c(F)cccc4F)cn3[B-](F)(F)[N+]2=C1,1
COc1ccc(C2=C3C=CC=[N+]3[B-](F)(F)n3cc(-c4cc(OC)c(OC)cc4[N+](=O)[O-])cc32)cc1,1
COc1ccc(C2=C3C=C(c4cc(OC)c(OC)cc4[N+](=O)[O-])C=[N+]3[B-](F)(F)n3cccc32)cc1,1
COc1ccc(C2=C3C=C(c4cc(OC)c(OC)cc4[N+](=O)[O-])C=[N+]3[B-](F)(F)n3cc(-c4cc(OC)c(OC)cc4[N+](=O)[O-])cc32)cc1,1
COc1cccc(OC)c1C1=CC2=C(c3ccccc3)c3cc(-c4c(F)c(F)c(F)c(F)c4F)cn3[B-](F)(F)[N+]2=C1,1
F[B-]1(F)n2cccc2C(c2ccccc2)=C2C=c3c([nH]c4ccccc34)=[N+]21,1
F[B-]1(F)n2c(cc3c4ccccc4[nH]c32)C(c2ccccc2)=C2C=c3c([nH]c4ccccc34)=[N+]21,1
c1ccc2c(c1)nc1c3ccccc3c3ccccc3n21,1
Cc1ccc2c3ccccc3c3nc4ccccc4n3c2c1,1
COc1ccc2c3ccccc3c3nc4ccccc4n3c2c1,1
FC(F)(F)c1ccc2c3ccccc3c3nc4ccccc4n3c2c1,1
CCOC(=O)c1ccc2c(c1)c1ccccc1c1nc3ccccc3n21,1
Clc1ccc2c(c1)c1ccccc1c1nc3ccccc3n21,1
c1ccc2c(c1)nc1c3ccccc3c3cccnc3n21,1
c1ccc2c(c1)nc1c3ccccc3c3nccnc3n21,1
c1ccc2nc3c(nc2c1)c1ccccc1c1nc2ccccc2n13,1
c1ccc2c(c1)nc1c3ccccc3c3c4ccccc4sc3n21,1
Cc1ccc2c3ccccc3c3nccn3c2c1,1
Cc1ccc2c3ccccc3c3cc4ccccc4n3c2c1,1
CC(C)(C)c1ccc2c(c1)c1ccccc1n1c3ccccc3nc21,1
COc1ccc2c(c1)c1ccccc1n1c3ccccc3nc21,1
COc1ccc2c3ccccc3n3c4ccccc4nc3c2c1,1
Fc1ccc2c(c1)c1ccccc1n1c3ccccc3nc21,1
Clc1ccc2c(c1)c1ccccc1n1c3ccccc3nc21,1
N#Cc1ccc2c(c1)c1ccccc1n1c3ccccc3nc21,1
FC(F)(F)c1cccc2c3ccccc3n3c4ccccc4nc3c12,1
c1ccc(-c2ccc3c(c2)c2ccccc2n2c4ccccc4nc32)cc1,1
c1ccc2c(c1)nc1c3c4ccccc4c4ccccc4c3c3ccccc3n21,1
c1ccc2c(c1)nc1c3sccc3c3ccccc3n21,1
c1ccc2c(c1)c1ccccc1n1ccnc21,1
Cc1nc2c3ccccc3c3ccccc3n2c1C,1
c1ccc2c(c1)cc1c3ccccc3c3ccccc3n21,1
c1ccc2c(c1)c1ccccc1n1cccc21,1
CN(C)c1ccc(-n2c(-c3ccc(C#N)cc3)nc3ccccc32)cc1,1
CN(C)c1ccc(-n2c(-c3ccncc3)nc3ccccc32)cc1,1
CN(C)c1ccc(-c2nc3ccccc3n2-c2ccccc2)cc1,1
c1ccc(N(c2ccccc2)c2ccc(-c3nc4ccccc4n3-c3ccccc3)cc2)cc1,1
Clc1ccc(-c2nc3ccccc3n2-c2ccccc2)cc1,1
c1ccc2c(c1)nc1ccccn12,1
COc1ccc2c(c1)nc(-c1ccccc1)n2-c1ccccc1,1
CN(C)c1ccc(-c2nc3cc(C(F)(F)F)ccc3n2-c2ccccc2)cc1,1
CN(C)c1ccc(-c2nc3nccnc3n2-c2ccccc2)cc1,1
CN(C)c1ccc(-n2c(-c3ccncc3)nc3nccnc32)cc1,1
CN(C)c1ccc(-c2nc3nccnc3n2-c2ccc(N(C)C)cc2)cc1,1
c1ccc(-n2c(-c3ccc(-n4c5ccccc5c5ccccc54)cc3)nc3nccnc32)cc1,1
CN(C)c1ccc(-c2nc3nc4ccccc4nc3n2-c2ccccc2)cc1,1
CN(C)c1ccc(-c2nc3nc4ccccc4nc3n2-c2ccc(C(C)(C)C)cc2)cc1,1
c1ccc(-c2nc3nc4ccccc4nc3n2-c2ccccc2)cc1,1
c1ccc(-c2nc3cc4c(cc3n2-c2ccccc2)nc(-c2ccccc2)n4-c2ccccc2)cc1,1
Cc1ccc(-c2c3ccccc3nn2C)s1,1
Cc1ccc(-c2c3ccccc3nn2C)o1,1
COc1ccc(-c2c3ccccc3nn2C)o1,1
CC(=O)c1ccc(-c2c3ccccc3nn2C)o1,1
Cn1nc2ccccc2c1-c1ccc(C=O)o1,1
O=Cc1ccc(-c2c3ccccc3nn2-c2ccccc2)o1,1
O=Cc1ccc(-c2c3ccccc3nn2-c2ccccn2)o1,1
CCOC(=O)c1ccc(-c2c3ccccc3nn2C)o1,1
Cn1nc2ccccc2c1-c1cc2ccccc2s1,1
Cn1nc2ccccc2c1-c1cc2ccccc2o1,1
CNC(=O)c1ccc(-c2c3ccccc3nn2C)s1,1
Cn1nc2ccccc2c1-c1ccc(C=C(C#N)C#N)o1,1
COc1ccc2nn(C)c(-c3ccc(C)s3)c2c1,1
COc1ccc2nn(C)c(-c3ccc(C)o3)c2c1,1
COc1ccc2nn(C)c(-c3ccc(OC)o3)c2c1,1
COc1ccc2nn(C)c(-c3ccc(C(C)=O)o3)c2c1,1
COc1ccc2nn(C)c(-c3ccc(C=O)o3)c2c1,1
CCOC(=O)c1ccc(-c2c3cc(OC)ccc3nn2C)o1,1
COc1ccc2nn(C)c(-c3ccc(C=O)s3)c2c1,1
Cc1ccc(-c2c3cc(N(C)C)ccc3nn2C)s1,1
Cc1ccc(-c2c3cc(N(C)C)ccc3nn2C)o1,1
COc1ccc(-c2c3cc(N(C)C)ccc3nn2C)o1,1
CC(=O)c1ccc(-c2c3cc(N(C)C)ccc3nn2C)o1,1
CN(C)c1ccc2nn(C)c(-c3ccc(C=O)o3)c2c1,1
CCOC(=O)c1ccc(-c2c3cc(N(C)C)ccc3nn2C)o1,1
CN(C)c1ccc2nn(C)c(-c3ccc(C=O)s3)c2c1,1
CN(C)c1ccc2nn(C)c(-c3ccc(C=C(C#N)C#N)o3)c2c1,1
CN(C)c1ccc2nn(C)c(-c3ccc(C=C(C#N)C#N)s3)c2c1,1
CC(=O)c1ccc2nn(C)c(-c3ccc(C)s3)c2c1,1
CC(=O)c1ccc2nn(C)c(-c3ccc(C)o3)c2c1,1
COc1ccc(-c2c3cc(C(C)=O)ccc3nn2C)o1,1
CC(=O)c1ccc2nn(C)c(-c3ccc(C(C)=O)o3)c2c1,1
CC(=O)c1ccc2nn(C)c(-c3ccc(C=O)o3)c2c1,1
CCOC(=O)c1ccc(-c2c3cc(C(C)=O)ccc3nn2C)o1,1
CC(=O)c1ccc2nn(C)c(-c3ccc(C=O)s3)c2c1,1
Cn1nc2ccc([N+](=O)[O-])cc2c1-c1ccc(C=O)o1,1
CC(=O)c1ccc(-c2c3cc([N+](=O)[O-])ccc3nn2C)s1,1
Cn1nc2ccc([N+](=O)[O-])cc2c1-c1cc2ccccc2s1,1
Cn1nc2ccc([N+](=O)[O-])cc2c1-c1ccn(Cc2ccccc2)c1,1
Cn1nc2ccc([N+](=O)[O-])cc2c1-c1cn(C)c2ccccc12,1
Cc1ccc(-c2c3cc(C=O)ccc3nn2C)o1,1
Cn1nc2ccc(C=O)cc2c1-c1ccc(CO)o1,1
Cn1nc2ccc(C=O)cc2c1-c1cc2ccccc2o1,1
Cc1ccc(-c2nc3ncccn3n2)cc1,1
COc1ccc(-c2nc3ncccn3n2)cc1,1
COc1ccc(-c2nc3ncccn3n2)cc1OC,1
CN(C)c1ccc(-c2nc3ncccn3n2)cc1,1
c1ccc(-c2nc3ncccn3n2)cc1,1
FC(F)(F)c1cc(-c2nc3ncccn3n2)cc(C(F)(F)F)c1,1
Clc1ccc(-c2nc3ncccn3n2)cc1,1
O=Cc1ccc(-c2nc3ncccn3n2)cc1,1
N#Cc1ccc(-c2nc3ncccn3n2)cc1,1
c1cnc2nc(-c3ccc(N4CCCCC4)cc3)nn2c1,1
Cc1ccc(-c2ccnc3ncnn23)cc1,1
COc1ccc(-c2ccnc3ncnn23)cc1,1
COc1ccc(-c2ccnc3ncnn23)cc1OC,1
CN(C)c1ccc(-c2ccnc3ncnn23)cc1,1
c1ccc(-c2ccnc3ncnn23)cc1,1
FC(F)(F)c1cc(-c2ccnc3ncnn23)cc(C(F)(F)F)c1,1
Clc1ccc(-c2ccnc3ncnn23)cc1,1
O=Cc1ccc(-c2ccnc3ncnn23)cc1,1
N#Cc1ccc(-c2ccnc3ncnn23)cc1,1
c1cc(-c2ccc(N3CCCCC3)cc2)n2ncnc2n1,1
N#Cc1ccc(-c2ccnc3nc(-c4ccc(N5CCCCC5)cc4)nn23)cc1,1
CN(C)c1ccc(-c2nc3nccc(-c4ccc(C#N)cc4)n3n2)cc1,1
CN(C)c1ccc(-c2nc3nccc(-c4cc(C(F)(F)F)cc(C(F)(F)F)c4)n3n2)cc1,1
CN(C)c1ccc(-c2nc3nccc(-c4ccc(Cl)cc4)n3n2)cc1,1
Cc1ccc(-c2ccnc3nc(-c4ccc(N(C)C)cc4)nn23)cc1,1
FC(F)(F)c1cc(-c2ccnc3nc(-c4ccccc4)nn23)cc(C(F)(F)F)c1,1
Cc1ccc(-c2nc3nccc(-c4cc(C(F)(F)F)cc(C(F)(F)F)c4)n3n2)cc1,1
Cc1ccc(-c2nc3nccc(-c4ccc(C)cc4)n3n2)cc1,1
c1ccc(-c2nc3nccc(-c4ccccc4)n3n2)cc1,1
Cc1ccc(-c2ccnc3nc(-c4cc(C(F)(F)F)cc(C(F)(F)F)c4)nn23)cc1,1
FC(F)(F)c1cc(-c2nc3nccc(-c4ccccc4)n3n2)cc(C(F)(F)F)c1,1
Cc1ccc(-c2nc3nccc(-c4ccc(N(C)C)cc4)n3n2)cc1,1
CN(C)c1ccc(-c2ccnc3nc(-c4ccc(Cl)cc4)nn23)cc1,1
CN(C)c1ccc(-c2ccnc3nc(-c4cc(C(F)(F)F)cc(C(F)(F)F)c4)nn23)cc1,1
CN(C)c1ccc(-c2ccnc3nc(-c4ccc(C#N)cc4)nn23)cc1,1
N#Cc1ccc(-c2nc3nccc(-c4ccc(N5CCCCC5)cc4)n3n2)cc1,1
CC(C)(C)c1cc2c(-c3ccccc3)c(-c3ccccc3)c3cccc4c(-c5ccccc5)c(-c5ccccc5)c(c1)[n+]2c34,1
Cc1ccccc1-c1c(-c2ccccc2C)c2cc(C(C)(C)C)cc3c(-c4ccccc4C)c(-c4ccccc4C)c4cccc1c4[n+]23,1
Cc1cccc(-c2c(-c3cccc(C)c3)c3cc(C(C)(C)C)cc4c(-c5cccc(C)c5)c(-c5cccc(C)c5)c5cccc2c5[n+]34)c1,1
Cc1ccc(-c2c(-c3ccc(C)cc3)c3cc(C(C)(C)C)cc4c(-c5ccc(C)cc5)c(-c5ccc(C)cc5)c5cccc2c5[n+]34)cc1,1
CC(C)(C)c1ccc(-c2c(-c3ccc(C(C)(C)C)cc3)c3cc(C(C)(C)C)cc4c(-c5ccc(C(C)(C)C)cc5)c(-c5ccc(C(C)(C)C)cc5)c5cccc2c5[n+]34)cc1,1
COc1ccc(-c2c(-c3ccc(OC)cc3)c3cc(C(C)(C)C)cc4c(-c5ccc(OC)cc5)c(-c5ccc(OC)cc5)c5cccc2c5[n+]34)cc1,1
CC(C)(C)c1cc2c(-c3ccc(Cl)cc3)c(-c3ccc(Cl)cc3)c3cccc4c(-c5ccc(Cl)cc5)c(-c5ccc(Cl)cc5)c(c1)[n+]2c34,1
CC(C)(C)c1cc2c(-c3ccc(C(F)(F)F)cc3)c(-c3ccc(C(F)(F)F)cc3)c3cccc4c(-c5ccc(C(F)(F)F)cc5)c(-c5ccc(C(F)(F)F)cc5)c(c1)[n+]2c34,1
CC(=O)c1ccc(-c2c(-c3ccc(C(C)=O)cc3)c3cc(C(C)(C)C)cc4c(-c5ccc(C(C)=O)cc5)c(-c5ccc(C(C)=O)cc5)c5cccc2c5[n+]34)cc1,1
CC(C)(C)c1cc2c(-c3cccc(C#N)c3)c(-c3cccc(C#N)c3)c3cccc4c(-c5cccc(C#N)c5)c(-c5cccc(C#N)c5)c(c1)[n+]2c34,1
CC(C)(C)c1cc2c(-c3cccc4ccccc34)c(-c3cccc4ccccc34)c3cccc4c(-c5cccc6ccccc56)c(-c5cccc6ccccc56)c(c1)[n+]2c34,1
CCCCc1c(CCCC)c2cc(C(C)(C)C)cc3c(CCCC)c(CCCC)c4cccc1c4[n+]23,1
c1ccc(-c2c(-c3ccccc3)c3cccc4c(-c5ccccc5)c(-c5ccccc5)c5cccc2c5[n+]34)cc1,1
COc1cc2c(-c3ccccc3)c(-c3ccccc3)c3cccc4c(-c5ccccc5)c(-c5ccccc5)c(c1)[n+]2c34,1
COc1cc2c(-c3ccccc3)c(-c3ccccc3)c3cc(C(C)(C)C)cc4c(-c5ccccc5)c(-c5ccccc5)c(c1)c2[n+]34,1
Cc1ccc2c(-c3ccccc3)c(-c3ccccc3)c3cccc4c(-c5ccccc5)c(-c5ccccc5)c1[n+]2c34,1
N#Cc1cc2c(-c3ccccc3)c(-c3ccccc3)c3cccc4c(-c5ccccc5)c(-c5ccccc5)c(c1)[n+]2c34,1
COC(=O)c1cc2c(-c3ccccc3)c(-c3ccccc3)c3cc(C(C)(C)C)cc4c(-c5ccccc5)c(-c5ccccc5)c(c1)c2[n+]34,1
CC(C)(C)c1cc2c(-c3ccc(N(c4ccccc4)c4ccccc4)cc3)c(-c3ccc(N(c4ccccc4)c4ccccc4)cc3)c3cccc4c(-c5ccc(N(c6ccccc6)c6ccccc6)cc5)c(-c5ccc(N(c6ccccc6)c6ccccc6)cc5)c(c1)[n+]2c34,1
CCCCOC(=O)/C=C/c1nc2c(c(=O)n(C)c(=O)n2C)n1C,1
COC(=O)/C=C/c1nc2c(c(=O)n(C)c(=O)n2C)n1C,1
Cn1c(=O)c2c(nc(/C=C/C(=O)OC(C)(C)C)n2C)n(C)c1=O,1
CN(C)C(=O)/C=C/c1nc2c(c(=O)n(C)c(=O)n2C)n1C,1
Cn1c(=O)c2c(nc(/C=C/c3ccccc3)n2C)n(C)c1=O,1
Cn1c(=O)c2c(nc(/C=C/c3ccc(F)cc3)n2C)n(C)c1=O,1
Cn1c(=O)c2c(nc(/C=C/c3ccc(Cl)cc3)n2C)n(C)c1=O,1
Cc1ccc(/C=C/c2nc3c(c(=O)n(C)c(=O)n3C)n2C)cc1,1
CC(=O)Oc1ccc(/C=C/c2nc3c(c(=O)n(C)c(=O)n3C)n2C)cc1,1
CCCCOC(=O)/C=C/c1nc2c(c(=O)n(C)c(=O)n2C)n1CCCC,1
CCCCOC(=O)/C=C/c1nc2c(c(=O)n(CCCC)c(=O)n2C)n1C,1
C=CCn1c(=O)c2c(nc(/C=C/C(=O)OCCCC)n2C)n(C)c1=O,1
CCCCOC(=O)/C=C/c1nc2c([nH]1)CN(CC)C(=O)N2CC,1
CN(C)c1nc(N(C)C)c2nc(/C=C/c3ccccc3)n(C)c2n1,1
CCCCOC(=O)/C=C/c1nc2c(N(C)C)nc(N(C)C)nc2n1C,1
CCCCn1c(/C=C/c2ccccc2)nc2c(N(C)C)nc(N(C)C)nc21,1
CCCCOC(=O)/C=C/c1nc2c(N(C)C)nc(N(C)C)nc2n1CCCC,1
CCCCOC(=O)/C=C/c1c(C(=O)OC)cc2ccccn12,1
COC(=O)c1cc(/C=C/c2ccccc2)n2ccccc12,1
COC(=O)c1cc(/C=C/c2ccccc2)n2ccc3ccccc3c12,1
COC(=O)c1cc(/C=C/c2ccc(F)cc2)n2ccc3ccccc3c12,1
CCCCOC(=O)/C=C/c1cc(C(=O)OC)c2c3ccccc3ccn12,1
Cn1c(=O)c2c(nc(/C=C/c3cccc(Cl)c3)n2C)n(C)c1=O,1
CCn1c(=O)c2c(nc(/C=C/c3ccc(OC)c(OC)c3)n2C)n(CC)c1=O,1
c1ccc(C2=C(c3ccccc3)N3C(=C(c4ccccc4)c4cccc5c(-c6ccccc6)c(-c6ccccc6)[o+]c3c45)c3ccccc32)cc1,1
c1ccc(C2=C(c3ccccc3)c3cccc4c(-c5ccccc5)c5c6ccccc6c(-c6ccccc6)c(-c6ccccc6)[n+]5c(c34)O2)cc1,1
COc1cc2c3c([o+]c(-c4ccccc4)c(-c4ccccc4)c3c1)N1C(c3ccccc3)=C(c3ccccc3)c3ccccc3C1=C2c1ccccc1,1
COc1cc2c3c([n+]4c(-c5ccccc5)c(-c5ccccc5)c5ccccc5c4c(-c4ccccc4)c3c1)OC(c1ccccc1)=C2c1ccccc1,1
c1ccc(Oc2cc3c4c([o+]c(-c5ccccc5)c(-c5ccccc5)c4c2)N2C(c4ccccc4)=C(c4ccccc4)c4ccccc4C2=C3c2ccccc2)cc1,1
c1ccc(Oc2cc3c4c([n+]5c(-c6ccccc6)c(-c6ccccc6)c6ccccc6c5c(-c5ccccc5)c4c2)OC(c2ccccc2)=C3c2ccccc2)cc1,1
FC(F)(F)c1cc2c3c([o+]c(-c4ccccc4)c(-c4ccccc4)c3c1)N1C(c3ccccc3)=C(c3ccccc3)c3ccccc3C1=C2c1ccccc1,1
FC(F)(F)c1cc2c3c([n+]4c(-c5ccccc5)c(-c5ccccc5)c5ccccc5c4c(-c4ccccc4)c3c1)OC(c1ccccc1)=C2c1ccccc1,1
COC(=O)c1cc2c3c([o+]c(-c4ccccc4)c(-c4ccccc4)c3c1)N1C(c3ccccc3)=C(c3ccccc3)c3ccccc3C1=C2c1ccccc1,1
COC(=O)c1cc2c3c([n+]4c(-c5ccccc5)c(-c5ccccc5)c5ccccc5c4c(-c4ccccc4)c3c1)OC(c1ccccc1)=C2c1ccccc1,1
O=Cc1cc2c3c([o+]c(-c4ccccc4)c(-c4ccccc4)c3c1)N1C(c3ccccc3)=C(c3ccccc3)c3ccccc3C1=C2c1ccccc1,1
O=Cc1cc2c3c([n+]4c(-c5ccccc5)c(-c5ccccc5)c5ccccc5c4c(-c4ccccc4)c3c1)OC(c1ccccc1)=C2c1ccccc1,1
O=[N+]([O-])c1cc2c3c([o+]c(-c4ccccc4)c(-c4ccccc4)c3c1)N1C(c3ccccc3)=C(c3ccccc3)c3ccccc3C1=C2c1ccccc1,1
O=[N+]([O-])c1cc2c3c([n+]4c(-c5ccccc5)c(-c5ccccc5)c5ccccc5c4c(-c4ccccc4)c3c1)OC(c1ccccc1)=C2c1ccccc1,1
COc1ccc(C2=C(c3ccc(OC)cc3)N3C(=C(c4ccc(OC)cc4)c4cccc5c(-c6ccc(OC)cc6)c(-c6ccc(OC)cc6)[o+]c3c45)c3ccc(OC)cc32)cc1,1
COc1ccc(C2=C(c3ccc(OC)cc3)c3cccc4c(-c5ccc(OC)cc5)c5c6ccc(OC)cc6c(-c6ccc(OC)cc6)c(-c6ccc(OC)cc6)[n+]5c(c34)O2)cc1,1
Clc1ccc(C2=C(c3ccc(Cl)cc3)N3C(=C(c4ccc(Cl)cc4)c4cccc5c(-c6ccc(Cl)cc6)c(-c6ccc(Cl)cc6)[o+]c3c45)c3ccc(Cl)cc32)cc1,1
Clc1ccc(C2=C(c3ccc(Cl)cc3)c3cccc4c(-c5ccc(Cl)cc5)c5c6ccc(Cl)cc6c(-c6ccc(Cl)cc6)c(-c6ccc(Cl)cc6)[n+]5c(c34)O2)cc1,1
COc1ccc(C2=C(c3ccc(OC)cc3)c3cc([N+](=O)[O-])cc4c(-c5ccc(OC)cc5)c5c6ccc(OC)cc6c(-c6ccc(OC)cc6)c(-c6ccc(OC)cc6)[n+]5c(c34)O2)cc1,1
COc1ccc(C2=C(c3ccc(OC)cc3)N3C(=C(c4ccc(OC)cc4)c4cc([N+](=O)[O-])cc5c(-c6ccc(OC)cc6)c(-c6ccc(OC)cc6)[o+]c3c45)c3ccc(OC)cc32)cc1,1
Cc1ccc(C2=C3C=CC=[N+]3[B-](F)(F)n3cccc32)cc1,1
Cc1ccc(C2=C3C=CC(n4cccn4)=[N+]3[B-](F)(F)n3c2ccc3-n2cccn2)cc1,1
F[B-]1(F)n2c(ccc2-n2cccn2)C(c2ccccc2)=C2C=CC(n3cccn3)=[N+]21,1
N#Cc1ccc(C2=C3C=CC(n4cccn4)=[N+]3[B-](F)(F)n3c2ccc3-n2cccn2)cc1,1
F[B-]1(F)n2c(ccc2-n2cccn2)C(c2cc(C(F)(F)F)cc(C(F)(F)F)c2)=C2C=CC(n3cccn3)=[N+]21,1
Cc1ccc(C2=C3C=CC(n4cccn4)=[N+]3[B-](F)(F)n3c2cc(Br)c3-n2cccn2)cc1,1
F[B-]1(F)n2c(ccc2-n2cccn2)C(c2cccs2)=C2C=CC(n3cccn3)=[N+]21,1
F[B-]1(F)n2c(ccc2-n2cccn2)C(c2cccnc2)=C2C=CC(n3cccn3)=[N+]21,1
F[B-]1(F)n2c(ccc2-n2cccn2)C=C2C=CC(n3cccn3)=[N+]21,1
Cc1ccc(C2=C3C=CC(n4cc(Cl)cn4)=[N+]3[B-](F)(F)n3c2ccc3-n2cc(Cl)cn2)cc1,1
Cc1ccc(C2=C3C=CC(n4cc(I)cn4)=[N+]3[B-](F)(F)n3c2ccc3-n2cc(I)cn2)cc1,1
Cc1ccc(C2=C3C=CC(n4cc(-c5ccccc5)cn4)=[N+]3[B-](F)(F)n3c2ccc3-n2cc(-c3ccccc3)cn2)cc1,1
Cc1ccc(C2=C3C=CC(n4cncn4)=[N+]3[B-](F)(F)n3c2ccc3-n2cncn2)cc1,1
Cc1ccc(C2=C3C=CC(n4ncc5ccccc54)=[N+]3[B-](F)(F)n3c2ccc3-n2ncc3ccccc32)cc1,1
Cc1ccc(C2=C3C=CC(n4c5ccccc5c5ccccc54)=[N+]3[B-](F)(F)n3c2ccc3-n2c3ccccc3c3ccccc32)cc1,1
N#Cc1ccc(C2=C3C=CC(n4cnc5ccccc54)=[N+]3[B-](F)(F)n3c2ccc3-n2cnc3ccccc32)cc1,1
F[B-]1(F)n2c(ccc2-n2cnc3ccccc32)C(c2cccs2)=C2C=CC(n3cnc4ccccc43)=[N+]21,1
Cc1ccc(C2=C3C=CC(N4CCOCC4)=[N+]3[B-](F)(F)n3c2ccc3N2CCOCC2)cc1,1
CCN(CC)C1=[N+]2C(=C(c3ccc(C)cc3)c3cccn3[B-]2(F)F)C=C1,1
CCN(CC)c1ccc2n1[B-](F)(F)[N+]1=CC=CC1=C2c1ccc(C)cc1,1
Cc1ccc(C2=C3C=CC(N4CCOCC4)=[N+]3[B-](F)(F)n3cccc32)cc1,1
Cc1ccc(C2=C3C=CC=[N+]3[B-](F)(F)n3c2ccc3N2CCOCC2)cc1,1
Cc1ccc(C2=C3C=CC(N(Cc4ccccc4)Cc4ccccc4)=[N+]3[B-](F)(F)n3cccc32)cc1,1
Cc1ccc(C2=C3C=CC=[N+]3[B-](F)(F)n3c2ccc3N(Cc2ccccc2)Cc2ccccc2)cc1,1
Cc1ccc(C2=C3C=CC=[N+]3[B-](F)(F)n3c2ccc3N(C)Cc2ccccc2)cc1,1
Cc1ccc(C2=C3C=CC(N(C)Cc4ccccc4)=[N+]3[B-](F)(F)n3cccc32)cc1,1
Cc1ccc(C2=C3C=CC=[N+]3[B-](F)(F)n3c2ccc3N2CCCC2)cc1,1
Cc1ccc(C2=C3C=CC(N4CCCC4)=[N+]3[B-](F)(F)n3cccc32)cc1,1
Cc1ccc(C2=C3C=CC(N4CCC(N5CCCCC5)CC4)=[N+]3[B-](F)(F)n3cccc32)cc1,1
Cc1ccc(C2=C3C=CC=[N+]3[B-](F)(F)n3c2ccc3N2CCC(N3CCCCC3)CC2)cc1,1
F[B-]1(F)n2c(ccc2N2CCOCC2)C(c2cccs2)=C2C=CC=[N+]21,1
F[B-]1(F)n2cccc2C(c2cccs2)=C2C=CC(N3CCOCC3)=[N+]21,1
F[B-]1(F)n2c(ccc2N2CCOCC2)C(c2cccnc2)=C2C=CC=[N+]21,1
F[B-]1(F)n2cccc2C(c2cccnc2)=C2C=CC(N3CCOCC3)=[N+]21,1
F[B-]1(F)n2c(ccc2N2CCOCC2)C(c2cc(C(F)(F)F)cc(C(F)(F)F)c2)=C2C=CC=[N+]21,1
F[B-]1(F)n2cccc2C(c2cc(C(F)(F)F)cc(C(F)(F)F)c2)=C2C=CC(N3CCOCC3)=[N+]21,1
O=[N+]([O-])c1ccc(C2=C3C=CC=[N+]3[B-](F)(F)n3c2ccc3N2CCOCC2)cc1,1
O=[N+]([O-])c1ccc(C2=C3C=CC(N4CCOCC4)=[N+]3[B-](F)(F)n3cccc32)cc1,1
Cc1ccc(C2=C3C=CC(n4cnc5ccccc54)=[N+]3[B-](F)(F)n3c2ccc3N2CCOCC2)cc1,1
Cc1ccc(C2=C3C=CC(N4CCOCC4)=[N+]3[B-](F)(F)n3c2ccc3-n2cnc3ccccc32)cc1,1
Cc1ccc(C2=C3C=CC(N4CCOCC4)=[N+]3[B-](F)(F)n3c2ccc3-n2cccn2)cc1,1
Cc1ccc(C2=C3C=CC(n4cccn4)=[N+]3[B-](F)(F)n3c2ccc3N2CCOCC2)cc1,1
COc1ccc2c(c1)c(-c1ccccc1)c(-c1ccccc1)[n+]1c3ccccc3c(-c3ccccc3)c(-c3ccccc3)c21,1
c1ccc(-c2c(-c3ccccc3)[n+]3c4ccccc4c(-c4ccccc4)c(-c4ccccc4)c3c3ccccc23)cc1,1
CC(C)(C)c1ccc2c(c1)c(-c1ccccc1)c(-c1ccccc1)[n+]1c3ccccc3c(-c3ccccc3)c(-c3ccccc3)c21,1
c1ccc(-c2ccc3c(c2)c(-c2ccccc2)c(-c2ccccc2)[n+]2c4ccccc4c(-c4ccccc4)c(-c4ccccc4)c32)cc1,1
COC(=O)c1ccc2c(c1)c(-c1ccccc1)c(-c1ccccc1)[n+]1c3ccccc3c(-c3ccccc3)c(-c3ccccc3)c21,1
FC(F)(F)c1ccc2c(c1)c(-c1ccccc1)c(-c1ccccc1)[n+]1c3ccccc3c(-c3ccccc3)c(-c3ccccc3)c21,1
CN(C)c1ccc2c(c1)c(-c1ccccc1)c(-c1ccccc1)[n+]1c3ccccc3c(-c3ccccc3)c(-c3ccccc3)c21,1
Clc1ccc2c(-c3ccccc3)c(-c3ccccc3)[n+]3c4ccccc4c(-c4ccccc4)c(-c4ccccc4)c3c2c1,1
c1ccc(-c2c(-c3ccccc3)c3c4ccsc4c(-c4ccccc4)c(-c4ccccc4)[n+]3c3ccccc23)cc1,1
COc1ccc2c(c1)c(-c1ccccc1)c(-c1ccccc1)[n+]1c3ccc(C)cc3c(-c3ccccc3)c(-c3ccccc3)c21,1
COc1ccc2c(c1)c(-c1ccccc1)c(-c1ccccc1)[n+]1c3ccc(OC)cc3c(-c3ccccc3)c(-c3ccccc3)c21,1
COC(=O)c1ccc2c(c1)c(-c1ccccc1)c(-c1ccccc1)c1c3ccc(OC)cc3c(-c3ccccc3)c(-c3ccccc3)[n+]21,1
COc1ccc2c(c1)c(-c1ccccc1)c(-c1ccccc1)[n+]1c3ccc(Cl)cc3c(-c3ccccc3)c(-c3ccccc3)c21,1
COc1ccc2c(c1)c(-c1ccccc1)c(-c1ccccc1)[n+]1c3ccc(F)cc3c(-c3ccccc3)c(-c3ccccc3)c21,1
COC(=O)c1ccc2c(-c3ccccc3)c(-c3ccccc3)c3c4ccc(OC)cc4c(-c4ccccc4)c(-c4ccccc4)[n+]3c2c1,1
COc1ccc2c(c1)c(-c1ccccc1)c(-c1ccccc1)[n+]1c3cc(Cl)ccc3c(-c3ccccc3)c(-c3ccccc3)c21,1
COc1ccc2c(c1)c(-c1ccccc1)c(-c1ccccc1)[n+]1c3cc4ccccc4cc3c(-c3ccccc3)c(-c3ccccc3)c21,1
COc1ccc2c(c1)c(-c1ccccc1)c(-c1ccccc1)[n+]1c3ccc(N4CCCCC4)cc3c(-c3ccccc3)c(-c3ccccc3)c21,1
COc1ccc(-c2c(-c3ccc(OC)cc3)[n+]3c4ccccc4c(-c4ccc(OC)cc4)c(-c4ccc(OC)cc4)c3c3ccccc23)cc1,1
COc1ccc2c(c1)c(-c1ccc(C(C)(C)C)cc1)c(-c1ccc(C(C)(C)C)cc1)[n+]1c3ccccc3c(-c3ccc(C(C)(C)C)cc3)c(-c3ccc(C(C)(C)C)cc3)c21,1
COc1ccc2c(c1)c(-c1ccc(Cl)cc1)c(-c1ccc(Cl)cc1)[n+]1c3ccccc3c(-c3ccc(Cl)cc3)c(-c3ccc(Cl)cc3)c21,1
CCOC(=O)c1ccc(-c2c(-c3ccc(C(=O)OCC)cc3)[n+]3c4ccccc4c(-c4ccc(C(=O)OCC)cc4)c(-c4ccc(C(=O)OCC)cc4)c3c3ccc(OC)cc23)cc1,1
COc1ccc2c(c1)c(-c1ccc(C(F)(F)F)cc1)c(-c1ccc(C(F)(F)F)cc1)[n+]1c3ccccc3c(-c3ccc(C(F)(F)F)cc3)c(-c3ccc(C(F)(F)F)cc3)c21,1
COc1cccc2c(-c3ccccc3)c(-c3ccccc3)[n+](-c3ccccc3)cc12,1
COc1cccc(C2=C(c3cccc(OC)c3)c3cc(C(C)(C)C)cc4c(-c5cccc(OC)c5)c(-c5cccc(OC)c5)nc(c34)O2)c1,1
COc1ccc2c(c1)c1c(c3cc(OC)ccc32)-c2cc(C(C)(C)C)cc3c2c(nc2c4cc(OC)ccc4c4ccc(OC)cc4c32)O1,1
Oc1ccc(-c2ccc(N(c3ccccc3)c3ccccc3)cc2)cc1-c1ncc(-c2ccccc2)o1,1
O=C1C=CC(c2ccc(N(c3ccccc3)c3ccccc3)cc2)=C/C1=C1/NC=C(c2ccccc2)O1,1
Oc1ccc(-c2ccc(N(c3ccccc3)c3ccccc3)cc2)cc1-c1nc2ccccc2o1,1
O=C1C=CC(c2ccc(N(c3ccccc3)c3ccccc3)cc2)=C/C1=C1/Nc2ccccc2O1,1
Cc1ccc(-c2ncc(-c3ccc(-c4ccc(N(c5ccccc5)c5ccccc5)cc4)cc3)o2)c(O)c1,1
Oc1ccc(-c2ccccc2)cc1-c1ncc(-c2ccc(-c3ccc(N(c4ccccc4)c4ccccc4)cc3)cc2)o1,1
Cc1cc(-c2ccc(N(c3ccccc3)c3ccccc3)cc2)cc(-c2ncc(-c3ccc(-c4ccc(N(c5ccccc5)c5ccccc5)cc4)cc3)o2)c1O,1
CC1=CC(c2ccc(N(c3ccccc3)c3ccccc3)cc2)=C/C(=C2/NC=C(c3ccc(-c4ccc(N(c5ccccc5)c5ccccc5)cc4)cc3)O2)C1=O,1
Cc1cc(-c2ccc(N(c3ccccc3)c3ccccc3)cc2)ccc1-c1cnc(-c2cc(-c3ccc(N(c4ccccc4)c4ccccc4)cc3)ccc2O)o1,1
Cc1cc(-c2ccc(N(c3ccccc3)c3ccccc3)cc2)ccc1C1=CN/C(=C2/C=C(c3ccc(N(c4ccccc4)c4ccccc4)cc3)C=CC2=O)O1,1
CC(C)(C)NC(=O)c1cccc2ccc3c4ccccc4c4ccccc4c3c12,1
Cc1ccc(C(=O)NC(C)(C)C)c2c1ccc1c3ccccc3c3ccccc3c12,1
CC(C)(C)NC(=O)c1ccc(F)c2ccc3c4ccccc4c4ccccc4c3c12,1
CC(C)(C)NC(=O)c1ccc(Br)c2ccc3c4ccccc4c4ccccc4c3c12,1
COc1ccc(C(=O)NC(C)(C)C)c2c1ccc1c3ccccc3c3ccccc3c12,1
COC(=O)c1ccc(C(=O)NC(C)(C)C)c2c1ccc1c3ccccc3c3ccccc3c12,1
CC(C)(C)NC(=O)c1ccc(-c2ccccc2)c2ccc3c4ccccc4c4ccccc4c3c12,1
Cc1ccc(-c2ccc(C(=O)NC(C)(C)C)c3c2ccc2c4ccccc4c4ccccc4c23)cc1,1
COc1ccc(-c2ccc(C(=O)NC(C)(C)C)c3c2ccc2c4ccccc4c4ccccc4c23)cc1,1
CC(C)(C)NC(=O)c1ccc(-c2cc3ccccc3o2)c2ccc3c4ccccc4c4ccccc4c3c12,1
CC(C)(C)NC(=O)c1ccc(-c2cc3ccccc3s2)c2ccc3c4ccccc4c4ccccc4c3c12,1
CC(C)(C)NC(=O)c1cc2ccccc2c2ccc3c4ccccc4c4ccccc4c3c12,1
CC(C)(C)NC(=O)c1ccc2ccc3cccc4c3c2c1c1c2ccccc2c2ccccc2c41,1
CC(C)(C)NC(=O)c1cccc2ccc3c4cc(F)ccc4c4ccc(F)cc4c3c12,1
CC(C)(C)NC(=O)c1cccc2ccc3c4cc(Cl)ccc4c4ccc(Cl)cc4c3c12,1
CC(C)(C)NC(=O)c1cccc2ccc3c4ccc(F)cc4c4cc(F)ccc4c3c12,1
CC(C)(C)NC(=O)c1cccc2ccc3c4ccc(Cl)cc4c4cc(Cl)ccc4c3c12,1
COc1ccc2c(c1)c1cc(OC)ccc1c1c2ccc2cccc(C(=O)NC(C)(C)C)c21,1
CC(C)(C)NC(=O)c1ccc(Br)c2ccc3c4ccc(F)cc4c4cc(F)ccc4c3c12,1
CC(C)(C)NC(=O)c1ccc(C(=O)NC(C)(C)C)c2c1c1c3ccccc3c3ccccc3c1c1c3ccccc3c3ccccc3c21,1
CC(C)(C)NC(=O)c1ccc(C(=O)NC(C)(C)C)c2c1c1c3ccc(Cl)cc3c3cc(Cl)ccc3c1c1c3ccc(Cl)cc3c3cc(Cl)ccc3c21,1
COc1ccc2c(c1)c1cc(OC)ccc1c1c2c2c(C(=O)NC(C)(C)C)ccc(C(=O)NC(C)(C)C)c2c2c3ccc(OC)cc3c3cc(OC)ccc3c21,1
CC(C)(C)NC(=O)c1ccc(-c2ccc(N3c4ccccc4Oc4ccccc43)cc2)c2ccc3c4ccc(F)cc4c4cc(F)ccc4c3c12,1
FC(F)(F)c1cc(-[n+]2nc3c(-c4ccccc4)cccc3c3ccccc32)cc(C(F)(F)F)c1,1
c1ccc(-c2cccc3c2n[n+](-c2ccccc2)c2ccccc32)cc1,1
Cc1ccc(-[n+]2nc3c(-c4ccccc4)cc(C)cc3c3ccccc32)cc1,1
CC(C)(C)c1ccc(-[n+]2nc3c(-c4ccccc4)cc(C(C)(C)C)cc3c3ccccc32)cc1,1
CCOc1ccc(-[n+]2nc3c(-c4ccccc4)cc(OCC)cc3c3ccccc32)cc1,1
c1ccc(-c2ccc(-[n+]3nc4c(-c5ccccc5)cc(-c5ccccc5)cc4c4ccccc43)cc2)cc1,1
Clc1ccc(-[n+]2nc3c(-c4ccccc4)cc(Cl)cc3c3ccccc32)cc1,1
Brc1ccc(-[n+]2nc3c(-c4ccccc4)cc(Br)cc3c3ccccc32)cc1,1
COc1cc(-c2ccccc2)c2n[n+](-c3ccc([N+](=O)[O-])cc3)c3ccccc3c2c1,1
COc1cc(-c2ccccc2)c2n[n+](-c3cc(C(F)(F)F)cc(C(F)(F)F)c3)c3ccccc3c2c1,1
COc1ccc(-c2cccc3c2n[n+](-c2ccccc2)c2cc(OC)ccc32)cc1,1
COc1ccc(-c2cc(C)cc3c2n[n+](-c2ccc(C)cc2)c2cc(OC)ccc32)cc1,1
COc1ccc(-c2cc(C(C)(C)C)cc3c2n[n+](-c2ccc(C(C)(C)C)cc2)c2cc(OC)ccc32)cc1,1
COc1ccc(-c2cc(-c3ccccc3)cc3c2n[n+](-c2ccc(-c4ccccc4)cc2)c2cc(OC)ccc32)cc1,1
COc1ccc(-c2cc(OC)cc3c2n[n+](-c2cc(C(F)(F)F)cc(C(F)(F)F)c2)c2cc(OC)ccc32)cc1,1
COc1ccc(-c2cccc3c2n[n+](-c2cc(C(F)(F)F)cc(C(F)(F)F)c2)c2cc(OC)ccc32)cc1,1
c1ccc(Oc2ccc(-c3cccc4c3n[n+](-c3ccccc3)c3cc(Oc5ccccc5)ccc43)cc2)cc1,1
CC(C)(C)c1ccc(-[n+]2nc3c(-c4ccc(Oc5ccccc5)cc4)cc(C(C)(C)C)cc3c3ccc(Oc4ccccc4)cc32)cc1,1
c1ccc(-[n+]2nc3ccccc3c3ccccc32)cc1,1
COc1ccc2c3ccccc3n[n+](-c3ccccc3)c2c1,1
c1ccc(-c2ccccc2-[n+]2nc3ccccc3c3ccccc32)cc1,1
CC(C)(C)c1ccc(-[n+]2nc3ccccc3c3ccccc32)cc1,1
CC(C)(C)c1cccc(-[n+]2nc3cc(C(C)(C)C)ccc3c3ccccc32)c1,1
Cc1ccc2c3ccc(C(C)(C)C)cc3n[n+](-c3cccc(C(C)(C)C)c3)c2c1,1
CC(C)(C)c1cccc(-[n+]2nc3cc(C(C)(C)C)ccc3c3ccc(C(C)(C)C)cc32)c1,1
COc1ccc2c3ccc(C(C)(C)C)cc3n[n+](-c3cccc(C(C)(C)C)c3)c2c1,1
CC(C)(C)c1cccc(-[n+]2nc3cc(C(C)(C)C)ccc3c3ccc(-c4ccccc4)cc32)c1,1
CC(C)(C)c1cccc(-[n+]2nc3cc(C(C)(C)C)ccc3c3ccc(Oc4ccccc4)cc32)c1,1
Cc1ccc2c(c1)c1ccc(C(C)(C)C)cc1n[n+]2-c1cccc(C(C)(C)C)c1,1
CC(C)(C)c1cccc(-[n+]2nc3cc(C(C)(C)C)ccc3c3cc(F)ccc32)c1,1
CC(C)(C)c1cccc(-[n+]2nc3cc(C(C)(C)C)ccc3c3cc(Cl)ccc32)c1,1
CC(C)(C)c1cccc(-[n+]2nc3cc(C(C)(C)C)ccc3c3cc(Br)ccc32)c1,1
CC(C)c1cccc(-[n+]2nc3cc(C(C)C)ccc3c3ccccc32)c1,1
CC(C)(C)c1ccc2c(c1)n[n+](-c1cc(C(F)(F)F)cc(C(F)(F)F)c1)c1ccccc21,1
COc1cc(OC)c2n[n+](-c3cc(C(F)(F)F)cc(C(F)(F)F)c3)c3ccccc3c2c1,1
CCN1C=C/C(=C\C=C\c2cc[n+](CC)c3ccccc23)c2ccccc21.[I-],1
C(#Cc1ccccc1)c1ccccc1,1
C(/C=C/c1ccccc1)=C\c1ccccc1,1
C(C#Cc1ccccc1)#Cc1ccccc1,1
C(=CC=Cc1ccccc1)C=Cc1ccccc1,1
O=C(O)c1ccccc1-c1c2cc(Cl)c(=O)cc-2oc2cc(O)c(Cl)cc12,1
c1ccc(-c2cnc(-c3ccccc3)o2)cc1,1
CN(C)c1ccc(C=Cc2cccc[n+]2C)cc1.[I-],1
Cc1nc2ccccc2o1,1
CCN1C(=CC=CC=Cc2sc3ccccc3[n+]2CC)Sc2ccccc21.[I-],1
CN(C)c1ccc(C=Cc2ccc([N+](=O)[O-])cc2)cc1,1
O=C(O)c1ccc(-c2c3ccc(=O)cc-3oc3cc(O)ccc23)c(C(=O)O)c1,1
O=C(O)c1ccc(-c2c3ccc4cc(O)ccc4c3oc3c2ccc2cc(=O)ccc23)c(C(=O)O)c1,1
CN(C)c1ccc2c(-c3ccc(C(=O)O)cc3C(=O)O)c3ccc(=[N+](C)C)cc-3oc2c1.[Cl-],1
O=C(O)c1ccc(C(=O)O)c(-c2c3cc(Cl)c(=O)cc-3oc3cc(O)c(Cl)cc23)c1,1
O=C(O)c1cc(CCl)ccc1-c1c2ccc(=O)cc-2oc2cc(O)ccc12,1
CCNc1ccc2c(-c3ccc(C(=O)O)cc3C(=O)O)c3cc/c(=[NH+]\CC)cc-3oc2c1.[Cl-],1
Cc1cc(=O)oc2c(F)c(O)c(F)cc12,1
CCNc1cc2oc3cc(=[NH+]CC)c(C)cc-3c(-c3ccc(C(=O)O)cc3C(=O)O)c2cc1C.[Cl-],1
O=C(ON1C(=O)CCC1=O)c1cc(Cl)c(C(=O)O)c(-c2c3cc(Cl)c(=O)c(Cl)c-3oc3c(Cl)c(O)c(Cl)cc23)c1Cl,1
COc1cc2c(-c3cc(C(=O)O)ccc3C(=O)O)c3cc(OC)c(=O)c(Cl)c-3oc2c(Cl)c1O,1
O=C(ON1C(=O)CCC1=O)c1cc(Cl)c(C(=O)O)c(-c2c3cc(Cl)c(=O)cc-3oc3cc(O)c(Cl)cc23)c1Cl,1
O=[N+]([O-])c1ccc(NCc2ccccc2)c2nonc12,1
COc1ccc2c(CC(=O)O)cc(=O)oc2c1,1
c1ccc(COc2c(-c3ccccc3)cc(-c3ccccc3)c3ccc[nH+]c23)cc1,1
C(#Cc1c2ccccc2c(C#Cc2ccccc2)c2ccccc12)c1ccccc1,1
c1ccc(-c2c3ccccc3c(-c3ccccc3)c3ccccc23)cc1,1
Cn1c2ccccc2c2ccccc21,1
CN(C)c1ccc2cc3ccc(N(C)C)cc3[nH+]c2c1.[Cl-],1
Cc1cc2cc3cc(C)c(N)cc3[nH+]c2cc1N.[Cl-],1
Cc1c(CC(=O)O)c(=O)oc2cc(N)c(S(=O)(=O)O)cc12,1
CCc1c2c(cc3oc(=O)cc(C(F)(F)F)c13)N(CCCCCC(=O)O)C(C)(C)C=C2CS(=O)(=O)[O-].[Na+],1
Nc1ccc2c(-c3cc(C(=O)[O-])ccc3C(=O)[O-])c3ccc(=[NH2+])c(S(=O)(=O)[O-])c-3oc2c1S(=O)(=O)[O-].[Li+].[Li+].[Li+],1
CC1N=c2c(cc3c(c2S(=O)(=O)O)Oc2c(cc4c(c2S(=O)(=O)O)NC(C)C4(C)C)C=3c2ccc(C(=O)O)cc2)C1(C)C,1
CC1CC(C)(C)Nc2c1cc1c(-c3c(Cl)c(SCC(=O)NCCCCCC(=O)[O-])c(Cl)c(Cl)c3C(=O)[O-])c3cc4c(c(S(=O)(=O)O)c3[o+]c1c2S(=O)(=O)O)NC(C)(C)CC4C.[Na+],1
CC1(C)C=C(CS(=O)(=O)O)c2cc3c(cc2=N1)Oc1cc2c(cc1C=3c1cccc(C(=O)O)c1C(=O)O)C(CS(=O)(=O)O)=CC(C)(C)N2,1
CN1c2cc3[o+]c4cc5c(cc4c(-c4ccc(C(=O)O)cc4C(=O)O)c3cc2C(CS(=O)(=O)[O-])=CC1(C)C)C(CS(=O)(=O)O)=CC(C)(C)N5C,1
CCN(CC)CC.CN1c2cc3[o+]c4cc5c(cc4c(-c4c(Cl)c(SCC(=O)ON6C(=O)CCC6=O)c(Cl)c(Cl)c4C(=O)O)c3cc2C(CS(=O)(=O)[O-])=CC1(C)C)C(CS(=O)(=O)O)=CC(C)(C)N5C,1
Cc1cc(=O)oc2cc3c(cc12)C(C)CC(C)(C)N3CCCC(=O)O,1
CCOC(=O)c1cc2cc3c(cc2oc1=O)N(CCCC(=O)O)C(C)(C)CC3C,1
Nc1ccc2cc3ccc(=[NH2+])cc-3n(CCCC(=O)O)c2c1.[O-][Cl+3]([O-])([O-])[O-],1
CN(CCCC(=O)[O-])C(=O)c1ccccc1-c1c2ccc(=[NH2+])c(S(=O)(=O)O)c-2oc2c(S(=O)(=O)O)c(N)ccc12,1
CN(C)c1ccc2cc3ccc(=[N+](C)C)cc-3n(CCCC(=O)O)c2c1.[O-][Cl+3]([O-])([O-])[O-],1
CN(CCCC(=O)[O-])C(=O)c1ccccc1-c1c2cc/c(=[NH+]\CC(F)(F)F)c(S(=O)(=O)O)c-2oc2c(S(=O)(=O)O)c(NCC(F)(F)F)ccc12,1
CCNc1ccc2c(-c3ccccc3C(=O)N(C)CCCC(=O)[O-])c3cc/c(=[NH+]\CC)c(S(=O)(=O)O)c-3oc2c1S(=O)(=O)O.[O-][Cl+3]([O-])([O-])[O-],1
CCNc1ccc2c(-c3ccccc3C(=O)N(C)CCCC(=O)O)c3cc/c(=[NH+]\CC)c(S(=O)(=O)O)c-3oc2c1S(=O)(=O)O.[O-][Cl+3]([O-])([O-])[O-],1
CC1=CC(C)(C)Nc2cc3c(cc21)C(c1ccccc1C(=O)N(C)CCCC(=O)O)=c1cc2c(cc1O3)=[NH+]C(C)(C)C=C2C.[O-][Cl+3]([O-])([O-])[O-],1
CCN1CCCc2cc3c(cc21)Oc1cc2c(cc1=C3c1cc(C(=O)O)ccc1C(=O)O)CCC[N+]=2CC.[O-][Cl+3]([O-])([O-])[O-],1
CCN1c2cc3c(cc2C(C)=CC1(C)C)C(c1cc(C(=O)O)ccc1C(=O)O)=c1cc2c(cc1O3)=[N+](CC)C(C)(C)C=C2C.[O-][Cl+3]([O-])([O-])[O-],1
CCN1c2cc3c(cc2C(CS(=O)(=O)O)=CC1(C)C)C(c1ccccc1C(=O)N(C)CCCC(=O)O)=c1cc2c(cc1O3)=[N+](CC)C(C)(C)C=C2CS(=O)(=O)O.[O-][Cl+3]([O-])([O-])[O-],1
CN(C)c1ccc2c(c1)C(C)(C)c1cc3c(cc1=C2)CCC[N+]=3CCCC(=O)O.[O-][Cl+3]([O-])([O-])[O-],1
CN(CCCC(=O)O)C(=O)c1ccccc1C1=C2C=CC(=[N+](C)C)C=C2[Si](C)(C)c2cc(N(C)C)ccc21.[O-][Cl+3]([O-])([O-])[O-],1
CCN1CCCc2cc3c(cc21)[Si](C)(C)C1=CC(=[N+](C)C)C=CC1=C3c1ccccc1C(=O)N(C)CCCC(=O)O.[O-][Cl+3]([O-])([O-])[O-],1
CC1=CC(C)(C)[N+](CCCC(=O)O)=c2cc3c(cc21)=Cc1ccc(N(C)C)cc1C3(C)C.[O-][Cl+3]([O-])([O-])[O-],1
CC[N+]1=c2cc3c(cc2C(CS(=O)(=O)O)=CC1(C)C)=Cc1cc2c(cc1C3(C)C)N(CCCC(=O)O)C(C)(C)CC2C.[O-][Cl+3]([O-])([O-])[O-],1
CCN1c2cc3c(cc2C(C)CC1(C)C)C(c1ccccc1C(=O)N(C)CCCC(=O)O)=c1cc2c4c(c1[Si]3(C)C)CCC[N+]=4CCC2.[O-][Cl+3]([O-])([O-])[O-],1
CC[N+]1=c2cc3c(cc2CCC1)=Nc1cc2c(cc1O3)N(CCCC(=O)O)C(C)(C)CC2CS(=O)(=O)O.[O-][Cl+3]([O-])([O-])[O-],1
CC[N+]1=c2cc3c(cc2CCC1)=Nc1cc2c(cc1O3)N(CCCC(=O)O)C(C)(C)C=C2CS(=O)(=O)O.[O-][Cl+3]([O-])([O-])[O-],1
CC[N+]1=c2cc3c(cc2C(C)=CC1(C)C)=Nc1cc2c(cc1O3)N(CCCC(=O)O)C(C)(C)C=C2CS(=O)(=O)O.[O-][Cl+3]([O-])([O-])[O-],1
CCN(CC)c1ccc2c(-c3ccccc3C(=O)N(C)CCCC(=O)O)c3ccc(=[N+](CC)CC)cc-3oc2c1.[O-][Cl+3]([O-])([O-])[O-],1
CCNc1cc2oc3c/c(=[NH+]/CC)c(C)cc-3c(-c3ccccc3C(=O)N(C)CCCC(=O)O)c2cc1C.[O-][Cl+3]([O-])([O-])[O-],1
CCN1CCCc2cc3c(cc21)Oc1cc2c(cc1=C3c1ccccc1C(=O)N(C)CCCC(=O)O)CCC[N+]=2CC.[O-][Cl+3]([O-])([O-])[O-],1
CC1CC(C)(C)Nc2cc3c(cc21)C(c1ccccc1C(=O)N(C)CCCC(=O)O)=c1cc2c(cc1O3)=[NH+]C(C)(C)CC2C.[O-][Cl+3]([O-])([O-])[O-],1
CCN1c2cc3c(cc2C(C)=CC1(C)C)C(c1ccccc1C(=O)N(C)CCCC(=O)O)=c1cc2c(cc1O3)=[N+](CC)C(C)(C)C=C2C.[O-][Cl+3]([O-])([O-])[O-],1
CCN1c2cc3c(cc2C(C)=CC1(C)C)C(c1c(Cl)c(Cl)c(Cl)c(Cl)c1C(=O)N(C)CCCC(=O)O)=c1cc2c(cc1O3)=[N+](CC)C(C)(C)CC2C.[O-][Cl+3]([O-])([O-])[O-],1
CN(CCCC(=O)O)C(=O)c1ccccc1-c1c2ccc(=[NH2+])cc-2oc2cc(N)ccc12.[O-][Cl+3]([O-])([O-])[O-],1
CN(CCCC(=O)O)C(=O)c1ccccc1C1=c2cc3c4c(c2Oc2c1cc1c5c2CCCN5CCC1)CCC[N+]=4CCC3.[O-][Cl+3]([O-])([O-])[O-],1
CN(CCCC(=O)[O-])C(=O)c1ccccc1-c1c2ccc(=[N+](C)C)cc-2sc2cc(N(C)C)ccc12,1
CN(C)c1ccc(C(=[NH2+])c2ccc(N(C)C)cc2)cc1.[Cl-],1
O=C(O)CCc1cc2c(-c3ccc(C(=O)O)cc3C(=O)O)c3cc(CCC(=O)O)c(=O)cc-3oc2cc1O,1
c1ccccc1,1
c1ccc(-c2ccccc2)cc1,1
CCCCCNC(=O)COc1ccc(/C=C/c2ccc3n2[B-](F)(F)[N+]2=C(c4cccs4)C=CC2=C3)cc1,1
O=C(COc1ccc(/C=C/c2ccc3n2[B-](F)(F)[N+]2=C(c4cccs4)C=CC2=C3)cc1)NCCCCCC(=O)N1C(=O)CCC1=O,1
O=C(O)CCCCCNC(=O)COc1ccc(/C=C/c2ccc3n2[B-](F)(F)[N+]2=C(c4cccs4)C=CC2=C3)cc1,1
CC1=CC(C)=[N+]2C1=Cc1ccc(CCC(=O)O)n1[B-]2(F)F,1
O=C(O)CCc1ccc2n1[B-](F)(F)[N+]1=C(c3ccccc3)C=CC1=C2,1
COc1ccc(C2=[N+]3C(=Cc4c(C)c(CCC(=O)NCCCCCC(=O)ON5C(=O)CCC5=O)c(C)n4[B-]3(F)F)C=C2)cc1,1
O=C(COc1ccc(-c2ccc3n2[B-](F)(F)[N+]2=C(c4cccs4)C=CC2=C3)cc1)NCCCCCC(=O)ON1C(=O)CCC1=O,1
CCN1/C(=C\C=C\C2=[N+](CC)c3ccccc3C2(C)C)C(C)(C)c2ccccc21,1
CCN1/C(=C\C=C\c2oc3ccccc3[n+]2CC)Oc2ccccc21,1
CCN1C(=CC=Cc2sc3ccccc3[n+]2CC)Sc2ccccc21,1
CCN1\C(=C/C=C/C=C/C2=[N+](CC)c3ccccc3C2(C)C)C(C)(C)c2ccccc21,1
CCN1\C(=C/C=C/C=C/c2oc3ccccc3[n+]2CC)Oc2ccccc21,1
CCN1\C(=C/C=C/C=C/c2sc3ccccc3[n+]2CC)Sc2ccccc21,1
CCN1\C(=C/C=C/C=C/C=C/C2=[N+](CC)c3ccccc3C2(C)C)C(C)(C)c2ccccc21,1
CCN1\C(=C/C=C/C=C/C=C/c2oc3ccccc3[n+]2CC)Oc2ccccc21,1
CC1(C)CCN2CCC(C)(C)c3c2c1cc1cc(-c2nc4ccccc4s2)c(=O)oc31,1
CC(=O)OCOC(=O)CN(CC(=O)OCOC(C)=O)Cc1cc2c(cc1OC(C)=O)Oc1cc(OC(C)=O)c(CN(CC(=O)OCOC(C)=O)CC(=O)OCOC(C)=O)cc1C21OC(=O)c2ccccc21,1
CC(=O)OCOC(=O)CNC(CCCCNC(=O)CCC1=[N+]2C(=Cc3ccc(-c4ccc[nH]4)n3[B-]2(F)F)C=C1)C(=O)OCOC(C)=O,1
CC(=O)OCOC(=O)CN(CC(=O)OCOC(C)=O)c1cccc(OCCOc2cc(NS(=O)(=O)c3ccc(C4=c5cc6c7c(c5Oc5c4cc4c8c5CCCN8CCC4)CCC[N+]=7CCC6)c(S(=O)(=O)[O-])c3)ccc2N(CC(=O)OCOC(C)=O)CC(=O)OCOC(C)=O)c1,1
CC(=O)OCOC(=O)CN(CC(=O)OCOC(C)=O)c1ccccc1OCCOc1cc(NC(=O)c2ccc3c(c2)C(=O)OC32c3cc(Cl)c(OC(C)=O)cc3Oc3cc(OC(C)=O)c(Cl)cc32)ccc1N(CC(=O)OCOC(C)=O)CC(=O)OCOC(C)=O,1
CC(=O)OCOC(=O)CN(CC(=O)OCOC(C)=O)c1ccccc1OCCOc1cc(NC(=S)Nc2ccc(-c3c4ccc(N(C)C)cc4[o+]c4cc(N(C)C)ccc34)c(C(=O)[O-])c2)ccc1N(CC(=O)OCOC(C)=O)CC(=O)OCOC(C)=O,1
CN(C)c1ccc2c(c1)Oc1c(ccc3cc(O)ccc13)C21OC(=O)c2cc(C(=O)O)ccc21,1
CN(C)c1ccc2c(-c3ccc(C(=O)O)cc3C(=O)O)c3ccc4cc(=O)ccc4c3oc2c1,1
NNC(=O)COc1cc(S(=O)(=O)[O-])c2ccc3c(S(=O)(=O)[O-])cc(S(=O)(=O)[O-])c4ccc1c2c43.[Na+].[Na+].[Na+],1
COc1ccc(-c2cnc(-c3cc[n+](Cc4cccc(C(=O)ON5C(=O)CCC5=O)c4)cc3)o2)cc1S(=O)(=O)[O-],1
CC1=CC(C)(C)N(C)c2cc3c(cc21)C(c1ccc(NC(=O)c2ccc(CCl)cc2)cc1C(=O)[O-])=c1cc2c(cc1O3)=[N+](C)C(C)(C)C=C2C,1
CCN(CC)c1ccc2c(C)cc(=O)oc2c1,1
CCN(CC)c1ccc2cc(-c3nc4ccccc4s3)c(=O)oc2c1,1
CCN(CC)c1ccc2cc(-c3nc4ccccc4n3C)c(=O)oc2c1,1
CCOC(=O)c1cc2cc3c4c(c2oc1=O)CCCN4CCC3,1
CC(=O)c1cc2cc3c4c(c2oc1=O)CCCN4CCC3,1
O=C(O)c1cc2cc3c4c(c2oc1=O)CCCN4CCC3,1
Cc1cc2nc3c(cc(N)c4ccccc43)[o+]c2cc1N(C)C.[O-][Cl+3]([O-])([O-])[O-],1
O=C(O)CCCCCCN1C(=CC=Cc2oc3cc(S(=O)(=O)O)ccc3[n+]2CCCCCC(=O)O)Oc2cc(S(=O)(=O)[O-])ccc21,1
CC[N+]1=C(C=CC=C2N(CCCCCC(=O)ON3C(=O)CCC3=O)c3ccc(S(=O)(=O)O)cc3C2(C)C)C(C)(C)c2cc(S(=O)(=O)[O-])ccc21,1
CC[N+]1=C(C=CC=C2N(CCCCCC(=O)ON3C(=O)CCC3=O)c3ccc4c(S(=O)(=O)O)cc(S(=O)(=O)O)cc4c3C2(C)C)C(C)(C)c2c1ccc1c(S(=O)(=O)O)cc(S(=O)(=O)[O-])cc21,1
CC[N+]1=C(C=CC=CC=C2N(CCCCCC(=O)ON3C(=O)CCC3=O)c3ccc(S(=O)(=O)O)cc3C2(C)C)C(C)(C)c2cc(S(=O)(=O)[O-])ccc21,1
CC[N+]1=C(C=CC=CC=C2N(CCCCCC(=O)ON3C(=O)CCC3=O)c3ccc4c(S(=O)(=O)[O-])cc(S(=O)(=O)[O-])cc4c3C2(C)C)C(C)(C)c2c1ccc1c(S(=O)(=O)[O-])cc(S(=O)(=O)[O-])cc21.[Na+].[Na+].[Na+],1
CC[N+]1=C(C=CC=CC=CC=C2N(CCCCCC(=O)ON3C(=O)CCC3=O)c3ccc(S(=O)(=O)O)cc3C2(C)C)C(C)(C)c2cc(S(=O)(=O)[O-])ccc21,1
C[N+]1=C(C=CC=CC=C2N(CCCCCC(=O)O)c3ccccc3C2(C)C)C(C)(C)c2ccccc21,1
CCN1C(=CC=Cc2oc3ccccc3[n+]2CC)Oc2ccccc21,1
CC1(C)C(C=CC=CC=C2N(CCCCCC(=O)O)c3ccc(S(=O)(=O)O)cc3C2(C)C)=Nc2ccc(S(=O)(=O)O)cc21,1
CN(C)c1ccc(N=Nc2ccc(C(=O)ON3C(=O)CCC3=O)cc2)cc1,1
CNc1ccc(-c2c3cc(F)c(=O)cc-3oc3cc(O)c(F)cc23)c(C(=O)O)c1N,1
CN(C)c1cccc2c(S(=O)(=O)NCC(=O)O)cccc12,1
CCCn1c2cccc3oc4cccc5c4[c+](c32)c2c1cccc2n5CCC,1
N=C(N)c1ccc(-c2cc3ccc(C(=N)N)cc3[nH]2)cc1,1
CN(C)c1ccc(-c2cnc(-c3ccc(S(=O)(=O)NCCN)cc3)o2)cc1,1
CC1=CC(=C(C#N)C#N)C=C(C=Cc2ccc(N(C)C)cc2)O1,1
CC1(C)C2=C(Cl)C(=O)C(Cl)=CC2=Nc2ccc(O)cc21,1
CCCCCCCCCCCCCCCCN(CCCCCCCCCCCCCCCC)c1ccc(C=Cc2cc[n+](C)cc2)cc1.[I-],1
CCN1/C(=C/C=C/c2oc3ccccc3[n+]2CC)Oc2ccccc21,1
O=c1nc(-c2ccccc2)c2c(=O)nc(-c3ccccc3)c1=2,1
O=c1nc(-c2ccc(S(=O)(=O)Nc3cc(Cl)c(O)c(Cl)c3)cc2)c2c(=O)nc(-c3ccccc3)c1=2,1
O=c1nc(-c2ccc(S(=O)(=O)Nc3ccc(O)c(Cl)c3)cc2)c2c(=O)nc(-c3ccccc3)c1=2,1
O=c1nc(-c2ccc(S(=O)(=O)N3CCOCC3)cc2)c2c(=O)nc(-c3ccccc3)c1=2,1
O=C(O)c1ccccc1-c1c2cc(Br)c(=O)c(Br)c-2oc2c(Br)c(O)c(Br)cc12,1
O=C(O)c1cc(N=C=S)ccc1-c1c2cc(I)c(=O)c(I)c-2oc2c(I)c(O)c(I)cc12,1
CCOC(=O)c1ccccc1-c1c2cc(Br)c(=O)c(Br)c-2oc2c(Br)c(O)c(Br)cc12,1
CCOC(=O)c1ccc(N(C)C)cc1,1
CCN(CCCS(=O)(=O)[O-])c1ccc2nc3cc/c(=[N+](/C)CCC(=O)O)cc-3oc2c1,1
O=C1OC2(c3ccc(O)cc3Oc3cc(O)ccc32)c2ccc(N=C=S)cc21,1
Cc1ccc(N(CC(=O)O)CC(=O)O)c(OCCOc2cc(-c3c4cc(Cl)c(=O)cc-4oc4cc(O)c(Cl)cc34)ccc2N(CC(=O)O)CC(=O)O)c1,1
Cc1ccc(N(CC(=O)O)CC(=O)O)c(OCCOc2cc(-c3c4cc(F)c(=O)cc-4oc4cc(O)c(F)cc34)ccc2N(CC(=O)O)CC(=O)O)c1,1
O=C(O)c1ccccc1-c1c2ccc(=O)cc-2oc2cc(O)ccc12,1
COc1cccc(-c2c3oc4ccccc4c3cc3c2c2ccccc2n3C)c1,1
Cn1c2ccccc2c2c(-c3ccc(Cl)cc3)c3oc4ccccc4c3cc21,1
Cn1c2ccccc2c2c(-c3ccc(C(F)(F)F)cc3)c3oc4ccccc4c3cc21,1
Cn1c2ccccc2c2c(-c3ccc([N+](=O)[O-])cc3)c3oc4ccccc4c3cc21,1
Cn1c2ccccc2c2c(-c3ccc(O)cc3)c3oc4ccccc4c3cc21,1
Cn1c2ccccc2c2c(-c3ccc4ccccc4c3)c3oc4ccccc4c3cc21,1
Cn1c2ccccc2c2c(-c3ccccc3Br)c3oc4ccccc4c3cc21,1
Cn1c2ccccc2c2c(-c3cccc(Br)c3)c3oc4ccccc4c3cc21,1
COc1ccc2c(c1)oc1c(-c3ccccc3)c3c4ccccc4n(C)c3cc12,1
Cn1c2ccccc2c2c(-c3ccccc3)c3oc4ccc(Cl)cc4c3cc21,1
COC(=O)c1ccc2oc3c(-c4ccccc4)c4c5ccccc5n(C)c4cc3c2c1,1
c1ccc(Cn2c3ccccc3c3c(-c4ccccc4)c4oc5ccccc5c4cc32)cc1,1
COc1ccc2c(c1)c1c(-c3ccccc3)c3oc4ccccc4c3cc1n2C,1
Cn1c2ccc(Br)cc2c2c(-c3ccccc3)c3oc4ccccc4c3cc21,1
Cn1c2ccc(C#N)cc2c2c(-c3ccccc3)c3oc4ccccc4c3cc21,1
O=C(O)c1cc2ccc(O)cc2oc1=O,1
Cc1ccc(S(=O)(=O)/N=c2/cc3ccccc3cn2-c2ccccc2)cc1,1
Cc1ccc(S(=O)(=O)/N=c2/cc3ccccc3cn2-c2ccccc2C)cc1,1
Cc1ccc(S(=O)(=O)/N=c2/cc3ccccc3cn2-c2cccc(OCc3ccccc3)c2)cc1,1
CSc1cccc(-n2cc3ccccc3c/c2=N/S(=O)(=O)c2ccc(C)cc2)c1,1
Cc1ccc(S(=O)(=O)/N=c2/cc3ccccc3cn2-c2cccc(Cl)c2)cc1,1
Cc1ccc(S(=O)(=O)/N=c2/cc3ccccc3cn2-c2cccc(Br)c2)cc1,1
Cc1ccc(-n2cc3ccccc3c/c2=N/S(=O)(=O)c2ccc(C)cc2)cc1,1
CCc1ccc(-n2cc3ccccc3c/c2=N/S(=O)(=O)c2ccc(C)cc2)cc1,1
COc1ccc(-n2cc3ccccc3c/c2=N/S(=O)(=O)c2ccc(C)cc2)cc1,1
Cc1ccc(S(=O)(=O)/N=c2/cc3ccccc3cn2-c2ccc(F)cc2)cc1,1
Cc1ccc(S(=O)(=O)/N=c2/cc3ccccc3cn2-c2ccc(Cl)cc2)cc1,1
Cc1ccc(S(=O)(=O)/N=c2/cc3ccccc3cn2-c2ccc(Br)cc2)cc1,1
Cc1ccc(S(=O)(=O)/N=c2/cc3ccccc3cn2-c2ccc(I)cc2)cc1,1
Cc1ccc(S(=O)(=O)/N=c2/cc3ccccc3cn2-c2ccc(C)c(C)c2)cc1,1
COc1ccc(-n2cc3ccccc3c/c2=N/S(=O)(=O)c2ccc(C)cc2)cc1OC,1
Cc1ccc(S(=O)(=O)/N=c2/cc3ccccc3cn2-c2ccc(C)cc2C)cc1,1
Cc1ccc(S(=O)(=O)/N=c2/cc3ccccc3cn2-c2ccc(Cl)cc2C)cc1,1
COc1cc(OC)cc(-n2cc3ccccc3c/c2=N/S(=O)(=O)c2ccc(C)cc2)c1,1
Cc1ccc(S(=O)(=O)/N=c2/cc3ccccc3cn2-c2ccc(CCN=[N+]=[N-])cc2)cc1,1
Cc1ccc(S(=O)(=O)/N=c2/cc3ccccc3cn2-c2ccc(CCO)cc2)cc1,1
Cc1ccc(S(=O)(=O)/N=c2/cc3ccccc3cn2-c2ccc(CCC(=O)O)cc2)cc1,1
Cc1ccc(S(=O)(=O)/N=c2/cc3ccccc3cn2-c2cccc3ccccc23)cc1,1
Cc1ccc(S(=O)(=O)/N=c2/cc3ccccc3cn2-c2ccccn2)cc1,1
Cc1ccc(S(=O)(=O)/N=c2/cc3ccccc3cn2Nc2ccccc2)cc1,1
Cc1ccc(S(=O)(=O)/N=c2/cc3cccc(F)c3cn2-c2ccccc2)cc1,1
Cc1ccc(S(=O)(=O)/N=c2/cc3ccc(F)cc3cn2-c2ccccc2)cc1,1
Cc1ccc(S(=O)(=O)/N=c2/cc3ccc(Cl)cc3cn2-c2ccccc2)cc1,1
Cc1ccc(S(=O)(=O)/N=c2/cc3cc(C)ccc3cn2-c2ccccc2)cc1,1
Cc1ccc(S(=O)(=O)/N=c2/cc3cc(F)ccc3cn2-c2ccccc2)cc1,1
CC(C)(C)Nc1c(-c2cc(-c3ccc(Cl)cc3)n(-c3ccccc3)n2)nc2ccccn12,1
Cc1cccn2c(NC(C)(C)C)c(-c3cc(-c4ccc(Cl)cc4)n(-c4ccccc4)n3)nc12,1
Cc1ccn2c(NC(C)(C)C)c(-c3cc(-c4ccc(Cl)cc4)n(-c4ccccc4)n3)nc2c1,1
Cc1ccc2nc(-c3cc(-c4ccc(Cl)cc4)n(-c4ccccc4)n3)c(NC(C)(C)C)n2c1,1
Cc1cccc2nc(-c3cc(-c4ccc(Cl)cc4)n(-c4ccccc4)n3)c(NC(C)(C)C)n12,1
Cn1nc(-c2nc3ccccn3c2NC(C)(C)C)cc1-c1ccc(Cl)cc1,1
Cc1ccn2c(NC(C)(C)C)c(-c3cc(-c4ccc(Cl)cc4)n(C)n3)nc2c1,1
Cc1ccc2nc(-c3cc(-c4ccc(Cl)cc4)n(C)n3)c(NC(C)(C)C)n2c1,1
CCOC(=O)CNc1c(-c2cc(-c3ccc(F)cc3)n(-c3ccccc3)n2)nc2ccc(Cl)cn12,1
CC(C)(C)Nc1c(-c2cc(-c3ccc(Cl)cc3)n(-c3ccccc3)n2)nc2ccc(F)cn12,1
CC(C)(C)Nc1c(-c2cc(-c3ccc(Cl)cc3)n(-c3ccccc3)n2)nc2c(Cl)cc(Cl)cn12,1
CC(C)(C)Nc1c(-c2cc(-c3ccc(Cl)cc3)n(-c3ccccc3)n2)nc2c(Br)cccn12,1
CC(C)(C)Nc1c(-c2cc(-c3ccc(Cl)cc3)n(-c3ccccc3)n2)nc2cnccn12,1
Cn1nc(-c2nc3ccc(Cl)cn3c2NC(C)(C)C)cc1-c1ccc(Cl)cc1,1
Cn1nc(-c2nc3c(Cl)cc(Cl)cn3c2NC(C)(C)C)cc1-c1ccc(Cl)cc1,1
Cn1nc(-c2nc3c(Br)cccn3c2NC(C)(C)C)cc1-c1ccc(Cl)cc1,1
Cn1nc(-c2nc3ccc(Br)cn3c2NC(C)(C)C)cc1-c1ccc(Cl)cc1,1
Cn1nc(-c2nc3sccn3c2NC(C)(C)C)cc1-c1ccc(Cl)cc1,1
CCOC(=O)CNc1c(-c2cc(-c3ccc(Cl)cc3)n(C)n2)nc2ccc(Cl)cn12,1
Cn1nc(-c2ccc(Cl)cc2)cc1-c1nc2ccc(Cl)cn2c1NC(C)(C)C,1
CC(C)(C)Nc1c(-c2nn(-c3ccccc3)c(-c3cccc(Br)c3)c2I)nc2ccccn12,1
CCOC(=O)/C(=C/c1ccc(N(C)C)cc1)n1nc2ccccc2n1,1
CCOC(=O)/C(=C/c1ccc(N(CC)CC)cc1)n1nc2ccccc2n1,1
CCOC(=O)/C(=C/c1ccc(N(c2ccccc2)c2ccccc2)cc1)n1nc2ccccc2n1,1
CCOC(=O)/C(=C/c1ccc(N2CCOCC2)cc1)n1nc2ccccc2n1,1
CCOC(=O)/C(=C/c1ccc(N(C)C)cc1)n1nnc2ccccc21,1
CCOC(=O)/C(=C/c1ccc(N(CC)CC)cc1)n1nnc2ccccc21,1
CCOC(=O)/C(=C/c1ccc(N(c2ccccc2)c2ccccc2)cc1)n1nnc2ccccc21,1
CCOC(=O)/C(=C/c1ccc(N2CCOCC2)cc1)n1nnc2ccccc21,1
c1ccc(-c2ccc(-c3nc4c5ccccc5c5ccccc5c4n3-c3ccccc3)c3nsnc23)cc1,1
Cc1ccc(-c2ccc(-c3nc4c5ccccc5c5ccccc5c4n3-c3ccccc3)c3nsnc23)cc1,1
COc1ccc(-c2ccc(-c3nc4c5ccccc5c5ccccc5c4n3-c3ccccc3)c3nsnc23)cc1,1
CCOc1ccc(-c2ccc(-c3nc4c5ccccc5c5ccccc5c4n3-c3ccccc3)c3nsnc23)cc1,1
Fc1ccc(-c2ccc(-c3nc4c5ccccc5c5ccccc5c4n3-c3ccccc3)c3nsnc23)cc1,1
FC(F)(F)c1ccc(-c2ccc(-c3nc4c5ccccc5c5ccccc5c4n3-c3ccccc3)c3nsnc23)cc1,1
CCn1c2ccccc2c2cc(/C=C/C3=C(S(=O)(=O)c4ccccc4)C(=C(C#N)C#N)OC3(C)C)ccc21,1
CCn1c2ccccc2c2cc(/C=C/C3=C(Sc4ccccc4)C(=C(C#N)C#N)OC3(C)C)ccc21,1
CCn1c2ccccc2c2cc(/C=C/C3=C(C#N)C(=C(C#N)C#N)OC3(C)C)ccc21,1
CC1(C)OC(=C(C#N)C#N)C(S(=O)(=O)c2ccccc2)=C1/C=C/c1ccc(-n2c3ccc(C(C)(C)C)cc3c3cc(C(C)(C)C)ccc32)cc1,1
CC1(C)OC(=C(C#N)C#N)C(Sc2ccccc2)=C1/C=C/c1ccc(-n2c3ccc(C(C)(C)C)cc3c3cc(C(C)(C)C)ccc32)cc1,1
CC1(C)OC(=C(C#N)C#N)C(C#N)=C1/C=C/c1ccc(-n2c3ccc(C(C)(C)C)cc3c3cc(C(C)(C)C)ccc32)cc1,1
CC1(C)OC(=C(C#N)C#N)C(S(=O)(=O)c2ccccc2)=C1/C=C/c1ccc(N(c2ccccc2)c2ccccc2)cc1,1
CC1(C)OC(=C(C#N)C#N)C(Sc2ccccc2)=C1/C=C/c1ccc(N(c2ccccc2)c2ccccc2)cc1,1
CC1(C)OC(=C(C#N)C#N)C(C#N)=C1/C=C/c1ccc(N(c2ccccc2)c2ccccc2)cc1,1
CCC1(CC)c2ccc(/C=C/C3=C(S(=O)(=O)c4ccccc4)C(=C(C#N)C#N)OC3(C)C)cc2-c2ccc(N(c3ccccc3)c3ccccc3)cc21,1
CCC1(CC)c2ccc(/C=C/C3=C(Sc4ccccc4)C(=C(C#N)C#N)OC3(C)C)cc2-c2ccc(N(c3ccccc3)c3ccccc3)cc21,1
CCC1(CC)c2ccc(/C=C/C3=C(C#N)C(=C(C#N)C#N)OC3(C)C)cc2-c2ccc(N(c3ccccc3)c3ccccc3)cc21,1
COc1ccc(-c2cc3c(-c4ccccc4)c(-c4ccc(OC)cc4)n(C)c3nc2-c2ccc(C)cc2)cc1,1
COc1ccc(-c2cc3c(-c4ccccc4)c(-c4ccc(F)cc4)n(C)c3nc2-c2ccc(C)cc2)cc1,1
COc1ccc(-c2c(-c3ccccc3)c3cc(-c4ccc5ccccc5c4)c(-c4ccc5c(c4)OCO5)nc3n2C)cc1,1
COc1ccc(-c2c(-c3ccc(F)cc3)n(C)c3nc(-c4ccc5ccccc5c4)c(-c4ccc(C)cc4)cc23)cc1,1
COc1ccc(-c2c(-c3ccccc3)n(C)c3nc(-c4ccc5ccccc5c4)c(-c4ccc(C)cc4)cc23)cc1,1
COc1cccc(-c2nc3c(cc2-c2ccc4ccccc4c2)c(-c2ccc(C)cc2)c(-c2ccc(F)cc2)n3C)c1,1
Fc1ccc(C2=NNc3cccc[n+]3[B-]2(F)F)cc1,1
N#Cc1cc[n+]2c(c1)NN=C(c1ccc(F)cc1)[B-]2(F)F,1
F[B-]1(F)C(c2ccc(N(c3ccccc3)c3ccccc3)cc2)=NNc2cccc[n+]21,1
N#Cc1cc[n+]2c(c1)NN=C(c1ccc(N(c3ccccc3)c3ccccc3)cc1)[B-]2(F)F,1
COc1ccc(-c2c(C#N)c3ccccn3c2N)cc1,1
N#Cc1c(-c2ccc(Br)cc2)c(N)n2ccccc12,1
N#Cc1c(-c2ccccc2)c(N)n2ccccc12,1
N#Cc1c(-c2ccc3ccccc3c2)c(N)n2ccccc12,1
N#Cc1c(-c2cccc3ccccc23)c(N)n2ccccc12,1
N#Cc1c(-c2ccc(Oc3ccccc3)cc2)c(N)n2ccccc12,1
N#Cc1c(-c2ccc(-c3ccccc3)cc2)c(N)n2ccccc12,1
N#Cc1c(-c2ccc3c(c2)Cc2ccccc2-3)c(N)n2ccccc12,1
N#Cc1c(-c2n[nH]c3ccccc23)c(N)n2ccccc12,1
N#Cc1c(-c2ccccc2O)c(N)n2ccccc12,1
N#Cc1c(C#Cc2ccccc2)c(N)n2ccccc12,1
N#Cc1c(-c2cc3ccccc3o2)c(N)n2ccccc12,1
N#Cc1c(-c2ccccc2F)c(N)n2ccccc12,1
N#Cc1c(-c2ccccc2)c(N)n2ccncc12,1
CC(C)(C)NC(=O)C(OC(=O)c1ccccc1)c1ccc(C2=C3C=CC=[N+]3[B-](F)(F)n3cccc32)cc1,1
CC(C)(C)NC(=O)C(OC(=O)c1ccccc1)c1ccc(C2=C3C=CC=[N+]3[B-](F)(F)n3cccc32)cc1F,1
CC(C)(C)NC(=O)C(OC(=O)c1ccccc1)c1cccc(C2=C3C=CC=[N+]3[B-](F)(F)n3cccc32)c1,1
CC(C)(C)NC(=O)C(OC(=O)c1ccc(C2=C3C=CC=[N+]3[B-](F)(F)n3cccc32)cc1)c1ccccc1,1
CC(C)(C)NC(=O)C(OC(=O)c1ccc(C2=C3C=CC=[N+]3[B-](F)(F)n3cccc32)cc1)c1ccc(Br)cc1,1
CC(C)(C)NC(=O)C(OC(=O)c1ccc(C2=C3C=CC=[N+]3[B-](F)(F)n3cccc32)cc1)c1ccc(C(F)(F)F)cc1,1
CC(C)(C)NC(=O)C(OC(=O)c1ccc(C2=C3C=CC=[N+]3[B-](F)(F)n3cccc32)cc1)c1ccc([N+](=O)[O-])cc1,1
CC(C)(C)NC(=O)C(c1ccc(C2=C3C=CC=[N+]3[B-](F)(F)n3cccc32)cc1)N(Cc1ccccc1)C(=O)c1ccccc1,1
COc1ccc(CN(C(=O)c2ccccc2)C(C(=O)NC(C)(C)C)c2ccc(C3=C4C=CC=[N+]4[B-](F)(F)n4cccc43)cc2)cc1,1
COc1ccc(CN(C(=O)c2ccc(C3=C4C=CC=[N+]4[B-](F)(F)n4cccc43)cc2)C(C(=O)NC(C)(C)C)c2ccccc2)cc1,1
CC(C)(C)NC(=O)C(c1cc(Br)cc(Br)c1)N(C(=O)c1ccccc1)c1cccc(C2=C3C=CC=[N+]3[B-](F)(F)n3cccc32)c1,1
CC(C)(C)NC(=O)C(OC(=O)c1ccccc1)c1ccc(C2=C3C=CC(c4ccc([N+](=O)[O-])cc4)=[N+]3[B-](F)(F)n3cccc32)cc1,1
CC(C)(C)NC(=O)C(OC(=O)c1ccccc1)c1ccc(C2=C3C=CC(c4ccc([N+](=O)[O-])cc4)=[N+]3[B-](F)(F)n3cccc32)cc1F,1
CC(C)(C)NC(=O)C(OC(=O)c1ccccc1)c1cccc(C2=C3C=CC(c4ccc([N+](=O)[O-])cc4)=[N+]3[B-](F)(F)n3cccc32)c1,1
CC(C)(C)NC(=O)C(OC(=O)c1ccc(C2=C3C=CC(c4ccc([N+](=O)[O-])cc4)=[N+]3[B-](F)(F)n3cccc32)cc1)c1ccc(C(F)(F)F)cc1,1
CC(=O)c1ccn2c3c(c(-c4ccc(-c5nnc(C)nn5)cc4)c2c1)CN(CCCNC(=O)OC(C)(C)C)C3=O,1
Cc1nnc(-c2ccn3c4c(c(-c5ccccc5)c3c2)CN(CCCNC(=O)OC(C)(C)C)C4=O)nn1,1
CC(=O)c1ccn2c3c(c(-c4ccc(C(=O)NCc5ccc(-c6nnc(C)nn6)cc5)cc4)c2c1)CN(CCCNC(=O)OC(C)(C)C)C3=O,1
Cc1nnc(-c2ccc(CNC(=O)c3ccn4c5c(c(-c6ccccc6)c4c3)CN(CCCNC(=O)OC(C)(C)C)C5=O)cc2)nn1,1
CC(=O)c1ccn2c3c(c(-c4ccccc4)c2c1)CN(CCCNC(=O)CCC(=O)NCc1ccc(-c2nnc(C)nn2)cc1)C3=O,1
COc1ccc(-c2c3c(n4ccc(-c5nnc(C)nn5)cc24)C(=O)N(CCCNC(=O)OC(C)(C)C)C3)cc1,1
Cc1nnc(-c2ccn3c4c(c(-c5ccc(N)cc5)c3c2)CN(CCCNC(=O)OC(C)(C)C)C4=O)nn1,1
CCN(CC)c1ccc(-c2c3c(n4ccc(-c5nnc(C)nn5)cc24)C(=O)N(CCCNC(=O)OC(C)(C)C)C3)cc1,1
CCN(CC)c1ccc(-c2c3c(n4ccc(C(=O)NCc5ccc(-c6nnc(C)nn6)cc5)cc24)C(=O)N(CCCNC(=O)OC(C)(C)C)C3)cc1,1
CCN(CC)c1ccc(-c2c3c(n4ccc(C(C)=O)cc24)C(=O)N(CCCNC(=O)CCC(=O)NCc2ccc(-c4nnc(C)nn4)cc2)C3)cc1,1
CC(=O)c1ccn2c3c(c(-c4ccc(C5=NNC(C)=C6CCCCCCC56)cc4)c2c1)CN(CCCNC(=O)OC(C)(C)C)C3=O,1
CC1=C2CCCCCCC2C(c2ccn3c4c(c(-c5ccccc5)c3c2)CN(CCCNC(=O)OC(C)(C)C)C4=O)=NN1,1
CC(=O)c1ccn2c3c(c(-c4ccc(C(=O)NCc5ccc(C6=NNC(C)=C7CCCCCCC67)cc5)cc4)c2c1)CN(CCCNC(=O)OC(C)(C)C)C3=O,1
CC1=C2CCCCCCC2C(c2ccc(CNC(=O)c3ccn4c5c(c(-c6ccccc6)c4c3)CN(CCCNC(=O)OC(C)(C)C)C5=O)cc2)=NN1,1
CC(=O)c1ccn2c3c(c(-c4ccccc4)c2c1)CN(CCCNC(=O)CCC(=O)NCc1ccc(C2=NNC(C)=C4CCCCCCC24)cc1)C3=O,1
COc1ccc(-c2c3c(n4ccc(C5=NNC(C)=C6CCCCCCC56)cc24)C(=O)N(CCCNC(=O)OC(C)(C)C)C3)cc1,1
CC1=C2CCCCCCC2C(c2ccn3c4c(c(-c5ccc(N)cc5)c3c2)CN(CCCNC(=O)OC(C)(C)C)C4=O)=NN1,1
CCN(CC)c1ccc(-c2c3c(n4ccc(C5=NNC(C)=C6CCCCCCC56)cc24)C(=O)N(CCCNC(=O)OC(C)(C)C)C3)cc1,1
CCN(CC)c1ccc(-c2c3c(n4ccc(C(=O)NCc5ccc(C6=NNC(C)=C7CCCCCCC67)cc5)cc24)C(=O)N(CCCNC(=O)OC(C)(C)C)C3)cc1,1
CCN(CC)c1ccc(-c2c3c(n4ccc(C(C)=O)cc24)C(=O)N(CCCNC(=O)CCC(=O)NCc2ccc(C4=NNC(C)=C5CCCCCCC45)cc2)C3)cc1,1
c1cc2cc3occc3cc2o1,1
c1ccc(-c2cc3cc4oc(-c5ccccc5)cc4cc3o2)cc1,1
c1ccc(N(c2ccccc2)c2ccc(-c3cc4cc5oc(-c6ccc(N(c7ccccc7)c7ccccc7)cc6)cc5cc4o3)cc2)cc1,1
c1ccc2c(c1)c1ccccc1n2-c1ccc(-c2cc3cc4oc(-c5ccc(-n6c7ccccc7c7ccccc76)cc5)cc4cc3o2)cc1,1
Fc1c(F)c(F)c(-c2cc3cc4oc(-c5c(F)c(F)c(F)c(F)c5F)cc4cc3o2)c(F)c1F,1
c1ccc(-c2cc3cc4cc(-c5ccccc5)oc4cc3o2)cc1,1
c1ccc(N(c2ccccc2)c2ccc(-c3cc4cc5cc(-c6ccc(N(c7ccccc7)c7ccccc7)cc6)oc5cc4o3)cc2)cc1,1
c1ccc2c(c1)c1ccccc1n2-c1ccc(-c2cc3cc4cc(-c5ccc(-n6c7ccccc7c7ccccc76)cc5)oc4cc3o2)cc1,1
Fc1c(F)c(F)c(-c2cc3cc4cc(-c5c(F)c(F)c(F)c(F)c5F)oc4cc3o2)c(F)c1F,1
c1ccc(-c2cc3c(ccc4c5cc(-c6ccccc6)oc5ccc34)o2)cc1,1
CCCCC(CC)Cc1ccc(-c2cc3c(ccc4c5cc(-c6ccc(CC(CC)CCCC)cc6)oc5ccc34)o2)cc1,1
c1ccc(-c2oc3ccc4c(ccc5oc(-c6ccccc6)c(-c6ccccc6)c54)c3c2-c2ccccc2)cc1,1
c1ccc(-c2cc3ccc4c(ccc5cc(-c6ccccc6)oc54)c3o2)cc1,1
c1ccc(-c2cc3cc4cc5oc(-c6ccccc6)cc5cc4cc3o2)cc1,1
c1ccc(-c2cc3cc4cc5cc6oc(-c7ccccc7)cc6cc5cc4cc3o2)cc1,1
c1ccc(-c2cc3c(ccc4cc5c(ccc6oc(-c7ccccc7)cc65)cc43)o2)cc1,1
c1ccc(-c2cc3ccc4cc5c(ccc6cc(-c7ccccc7)oc65)cc4c3o2)cc1,1
COc1ccc(C#Cc2ccc(C#Cc3ccccc3C#N)cc2C#N)cc1,1
CSc1ccc(C#Cc2ccc(C#Cc3ccccc3C#N)cc2C#N)cc1,1
CN(C)c1ccc(C#Cc2ccc(C#Cc3ccccc3C#N)cc2C#N)cc1,1
N#Cc1ccccc1C#Cc1ccc(C#Cc2ccc(N(c3ccccc3)c3ccccc3)cc2)c(C#N)c1,1
COc1ccc(C#Cc2ccc(C#Cc3cc(C#N)ccc3C#N)cc2C#N)cc1,1
CSc1ccc(C#Cc2ccc(C#Cc3cc(C#N)ccc3C#N)cc2C#N)cc1,1
CN(C)c1ccc(C#Cc2ccc(C#Cc3cc(C#N)ccc3C#N)cc2C#N)cc1,1
N#Cc1ccc(C#N)c(C#Cc2ccc(C#Cc3ccc(N(c4ccccc4)c4ccccc4)cc3)c(C#N)c2)c1,1
COc1ccc(C#Cc2cc(C#N)c(C#Cc3ccccc3)cc2C#N)cc1,1
CSc1ccc(C#Cc2cc(C#N)c(C#Cc3ccccc3)cc2C#N)cc1,1
CN(C)c1ccc(C#Cc2cc(C#N)c(C#Cc3ccccc3)cc2C#N)cc1,1
N#Cc1cc(C#Cc2ccc(N(c3ccccc3)c3ccccc3)cc2)c(C#N)cc1C#Cc1ccccc1,1
COc1ccc(C#Cc2cc(C#N)c(C#Cc3ccccc3C#N)cc2C#N)cc1,1
CSc1ccc(C#Cc2cc(C#N)c(C#Cc3ccccc3C#N)cc2C#N)cc1,1
CN(C)c1ccc(C#Cc2cc(C#N)c(C#Cc3ccccc3C#N)cc2C#N)cc1,1
N#Cc1ccccc1C#Cc1cc(C#N)c(C#Cc2ccc(N(c3ccccc3)c3ccccc3)cc2)cc1C#N,1
COc1ccc(C#Cc2cc(C#N)c(C#Cc3cc(C#N)ccc3C#N)cc2C#N)cc1,1
CSc1ccc(C#Cc2cc(C#N)c(C#Cc3cc(C#N)ccc3C#N)cc2C#N)cc1,1
CN(C)c1ccc(C#Cc2cc(C#N)c(C#Cc3cc(C#N)ccc3C#N)cc2C#N)cc1,1
N#Cc1ccc(C#N)c(C#Cc2cc(C#N)c(C#Cc3ccc(N(c4ccccc4)c4ccccc4)cc3)cc2C#N)c1,1
N#Cc1ccc(N(c2ccc(C#N)cc2)c2ccc(C#Cc3cc(C#N)c(C#Cc4cc(C#N)ccc4C#N)cc3C#N)cc2)cc1,1
COc1ccc(N(c2ccc(C#Cc3cc(C#N)c(C#Cc4cc(C#N)ccc4C#N)cc3C#N)cc2)c2ccc(OC)cc2)cc1,1
N#Cc1ccc(C#N)c(C#Cc2cc(C#N)c(C#Cc3ccc(N(c4ccc(-c5ccccc5)cc4)c4ccc(-c5ccccc5)cc4)cc3)cc2C#N)c1,1
N#Cc1ccc(-c2ccc(N(c3ccc(C#Cc4cc(C#N)c(C#Cc5cc(C#N)ccc5C#N)cc4C#N)cc3)c3ccc(-c4ccc(C#N)cc4)cc3)cc2)cc1,1
COc1ccc(-c2ccc(N(c3ccc(C#Cc4cc(C#N)c(C#Cc5cc(C#N)ccc5C#N)cc4C#N)cc3)c3ccc(-c4ccc(OC)cc4)cc3)cc2)cc1,1
CC1=[N+]2C(=C(c3ccc(C(OC(=O)c4ccccc4)C(=O)NC(C)(C)C)cc3)c3ccc(C)n3[B-]2(F)F)C=C1,1
CCC1=[N+]2C(=C(c3ccc(C(OC(=O)c4ccccc4)C(=O)NC(C)(C)C)cc3)c3ccc(CC)n3[B-]2(F)F)C=C1,1
CC(C)(C)NC(=O)C(OC(=O)c1ccccc1)c1ccc(C2=C3C=CC=[N+]3[B-](F)(F)n3cccc32)s1,1
CC1=[N+]2C(=C(c3ccc(C(OC(=O)c4ccccc4)C(=O)NC(C)(C)C)s3)c3ccc(C)n3[B-]2(F)F)C=C1,1
CC1=[N+]2C(=C(c3ccc(C(OC(=O)c4ccccc4)C(=O)NC(C)(C)C)cc3)c3cc(Br)c(C)n3[B-]2(F)F)C=C1Br,1
CC(C)(C)NC(=O)C(OC(=O)c1ccccc1)C1=CC2=C(c3ccccc3)c3cccn3[B-](F)(F)[N+]2=C1,1
Cc1cc(C)c(C2=C3C=C(C(OC(=O)c4ccccc4)C(=O)NC(C)(C)C)C=[N+]3[B-](F)(F)n3cccc32)c(C)c1,1
CC(C)(C)NC(=O)C(OC(=O)c1ccccc1)C1=CC2=C(c3ccc(Br)cc3)c3cccn3[B-](F)(F)[N+]2=C1,1
CC(C)(C)NC(=O)C(OC(=O)c1ccccc1)C1=CC2=C(c3ccc(C(F)(F)F)cc3)c3cccn3[B-](F)(F)[N+]2=C1,1
CC(C)(C)NC(=O)C(OC(=O)c1ccccc1)C1=CC2=C(c3cccs3)c3cccn3[B-](F)(F)[N+]2=C1,1
CNc1ncnc2cc(-c3ccccc3)n3nc(-c4ccccc4)cc3c12,1
CNc1ncnc2cc(-c3ccc(C#N)cc3)n3nc(-c4ccccc4)cc3c12,1
CNc1ncnc2cc(-c3ccc(C(F)(F)F)cc3)n3nc(-c4ccccc4)cc3c12,1
CNc1ncnc2cc(-c3ccc(OC)cc3)n3nc(-c4ccccc4)cc3c12,1
CNc1ncnc2cc(-c3ccc(N(C)C)cc3)n3nc(-c4ccccc4)cc3c12,1
CNc1ncnc2cc(-c3ccccc3)n3nc(-c4ccc(C#N)cc4)cc3c12,1
CNc1ncnc2cc(-c3ccccc3)n3nc(-c4ccc(C(F)(F)F)cc4)cc3c12,1
CNc1ncnc2cc(-c3ccccc3)n3nc(-c4ccc(OC)cc4)cc3c12,1
CNc1ncnc2cc(-c3ccccc3)n3nc(-c4ccc(N(C)C)cc4)cc3c12,1
CC(=O)N(C)c1ncnc2cc(-c3ccc(N(C)C)cc3)n3nc(-c4ccccc4)cc3c12,1
CC(=O)N(C)c1ncnc2cc(-c3ccccc3)n3nc(-c4ccc(N(C)C)cc4)cc3c12,1
CNc1ncnc2cc(-c3ccc(N(C)C)cc3)n3nc(-c4ccc(N(C)C)cc4)cc3c12,1
CC(=O)N(C)c1ncnc2cc(-c3ccc(N(C)C)cc3)n3nc(-c4ccc(N(C)C)cc4)cc3c12,1
CCCc1cc2c3c(NC)ncnc3cc(CCC)n2n1,1
CCCc1cc2ncnc(NC)c2c2cc(C3CCCCC3)nn12,1
COc1ccc(/C=c2\o/c(=C\c3ccccc3)c3ccccc23)cc1,1
CSc1ccc(/C=c2\o/c(=C\c3ccccc3)c3ccccc23)cc1,1
CC(C)(C)c1ccc(/C=c2\o/c(=C\c3ccccc3)c3ccccc23)cc1,1
Cc1ccc(/C=c2\o/c(=C\c3ccccc3)c3ccccc23)cc1,1
CN(C)c1ccc(/C=c2\o/c(=C\c3ccccc3)c3ccccc23)cc1,1
C(/c1ccccc1)=c1/o/c(=C\c2ccc(N3CCCC3)cc2)c2ccccc12,1
C(/c1ccccc1)=c1/o/c(=C\c2ccc(N3CCCCC3)cc2)c2ccccc12,1
C(/c1ccccc1)=c1/o/c(=C\c2ccc(N3CCOCC3)cc2)c2ccccc12,1
COc1ccccc1/C=c1\o/c(=C\c2ccccc2)c2ccccc12,1
COc1ccc(/C=c2\o/c(=C\c3ccccc3)c3ccccc23)cc1OC,1
COc1ccc(/C=c2\o/c(=C\c3ccccc3)c3ccccc23)c(OC)c1,1
COc1ccc(/C=c2\o/c(=C\c3ccc(N(C)C)cc3)c3ccccc23)cc1,1
Cc1ccc(/C=c2\o/c(=C\c3ccc(N(C)C)cc3)c3ccccc23)cc1,1
CN(C)c1ccc(/C=c2\o/c(=C\c3ccc(Cl)cc3)c3ccccc23)cc1,1
CN(C)c1ccc(/C=c2\o/c(=C\c3ccc(C(F)(F)F)cc3)c3ccccc23)cc1,1
CN(C)c1ccc(/C=c2\o/c(=C\c3ccc(C#N)cc3)c3ccccc23)cc1,1
COc1ccccc1/C=c1\o/c(=C\c2ccc(N(C)C)cc2)c2ccccc12,1
CN(C)c1ccc(/C=c2\o/c(=C\c3ccccc3Cl)c3ccccc23)cc1,1
CN(C)c1ccc(/C=c2\o/c(=C\c3cccc(Cl)c3)c3ccccc23)cc1,1
CN(C)c1ccc(/C=c2\o/c(=C\c3ccc4ccccc4c3)c3ccccc23)cc1,1
Cc1ccc2/c(=C/c3ccc(N(C)C)cc3)o/c(=C\c3ccccc3)c2c1,1
CN(C)c1ccc(/C=c2\o/c(=C\c3ccccc3)c3cc(Cl)ccc23)cc1,1
COc1ccc(/C=c2\o/c(=C\c3ccc(N(C)C)cc3)c3cc(OC)c(OC)cc23)cc1,1
CN(C)c1ccc(/C=c2\o/c(=C\c3ccc(F)cc3)c3cc(F)ccc23)cc1,1
OCc1ccc(/C=c2\o/c(=C\c3ccc(N4CCCCC4)cc3)c3ccccc23)cc1,1
N#Cc1ccc2/c(=C/c3ccc(N4CCCCC4)cc3)o/c(=C\c3ccccc3)c2c1,1
N#Cc1ccc(/C=c2\o/c(=C\c3ccc(N4CCCCC4)cc3)c3ccccc23)cc1,1
CCCCn1c2cc(-c3ccc(/C=C(\C#N)C(=O)O)s3)ccc2c2ccc(N(c3ccccc3)c3ccccc3)cc21,1
CCCCn1c2cc(-c3ccc(-c4ccc(/C=C(\C#N)C(=O)O)s4)s3)ccc2c2ccc(N(c3ccccc3)c3ccccc3)cc21,1
CCCCn1c2cc(-c3cccs3)ccc2c2ccc(N(c3ccccc3)c3ccccc3)cc21,1
CCCCn1c2cc(-c3ccc(-c4cccc(C=O)c4)s3)ccc2c2ccc(N(c3ccccc3)c3ccccc3)cc21,1
CCCCn1c2cc(-c3ccc(-c4ccc(C=O)cc4)s3)ccc2c2ccc(N(c3ccccc3)c3ccccc3)cc21,1
CCCCn1c2cc(-c3ccc(-c4ccc(-c5ccc(C=O)s5)s4)s3)ccc2c2ccc(N(c3ccccc3)c3ccccc3)cc21,1
CCCCn1c2cc(-c3ccc(-c4ccc5c(c4)C(CC)(CC)c4cc(C=O)ccc4-5)s3)ccc2c2ccc(N(c3ccccc3)c3ccccc3)cc21,1
CCCCn1c2cc(C=O)ccc2c2ccc(-c3ccc(-c4ccc5c6ccc(N(c7ccccc7)c7ccccc7)cc6n(CCCC)c5c4)s3)cc21,1
CCCCn1c2cc(-c3ccc(-c4ccc(/C=C(\C#N)C(=O)O)cc4)s3)ccc2c2ccc(N(c3ccccc3)c3ccccc3)cc21,1
CCCCn1c2cc(-c3ccc(-c4cccc(/C=C(\C#N)C(=O)O)c4)s3)ccc2c2ccc(N(c3ccccc3)c3ccccc3)cc21,1
CCCCn1c2cc(-c3ccc(-c4ccc(-c5ccc(/C=C(\C#N)C(=O)O)s5)s4)s3)ccc2c2ccc(N(c3ccccc3)c3ccccc3)cc21,1
CCCCn1c2cc(-c3ccc(-c4ccc5c(c4)C(CC)(CC)c4cc(/C=C(\C#N)C(=O)O)ccc4-5)s3)ccc2c2ccc(N(c3ccccc3)c3ccccc3)cc21,1
CCCCn1c2cc(/C=C(\C#N)C(=O)O)ccc2c2ccc(-c3ccc(-c4ccc5c6ccc(N(c7ccccc7)c7ccccc7)cc6n(CCCC)c5c4)s3)cc21,1
CCCCn1c(-c2cccs2)nc2c3cccnc3c3ncccc3c21,1
CCCCn1c(-c2ccc(Br)s2)nc2c3cccnc3c3ncccc3c21,1
CCCCn1c(-c2ccc(-c3ccncc3)s2)nc2c3cccnc3c3ncccc3c21,1
CCCCn1c(-c2ccc(-c3ccc(C(=O)OCC)cc3)s2)nc2c3cccnc3c3ncccc3c21,1
CCCCn1c(-c2ccc(-c3ccc(N(c4ccccc4)c4ccccc4)cc3)s2)nc2c3cccnc3c3ncccc3c21,1
CCCCn1c(-c2ccc(-c3ccc4c(c3)c3ccccc3n4-c3ccccc3)s2)nc2c3cccnc3c3ncccc3c21,1
CCCCn1c(-c2ccc(-c3cccs3)s2)nc2c3cccnc3c3ncccc3c21,1
CCCCn1c(-c2ccc(-c3ccc(C=O)s3)s2)nc2c3cccnc3c3ncccc3c21,1
CCCCn1c(-c2ccc(-c3ccc(C=O)o3)s2)nc2c3cccnc3c3ncccc3c21,1
CCCCn1c(-c2ccc(-c3cccc4c3sc3ccccc34)s2)nc2c3cccnc3c3ncccc3c21,1
COC(=O)C(C)(C)C1Oc2ccccc2C(=O)/C1=C\O,1
COC(=O)C(C)(C)C1Oc2ccc(F)cc2C(=O)/C1=C\O,1
COC(=O)C(C)(C)C1Oc2ccc(OC)cc2C(=O)/C1=C\O,1
COC(=O)C(C)(C)C1Oc2c(Br)cc(Br)cc2C(=O)/C1=C\O,1
COC(=O)C(C)(C)C1Oc2ccccc2C(=O)/C1=C\NS(=O)(=O)c1ccc(C)cc1,1
COC(=O)C(C)(C)C1Oc2ccc(F)cc2C(=O)/C1=C\NS(=O)(=O)c1ccc(C)cc1,1
COC(=O)C(C)(C)C1Oc2ccc(Cl)cc2C(=O)/C1=C\NS(=O)(=O)c1ccc(C)cc1,1
COC(=O)C(C)(C)C1Oc2ccc(Br)cc2C(=O)/C1=C\NS(=O)(=O)c1ccc(C)cc1,1
COC(=O)C(C)(C)C1Oc2ccc(C)cc2C(=O)/C1=C\NS(=O)(=O)c1ccc(C)cc1,1
CCc1ccc2c(c1)C(=O)/C(=C\NS(=O)(=O)c1ccc(C)cc1)C(C(C)(C)C(=O)OC)O2,1
COC(=O)C(C)(C)C1Oc2ccc(C(C)C)cc2C(=O)/C1=C\NS(=O)(=O)c1ccc(C)cc1,1
COC(=O)C(C)(C)C1Oc2ccc(OC)cc2C(=O)/C1=C\NS(=O)(=O)c1ccc(C)cc1,1
COC(=O)C(C)(C)C1Oc2ccccc2C(=O)/C1=C\NS(=O)(=O)c1ccc(OC)cc1,1
COC(=O)C(C)(C)C1Oc2ccc(C)cc2C(=O)/C1=C\NS(=O)(=O)c1ccc(OC)cc1,1
COC(=O)C(C)(C)C1Oc2ccc(OC)cc2C(=O)/C1=C\NS(=O)(=O)c1ccc(OC)cc1,1
F[B-]1(F)n2c(c3cccc4cccc2c43)=Nc2cccc[n+]21,1
Cc1cccc2[n+]1[B-](F)(F)n1c(c3cccc4cccc1c43)=N2,1
F[B-]1(F)n2c(c3cccc4cccc2c43)=Nc2cccc(Cl)[n+]21,1
F[B-]1(F)n2c(c3cccc4cccc2c43)=Nc2ccc3ccccc3[n+]21,1
Cc1csc2[n+]1[B-](F)(F)n1c(c3cccc4cccc1c43)=N2,1
F[B-]1(F)n2c(c3cccc4cccc2c43)=Nc2sc3ccccc3[n+]21,1
CC(C)(C)c1ccc2c(c1)sc1[n+]2[B-](F)(F)n2c(c3cccc4cccc2c43)=N1,1
CC(C)(C)c1ccc2c(c1)sc1[n+]2[B-](F)(F)n2c(c3cccc4c(Br)ccc2c43)=N1,1
N#CC1=c2c3cccc4cccc(c43)n2[B-](F)(F)[n+]2ccccc21,1
N#CC1=c2c3cccc4c(Br)ccc(c43)n2[B-](F)(F)[n+]2ccccc21,1
CC(C)(C)c1ccc2c(c1)sc1[n+]2[B-](F)(F)n2c(c3cccc4cccc2c43)=C1C#N,1
CC(C)(C)c1ccc2c(c1)sc1[n+]2[B-](F)(F)n2c(c3cccc4c(Br)ccc2c43)=C1C#N,1
CCCCCCNc1cccc2[n+]1[B-](F)(F)n1c(c3cccc4cccc1c43)=N2,1
OCCSc1cccc2[n+]1[B-](F)(F)n1c(c3cccc4cccc1c43)=N2,1
CN(C)c1ccc(-n2nc(-c3cccc(Cl)c3)ccc2=O)cc1,1
CCOc1ccccc1-c1ccc(=O)n(-c2ccc(N(C)C)cc2)n1,1
CN(C)c1ccc(-n2nc(Cl)ccc2=O)cc1,1
O=c1ccc(-c2cccc(Cl)c2)nn1-c1nc2ccccc2s1,1
O=c1ccc(-c2ccccc2)nn1-c1nc2ccccc2s1,1
O=c1ccc(-c2cccc(Cl)c2)nn1-c1cnc2ccccc2c1,1
O=c1ccc(-c2cccc(Cl)c2)nn1-c1ccnc2ccccc12,1
O=c1ccc(-c2cccc(Cl)c2)nn1-c1cccs1,1
O=Cc1c2ccccc2n2c(-c3ccccc3)c(-c3ccccc3)c(-c3ccccc3)c(-c3ccccc3)c12,1
COc1ccc(-c2c(-c3ccc(OC)cc3)c(-c3ccc(OC)cc3)n3c(c2-c2ccc(OC)cc2)c(C=O)c2ccccc23)cc1,1
Cc1ccc(-c2c(-c3ccc(C)cc3)c(-c3ccc(C)cc3)n3c(c2-c2ccc(C)cc2)c(C=O)c2ccccc23)cc1,1
COc1ccc(-c2c(-c3ccc(OC)cc3)c(-c3ccc(OC)cc3)n3c(c2-c2ccc(OC)cc2)c(C=O)c2cc(Br)ccc23)cc1,1
Cc1ccc(-c2c(-c3ccc(C)cc3)c(-c3ccc(C)cc3)n3c(c2-c2ccc(C)cc2)c(C=O)c2cc(Br)ccc23)cc1,1
COc1ccc2c(c1)c(C=O)c1c(-c3ccccc3)c(-c3ccccc3)c(-c3ccccc3)c(-c3ccccc3)n12,1
COc1ccc(-c2c(-c3ccc(OC)cc3)c(-c3ccc(OC)cc3)n3c(c2-c2ccc(OC)cc2)c(C=O)c2cc(OC)ccc23)cc1,1
COc1ccc2c(c1)c(C=O)c1c(-c3ccc(C)cc3)c(-c3ccc(C)cc3)c(-c3ccc(C)cc3)c(-c3ccc(C)cc3)n12,1
CC(=O)c1c2ccccc2n2c(-c3ccccc3)c(-c3ccccc3)c(-c3ccccc3)c(-c3ccccc3)c12,1
COc1ccc(-c2c(-c3ccc(OC)cc3)c(-c3ccc(OC)cc3)n3c(c2-c2ccc(OC)cc2)c(C(C)=O)c2ccccc23)cc1,1
CC(=O)c1c2ccccc2n2c(-c3ccc(C)cc3)c(-c3ccc(C)cc3)c(-c3ccc(C)cc3)c(-c3ccc(C)cc3)c12,1
O=Cc1c2cc(OCc3ccccc3)ccc2n2c(-c3ccccc3)c(-c3ccccc3)c(-c3ccccc3)c(-c3ccccc3)c12,1
CCc1c(CC)c(CC)n2c(c1CC)c(C=O)c1ccccc12,1
CCc1c(CC)c(CC)n2c(c1CC)c(C=O)c1cc(Br)ccc12,1
CCCc1c(CCC)c(CCC)n2c(c1CCC)c(C=O)c1ccccc12,1
CCCc1c(CCC)c(CCC)n2c(c1CCC)c(C=O)c1cc(Br)ccc12,1
CCCc1c(CCC)c(CCC)n2c(c1CCC)c(C=O)c1cc(OC)ccc12,1
COCCOCCN1C(=O)C2=C(c3ccc(Br)cc3)N(CCOCCOC)C(=O)C2=C1c1ccc(Br)cc1,1
COCCOCCN1C(=O)C2=C(c3ccc(I)cc3)N(CCOCCOC)C(=O)C2=C1c1ccc(I)cc1,1
COCCOCCOCCN1C(=O)C2=C(c3ccc(OC)cc3)N(CCOCCOCCOC)C(=O)C2=C1c1ccc(OC)cc1,1
COCCOCCOCCN1C(=O)C2=C(c3ccncc3)N(CCOCCOCCOC)C(=O)C2=C1c1ccncc1,1
COCCOCCOCCN1C(=O)C2=C(c3ccncc3)NC(=O)C2=C1c1ccncc1,1
COCCOCCOCCOc1cc(/C=C/c2ccc(C3=C4C(=O)N(CCOCCOC)C(c5ccc(/C=C/c6cc(OCCOCCOCCOC)c(OCCOCCOCCOC)c(OCCOCCOCCOC)c6)cc5)=C4C(=O)N3CCOCCOC)cc2)cc(OCCOCCOCCOC)c1OCCOCCOCCOC,1
COCCOCCN1C(=O)C2=C(c3ccc(/C=C/c4ccc(N(c5ccccc5)c5ccccc5)cc4)cc3)N(CCOCCOC)C(=O)C2=C1c1ccc(/C=C/c2ccc(N(c3ccccc3)c3ccccc3)cc2)cc1,1
F[B-]1(F)N2C=CC=CC2=N/[N+]1=C/c1ccc(-c2cccs2)cc1,1
F[B-]1(F)N2C=C(Cl)C=CC2=N/[N+]1=C/c1ccc(-c2cccs2)cc1,1
F[B-]1(F)N2C=C(Br)C=CC2=N/[N+]1=C/c1ccc(-c2cccs2)cc1,1
F[B-]1(F)N2C=C(I)C=CC2=N/[N+]1=C/c1ccc(-c2cccs2)cc1,1
F[B-]1(F)N2C=C(Br)C=CC2=N/[N+]1=C/c1cccs1,1
F[B-]1(F)N2C=C(n3cc(-c4ccccc4)nn3)C=CC2=N/[N+]1=C/c1ccc(-c2cccs2)cc1,1
C#CC1=CN2C(=N/[N+](=C/c3ccc(-c4cccs4)cc3)[B-]2(F)F)C=C1,1
CC(C)=[N+]1N=C2C=CC(Br)=CN2[B-]1(F)F,1
CC(C)=[N+]1N=C2C=CC(I)=CN2[B-]1(F)F,1
CO[B-]1(OC)N2C=C(Br)C=CC2=N[N+]1=C(C)C,1
CO[B-]1(OC)N2C=C(I)C=CC2=N[N+]1=C(C)C,1
c1cc(-c2nc3sc(-c4ccncc4)nc3s2)ccn1,1
c1cc(-c2nc3sc(-c4cc[nH+]cc4)nc3s2)cc[nH+]1,1
C[n+]1ccc(-c2nc3sc(-c4cc[n+](C)cc4)nc3s2)cc1,1
CCCCCCCC[n+]1ccc(-c2nc3sc(-c4cc[n+](CCCCCCCC)cc4)nc3s2)cc1,1
c1ccc(C[n+]2ccc(-c3nc4sc(-c5cc[n+](Cc6ccccc6)cc5)nc4s3)cc2)cc1,1
COc1ccc(/C=C/c2ccc3ccccc3[nH+]2)cc1,1
C(=C\c1ccc2ccccc2[nH+]1)/c1ccc(N(c2ccccc2)c2ccccc2)cc1,1
COc1ccc2cc(/C=C/c3ccc4ccccc4[nH+]3)ccc2c1,1
COc1ccc(/C=C/c2cc[nH+]c3ccccc23)cc1,1
C(=C\c1cc[nH+]c2ccccc12)/c1ccc(N(c2ccccc2)c2ccccc2)cc1,1
COc1ccc2cc(/C=C/c3cc[nH+]c4ccccc34)ccc2c1,1
COc1ccc(/C=C/c2[nH+]ccc3ccccc23)cc1,1
C(=C\c1[nH+]ccc2ccccc12)/c1ccc(N(c2ccccc2)c2ccccc2)cc1,1
c1ccc(N(c2ccccc2)c2ccc(-c3ccc4ccccc4[nH+]3)cc2)cc1,1
CCOC(=O)c1cc(N2CCC2)c(C(=O)OCC)cc1N1CCC1,1
CCOC(=O)c1ccc(N2CCC2)cc1,1
CCOC(=O)c1ccccc1N1CCC1,1
CCOC(=O)c1ccc(C(=O)OCC)c(N2CCC2)c1,1
COC(=O)c1cc(N2CCC2)ccc1N1CCC1,1
Fc1ccc(/C=C/N(c2ccccc2)c2ccccc2)cc1,1
Clc1ccc(/C=C/N(c2ccccc2)c2ccccc2)cc1,1
Brc1ccc(/C=C/N(c2ccccc2)c2ccccc2)cc1,1
Ic1ccc(/C=C/N(c2ccccc2)c2ccccc2)cc1,1
C(=C\N(c1ccccc1)c1ccccc1)/c1ccc(-c2cccc3nsnc23)cc1,1
N#Cc1ccc(/C=C/N(c2ccccc2)c2ccccc2)cc1,1
COC(=O)c1ccc(/C=C/N(c2ccccc2)c2ccccc2)cc1,1
CC(=O)c1ccc(/C=C/N(c2ccccc2)c2ccccc2)cc1,1
O=Cc1ccc(/C=C/N(c2ccccc2)c2ccccc2)cc1,1
O=[N+]([O-])c1ccc(/C=C/N(c2ccccc2)c2ccccc2)cc1,1
O=[N+]([O-])c1cccc(/C=C/N(c2ccccc2)c2ccccc2)c1,1
O=[N+]([O-])c1ccccc1/C=C/N(c1ccccc1)c1ccccc1,1
COc1ccc(N(/C=C/c2ccc([N+](=O)[O-])cc2)c2ccc(OC)cc2)cc1,1
O=[N+]([O-])c1ccc(/C=C/N2c3ccccc3Oc3ccccc32)cc1,1
C/C(=C\N(c1ccccc1)c1ccccc1)c1ccc([N+](=O)[O-])cc1,1
O=[N+]([O-])c1ccc(-c2ccc(/C=C/N(c3ccccc3)c3ccccc3)cc2)cc1,1
COC1=NC2(C(C#N)=C(N)Oc3ccccc32)C(c2ccc(N(C)C)cc2)=C1C#N,1
CCOC1=NC2(C(C#N)=C(N)Oc3ccccc32)C(c2ccc(N(C)C)cc2)=C1C#N,1
COCCOCCOCCOC1=NC2(C(C#N)=C(N)Oc3ccccc32)C(c2ccc(N(C)C)cc2)=C1C#N,1
COCCOCCOC1=NC2(C(C#N)=C(N)Oc3ccccc32)C(c2ccc(N(C)C)cc2)=C1C#N,1
CN(C)c1ccc(C2=C(C#N)C(OCC(O)CO)=NC23C(C#N)=C(N)Oc2ccccc23)cc1,1
CN(C)c1ccc(C2=C(C#N)C(NCCN)=NC23C(C#N)=C(N)Oc2ccccc23)cc1,1
CN(C)c1ccc(C2=C(C#N)C(NCCO)=NC23C(C#N)=C(N)Oc2ccccc23)cc1,1
COC1=NC2(C(C#N)=C(N)Oc3ccc4ccccc4c32)C(c2ccc(N(C)C)cc2)=C1C#N,1
COC1=NC2(C(C#N)=C(N)Oc3ccccc32)C(c2ccc(-c3ccc(N(C)C)cc3)s2)=C1C#N,1
COCCOCCOCCN1c2ccccc2Sc2cc(C3=C(C#N)C(OC)=NC34C(C#N)=C(N)Oc3ccccc34)ccc21,1
COCCOCCOCCN1c2ccccc2Sc2cc(C3=C(C#N)C(NCCN)=NC34C(C#N)=C(N)Oc3ccccc34)ccc21,1
CCC(=O)c1ccc2cc(N(C)C)ccc2c1,1
C#Cc1ccc2cc(N(C)C)ccc2c1,1
CC(C)n1nc(C#CC(=O)c2ccc3cc(N(C)C)ccc3c2)c2c(N)ncnc21,1
CC(C)n1nc(CCC(=O)c2ccc3cc(N(C)C)ccc3c2)c2c(N)ncnc21,1
CC(C)n1nc(C#Cc2ccc3cc(N(C)C)ccc3c2)c2c(N)ncnc21,1
CC(C)n1nc(/C=C/c2ccc3cc(N(C)C)ccc3c2)c2c(N)ncnc21,1
CC(C)n1nc(CCc2ccc3cc(N(C)C)ccc3c2)c2c(N)ncnc21,1
c1ccc(N(c2ccccc2)c2ccc([P+](c3ccccc3)(c3ccccc3)c3ccccc3)cc2)cc1,1
c1ccc(N(c2ccccc2)c2ccc(-c3ccc([P+](c4ccccc4)(c4ccccc4)c4ccccc4)cc3)cc2)cc1,1
c1ccc([P+](c2ccccc2)(c2ccccc2)c2ccc(-c3ccc(-n4c5ccccc5c5ccccc54)cc3)cc2)cc1,1
c1ccc(N(c2ccccc2)c2ccc(-c3ccc(-c4ccc([P+](c5ccccc5)(c5ccccc5)c5ccccc5)cc4)cc3)cc2)cc1,1
c1ccc(N(c2ccccc2)c2ccc(-c3ccc(-c4ccc(-c5ccc([P+](c6ccccc6)(c6ccccc6)c6ccccc6)cc5)cc4)cc3)cc2)cc1,1
c1ccc(N(c2ccccc2)c2ccc([P+](c3ccccc3)(c3ccccc3)c3ccccc3)c3ccccc23)cc1,1
C[P+](c1ccccc1)(c1ccccc1)c1c2ccccc2c(N(c2ccccc2)c2ccccc2)c2ccccc12,1
C[P+](c1ccccc1)(c1ccccc1)c1ccc(-c2ccc(N(c3ccccc3)c3ccccc3)cc2)c2ccccc12,1
C[P+](c1ccccc1)(c1ccccc1)c1ccc(C#Cc2ccc(N(c3ccccc3)c3ccccc3)cc2)c2ccccc12,1
C(#Cc1ccc([P+](CCC[P+](c2ccccc2)(c2ccccc2)c2ccc(N(c3ccccc3)c3ccccc3)cc2)(c2ccccc2)c2ccccc2)c2ccccc12)c1ccc(N(c2ccccc2)c2ccccc2)cc1,1
CC1(C)C2=[N+](c3ccccc31)[B-](F)(F)n1cccc1-c1c2cc2n1CC=C2,1
CC1(C)C2=[N+](c3ccc(Cl)cc31)[B-](F)(F)n1cccc1-c1c2cc2n1CC=C2,1
CC1(C)C2=[N+](c3ccc(Br)cc31)[B-](F)(F)n1cccc1-c1c2cc2n1CC=C2,1
COc1ccc2c(c1)C(C)(C)C1=[N+]2[B-](F)(F)n2cccc2-c2c1cc1n2CC=C1,1
CCOC(=O)c1ccc2c(c1)C(C)(C)C1=[N+]2[B-](F)(F)n2cccc2-c2c1cc1n2CC=C1,1
CN(C)c1nc(-c2ccc(Br)cc2)c(-c2ccc([N+](=O)[O-])s2)s1,1
Cc1ccc(-c2nc(N(C)C)sc2-c2ccc([N+](=O)[O-])s2)cc1,1
CCN(CC)c1nc(-c2ccccc2)c(-c2ccc([N+](=O)[O-])s2)s1,1
CCN(CC)c1nc(-c2ccc(Br)cc2)c(-c2ccc([N+](=O)[O-])s2)s1,1
CCN(CC)c1nc(-c2ccc(C)cc2)c(-c2ccc([N+](=O)[O-])s2)s1,1
O=[N+]([O-])c1ccc(-c2sc(N3CCCCC3)nc2-c2ccccc2)s1,1
Cc1ccc(-c2nc(N3CCCCC3)sc2-c2ccc([N+](=O)[O-])s2)cc1,1
O=[N+]([O-])c1ccc(-c2sc(N3CCOCC3)nc2-c2ccccc2)s1,1
O=[N+]([O-])c1ccc(-c2sc(N3CCOCC3)nc2-c2ccc(Br)cc2)s1,1
Cc1ccc(-c2nc(N3CCOCC3)sc2-c2ccc([N+](=O)[O-])s2)cc1,1
O=[N+]([O-])c1ccc(-c2sc(N3CCOCC3)nc2-c2ccco2)s1,1
O=[N+]([O-])c1ccc(-c2sc(N(c3ccccc3)c3ccccc3)nc2-c2ccccc2)s1,1
O=[N+]([O-])c1ccc(-c2sc(N(c3ccccc3)c3ccccc3)nc2-c2ccc(Br)cc2)s1,1
Cc1ccc(-c2nc(N(c3ccccc3)c3ccccc3)sc2-c2ccc([N+](=O)[O-])s2)cc1,1
O=[N+]([O-])c1ccc(-c2sc(N(c3ccccc3)c3ccccc3)nc2-c2cccs2)s1,1
O=[N+]([O-])c1ccc(-c2sc(N(c3ccccc3)c3ccccc3)nc2-c2ccco2)s1,1
O=[N+]([O-])c1ccc(-c2sc(N(c3ccccc3)c3ccccc3)nc2-c2ccc(-c3ccccc3)cc2)s1,1
O=[N+]([O-])c1ccc(-c2sc(N(c3ccccc3)c3ccccc3)nc2-c2ccc3ccccc3c2)s1,1
O=[N+]([O-])c1ccc(-c2sc(N(c3ccccc3)c3ccccc3)nc2-c2cc3ccccc3o2)s1,1
O=[N+]([O-])c1ccc(-c2sc(N(c3ccccc3)c3ccccc3)nc2C(c2ccccc2)c2ccccc2)s1,1
CN(C)c1nc(-c2ccccc2)c(-c2ccc([N+](=O)[O-])o2)s1,1
CCN(CC)c1nc(-c2ccccc2)c(-c2ccc([N+](=O)[O-])o2)s1,1
O=[N+]([O-])c1ccc(-c2sc(N3CCCCC3)nc2-c2ccccc2)o1,1
O=[N+]([O-])c1ccc(-c2sc(N3CCOCC3)nc2-c2ccccc2)o1,1
O=[N+]([O-])c1ccc(-c2sc(N(c3ccccc3)c3ccccc3)nc2-c2ccccc2)o1,1
O=Cc1ccc(-c2sc(N(c3ccccc3)c3ccccc3)nc2-c2ccccc2)s1,1
N#CC(C#N)=Cc1ccc(-c2sc(N(c3ccccc3)c3ccccc3)nc2-c2ccccc2)s1,1
CCN1C(=O)C(=Cc2ccc(-c3sc(N(c4ccccc4)c4ccccc4)nc3-c3ccccc3)s2)C(=O)N(CC)C1=S,1
CN(C)c1ccc(-c2nc(N(c3ccccc3)c3ccccc3)sc2-c2ccc([N+](=O)[O-])s2)cc1,1
CCCCC(CC)CN1C(=O)C2=C(c3ccc(-c4nc(-c5ccccc5)c(-c5ccccc5)n4-c4ccccc4)cc3)N(CC(CC)CCCC)C(=O)C2=C1c1ccc(-c2nc(-c3ccccc3)c(-c3ccccc3)n2C)cc1,1
CCCCC(CC)CN1C(=O)C2=C(c3ccc(-c4nc5c6ccccc6c6ccccc6c5n4-c4ccccc4)cc3)N(CC(CC)CCCC)C(=O)C2=C1c1ccc(-c2nc3c4ccccc4c4ccccc4c3n2C)cc1,1
N#C/C(=C\C=C\c1ccccc1)c1ccc(N(c2ccccc2)c2ccccc2)cc1,1
N#C/C(=C\C=C\c1ccccc1)c1ccc(N2c3ccccc3Cc3ccccc32)cc1,1
CCCCCCCCC(=O)c1ccc2cc3cc(N(C)C)ccc3cc2c1,1
CCCCn1c2ccc(-c3ccc(C=O)cc3)cc2c2cc(-c3ccc(C=O)cc3)ccc21,1
CCCCN1c2ccc(-c3ccc(C=O)cc3)cc2C(C)(C)c2cc(-c3ccc(C=O)cc3)ccc21,1
CCCCN1c2ccc(-c3ccc(C=O)cc3)cc2Oc2cc(-c3ccc(C=O)cc3)ccc21,1
CCCCN1c2ccc(-c3ccc(C=O)cc3)cc2Sc2cc(-c3ccc(C=O)cc3)ccc21,1
CN(C)c1ccc(C2=Nc3sc4ccccc4[n+]3[B-](F)(F)O2)cc1,1
CN(C)c1ccc(C2=Nc3sc4cc(Br)ccc4[n+]3[B-](F)(F)O2)cc1,1
CN(C)c1ccc(C2=Nc3sc4cc(-c5ccccc5)ccc4[n+]3[B-](F)(F)O2)cc1,1
CN(C)c1ccc(C2=Nc3sc4cc(-c5ccc(C(F)(F)F)cc5)ccc4[n+]3[B-](F)(F)O2)cc1,1
CN(C)c1ccc(C2=Nc3sc4cc(-c5ccc(C#N)cc5)ccc4[n+]3[B-](F)(F)O2)cc1,1
COc1ccc(-c2ccc3c(c2)sc2[n+]3[B-](F)(F)OC(c3ccc(N(C)C)cc3)=N2)cc1,1
CN(C)c1ccc(C2=Nc3sc4cc(-c5ccc(N(C)C)cc5)ccc4[n+]3[B-](F)(F)O2)cc1,1
CN(C)c1ccc(C2=Nc3sc4cc(-c5cccs5)ccc4[n+]3[B-](F)(F)O2)cc1,1
O=[N+]([O-])c1ccc(/C=C/c2ccc(-c3cc4ccccc4s3)s2)cc1,1
N#CC(C#N)=Cc1ccc(/C=C/c2ccc(-c3cc4ccccc4s3)s2)cc1,1
N#Cc1cc([N+](=O)[O-])ccc1/C=C/c1ccc(-c2cc3ccccc3s2)s1,1
CCN(CC)c1c(F)cc2c(c1F)OC1=C(/C=C/C3=[N+](C)c4ccccc4C3(C)C)CCCC1=C2,1
CCN(CCO)c1c(F)cc2c(c1F)OC1=C(/C=C/C3=[N+](C)c4ccccc4C3(C)C)CCCC1=C2,1
CCCN(CCC)c1c(F)cc2c(c1F)OC1=C(/C=C/C3=[N+](C)c4ccccc4C3(C)C)CCCC1=C2,1
C[N+]1=C(/C=C/C2=C3Oc4c(cc(F)c(N)c4F)C=C3CCC2)C(C)(C)c2ccccc21,1
C[N+]1=C(/C=C/C2=C3Oc4c(cc(F)c(N5CCCC5)c4F)C=C3CCC2)C(C)(C)c2ccccc21,1
C[N+]1=C(/C=C/C2=C3Oc4c(cc(F)c(N5CCCC5CO)c4F)C=C3CCC2)C(C)(C)c2ccccc21,1
C[N+]1=C(/C=C/C2=C3Oc4c(cc(F)c(N5CCCCC5)c4F)C=C3CCC2)C(C)(C)c2ccccc21,1
CC1CCCCN1c1c(F)cc2c(c1F)OC1=C(/C=C/C3=[N+](C)c4ccccc4C3(C)C)CCCC1=C2,1
CC1CC(C)CN(c2c(F)cc3c(c2F)OC2=C(/C=C/C4=[N+](C)c5ccccc5C4(C)C)CCCC2=C3)C1,1
C[N+]1=C(/C=C/C2=C3Oc4c(cc(F)c(N5CCC(C(=O)O)CC5)c4F)C=C3CCC2)C(C)(C)c2ccccc21,1
C[N+]1=C(/C=C/C2=C3Oc4c(cc(F)c(N5CCCCCC5)c4F)C=C3CCC2)C(C)(C)c2ccccc21,1
CN1CCN(c2c(F)cc3c(c2F)OC2=C(/C=C/C4=[N+](C)c5ccccc5C4(C)C)CCCC2=C3)CC1,1
CCN1CCN(c2c(F)cc3c(c2F)OC2=C(/C=C/C4=[N+](C)c5ccccc5C4(C)C)CCCC2=C3)CC1,1
C[N+]1=C(/C=C/C2=C3Oc4c(cc(F)c(N5CCN(C(=O)OC(C)(C)C)CC5)c4F)C=C3CCC2)C(C)(C)c2ccccc21,1
C#CCN1CCN(c2c(F)cc3c(c2F)OC2=C(/C=C/C4=[N+](C)c5ccccc5C4(C)C)CCCC2=C3)CC1,1
C[N+]1=C(/C=C/C2=C3Oc4c(cc(F)c(N5CCOCC5)c4F)C=C3CCC2)C(C)(C)c2ccccc21,1
C[NH+]=C1c2cccn2[B-](F)(F)n2cccc21,1
C#CC[NH+]=C1c2cccn2[B-](F)(F)n2cccc21,1
C=CC[NH+]=C1c2cccn2[B-](F)(F)n2cccc21,1
C[N+](C)=C1c2cccn2[B-](F)(F)n2cccc21,1
CCn1c2ccccc2c2cc(C3=[O+][B-](F)(F)OC(c4ccc(OC)cc4)=C3)ccc21,1
CCn1c2ccccc2c2cc(C3=[O+][B-](F)(F)OC(C)=C3)ccc21,1
CCn1c2ccc(C3=[O+][B-](F)(F)OC(C)=C3)cc2c2cc(C3=[O+][B-](F)(F)OC(C)=C3)ccc21,1
CCn1c2ccccc2c2cc(C3=CC(c4ccc5c(c4)c4ccccc4n5CC)=[O+][B-](F)(F)O3)ccc21,1
CCOC(=O)c1cc(C#Cc2ccc3ccccc3c2)c(C(=O)OCC)cc1C#Cc1ccccc1,1
CCOC(=O)c1cc(C#Cc2ccc3cc(N4CCC4)ccc3c2)c(C(=O)OCC)cc1C#Cc1ccccc1,1
CCOC(=O)c1cc(C#Cc2ccc3cc(N4CCC4)ccc3c2)c(C(=O)OCC)cc1C#Cc1ccc([N+](=O)[O-])cc1,1
FS(F)(F)(F)(F)c1ccc(-c2ccc(N(c3ccccc3)c3ccccc3)cc2)cc1,1
FS(F)(F)(F)(F)c1ccc(/C=C/c2ccc(N(c3ccccc3)c3ccccc3)cc2)cc1,1
FS(F)(F)(F)(F)c1ccc(C#Cc2ccc(N(c3ccccc3)c3ccccc3)cc2)cc1,1
FS(F)(F)(F)(F)c1ccc(C#Cc2ccc(C#Cc3ccc(N(c4ccccc4)c4ccccc4)cc3)cc2)cc1,1
FS(F)(F)(F)(F)c1ccc(/C=C/c2ccc(/C=C/c3ccc(N(c4ccccc4)c4ccccc4)cc3)cc2)cc1,1
FS(F)(F)(F)(F)c1ccc(C#Cc2ccc(C#Cc3ccc(N(c4ccccc4)c4ccccc4)cc3)s2)cc1,1
c1ccc(-c2nc3c(ccc4[nH]ccc43)o2)cc1,1
CN(C)c1ccc2c(c1)C(C)(C)c1cc(C=O)ccc1-2,1
CN(C)c1ccc2c(c1)C(C)(C)c1cc(C(=O)c3cn(C4CC(O)C(CO)O4)nn3)ccc1-2,1
CCCCCCCCCCCCn1cc(C(=O)c2ccc3c(c2)C(C)(C)c2cc(N(C)C)ccc2-3)nn1,1
CCCCCCCC[N+](C)(CCCn1cc(C(=O)c2ccc3c(c2)C(C)(C)c2cc(N(C)C)ccc2-3)nn1)CCCS(=O)(=O)[O-],1
C(=C\c1c2ccccc2cc2ccccc12)/c1ccccc1/C=C/c1ccc2ccc3cccc4ccc1c2c34,1
C(=C\c1c2ccccc2cc2ccccc12)/c1cccc(/C=C/c2ccc3ccc4cccc5ccc2c3c45)c1,1
C(=C\c1c2ccccc2cc2ccccc12)/c1ccc(/C=C/c2ccc3ccc4cccc5ccc2c3c45)cc1,1
C(=C/c1ccc2ccc3cccc4ccc1c2c34)/c1ccc(/C=C/c2c3ccccc3cc3ccccc23)cc1,1
Nc1ccc(-c2ccc(N)cc2)cc1,1
[C-]#[N+]c1ccc(-c2ccc(N)cc2)cc1,1
[C-]#[N+]c1ccc(-c2ccc(NC)cc2)cc1,1
[C-]#[N+]c1ccc(-c2ccc(N(C)C)cc2)cc1,1
COC(=O)c1ccc(-c2ccc3c(c2)C(c2ccccc2)(c2ccccc2)c2cc(-c4ccc(C(=O)OC)cc4)ccc2N3)cc1,1
COC(=O)c1ccc(-c2ccc3c(c2)[Si](c2ccccc2)(c2ccccc2)c2cc(-c4ccc(C(=O)OC)cc4)ccc2N3)cc1,1
c1ccc(-c2ccc3c(c2)C(c2ccccc2)(c2ccccc2)c2cc(-c4ccccc4)ccc2N3)cc1,1
C#CC(=O)c1ccc2c(c1)C(C)(C)c1cc(N(C)C)ccc1-2,1
CCCCCCn1cc(C(=O)c2ccc3c(c2)C(C)(C)c2cc(N(C)C)ccc2-3)nn1,1
CN(C)c1ccc2c(c1)C(C)(C)c1cc(C=C(C#N)C#N)ccc1-2,1
CN(C)c1ccc2c(c1)C(C)(C)c1cc(-c3ccc4nsnc4c3)ccc1-2,1
CCCCNC(=O)CCC(=O)c1ccc2c(c1)C(C)(C)c1cc(N(C)C)ccc1-2,1
C=Cc1ccc2c(c1)C(C)(C)c1cc(N(C)C)ccc1-2,1
CC1(C)c2cc(C=O)ccc2-c2ccc(N3CCCCCC3)cc21,1
CC1(C)c2cc(C=O)ccc2-c2ccc(N3CCCCC3)cc21,1
CC1(C)c2cc(C=O)ccc2-c2ccc(N3CCCC3)cc21,1
CC1(C)c2cc(C=O)ccc2-c2ccc(N3CCC3)cc21,1
CC1CN1c1ccc2c(c1)C(C)(C)c1cc(C=O)ccc1-2,1
CC1(C)c2cc(C=O)ccc2-c2ccc(N3CCOCC3)cc21,1
CC(C)(C)OC(=O)N1CCN(c2ccc3c(c2)C(C)(C)c2cc(C=O)ccc2-3)CC1,1
CCN(CC)c1ccc(/C=C/C2=[O+][B-](F)(F)Oc3c2c(=O)oc2cc(N(CC)CC)ccc32)cc1,1
CCN(CC)c1ccc2nc3c4ccccc4c(=O)cc-3oc2c1,1
O=Cc1cc(N2CCCCC2)c2ccc3c(N4CCCCC4)cc(N4CCCCC4)c4ccc1c2c43,1
O=Cc1cc(C=O)c2ccc3c(N4CCCCC4)cc(N4CCCCC4)c4ccc1c2c43,1
O=Cc1cc(N2CCCCC2)c2ccc3c(C=O)cc(N4CCCCC4)c4ccc1c2c34,1
O=Cc1cc(N2CCCCC2)c2ccc3c(N4CCCCC4)cc(C=O)c4ccc1c2c43,1
O=Cc1cc(C=O)c2ccc3c(N4CCCCC4)cc(C=O)c4ccc1c2c43,1
Cc1ccnc(-c2cc(/C=C/c3ccc(N4CCCC4)cc3)ccn2)c1,1
CCCCN(CCCC)c1cc(OC)c(/C=C/c2ccnc(-c3cc(C)ccn3)c2)cc1OC,1
COc1cc(N2CCCC2)c(OC)cc1/C=C/c1ccnc(-c2cc(C)ccn2)c1,1
CCCCN(CCCC)c1cc(OC)c(/C=C/c2ccc(/C=C/c3ccnc(-c4cc(C)ccn4)c3)cc2)cc1OC,1
COc1cc(N2CCCC2)c(OC)cc1/C=C/c1ccc(/C=C/c2ccnc(-c3cc(C)ccn3)c2)cc1,1
CCCCOc1cc(/C=C/c2ccnc(-c3cc(C)ccn3)c2)c(OCCCC)cc1/C=C/c1ccc(N(CCCC)CCCC)cc1,1
CCCCOc1cc(/C=C/c2cc(OC)c(N(CCCC)CCCC)cc2OC)c(OCCCC)cc1/C=C/c1ccnc(-c2cc(C)ccn2)c1,1
CCCCOc1cc(/C=C/c2cc(OC)c(N3CCCC3)cc2OC)c(OCCCC)cc1/C=C/c1ccnc(-c2cc(C)ccn2)c1,1
CCCCNC(=O)c1ccc2ccc3c(N4CCCCC4)ccc4ccc1c2c43,1
CCN(CC)C(=O)c1ccc2ccc3c(N4CCCCC4)ccc4ccc1c2c43,1
O=C(O)CCCNC(=O)c1ccc2ccc3c(N4CCCCC4)ccc4ccc1c2c43,1
O=Cc1ccc(-c2ccc(N3CCCCC3)c3ccccc23)c2ccccc12,1
CN(C)c1ccc2c(c1)CCc1cc(C=O)ccc1-2,1
CN(C)c1ccc(-c2ccc(C=O)cc2)cc1,1
Cc1cc(N(C)C)ccc1-c1ccc(C=O)cc1,1
Cc1cc(C=O)ccc1-c1ccc(N(C)C)cc1,1
Cc1cc(C=O)ccc1-c1ccc(N(C)C)cc1C,1
Cc1cc(N(C)C)cc(C)c1-c1ccc(C=O)cc1,1
Cc1cc(C=O)cc(C)c1-c1ccc(N(C)C)cc1,1
CCCCCCCCC1(CCCCCCCC)c2cc(C=O)ccc2-c2ccc(/C=C/c3ccc(N(c4ccccc4)c4ccccc4)cc3)cc21,1
CCCCCCCCC1(CCCCCCCC)c2cc(C#Cc3ccc(N(c4ccccc4)c4ccccc4)cc3)ccc2-c2ccc(C=O)cc21,1
CCCCCCCCC1(CCCCCCCC)c2cc(C#CC#Cc3ccc(N(c4ccccc4)c4ccccc4)cc3)ccc2-c2ccc(C=O)cc21,1
O=Cc1ccc2ccc3cccc4ccc1c2c34,1
CCCCc1ccc2ccc3c(C=O)ccc4ccc1c2c43,1
CCCCc1ccc2ccc3c(CCCC)cc(C=O)c4ccc1c2c43,1
CCCCc1cc(C=O)c2ccc3c(CCCC)cc(CCCC)c4ccc1c2c34,1
Cc1ccc2ccc3c(C)cc(C=O)c4ccc1c2c34,1
CC(C)c1ccc2ccc3c(C(C)C)cc(C=O)c4ccc1c2c43,1
C[Si](C)(C)c1ccc2ccc3c([Si](C)(C)C)cc(C=O)c4ccc1c2c43,1
CCCCc1ccc2ccc3c(CCCC)cc(C(=O)CCC)c4ccc1c2c34,1
N#Cc1ccc(-c2cn3ccc[n+]3[n-]2)cc1,1
N#Cc1cccc(-c2cn3ccc[n+]3[n-]2)c1,1
N#Cc1ccccc1-c1cn2ccc[n+]2[n-]1,1
COC(=O)c1ccc(-c2cn3ccc[n+]3[n-]2)c(C#N)c1,1
COC(=O)c1cc(C#N)c(-c2cn3ccc[n+]3[n-]2)c(C#N)c1,1
COC(=O)c1ccc(-c2cn3ccc[n+]3[n-]2)cc1,1
CCCCc1cc(C=O)c2ccc3c(CCCC)cc(N4CCCCC4)c4ccc1c2c34,1
CCCCc1cc(C(=O)CCC)c2ccc3c(CCCC)cc(N4CCCCC4)c4ccc1c2c34,1
O=[N+]([O-])c1ccc(-c2ccc(-c3ccc([N+](=O)[O-])cc3)s2)cc1,1
O=[N+]([O-])c1ccc(-c2ccc(-c3ccc(-c4ccc([N+](=O)[O-])cc4)s3)s2)cc1,1
O=[N+]([O-])c1ccc(-c2ccc(-c3ccc(-c4ccc(-c5ccc([N+](=O)[O-])cc5)s4)s3)s2)cc1,1
O=[N+]([O-])c1ccc(C#Cc2ccc(C#Cc3ccc([N+](=O)[O-])cc3)s2)cc1,1
O=[N+]([O-])c1ccc(C#Cc2ccc(-c3ccc(C#Cc4ccc([N+](=O)[O-])cc4)s3)s2)cc1,1
O=[N+]([O-])c1ccc(C#Cc2ccc(-c3ccc(-c4ccc(C#Cc5ccc([N+](=O)[O-])cc5)s4)s3)s2)cc1,1
Cc1c(C)c2cc3ccccc3n2c2nc3ccccc3cc12,1
Cc1c(C)c2cc3ccccc3n2c2nc3cc4ccccc4cc3cc12,1
Cc1c(C)c2cc3cc4ccccc4cc3n2c2nc3ccccc3cc12,1
Cc1c(C)c2cc3cc4ccccc4cc3n2c2nc3cc4ccccc4cc3cc12,1
CCCCCc1c(CCCCC)c2cc3ccccc3n2c2nc3ccccc3cc12,1
CC(=O)c1c2c(cc3ccc(N(C)C)cc13)CCC2,1
CC(=O)c1c2c(cc3cc(N(C)C)ccc13)CCC2,1
CC(=O)c1c2c(cc3c(N(C)C)cccc13)CCC2,1
CC(=O)c1c2c(cc3ccc(N4CCCC4)cc13)CCC2,1
CC(=O)c1c2c(cc3ccc(N4CCCCC4)cc13)CCC2,1
CC(=O)c1c2c(cc3ccc(N4CCOCC4)cc13)CCC2,1
CC(=O)c1c2c(cc3ccc(NCc4ccccc4)cc13)CCC2,1
CC(=O)c1c2c(cc3ccc(Nc4ccccc4)cc13)CCC2,1
COc1ccc(Nc2ccc3cc4c(c(C(C)=O)c3c2)CCC4)cc1,1
CN(C)c1ccc2cc3c(c(C=O)c2c1)CCC3,1
O=Cc1c2c(cc3ccc(N4CCCC4)cc13)CCC2,1
COC(=O)c1c2c(cc3ccc(N(C)C)cc13)CCC2,1
CC(=O)c1c2c(c(-c3ccccc3)c3cc(N(C)C)ccc13)C(=O)CC2,1
CN(C)c1ccc2cc3c(c([Si](C)(C)C)c2c1)C(=O)CC3,1
CN(C)c1ccc2cc3c(cc2c1)C(=O)CC3,1
CCN(CC)c1ccc(-c2oc3ccccc3c(=O)c2OC)cc1,1
CCN(CC)c1ccc2cc(-c3oc4ccccc4c(=O)c3OC)oc2c1,1
CCN(CC)c1ccc2c(c1)C(C)(C)c1cc(-c3oc4ccccc4c(=O)c3OC)ccc1-2,1
Nc1ccc2c(c1)C(=O)NC2=O,1
CN(C)c1ccc2c(c1)C(=O)NC2=O,1
CCCCCCN(CCCCCC)c1ccc2cc3cc(C#N)ccc3cc2c1,1
CCCCCCN(CCCCCC)c1ccc2cc3cc(C(=O)CC)ccc3cc2c1,1
COc1ccc2c(c1)[nH]c1c3cccc4c3c(cc21)C(=O)N(c1c(C)cccc1C)C4=O,1
COc1ccc2c(c1)oc1c3cccc4c3c(cc21)C(=O)N(c1c(C)cccc1C)C4=O,1
c1ccc2c(c1)cc1c3ccccc3c3cc4ccccc4c4ccc2c1c43,1
c1ccc2c(c1)cc1c3cccc4c5ccccc5cc(c5cccc2c51)c43,1
c1ccc2cc3c(cc2c1)cc1c2cccc4c5cc6ccccc6cc5cc(c5cccc3c51)c42,1
c1ccc2c(c1)cc1c3cc4ccccc4c4cccc(c5cccc2c51)c43,1
c1ccc2c(c1)cc1ccc3cc4c5ccccc5cc5ccc6cc2c1c3c6c54,1
c1ccc2cc3c(cc2c1)cc1ccc2cc4c5cc6ccccc6cc5cc5ccc6cc3c1c2c6c54,1
c1ccc2cc3c(cc2c1)cc1ccc2c4cc5ccccc5cc4cc4ccc3c1c42,1
c1ccc2cc3c(cc2c1)cc1ccc2c4ccccc4cc4ccc3c1c42,1
c1ccc2c(c1)cc1ccc3c4cc5cc6ccc7c8ccccc8cc8ccc(c5cc4cc4ccc2c1c43)c6c87,1
C#CCN(C)c1ccc2c(c1)C(C)(C)c1cc(C(C)=O)ccc1-2,1
CC(=O)c1ccc2c(c1)C(C)(C)c1cc(N(C)CC#Cc3cn([C@H]4C[C@H](O)[C@@H](CO)O4)c(=O)nc3N)ccc1-2,1
CCN(CC)c1ccc2cc3cc(-c4ccc(S(C)(=O)=O)cc4)n(CCCC(=O)OCc4ccccc4)c(=O)n3c2c1,1
CCN(CC)c1ccc2cc3cc(-c4ccc([N+](=O)[O-])cc4)n(CCCC(=O)OCc4ccccc4)c(=O)n3c2c1,1
CCN(CC)c1ccc2cc3cc(-c4ccc(C(F)(F)F)cc4)n(CCCC(=O)OCc4ccccc4)c(=O)n3c2c1,1
CCN(CC)c1ccc2cc3cc(-c4ccc(C#N)cc4)n(CCCC(=O)OCc4ccccc4)c(=O)n3c2c1,1
O=C(CCCn1c(-c2ccc(C(F)(F)F)cc2)cc2cc3ccc(N4CCOCC4)cc3n2c1=O)OCc1ccccc1,1
[C-]#[N+]c1cccc2c(N)cccc12,1
COc1ccc2cc(-c3ccc([N+](=O)[O-])cc3)ccc2c1,1
O=[N+]([O-])c1ccc(C#Cc2ccc3ccccc3c2)cc1,1
COc1ccc2cc(C#Cc3ccc([N+](=O)[O-])cc3)ccc2c1,1
COc1cc2cc(-c3ccc([N+](=O)[O-])cc3)c(-c3ccc([N+](=O)[O-])cc3)cc2cc1OC,1
O=[N+]([O-])c1ccc(C#Cc2cc3ccccc3cc2C#Cc2ccc([N+](=O)[O-])cc2)cc1,1
COc1cc2cc(C#Cc3ccc([N+](=O)[O-])cc3)c(C#Cc3ccc([N+](=O)[O-])cc3)cc2cc1OC,1
CCCCCCCCC1(CCCCCCCC)c2ccccc2-c2ccc(C#Cc3ccc4c(c3)Cc3cc(C#Cc5ccc6c(c5)C(CCCCCCCC)(CCCCCCCC)c5ccccc5-6)ccc3-4)cc21,1
CCCCCCCCC1(CCCCCCCC)c2ccccc2-c2ccc(C#Cc3ccc4c(c3)C(=O)c3cc(C#Cc5ccc6c(c5)C(CCCCCCCC)(CCCCCCCC)c5ccccc5-6)ccc3-4)cc21,1
CCCCCCCCC1(CCCCCCCC)c2ccccc2-c2ccc(C#Cc3ccc(C#Cc4ccc5c(c4)C(CCCCCCCC)(CCCCCCCC)c4ccccc4-5)c4nsnc34)cc21,1
CN(C)c1ccc(-c2ccc3c(=O)c(O)coc3c2)cc1,1
COc1coc2cc(-c3ccc(N(C)C)cc3)ccc2c1=O,1
COC(=O)CN1C(=O)c2cc3ccc(N(C)C)cc3cc2C1=O,1
CCN(CC)c1ccc2c(c1)C(C)(C)c1cc(C=O)ccc1-2,1
CCCCCCCCC(=O)c1ccc2c(c1)C(C)(C)c1cc(N(CC)CC)ccc1-2,1
